date,AMGN
2013-01-01,0.0
2013-01-02,0.0
2013-01-03,0.0
2013-01-04,0.0
2013-01-05,0.0
2013-01-06,0.0
2013-01-07,0.0
2013-01-08,0.0
2013-01-09,17.46
2013-01-10,0.0
2013-01-11,0.0
2013-01-12,0.0
2013-01-13,0.0
2013-01-14,0.0
2013-01-15,0.0
2013-01-16,12.78
2013-01-17,0.0
2013-01-18,0.0
2013-01-19,0.0
2013-01-20,13.86
2013-01-21,0.0
2013-01-22,0.0
2013-01-23,0.0
2013-01-24,0.0
2013-01-25,0.0
2013-01-26,0.0
2013-01-27,0.0
2013-01-28,0.0
2013-01-29,0.0
2013-01-30,18.0
2013-01-31,0.0
2013-02-01,0.0
2013-02-02,4.6000000000000005
2013-02-03,0.0
2013-02-04,0.0
2013-02-05,4.4
2013-02-06,0.0
2013-02-07,0.0
2013-02-08,0.0
2013-02-09,0.0
2013-02-10,0.0
2013-02-11,6.2
2013-02-12,0.0
2013-02-13,8.6
2013-02-14,4.6000000000000005
2013-02-15,0.0
2013-02-16,20.0
2013-02-17,0.0
2013-02-18,5.800000000000001
2013-02-19,0.0
2013-02-20,0.0
2013-02-21,0.0
2013-02-22,0.0
2013-02-23,0.0
2013-02-24,0.0
2013-02-25,4.6000000000000005
2013-02-26,0.0
2013-02-27,0.0
2013-02-28,0.0
2013-03-01,0.0
2013-03-02,15.64
2013-03-03,0.0
2013-03-04,0.0
2013-03-05,17.0
2013-03-06,0.0
2013-03-07,8.67
2013-03-08,6.800000000000001
2013-03-09,12.07
2013-03-10,0.0
2013-03-11,0.0
2013-03-12,0.0
2013-03-13,7.82
2013-03-14,0.0
2013-03-15,0.0
2013-03-16,0.0
2013-03-17,0.0
2013-03-18,6.29
2013-03-19,10.2
2013-03-20,0.0
2013-03-21,7.82
2013-03-22,16.490000000000002
2013-03-23,0.0
2013-03-24,0.0
2013-03-25,0.0
2013-03-26,8.67
2013-03-27,6.800000000000001
2013-03-28,0.0
2013-03-29,0.0
2013-03-30,0.0
2013-03-31,8.16
2013-04-01,0.0
2013-04-02,49.0
2013-04-03,37.73
2013-04-04,0.0
2013-04-05,0.0
2013-04-06,0.0
2013-04-07,14.21
2013-04-08,0.0
2013-04-09,32.34
2013-04-10,0.0
2013-04-11,20.58
2013-04-12,0.0
2013-04-13,0.0
2013-04-14,0.0
2013-04-15,22.05
2013-04-16,18.62
2013-04-17,10.29
2013-04-18,0.0
2013-04-19,0.0
2013-04-20,13.23
2013-04-21,34.79
2013-04-22,31.36
2013-04-23,0.0
2013-04-24,0.0
2013-04-25,34.79
2013-04-26,15.19
2013-04-27,0.0
2013-04-28,0.0
2013-04-29,12.25
2013-04-30,27.93
2013-05-01,24.42
2013-05-02,0.0
2013-05-03,0.0
2013-05-04,0.0
2013-05-05,0.0
2013-05-06,0.0
2013-05-07,31.08
2013-05-08,0.0
2013-05-09,0.0
2013-05-10,0.0
2013-05-11,0.0
2013-05-12,31.82
2013-05-13,0.0
2013-05-14,0.0
2013-05-15,12.21
2013-05-16,13.69
2013-05-17,29.23
2013-05-18,0.0
2013-05-19,0.0
2013-05-20,14.8
2013-05-21,31.82
2013-05-22,22.94
2013-05-23,37.0
2013-05-24,0.0
2013-05-25,0.0
2013-05-26,0.0
2013-05-27,0.0
2013-05-28,0.0
2013-05-29,0.0
2013-05-30,0.0
2013-05-31,15.17
2013-06-01,0.0
2013-06-02,0.0
2013-06-03,0.0
2013-06-04,0.0
2013-06-05,0.0
2013-06-06,0.0
2013-06-07,15.400000000000002
2013-06-08,0.0
2013-06-09,0.0
2013-06-10,6.720000000000001
2013-06-11,0.0
2013-06-12,0.0
2013-06-13,0.0
2013-06-14,0.0
2013-06-15,0.0
2013-06-16,14.840000000000002
2013-06-17,0.0
2013-06-18,5.040000000000001
2013-06-19,28.000000000000004
2013-06-20,0.0
2013-06-21,3.92
2013-06-22,0.0
2013-06-23,0.0
2013-06-24,0.0
2013-06-25,8.120000000000001
2013-06-26,0.0
2013-06-27,0.0
2013-06-28,0.0
2013-06-29,5.040000000000001
2013-06-30,0.0
2013-07-01,19.8
2013-07-02,14.85
2013-07-03,9.9
2013-07-04,0.0
2013-07-05,0.0
2013-07-06,33.0
2013-07-07,0.0
2013-07-08,0.0
2013-07-09,0.0
2013-07-10,0.0
2013-07-11,0.0
2013-07-12,13.86
2013-07-13,0.0
2013-07-14,0.0
2013-07-15,0.0
2013-07-16,18.48
2013-07-17,0.0
2013-07-18,14.85
2013-07-19,12.21
2013-07-20,0.0
2013-07-21,0.0
2013-07-22,0.0
2013-07-23,0.0
2013-07-24,0.0
2013-07-25,0.0
2013-07-26,12.87
2013-07-27,0.0
2013-07-28,0.0
2013-07-29,14.19
2013-07-30,0.0
2013-07-31,0.0
2013-08-01,13.6
2013-08-02,0.0
2013-08-03,0.0
2013-08-04,0.0
2013-08-05,16.32
2013-08-06,8.5
2013-08-07,0.0
2013-08-08,11.9
2013-08-09,15.3
2013-08-10,15.3
2013-08-11,0.0
2013-08-12,11.22
2013-08-13,0.0
2013-08-14,13.6
2013-08-15,30.94
2013-08-16,0.0
2013-08-17,0.0
2013-08-18,12.24
2013-08-19,24.48
2013-08-20,10.54
2013-08-21,0.0
2013-08-22,34.0
2013-08-23,0.0
2013-08-24,0.0
2013-08-25,0.0
2013-08-26,19.040000000000003
2013-08-27,0.0
2013-08-28,0.0
2013-08-29,11.56
2013-08-30,0.0
2013-08-31,15.64
2013-09-01,0.0
2013-09-02,0.0
2013-09-03,0.0
2013-09-04,0.0
2013-09-05,11.44
2013-09-06,0.0
2013-09-07,0.0
2013-09-08,0.0
2013-09-09,0.0
2013-09-10,0.0
2013-09-11,4.94
2013-09-12,0.0
2013-09-13,6.5
2013-09-14,0.0
2013-09-15,0.0
2013-09-16,10.14
2013-09-17,14.04
2013-09-18,4.94
2013-09-19,8.06
2013-09-20,0.0
2013-09-21,0.0
2013-09-22,11.18
2013-09-23,0.0
2013-09-24,0.0
2013-09-25,0.0
2013-09-26,14.3
2013-09-27,6.76
2013-09-28,10.92
2013-09-29,26.0
2013-09-30,0.0
2013-10-01,9.12
2013-10-02,0.0
2013-10-03,0.0
2013-10-04,7.6
2013-10-05,0.0
2013-10-06,0.0
2013-10-07,0.0
2013-10-08,0.0
2013-10-09,0.0
2013-10-10,19.0
2013-10-11,0.0
2013-10-12,0.0
2013-10-13,0.0
2013-10-14,11.21
2013-10-15,0.0
2013-10-16,0.0
2013-10-17,0.0
2013-10-18,0.0
2013-10-19,0.0
2013-10-20,13.68
2013-10-21,0.0
2013-10-22,0.0
2013-10-23,18.81
2013-10-24,8.93
2013-10-25,7.79
2013-10-26,7.03
2013-10-27,0.0
2013-10-28,14.06
2013-10-29,0.0
2013-10-30,0.0
2013-10-31,0.0
2013-11-01,16.0
2013-11-02,0.0
2013-11-03,0.0
2013-11-04,0.0
2013-11-05,0.0
2013-11-06,0.0
2013-11-07,7.2
2013-11-08,11.84
2013-11-09,0.0
2013-11-10,0.0
2013-11-11,0.0
2013-11-12,0.0
2013-11-13,0.0
2013-11-14,0.0
2013-11-15,0.0
2013-11-16,0.0
2013-11-17,0.0
2013-11-18,5.6000000000000005
2013-11-19,0.0
2013-11-20,8.0
2013-11-21,7.04
2013-11-22,0.0
2013-11-23,0.0
2013-11-24,0.0
2013-11-25,5.44
2013-11-26,0.0
2013-11-27,0.0
2013-11-28,0.0
2013-11-29,0.0
2013-11-30,10.56
2013-12-01,11.0
2013-12-02,3.3
2013-12-03,0.0
2013-12-04,0.0
2013-12-05,0.0
2013-12-06,0.0
2013-12-07,0.0
2013-12-08,0.0
2013-12-09,0.0
2013-12-10,0.0
2013-12-11,0.0
2013-12-12,5.28
2013-12-13,8.8
2013-12-14,0.0
2013-12-15,0.0
2013-12-16,0.0
2013-12-17,3.41
2013-12-18,0.0
2013-12-19,5.83
2013-12-20,0.0
2013-12-21,0.0
2013-12-22,4.18
2013-12-23,0.0
2013-12-24,0.0
2013-12-25,0.0
2013-12-26,4.07
2013-12-27,0.0
2013-12-28,0.0
2013-12-29,0.0
2013-12-30,0.0
2013-12-31,0.0
2014-01-01,25.0
2014-01-02,0.0
2014-01-03,0.0
2014-01-04,0.0
2014-01-05,11.75
2014-01-06,0.0
2014-01-07,11.25
2014-01-08,6.0
2014-01-09,0.0
2014-01-10,8.75
2014-01-11,0.0
2014-01-12,13.0
2014-01-13,0.0
2014-01-14,0.0
2014-01-15,0.0
2014-01-16,0.0
2014-01-17,19.5
2014-01-18,8.5
2014-01-19,0.0
2014-01-20,16.75
2014-01-21,0.0
2014-01-22,0.0
2014-01-23,0.0
2014-01-24,0.0
2014-01-25,0.0
2014-01-26,0.0
2014-01-27,10.25
2014-01-28,0.0
2014-01-29,0.0
2014-01-30,0.0
2014-01-31,0.0
2014-02-01,0.0
2014-02-02,0.0
2014-02-03,5.32
2014-02-04,19.0
2014-02-05,0.0
2014-02-06,13.3
2014-02-07,0.0
2014-02-08,0.0
2014-02-09,8.36
2014-02-10,0.0
2014-02-11,0.0
2014-02-12,8.55
2014-02-13,4.75
2014-02-14,0.0
2014-02-15,0.0
2014-02-16,0.0
2014-02-17,0.0
2014-02-18,0.0
2014-02-19,14.63
2014-02-20,0.0
2014-02-21,0.0
2014-02-22,0.0
2014-02-23,0.0
2014-02-24,11.78
2014-02-25,0.0
2014-02-26,5.32
2014-02-27,0.0
2014-02-28,4.5600000000000005
2014-03-01,0.0
2014-03-02,0.0
2014-03-03,10.35
2014-03-04,0.0
2014-03-05,0.0
2014-03-06,0.0
2014-03-07,23.0
2014-03-08,14.03
2014-03-09,0.0
2014-03-10,0.0
2014-03-11,0.0
2014-03-12,0.0
2014-03-13,0.0
2014-03-14,12.19
2014-03-15,0.0
2014-03-16,0.0
2014-03-17,11.27
2014-03-18,0.0
2014-03-19,11.27
2014-03-20,15.41
2014-03-21,0.0
2014-03-22,0.0
2014-03-23,0.0
2014-03-24,0.0
2014-03-25,0.0
2014-03-26,0.0
2014-03-27,10.12
2014-03-28,0.0
2014-03-29,0.0
2014-03-30,0.0
2014-03-31,0.0
2014-04-01,0.0
2014-04-02,0.0
2014-04-03,0.0
2014-04-04,19.0
2014-04-05,0.0
2014-04-06,0.0
2014-04-07,0.0
2014-04-08,0.0
2014-04-09,0.0
2014-04-10,17.1
2014-04-11,0.0
2014-04-12,0.0
2014-04-13,0.0
2014-04-14,0.0
2014-04-15,9.69
2014-04-16,0.0
2014-04-17,9.69
2014-04-18,0.0
2014-04-19,0.0
2014-04-20,0.0
2014-04-21,0.0
2014-04-22,0.0
2014-04-23,0.0
2014-04-24,0.0
2014-04-25,0.0
2014-04-26,0.0
2014-04-27,0.0
2014-04-28,7.41
2014-04-29,0.0
2014-04-30,0.0
2014-05-01,0.0
2014-05-02,0.0
2014-05-03,0.0
2014-05-04,0.0
2014-05-05,15.0
2014-05-06,7.800000000000001
2014-05-07,18.4
2014-05-08,18.0
2014-05-09,20.0
2014-05-10,0.0
2014-05-11,0.0
2014-05-12,0.0
2014-05-13,7.0
2014-05-14,0.0
2014-05-15,0.0
2014-05-16,0.0
2014-05-17,0.0
2014-05-18,7.4
2014-05-19,0.0
2014-05-20,11.4
2014-05-21,5.800000000000001
2014-05-22,0.0
2014-05-23,0.0
2014-05-24,9.6
2014-05-25,0.0
2014-05-26,0.0
2014-05-27,0.0
2014-05-28,8.8
2014-05-29,0.0
2014-05-30,12.4
2014-05-31,8.4
2014-06-01,4.16
2014-06-02,0.0
2014-06-03,0.0
2014-06-04,0.0
2014-06-05,0.0
2014-06-06,0.0
2014-06-07,0.0
2014-06-08,0.0
2014-06-09,0.0
2014-06-10,0.0
2014-06-11,4.32
2014-06-12,0.0
2014-06-13,0.0
2014-06-14,16.0
2014-06-15,0.0
2014-06-16,0.0
2014-06-17,3.52
2014-06-18,5.28
2014-06-19,0.0
2014-06-20,2.72
2014-06-21,0.0
2014-06-22,0.0
2014-06-23,0.0
2014-06-24,0.0
2014-06-25,0.0
2014-06-26,0.0
2014-06-27,0.0
2014-06-28,0.0
2014-06-29,0.0
2014-06-30,0.0
2014-07-01,17.0
2014-07-02,0.0
2014-07-03,0.0
2014-07-04,0.0
2014-07-05,0.0
2014-07-06,0.0
2014-07-07,0.0
2014-07-08,0.0
2014-07-09,25.0
2014-07-10,11.5
2014-07-11,0.0
2014-07-12,16.0
2014-07-13,0.0
2014-07-14,0.0
2014-07-15,0.0
2014-07-16,0.0
2014-07-17,0.0
2014-07-18,0.0
2014-07-19,0.0
2014-07-20,0.0
2014-07-21,0.0
2014-07-22,9.0
2014-07-23,0.0
2014-07-24,0.0
2014-07-25,0.0
2014-07-26,0.0
2014-07-27,0.0
2014-07-28,0.0
2014-07-29,0.0
2014-07-30,9.5
2014-07-31,0.0
2014-08-01,0.0
2014-08-02,0.0
2014-08-03,0.0
2014-08-04,10.44
2014-08-05,0.0
2014-08-06,8.12
2014-08-07,0.0
2014-08-08,0.0
2014-08-09,0.0
2014-08-10,0.0
2014-08-11,29.0
2014-08-12,0.0
2014-08-13,0.0
2014-08-14,10.73
2014-08-15,7.539999999999999
2014-08-16,0.0
2014-08-17,0.0
2014-08-18,0.0
2014-08-19,0.0
2014-08-20,0.0
2014-08-21,0.0
2014-08-22,0.0
2014-08-23,0.0
2014-08-24,0.0
2014-08-25,0.0
2014-08-26,13.919999999999998
2014-08-27,0.0
2014-08-28,0.0
2014-08-29,11.31
2014-08-30,0.0
2014-08-31,0.0
2014-09-01,8.05
2014-09-02,0.0
2014-09-03,0.0
2014-09-04,0.0
2014-09-05,7.82
2014-09-06,0.0
2014-09-07,0.0
2014-09-08,0.0
2014-09-09,11.96
2014-09-10,0.0
2014-09-11,0.0
2014-09-12,11.27
2014-09-13,0.0
2014-09-14,0.0
2014-09-15,0.0
2014-09-16,11.5
2014-09-17,0.0
2014-09-18,0.0
2014-09-19,17.25
2014-09-20,0.0
2014-09-21,0.0
2014-09-22,14.72
2014-09-23,8.97
2014-09-24,0.0
2014-09-25,19.32
2014-09-26,8.97
2014-09-27,0.0
2014-09-28,0.0
2014-09-29,0.0
2014-09-30,23.0
2014-10-01,0.0
2014-10-02,0.0
2014-10-03,0.0
2014-10-04,21.200000000000003
2014-10-05,0.0
2014-10-06,0.0
2014-10-07,0.0
2014-10-08,0.0
2014-10-09,40.0
2014-10-10,0.0
2014-10-11,34.0
2014-10-12,0.0
2014-10-13,33.2
2014-10-14,34.4
2014-10-15,0.0
2014-10-16,0.0
2014-10-17,0.0
2014-10-18,0.0
2014-10-19,0.0
2014-10-20,0.0
2014-10-21,40.0
2014-10-22,0.0
2014-10-23,0.0
2014-10-24,19.200000000000003
2014-10-25,0.0
2014-10-26,20.4
2014-10-27,14.4
2014-10-28,0.0
2014-10-29,0.0
2014-10-30,31.6
2014-10-31,0.0
2014-11-01,0.0
2014-11-02,0.0
2014-11-03,4.4
2014-11-04,0.0
2014-11-05,0.0
2014-11-06,6.4
2014-11-07,5.6000000000000005
2014-11-08,0.0
2014-11-09,0.0
2014-11-10,0.0
2014-11-11,6.0
2014-11-12,0.0
2014-11-13,8.8
2014-11-14,0.0
2014-11-15,4.0
2014-11-16,0.0
2014-11-17,0.0
2014-11-18,0.0
2014-11-19,5.6000000000000005
2014-11-20,4.4
2014-11-21,4.800000000000001
2014-11-22,0.0
2014-11-23,19.200000000000003
2014-11-24,0.0
2014-11-25,0.0
2014-11-26,0.0
2014-11-27,40.0
2014-11-28,0.0
2014-11-29,4.4
2014-11-30,0.0
2014-12-01,0.0
2014-12-02,0.0
2014-12-03,30.8
2014-12-04,32.55
2014-12-05,25.2
2014-12-06,9.45
2014-12-07,0.0
2014-12-08,0.0
2014-12-09,0.0
2014-12-10,0.0
2014-12-11,0.0
2014-12-12,0.0
2014-12-13,0.0
2014-12-14,0.0
2014-12-15,9.1
2014-12-16,9.45
2014-12-17,0.0
2014-12-18,0.0
2014-12-19,0.0
2014-12-20,17.849999999999998
2014-12-21,0.0
2014-12-22,0.0
2014-12-23,0.0
2014-12-24,0.0
2014-12-25,18.2
2014-12-26,12.6
2014-12-27,0.0
2014-12-28,0.0
2014-12-29,35.0
2014-12-30,0.0
2014-12-31,27.65
2015-01-01,0.0
2015-01-02,0.0
2015-01-03,0.0
2015-01-04,0.0
2015-01-05,0.0
2015-01-06,0.0
2015-01-07,27.0
2015-01-08,10.8
2015-01-09,14.04
2015-01-10,0.0
2015-01-11,0.0
2015-01-12,12.96
2015-01-13,12.420000000000002
2015-01-14,0.0
2015-01-15,0.0
2015-01-16,0.0
2015-01-17,0.0
2015-01-18,0.0
2015-01-19,0.0
2015-01-20,0.0
2015-01-21,18.9
2015-01-22,10.8
2015-01-23,0.0
2015-01-24,0.0
2015-01-25,0.0
2015-01-26,22.14
2015-01-27,0.0
2015-01-28,0.0
2015-01-29,0.0
2015-01-30,0.0
2015-01-31,0.0
2015-02-01,0.0
2015-02-02,6.630000000000001
2015-02-03,0.0
2015-02-04,4.590000000000001
2015-02-05,0.0
2015-02-06,17.0
2015-02-07,10.2
2015-02-08,7.65
2015-02-09,0.0
2015-02-10,0.0
2015-02-11,6.630000000000001
2015-02-12,5.95
2015-02-13,0.0
2015-02-14,0.0
2015-02-15,0.0
2015-02-16,0.0
2015-02-17,0.0
2015-02-18,0.0
2015-02-19,0.0
2015-02-20,0.0
2015-02-21,0.0
2015-02-22,0.0
2015-02-23,0.0
2015-02-24,0.0
2015-02-25,0.0
2015-02-26,0.0
2015-02-27,4.760000000000001
2015-02-28,0.0
2015-03-01,9.52
2015-03-02,7.56
2015-03-03,0.0
2015-03-04,0.0
2015-03-05,0.0
2015-03-06,11.48
2015-03-07,0.0
2015-03-08,8.680000000000001
2015-03-09,0.0
2015-03-10,0.0
2015-03-11,7.840000000000001
2015-03-12,0.0
2015-03-13,0.0
2015-03-14,28.000000000000004
2015-03-15,0.0
2015-03-16,0.0
2015-03-17,6.44
2015-03-18,12.88
2015-03-19,0.0
2015-03-20,0.0
2015-03-21,0.0
2015-03-22,0.0
2015-03-23,8.680000000000001
2015-03-24,5.880000000000001
2015-03-25,11.2
2015-03-26,6.720000000000001
2015-03-27,0.0
2015-03-28,9.52
2015-03-29,0.0
2015-03-30,0.0
2015-03-31,0.0
2015-04-01,0.0
2015-04-02,0.0
2015-04-03,29.52
2015-04-04,0.0
2015-04-05,0.0
2015-04-06,0.0
2015-04-07,0.0
2015-04-08,0.0
2015-04-09,0.0
2015-04-10,0.0
2015-04-11,0.0
2015-04-12,0.0
2015-04-13,14.4
2015-04-14,0.0
2015-04-15,0.0
2015-04-16,0.0
2015-04-17,16.919999999999998
2015-04-18,0.0
2015-04-19,0.0
2015-04-20,0.0
2015-04-21,0.0
2015-04-22,21.6
2015-04-23,0.0
2015-04-24,29.88
2015-04-25,36.0
2015-04-26,34.2
2015-04-27,0.0
2015-04-28,12.24
2015-04-29,0.0
2015-04-30,12.6
2015-05-01,0.0
2015-05-02,0.0
2015-05-03,0.0
2015-05-04,14.62
2015-05-05,0.0
2015-05-06,0.0
2015-05-07,0.0
2015-05-08,0.0
2015-05-09,0.0
2015-05-10,0.0
2015-05-11,0.0
2015-05-12,0.0
2015-05-13,34.0
2015-05-14,0.0
2015-05-15,21.76
2015-05-16,0.0
2015-05-17,0.0
2015-05-18,0.0
2015-05-19,0.0
2015-05-20,0.0
2015-05-21,0.0
2015-05-22,0.0
2015-05-23,0.0
2015-05-24,0.0
2015-05-25,0.0
2015-05-26,0.0
2015-05-27,0.0
2015-05-28,0.0
2015-05-29,15.3
2015-05-30,0.0
2015-05-31,0.0
2015-06-01,10.73
2015-06-02,0.0
2015-06-03,30.34
2015-06-04,0.0
2015-06-05,17.02
2015-06-06,0.0
2015-06-07,16.65
2015-06-08,0.0
2015-06-09,0.0
2015-06-10,19.24
2015-06-11,37.0
2015-06-12,0.0
2015-06-13,0.0
2015-06-14,17.02
2015-06-15,8.14
2015-06-16,0.0
2015-06-17,9.25
2015-06-18,8.51
2015-06-19,0.0
2015-06-20,13.32
2015-06-21,0.0
2015-06-22,36.63
2015-06-23,0.0
2015-06-24,18.87
2015-06-25,0.0
2015-06-26,0.0
2015-06-27,24.05
2015-06-28,0.0
2015-06-29,9.25
2015-06-30,19.24
2015-07-01,0.0
2015-07-02,0.0
2015-07-03,17.64
2015-07-04,0.0
2015-07-05,0.0
2015-07-06,12.18
2015-07-07,0.0
2015-07-08,0.0
2015-07-09,0.0
2015-07-10,0.0
2015-07-11,0.0
2015-07-12,0.0
2015-07-13,42.0
2015-07-14,0.0
2015-07-15,0.0
2015-07-16,0.0
2015-07-17,0.0
2015-07-18,0.0
2015-07-19,0.0
2015-07-20,24.78
2015-07-21,26.04
2015-07-22,0.0
2015-07-23,0.0
2015-07-24,13.86
2015-07-25,0.0
2015-07-26,0.0
2015-07-27,0.0
2015-07-28,21.0
2015-07-29,11.76
2015-07-30,0.0
2015-07-31,0.0
2015-08-01,0.0
2015-08-02,0.0
2015-08-03,36.75
2015-08-04,0.0
2015-08-05,24.5
2015-08-06,13.72
2015-08-07,0.0
2015-08-08,0.0
2015-08-09,0.0
2015-08-10,23.52
2015-08-11,0.0
2015-08-12,12.74
2015-08-13,0.0
2015-08-14,0.0
2015-08-15,0.0
2015-08-16,0.0
2015-08-17,0.0
2015-08-18,49.0
2015-08-19,0.0
2015-08-20,17.64
2015-08-21,0.0
2015-08-22,0.0
2015-08-23,0.0
2015-08-24,38.22
2015-08-25,27.44
2015-08-26,0.0
2015-08-27,27.93
2015-08-28,17.64
2015-08-29,32.83
2015-08-30,20.58
2015-08-31,13.72
2015-09-01,0.0
2015-09-02,0.0
2015-09-03,0.0
2015-09-04,21.73
2015-09-05,20.91
2015-09-06,11.48
2015-09-07,0.0
2015-09-08,0.0
2015-09-09,10.25
2015-09-10,0.0
2015-09-11,0.0
2015-09-12,0.0
2015-09-13,0.0
2015-09-14,11.48
2015-09-15,19.27
2015-09-16,0.0
2015-09-17,29.52
2015-09-18,22.14
2015-09-19,0.0
2015-09-20,0.0
2015-09-21,0.0
2015-09-22,0.0
2015-09-23,9.84
2015-09-24,18.86
2015-09-25,0.0
2015-09-26,41.0
2015-09-27,0.0
2015-09-28,0.0
2015-09-29,8.61
2015-09-30,0.0
2015-10-01,0.0
2015-10-02,29.9
2015-10-03,0.0
2015-10-04,0.0
2015-10-05,0.0
2015-10-06,21.62
2015-10-07,44.620000000000005
2015-10-08,36.34
2015-10-09,23.92
2015-10-10,22.08
2015-10-11,0.0
2015-10-12,25.3
2015-10-13,33.58
2015-10-14,0.0
2015-10-15,0.0
2015-10-16,46.0
2015-10-17,0.0
2015-10-18,0.0
2015-10-19,0.0
2015-10-20,28.06
2015-10-21,16.1
2015-10-22,0.0
2015-10-23,0.0
2015-10-24,0.0
2015-10-25,40.02
2015-10-26,0.0
2015-10-27,27.14
2015-10-28,0.0
2015-10-29,27.6
2015-10-30,0.0
2015-10-31,0.0
2015-11-01,0.0
2015-11-02,0.0
2015-11-03,6.09
2015-11-04,7.829999999999999
2015-11-05,0.0
2015-11-06,0.0
2015-11-07,0.0
2015-11-08,0.0
2015-11-09,0.0
2015-11-10,0.0
2015-11-11,0.0
2015-11-12,6.38
2015-11-13,0.0
2015-11-14,0.0
2015-11-15,0.0
2015-11-16,0.0
2015-11-17,5.8
2015-11-18,0.0
2015-11-19,0.0
2015-11-20,0.0
2015-11-21,0.0
2015-11-22,0.0
2015-11-23,29.0
2015-11-24,5.22
2015-11-25,0.0
2015-11-26,0.0
2015-11-27,9.86
2015-11-28,0.0
2015-11-29,8.12
2015-11-30,0.0
2015-12-01,0.0
2015-12-02,8.25
2015-12-03,0.0
2015-12-04,0.0
2015-12-05,0.0
2015-12-06,0.0
2015-12-07,0.0
2015-12-08,0.0
2015-12-09,11.22
2015-12-10,22.77
2015-12-11,0.0
2015-12-12,8.91
2015-12-13,7.92
2015-12-14,0.0
2015-12-15,0.0
2015-12-16,10.23
2015-12-17,8.25
2015-12-18,0.0
2015-12-19,0.0
2015-12-20,19.47
2015-12-21,0.0
2015-12-22,7.92
2015-12-23,31.020000000000003
2015-12-24,0.0
2015-12-25,0.0
2015-12-26,33.0
2015-12-27,0.0
2015-12-28,0.0
2015-12-29,0.0
2015-12-30,0.0
2015-12-31,0.0
2016-01-01,30.96
2016-01-02,0.0
2016-01-03,0.0
2016-01-04,29.24
2016-01-05,25.37
2016-01-06,16.77
2016-01-07,0.0
2016-01-08,19.78
2016-01-09,0.0
2016-01-10,0.0
2016-01-11,43.0
2016-01-12,0.0
2016-01-13,0.0
2016-01-14,0.0
2016-01-15,33.54
2016-01-16,0.0
2016-01-17,0.0
2016-01-18,15.48
2016-01-19,14.62
2016-01-20,30.96
2016-01-21,18.49
2016-01-22,14.62
2016-01-23,0.0
2016-01-24,0.0
2016-01-25,0.0
2016-01-26,18.06
2016-01-27,27.52
2016-01-28,18.49
2016-01-29,21.07
2016-01-30,0.0
2016-01-31,0.0
2016-02-01,17.28
2016-02-02,0.0
2016-02-03,21.06
2016-02-04,0.0
2016-02-05,0.0
2016-02-06,0.0
2016-02-07,0.0
2016-02-08,13.5
2016-02-09,0.0
2016-02-10,13.23
2016-02-11,18.09
2016-02-12,0.0
2016-02-13,0.0
2016-02-14,22.68
2016-02-15,0.0
2016-02-16,0.0
2016-02-17,11.61
2016-02-18,27.0
2016-02-19,0.0
2016-02-20,0.0
2016-02-21,0.0
2016-02-22,15.66
2016-02-23,21.33
2016-02-24,18.630000000000003
2016-02-25,11.07
2016-02-26,17.82
2016-02-27,0.0
2016-02-28,0.0
2016-02-29,0.0
2016-03-01,38.0
2016-03-02,31.54
2016-03-03,0.0
2016-03-04,0.0
2016-03-05,0.0
2016-03-06,26.22
2016-03-07,0.0
2016-03-08,0.0
2016-03-09,23.94
2016-03-10,17.1
2016-03-11,0.0
2016-03-12,0.0
2016-03-13,11.02
2016-03-14,0.0
2016-03-15,17.1
2016-03-16,0.0
2016-03-17,16.72
2016-03-18,23.56
2016-03-19,0.0
2016-03-20,0.0
2016-03-21,0.0
2016-03-22,20.9
2016-03-23,0.0
2016-03-24,18.24
2016-03-25,23.94
2016-03-26,21.28
2016-03-27,0.0
2016-03-28,0.0
2016-03-29,10.26
2016-03-30,20.52
2016-03-31,0.0
2016-04-01,0.0
2016-04-02,0.0
2016-04-03,0.0
2016-04-04,23.94
2016-04-05,0.0
2016-04-06,28.5
2016-04-07,16.72
2016-04-08,21.66
2016-04-09,0.0
2016-04-10,0.0
2016-04-11,21.66
2016-04-12,0.0
2016-04-13,12.92
2016-04-14,0.0
2016-04-15,0.0
2016-04-16,38.0
2016-04-17,0.0
2016-04-18,25.08
2016-04-19,17.86
2016-04-20,0.0
2016-04-21,15.96
2016-04-22,0.0
2016-04-23,32.3
2016-04-24,21.28
2016-04-25,21.66
2016-04-26,16.72
2016-04-27,19.76
2016-04-28,25.08
2016-04-29,28.88
2016-04-30,14.44
2016-05-01,8.64
2016-05-02,0.0
2016-05-03,6.84
2016-05-04,0.0
2016-05-05,0.0
2016-05-06,8.64
2016-05-07,12.96
2016-05-08,10.44
2016-05-09,10.08
2016-05-10,24.48
2016-05-11,0.0
2016-05-12,0.0
2016-05-13,9.36
2016-05-14,0.0
2016-05-15,0.0
2016-05-16,0.0
2016-05-17,0.0
2016-05-18,9.72
2016-05-19,14.4
2016-05-20,13.68
2016-05-21,0.0
2016-05-22,0.0
2016-05-23,8.64
2016-05-24,7.92
2016-05-25,14.76
2016-05-26,0.0
2016-05-27,10.44
2016-05-28,20.16
2016-05-29,36.0
2016-05-30,0.0
2016-05-31,22.32
2016-06-01,25.8
2016-06-02,0.0
2016-06-03,0.0
2016-06-04,0.0
2016-06-05,0.0
2016-06-06,28.38
2016-06-07,0.0
2016-06-08,43.0
2016-06-09,24.08
2016-06-10,0.0
2016-06-11,0.0
2016-06-12,0.0
2016-06-13,0.0
2016-06-14,32.68
2016-06-15,21.5
2016-06-16,28.38
2016-06-17,13.76
2016-06-18,43.0
2016-06-19,0.0
2016-06-20,38.7
2016-06-21,0.0
2016-06-22,21.07
2016-06-23,27.52
2016-06-24,34.83
2016-06-25,0.0
2016-06-26,0.0
2016-06-27,25.37
2016-06-28,0.0
2016-06-29,0.0
2016-06-30,25.37
2016-07-01,6.2700000000000005
2016-07-02,0.0
2016-07-03,0.0
2016-07-04,0.0
2016-07-05,0.0
2016-07-06,0.0
2016-07-07,9.9
2016-07-08,5.28
2016-07-09,0.0
2016-07-10,0.0
2016-07-11,0.0
2016-07-12,0.0
2016-07-13,16.17
2016-07-14,33.0
2016-07-15,4.95
2016-07-16,6.2700000000000005
2016-07-17,5.61
2016-07-18,0.0
2016-07-19,0.0
2016-07-20,0.0
2016-07-21,5.61
2016-07-22,6.930000000000001
2016-07-23,5.94
2016-07-24,0.0
2016-07-25,0.0
2016-07-26,9.9
2016-07-27,0.0
2016-07-28,18.48
2016-07-29,19.47
2016-07-30,0.0
2016-07-31,12.21
2016-08-01,0.0
2016-08-02,21.24
2016-08-03,20.52
2016-08-04,27.36
2016-08-05,18.72
2016-08-06,0.0
2016-08-07,23.04
2016-08-08,36.0
2016-08-09,13.68
2016-08-10,0.0
2016-08-11,0.0
2016-08-12,0.0
2016-08-13,24.12
2016-08-14,0.0
2016-08-15,0.0
2016-08-16,0.0
2016-08-17,0.0
2016-08-18,0.0
2016-08-19,28.08
2016-08-20,0.0
2016-08-21,0.0
2016-08-22,20.16
2016-08-23,22.68
2016-08-24,0.0
2016-08-25,12.96
2016-08-26,0.0
2016-08-27,22.68
2016-08-28,0.0
2016-08-29,25.2
2016-08-30,0.0
2016-08-31,18.72
2016-09-01,6.67
2016-09-02,0.0
2016-09-03,0.0
2016-09-04,0.0
2016-09-05,0.0
2016-09-06,11.89
2016-09-07,0.0
2016-09-08,0.0
2016-09-09,15.37
2016-09-10,0.0
2016-09-11,8.41
2016-09-12,8.12
2016-09-13,0.0
2016-09-14,0.0
2016-09-15,24.36
2016-09-16,29.0
2016-09-17,0.0
2016-09-18,0.0
2016-09-19,0.0
2016-09-20,0.0
2016-09-21,0.0
2016-09-22,24.07
2016-09-23,26.1
2016-09-24,0.0
2016-09-25,0.0
2016-09-26,11.6
2016-09-27,0.0
2016-09-28,7.539999999999999
2016-09-29,0.0
2016-09-30,0.0
2016-10-01,0.0
2016-10-02,0.0
2016-10-03,0.0
2016-10-04,0.0
2016-10-05,0.0
2016-10-06,9.18
2016-10-07,14.85
2016-10-08,11.07
2016-10-09,0.0
2016-10-10,7.56
2016-10-11,0.0
2016-10-12,0.0
2016-10-13,0.0
2016-10-14,0.0
2016-10-15,0.0
2016-10-16,27.0
2016-10-17,0.0
2016-10-18,15.39
2016-10-19,0.0
2016-10-20,0.0
2016-10-21,0.0
2016-10-22,0.0
2016-10-23,8.91
2016-10-24,0.0
2016-10-25,8.64
2016-10-26,0.0
2016-10-27,8.64
2016-10-28,9.72
2016-10-29,0.0
2016-10-30,20.790000000000003
2016-10-31,16.470000000000002
2016-11-01,19.040000000000003
2016-11-02,0.0
2016-11-03,20.72
2016-11-04,37.52
2016-11-05,0.0
2016-11-06,25.200000000000003
2016-11-07,17.92
2016-11-08,0.0
2016-11-09,43.120000000000005
2016-11-10,56.00000000000001
2016-11-11,0.0
2016-11-12,0.0
2016-11-13,0.0
2016-11-14,29.120000000000005
2016-11-15,33.040000000000006
2016-11-16,43.68000000000001
2016-11-17,26.320000000000004
2016-11-18,0.0
2016-11-19,0.0
2016-11-20,0.0
2016-11-21,35.28
2016-11-22,33.040000000000006
2016-11-23,0.0
2016-11-24,0.0
2016-11-25,24.08
2016-11-26,0.0
2016-11-27,26.880000000000003
2016-11-28,0.0
2016-11-29,25.200000000000003
2016-11-30,17.92
2016-12-01,0.0
2016-12-02,0.0
2016-12-03,0.0
2016-12-04,0.0
2016-12-05,21.5
2016-12-06,20.64
2016-12-07,39.99
2016-12-08,0.0
2016-12-09,0.0
2016-12-10,0.0
2016-12-11,0.0
2016-12-12,39.13
2016-12-13,25.37
2016-12-14,27.09
2016-12-15,15.05
2016-12-16,43.0
2016-12-17,0.0
2016-12-18,0.0
2016-12-19,36.55
2016-12-20,0.0
2016-12-21,15.48
2016-12-22,21.93
2016-12-23,22.79
2016-12-24,24.94
2016-12-25,0.0
2016-12-26,0.0
2016-12-27,0.0
2016-12-28,0.0
2016-12-29,0.0
2016-12-30,0.0
2016-12-31,24.94
2017-01-01,0.0
2017-01-02,0.0
2017-01-03,13.25
2017-01-04,46.11
2017-01-05,10.6
2017-01-06,53.0
2017-01-07,0.0
2017-01-08,0.0
2017-01-09,22.26
2017-01-10,32.86
2017-01-11,19.08
2017-01-12,22.26
2017-01-13,27.03
2017-01-14,28.09
2017-01-15,19.61
2017-01-16,0.0
2017-01-17,28.62
2017-01-18,24.91
2017-01-19,0.0
2017-01-20,0.0
2017-01-21,0.0
2017-01-22,15.37
2017-01-23,0.0
2017-01-24,24.91
2017-01-25,11.13
2017-01-26,34.45
2017-01-27,0.0
2017-01-28,0.0
2017-01-29,0.0
2017-01-30,32.86
2017-01-31,27.56
2017-02-01,0.0
2017-02-02,38.43
2017-02-03,15.12
2017-02-04,0.0
2017-02-05,0.0
2017-02-06,17.01
2017-02-07,17.01
2017-02-08,0.0
2017-02-09,21.42
2017-02-10,0.0
2017-02-11,0.0
2017-02-12,0.0
2017-02-13,0.0
2017-02-14,0.0
2017-02-15,22.68
2017-02-16,49.14
2017-02-17,57.33
2017-02-18,0.0
2017-02-19,0.0
2017-02-20,62.37
2017-02-21,50.4
2017-02-22,63.0
2017-02-23,30.24
2017-02-24,37.17
2017-02-25,0.0
2017-02-26,0.0
2017-02-27,0.0
2017-02-28,0.0
2017-03-01,38.0
2017-03-02,27.36
2017-03-03,34.96
2017-03-04,49.4
2017-03-05,0.0
2017-03-06,0.0
2017-03-07,0.0
2017-03-08,46.36
2017-03-09,60.8
2017-03-10,38.76
2017-03-11,0.0
2017-03-12,0.0
2017-03-13,30.4
2017-03-14,24.32
2017-03-15,62.32
2017-03-16,20.52
2017-03-17,76.0
2017-03-18,64.6
2017-03-19,0.0
2017-03-20,50.92
2017-03-21,39.52
2017-03-22,18.24
2017-03-23,32.68
2017-03-24,0.0
2017-03-25,27.36
2017-03-26,0.0
2017-03-27,0.0
2017-03-28,30.4
2017-03-29,22.04
2017-03-30,0.0
2017-03-31,39.52
2017-04-01,15.17
2017-04-02,0.0
2017-04-03,0.0
2017-04-04,21.83
2017-04-05,27.38
2017-04-06,29.6
2017-04-07,0.0
2017-04-08,15.17
2017-04-09,31.45
2017-04-10,0.0
2017-04-11,0.0
2017-04-12,12.95
2017-04-13,0.0
2017-04-14,0.0
2017-04-15,0.0
2017-04-16,0.0
2017-04-17,12.95
2017-04-18,18.13
2017-04-19,0.0
2017-04-20,13.69
2017-04-21,21.46
2017-04-22,0.0
2017-04-23,0.0
2017-04-24,21.46
2017-04-25,37.0
2017-04-26,12.58
2017-04-27,28.49
2017-04-28,0.0
2017-04-29,20.72
2017-04-30,0.0
2017-05-01,16.77
2017-05-02,7.0200000000000005
2017-05-03,11.31
2017-05-04,18.72
2017-05-05,39.0
2017-05-06,0.0
2017-05-07,10.53
2017-05-08,20.28
2017-05-09,16.38
2017-05-10,0.0
2017-05-11,0.0
2017-05-12,0.0
2017-05-13,0.0
2017-05-14,34.32
2017-05-15,19.89
2017-05-16,8.19
2017-05-17,29.64
2017-05-18,0.0
2017-05-19,0.0
2017-05-20,9.75
2017-05-21,0.0
2017-05-22,18.33
2017-05-23,0.0
2017-05-24,10.53
2017-05-25,0.0
2017-05-26,0.0
2017-05-27,0.0
2017-05-28,10.14
2017-05-29,0.0
2017-05-30,0.0
2017-05-31,0.0
2017-06-01,0.0
2017-06-02,13.919999999999998
2017-06-03,0.0
2017-06-04,0.0
2017-06-05,0.0
2017-06-06,31.9
2017-06-07,29.0
2017-06-08,19.72
2017-06-09,29.0
2017-06-10,0.0
2017-06-11,0.0
2017-06-12,0.0
2017-06-13,0.0
2017-06-14,27.26
2017-06-15,0.0
2017-06-16,38.86
2017-06-17,0.0
2017-06-18,0.0
2017-06-19,0.0
2017-06-20,43.5
2017-06-21,20.88
2017-06-22,57.99999999999999
2017-06-23,45.24
2017-06-24,0.0
2017-06-25,0.0
2017-06-26,38.28
2017-06-27,55.1
2017-06-28,34.22
2017-06-29,28.42
2017-06-30,16.24
2017-07-01,18.700000000000003
2017-07-02,0.0
2017-07-03,55.00000000000001
2017-07-04,20.9
2017-07-05,0.0
2017-07-06,0.0
2017-07-07,24.750000000000004
2017-07-08,0.0
2017-07-09,23.1
2017-07-10,0.0
2017-07-11,41.8
2017-07-12,0.0
2017-07-13,45.650000000000006
2017-07-14,13.750000000000002
2017-07-15,0.0
2017-07-16,23.1
2017-07-17,0.0
2017-07-18,0.0
2017-07-19,18.700000000000003
2017-07-20,39.6
2017-07-21,0.0
2017-07-22,0.0
2017-07-23,0.0
2017-07-24,15.95
2017-07-25,39.6
2017-07-26,45.650000000000006
2017-07-27,0.0
2017-07-28,30.250000000000004
2017-07-29,0.0
2017-07-30,0.0
2017-07-31,0.0
2017-08-01,51.0
2017-08-02,34.68
2017-08-03,45.9
2017-08-04,26.52
2017-08-05,0.0
2017-08-06,0.0
2017-08-07,12.24
2017-08-08,0.0
2017-08-09,26.01
2017-08-10,23.97
2017-08-11,0.0
2017-08-12,0.0
2017-08-13,0.0
2017-08-14,16.32
2017-08-15,32.64
2017-08-16,0.0
2017-08-17,0.0
2017-08-18,18.87
2017-08-19,0.0
2017-08-20,0.0
2017-08-21,13.26
2017-08-22,0.0
2017-08-23,14.79
2017-08-24,0.0
2017-08-25,16.32
2017-08-26,0.0
2017-08-27,0.0
2017-08-28,0.0
2017-08-29,0.0
2017-08-30,24.99
2017-08-31,15.81
2017-09-01,23.4
2017-09-02,0.0
2017-09-03,0.0
2017-09-04,0.0
2017-09-05,0.0
2017-09-06,23.4
2017-09-07,19.76
2017-09-08,17.68
2017-09-09,0.0
2017-09-10,41.08
2017-09-11,17.68
2017-09-12,45.24
2017-09-13,20.28
2017-09-14,0.0
2017-09-15,36.92
2017-09-16,52.0
2017-09-17,0.0
2017-09-18,0.0
2017-09-19,20.8
2017-09-20,0.0
2017-09-21,39.52
2017-09-22,49.92
2017-09-23,0.0
2017-09-24,15.08
2017-09-25,0.0
2017-09-26,15.6
2017-09-27,40.04
2017-09-28,48.88
2017-09-29,0.0
2017-09-30,0.0
2017-10-01,0.0
2017-10-02,6.720000000000001
2017-10-03,10.080000000000002
2017-10-04,0.0
2017-10-05,11.760000000000002
2017-10-06,0.0
2017-10-07,10.64
2017-10-08,0.0
2017-10-09,0.0
2017-10-10,25.200000000000003
2017-10-11,15.12
2017-10-12,56.00000000000001
2017-10-13,0.0
2017-10-14,7.840000000000001
2017-10-15,0.0
2017-10-16,0.0
2017-10-17,14.000000000000002
2017-10-18,16.240000000000002
2017-10-19,26.320000000000004
2017-10-20,0.0
2017-10-21,0.0
2017-10-22,27.44
2017-10-23,0.0
2017-10-24,7.840000000000001
2017-10-25,0.0
2017-10-26,0.0
2017-10-27,0.0
2017-10-28,0.0
2017-10-29,10.080000000000002
2017-10-30,0.0
2017-10-31,12.88
2017-11-01,0.0
2017-11-02,0.0
2017-11-03,0.0
2017-11-04,0.0
2017-11-05,0.0
2017-11-06,0.0
2017-11-07,19.8
2017-11-08,0.0
2017-11-09,0.0
2017-11-10,0.0
2017-11-11,13.68
2017-11-12,0.0
2017-11-13,9.36
2017-11-14,11.88
2017-11-15,0.0
2017-11-16,0.0
2017-11-17,0.0
2017-11-18,0.0
2017-11-19,0.0
2017-11-20,14.4
2017-11-21,0.0
2017-11-22,36.0
2017-11-23,0.0
2017-11-24,14.76
2017-11-25,0.0
2017-11-26,0.0
2017-11-27,14.4
2017-11-28,0.0
2017-11-29,25.56
2017-11-30,18.36
2017-12-01,33.300000000000004
2017-12-02,0.0
2017-12-03,0.0
2017-12-04,32.4
2017-12-05,0.0
2017-12-06,36.9
2017-12-07,15.75
2017-12-08,15.75
2017-12-09,0.0
2017-12-10,0.0
2017-12-11,0.0
2017-12-12,37.35
2017-12-13,38.25
2017-12-14,23.85
2017-12-15,27.45
2017-12-16,20.25
2017-12-17,0.0
2017-12-18,0.0
2017-12-19,0.0
2017-12-20,19.35
2017-12-21,15.75
2017-12-22,17.1
2017-12-23,0.0
2017-12-24,0.0
2017-12-25,0.0
2017-12-26,0.0
2017-12-27,16.2
2017-12-28,22.95
2017-12-29,45.0
2017-12-30,29.7
2017-12-31,0.0
2018-01-01,13.11
2018-01-02,20.01
2018-01-03,20.7
2018-01-04,11.73
2018-01-05,45.54
2018-01-06,0.0
2018-01-07,0.0
2018-01-08,19.32
2018-01-09,18.63
2018-01-10,0.0
2018-01-11,20.01
2018-01-12,0.0
2018-01-13,13.11
2018-01-14,19.32
2018-01-15,0.0
2018-01-16,17.25
2018-01-17,20.7
2018-01-18,37.95
2018-01-19,37.26
2018-01-20,0.0
2018-01-21,0.0
2018-01-22,31.74
2018-01-23,26.22
2018-01-24,10.35
2018-01-25,0.0
2018-01-26,69.0
2018-01-27,0.0
2018-01-28,0.0
2018-01-29,33.809999999999995
2018-01-30,33.809999999999995
2018-01-31,28.29
2018-02-01,16.24
2018-02-02,35.96
2018-02-03,0.0
2018-02-04,17.4
2018-02-05,14.499999999999998
2018-02-06,21.46
2018-02-07,49.88
2018-02-08,16.82
2018-02-09,41.76
2018-02-10,0.0
2018-02-11,0.0
2018-02-12,31.9
2018-02-13,22.62
2018-02-14,0.0
2018-02-15,57.99999999999999
2018-02-16,20.3
2018-02-17,0.0
2018-02-18,0.0
2018-02-19,30.74
2018-02-20,25.52
2018-02-21,46.4
2018-02-22,0.0
2018-02-23,0.0
2018-02-24,30.74
2018-02-25,0.0
2018-02-26,0.0
2018-02-27,0.0
2018-02-28,18.56
2018-03-01,16.740000000000002
2018-03-02,0.0
2018-03-03,20.520000000000003
2018-03-04,52.92
2018-03-05,0.0
2018-03-06,22.68
2018-03-07,26.46
2018-03-08,17.28
2018-03-09,0.0
2018-03-10,0.0
2018-03-11,0.0
2018-03-12,13.5
2018-03-13,17.82
2018-03-14,18.9
2018-03-15,12.96
2018-03-16,24.3
2018-03-17,18.36
2018-03-18,0.0
2018-03-19,0.0
2018-03-20,0.0
2018-03-21,13.5
2018-03-22,54.0
2018-03-23,38.34
2018-03-24,40.5
2018-03-25,0.0
2018-03-26,0.0
2018-03-27,0.0
2018-03-28,35.1
2018-03-29,24.3
2018-03-30,0.0
2018-03-31,0.0
2018-04-01,13.26
2018-04-02,28.05
2018-04-03,0.0
2018-04-04,21.42
2018-04-05,26.01
2018-04-06,12.75
2018-04-07,0.0
2018-04-08,0.0
2018-04-09,12.75
2018-04-10,0.0
2018-04-11,49.47
2018-04-12,0.0
2018-04-13,51.0
2018-04-14,31.62
2018-04-15,0.0
2018-04-16,36.21
2018-04-17,25.5
2018-04-18,0.0
2018-04-19,28.05
2018-04-20,33.15
2018-04-21,15.81
2018-04-22,0.0
2018-04-23,0.0
2018-04-24,0.0
2018-04-25,25.5
2018-04-26,0.0
2018-04-27,22.44
2018-04-28,0.0
2018-04-29,0.0
2018-04-30,0.0
2018-05-01,20.58
2018-05-02,0.0
2018-05-03,14.21
2018-05-04,0.0
2018-05-05,0.0
2018-05-06,15.68
2018-05-07,20.09
2018-05-08,29.4
2018-05-09,21.07
2018-05-10,35.28
2018-05-11,32.83
2018-05-12,0.0
2018-05-13,0.0
2018-05-14,0.0
2018-05-15,28.42
2018-05-16,0.0
2018-05-17,20.09
2018-05-18,25.48
2018-05-19,0.0
2018-05-20,19.11
2018-05-21,20.58
2018-05-22,25.48
2018-05-23,16.66
2018-05-24,17.15
2018-05-25,16.66
2018-05-26,49.0
2018-05-27,0.0
2018-05-28,31.85
2018-05-29,22.54
2018-05-30,21.56
2018-05-31,0.0
2018-06-01,25.85
2018-06-02,25.85
2018-06-03,15.95
2018-06-04,0.0
2018-06-05,0.0
2018-06-06,0.0
2018-06-07,13.2
2018-06-08,34.650000000000006
2018-06-09,0.0
2018-06-10,0.0
2018-06-11,17.6
2018-06-12,14.3
2018-06-13,23.1
2018-06-14,0.0
2018-06-15,55.00000000000001
2018-06-16,0.0
2018-06-17,0.0
2018-06-18,15.95
2018-06-19,45.650000000000006
2018-06-20,33.0
2018-06-21,51.7
2018-06-22,26.950000000000003
2018-06-23,0.0
2018-06-24,0.0
2018-06-25,17.05
2018-06-26,47.3
2018-06-27,0.0
2018-06-28,24.200000000000003
2018-06-29,27.500000000000004
2018-06-30,0.0
2018-07-01,57.6
2018-07-02,0.0
2018-07-03,26.88
2018-07-04,0.0
2018-07-05,32.0
2018-07-06,23.04
2018-07-07,0.0
2018-07-08,0.0
2018-07-09,0.0
2018-07-10,54.4
2018-07-11,0.0
2018-07-12,33.28
2018-07-13,45.44
2018-07-14,28.8
2018-07-15,0.0
2018-07-16,29.44
2018-07-17,0.0
2018-07-18,21.12
2018-07-19,41.6
2018-07-20,25.6
2018-07-21,0.0
2018-07-22,0.0
2018-07-23,0.0
2018-07-24,28.8
2018-07-25,28.8
2018-07-26,37.76
2018-07-27,64.0
2018-07-28,0.0
2018-07-29,14.72
2018-07-30,29.44
2018-07-31,32.0
2018-08-01,22.1
2018-08-02,25.35
2018-08-03,14.3
2018-08-04,15.6
2018-08-05,0.0
2018-08-06,0.0
2018-08-07,29.25
2018-08-08,20.15
2018-08-09,28.6
2018-08-10,47.45
2018-08-11,0.0
2018-08-12,0.0
2018-08-13,12.35
2018-08-14,45.5
2018-08-15,0.0
2018-08-16,15.6
2018-08-17,0.0
2018-08-18,0.0
2018-08-19,0.0
2018-08-20,25.35
2018-08-21,29.25
2018-08-22,65.0
2018-08-23,16.900000000000002
2018-08-24,0.0
2018-08-25,0.0
2018-08-26,0.0
2018-08-27,34.45
2018-08-28,40.95
2018-08-29,29.25
2018-08-30,11.05
2018-08-31,23.4
2018-09-01,0.0
2018-09-02,20.24
2018-09-03,0.0
2018-09-04,0.0
2018-09-05,24.84
2018-09-06,0.0
2018-09-07,0.0
2018-09-08,0.0
2018-09-09,0.0
2018-09-10,23.46
2018-09-11,0.0
2018-09-12,25.3
2018-09-13,0.0
2018-09-14,0.0
2018-09-15,46.0
2018-09-16,0.0
2018-09-17,0.0
2018-09-18,0.0
2018-09-19,41.86
2018-09-20,0.0
2018-09-21,0.0
2018-09-22,0.0
2018-09-23,0.0
2018-09-24,36.8
2018-09-25,0.0
2018-09-26,0.0
2018-09-27,0.0
2018-09-28,20.24
2018-09-29,0.0
2018-09-30,0.0
2018-10-01,65.66000000000001
2018-10-02,0.0
2018-10-03,35.510000000000005
2018-10-04,25.46
2018-10-05,56.28
2018-10-06,0.0
2018-10-07,0.0
2018-10-08,0.0
2018-10-09,0.0
2018-10-10,39.53
2018-10-11,0.0
2018-10-12,37.52
2018-10-13,0.0
2018-10-14,40.2
2018-10-15,0.0
2018-10-16,67.0
2018-10-17,46.23
2018-10-18,30.82
2018-10-19,30.15
2018-10-20,0.0
2018-10-21,0.0
2018-10-22,26.8
2018-10-23,48.24
2018-10-24,34.84
2018-10-25,18.09
2018-10-26,20.1
2018-10-27,0.0
2018-10-28,26.8
2018-10-29,42.21
2018-10-30,49.580000000000005
2018-10-31,0.0
2018-11-01,16.32
2018-11-02,51.0
2018-11-03,15.3
2018-11-04,18.36
2018-11-05,19.38
2018-11-06,0.0
2018-11-07,26.01
2018-11-08,21.42
2018-11-09,17.34
2018-11-10,0.0
2018-11-11,0.0
2018-11-12,0.0
2018-11-13,36.21
2018-11-14,12.75
2018-11-15,10.71
2018-11-16,16.32
2018-11-17,46.41
2018-11-18,0.0
2018-11-19,0.0
2018-11-20,32.13
2018-11-21,16.32
2018-11-22,37.74
2018-11-23,43.35
2018-11-24,0.0
2018-11-25,0.0
2018-11-26,32.64
2018-11-27,26.01
2018-11-28,29.58
2018-11-29,0.0
2018-11-30,17.85
2018-12-01,0.0
2018-12-02,0.0
2018-12-03,36.58
2018-12-04,20.46
2018-12-05,32.24
2018-12-06,11.78
2018-12-07,47.74
2018-12-08,0.0
2018-12-09,24.8
2018-12-10,0.0
2018-12-11,12.4
2018-12-12,62.0
2018-12-13,14.26
2018-12-14,11.16
2018-12-15,0.0
2018-12-16,0.0
2018-12-17,31.62
2018-12-18,51.46
2018-12-19,0.0
2018-12-20,31.0
2018-12-21,37.82
2018-12-22,22.32
2018-12-23,0.0
2018-12-24,0.0
2018-12-25,0.0
2018-12-26,53.32
2018-12-27,13.64
2018-12-28,14.26
2018-12-29,0.0
2018-12-30,0.0
2018-12-31,60.14
2019-01-01,0.0
2019-01-02,0.0
2019-01-03,53.900000000000006
2019-01-04,41.8
2019-01-05,11.55
2019-01-06,0.0
2019-01-07,16.5
2019-01-08,18.700000000000003
2019-01-09,18.15
2019-01-10,47.3
2019-01-11,23.65
2019-01-12,0.0
2019-01-13,55.00000000000001
2019-01-14,0.0
2019-01-15,0.0
2019-01-16,31.9
2019-01-17,25.3
2019-01-18,0.0
2019-01-19,0.0
2019-01-20,0.0
2019-01-21,0.0
2019-01-22,13.2
2019-01-23,28.6
2019-01-24,11.55
2019-01-25,0.0
2019-01-26,0.0
2019-01-27,0.0
2019-01-28,0.0
2019-01-29,13.750000000000002
2019-01-30,21.450000000000003
2019-01-31,30.250000000000004
2019-02-01,0.0
2019-02-02,16.8
2019-02-03,0.0
2019-02-04,31.92
2019-02-05,54.32000000000001
2019-02-06,36.400000000000006
2019-02-07,21.840000000000003
2019-02-08,0.0
2019-02-09,0.0
2019-02-10,38.64
2019-02-11,56.00000000000001
2019-02-12,15.68
2019-02-13,38.64
2019-02-14,42.56
2019-02-15,22.4
2019-02-16,0.0
2019-02-17,0.0
2019-02-18,0.0
2019-02-19,36.96
2019-02-20,25.200000000000003
2019-02-21,16.8
2019-02-22,0.0
2019-02-23,0.0
2019-02-24,0.0
2019-02-25,0.0
2019-02-26,34.160000000000004
2019-02-27,29.120000000000005
2019-02-28,23.520000000000003
2019-03-01,14.19
2019-03-02,20.21
2019-03-03,28.81
2019-03-04,0.0
2019-03-05,12.47
2019-03-06,0.0
2019-03-07,20.21
2019-03-08,35.26
2019-03-09,43.0
2019-03-10,0.0
2019-03-11,20.64
2019-03-12,41.71
2019-03-13,20.21
2019-03-14,13.76
2019-03-15,14.62
2019-03-16,0.0
2019-03-17,0.0
2019-03-18,32.68
2019-03-19,29.24
2019-03-20,24.51
2019-03-21,25.37
2019-03-22,0.0
2019-03-23,22.36
2019-03-24,29.67
2019-03-25,0.0
2019-03-26,24.94
2019-03-27,20.64
2019-03-28,21.93
2019-03-29,30.96
2019-03-30,0.0
2019-03-31,22.36
2019-04-01,57.99999999999999
2019-04-02,0.0
2019-04-03,17.4
2019-04-04,27.84
2019-04-05,33.64
2019-04-06,0.0
2019-04-07,0.0
2019-04-08,0.0
2019-04-09,33.64
2019-04-10,0.0
2019-04-11,41.18
2019-04-12,52.78
2019-04-13,19.72
2019-04-14,0.0
2019-04-15,0.0
2019-04-16,0.0
2019-04-17,52.2
2019-04-18,41.18
2019-04-19,28.42
2019-04-20,0.0
2019-04-21,0.0
2019-04-22,31.9
2019-04-23,0.0
2019-04-24,45.82
2019-04-25,19.14
2019-04-26,15.659999999999998
2019-04-27,0.0
2019-04-28,0.0
2019-04-29,0.0
2019-04-30,30.74
2019-05-01,0.0
2019-05-02,16.77
2019-05-03,9.46
2019-05-04,0.0
2019-05-05,0.0
2019-05-06,0.0
2019-05-07,22.79
2019-05-08,0.0
2019-05-09,11.61
2019-05-10,26.23
2019-05-11,19.35
2019-05-12,0.0
2019-05-13,0.0
2019-05-14,15.48
2019-05-15,17.2
2019-05-16,13.76
2019-05-17,0.0
2019-05-18,30.1
2019-05-19,19.78
2019-05-20,43.0
2019-05-21,16.77
2019-05-22,0.0
2019-05-23,23.22
2019-05-24,0.0
2019-05-25,19.78
2019-05-26,0.0
2019-05-27,0.0
2019-05-28,0.0
2019-05-29,0.0
2019-05-30,14.19
2019-05-31,29.67
2019-06-01,0.0
2019-06-02,0.0
2019-06-03,0.0
2019-06-04,34.1
2019-06-05,0.0
2019-06-06,29.700000000000003
2019-06-07,0.0
2019-06-08,0.0
2019-06-09,0.0
2019-06-10,55.00000000000001
2019-06-11,21.450000000000003
2019-06-12,20.9
2019-06-13,0.0
2019-06-14,0.0
2019-06-15,0.0
2019-06-16,0.0
2019-06-17,0.0
2019-06-18,36.85
2019-06-19,13.2
2019-06-20,26.950000000000003
2019-06-21,0.0
2019-06-22,15.400000000000002
2019-06-23,16.5
2019-06-24,0.0
2019-06-25,20.9
2019-06-26,42.35
2019-06-27,0.0
2019-06-28,13.750000000000002
2019-06-29,0.0
2019-06-30,47.3
2019-07-01,38.48
2019-07-02,33.28
2019-07-03,52.0
2019-07-04,37.96
2019-07-05,18.2
2019-07-06,0.0
2019-07-07,0.0
2019-07-08,18.72
2019-07-09,18.72
2019-07-10,0.0
2019-07-11,14.56
2019-07-12,0.0
2019-07-13,0.0
2019-07-14,0.0
2019-07-15,14.56
2019-07-16,27.04
2019-07-17,0.0
2019-07-18,34.32
2019-07-19,0.0
2019-07-20,0.0
2019-07-21,33.800000000000004
2019-07-22,0.0
2019-07-23,24.96
2019-07-24,17.16
2019-07-25,0.0
2019-07-26,0.0
2019-07-27,0.0
2019-07-28,0.0
2019-07-29,25.48
2019-07-30,15.6
2019-07-31,33.28
2019-08-01,65.0
2019-08-02,13.0
2019-08-03,12.35
2019-08-04,0.0
2019-08-05,20.15
2019-08-06,0.0
2019-08-07,0.0
2019-08-08,20.15
2019-08-09,0.0
2019-08-10,0.0
2019-08-11,0.0
2019-08-12,45.5
2019-08-13,44.85
2019-08-14,35.1
2019-08-15,56.55
2019-08-16,25.35
2019-08-17,12.35
2019-08-18,0.0
2019-08-19,9.1
2019-08-20,16.900000000000002
2019-08-21,0.0
2019-08-22,13.0
2019-08-23,0.0
2019-08-24,0.0
2019-08-25,0.0
2019-08-26,0.0
2019-08-27,0.0
2019-08-28,32.5
2019-08-29,21.45
2019-08-30,28.6
2019-08-31,0.0
2019-09-01,0.0
2019-09-02,0.0
2019-09-03,38.22
2019-09-04,0.0
2019-09-05,33.15
2019-09-06,0.0
2019-09-07,22.62
2019-09-08,14.04
2019-09-09,17.94
2019-09-10,26.91
2019-09-11,39.0
2019-09-12,31.59
2019-09-13,16.77
2019-09-14,16.38
2019-09-15,33.93
2019-09-16,18.72
2019-09-17,21.06
2019-09-18,0.0
2019-09-19,12.87
2019-09-20,0.0
2019-09-21,0.0
2019-09-22,0.0
2019-09-23,0.0
2019-09-24,20.67
2019-09-25,0.0
2019-09-26,0.0
2019-09-27,24.18
2019-09-28,0.0
2019-09-29,21.84
2019-09-30,17.94
2019-10-01,0.0
2019-10-02,60.0
2019-10-03,25.2
2019-10-04,0.0
2019-10-05,0.0
2019-10-06,33.6
2019-10-07,18.6
2019-10-08,0.0
2019-10-09,23.4
2019-10-10,21.6
2019-10-11,25.2
2019-10-12,18.0
2019-10-13,0.0
2019-10-14,15.6
2019-10-15,19.8
2019-10-16,0.0
2019-10-17,0.0
2019-10-18,9.6
2019-10-19,0.0
2019-10-20,11.4
2019-10-21,20.4
2019-10-22,25.2
2019-10-23,14.4
2019-10-24,10.8
2019-10-25,0.0
2019-10-26,25.2
2019-10-27,0.0
2019-10-28,33.6
2019-10-29,37.2
2019-10-30,30.6
2019-10-31,15.6
2019-11-01,24.12
2019-11-02,0.0
2019-11-03,0.0
2019-11-04,29.48
2019-11-05,26.8
2019-11-06,0.0
2019-11-07,12.06
2019-11-08,13.4
2019-11-09,31.49
2019-11-10,0.0
2019-11-11,32.160000000000004
2019-11-12,18.76
2019-11-13,67.0
2019-11-14,20.1
2019-11-15,14.74
2019-11-16,22.110000000000003
2019-11-17,0.0
2019-11-18,8.040000000000001
2019-11-19,9.38
2019-11-20,20.1
2019-11-21,29.48
2019-11-22,55.61000000000001
2019-11-23,0.0
2019-11-24,0.0
2019-11-25,39.53
2019-11-26,54.940000000000005
2019-11-27,22.78
2019-11-28,0.0
2019-11-29,14.74
2019-11-30,0.0
2019-12-01,0.0
2019-12-02,28.000000000000004
2019-12-03,0.0
2019-12-04,31.360000000000003
2019-12-05,16.240000000000002
2019-12-06,33.6
2019-12-07,0.0
2019-12-08,0.0
2019-12-09,29.120000000000005
2019-12-10,43.120000000000005
2019-12-11,25.76
2019-12-12,44.8
2019-12-13,0.0
2019-12-14,0.0
2019-12-15,0.0
2019-12-16,17.360000000000003
2019-12-17,56.00000000000001
2019-12-18,34.160000000000004
2019-12-19,45.92
2019-12-20,19.6
2019-12-21,0.0
2019-12-22,0.0
2019-12-23,0.0
2019-12-24,22.4
2019-12-25,0.0
2019-12-26,0.0
2019-12-27,39.2
2019-12-28,0.0
2019-12-29,0.0
2019-12-30,0.0
2019-12-31,0.0
2020-01-01,0.0
2020-01-02,27.14
2020-01-03,21.83
2020-01-04,14.75
2020-01-05,13.57
2020-01-06,29.5
2020-01-07,18.29
2020-01-08,18.29
2020-01-09,0.0
2020-01-10,14.75
2020-01-11,16.52
2020-01-12,0.0
2020-01-13,17.7
2020-01-14,47.79
2020-01-15,21.24
2020-01-16,26.55
2020-01-17,15.93
2020-01-18,18.88
2020-01-19,0.0
2020-01-20,12.39
2020-01-21,34.809999999999995
2020-01-22,41.89
2020-01-23,20.65
2020-01-24,21.24
2020-01-25,0.0
2020-01-26,34.809999999999995
2020-01-27,28.32
2020-01-28,47.79
2020-01-29,51.92
2020-01-30,59.0
2020-01-31,16.52
2020-02-01,0.0
2020-02-02,0.0
2020-02-03,59.0
2020-02-04,0.0
2020-02-05,30.68
2020-02-06,0.0
2020-02-07,51.33
2020-02-08,34.22
2020-02-09,0.0
2020-02-10,31.27
2020-02-11,37.17
2020-02-12,18.88
2020-02-13,50.15
2020-02-14,46.02
2020-02-15,25.37
2020-02-16,0.0
2020-02-17,0.0
2020-02-18,33.629999999999995
2020-02-19,0.0
2020-02-20,0.0
2020-02-21,25.37
2020-02-22,18.29
2020-02-23,0.0
2020-02-24,17.11
2020-02-25,0.0
2020-02-26,26.55
2020-02-27,47.79
2020-02-28,0.0
2020-02-29,23.6
2020-03-01,37.0
2020-03-02,0.0
2020-03-03,26.0
2020-03-04,29.0
2020-03-05,0.0
2020-03-06,49.0
2020-03-07,20.0
2020-03-08,31.0
2020-03-09,48.0
2020-03-10,100.0
2020-03-11,64.0
2020-03-12,49.0
2020-03-13,80.0
2020-03-14,35.0
2020-03-15,35.0
2020-03-16,77.0
2020-03-17,76.0
2020-03-18,45.0
2020-03-19,20.0
2020-03-20,57.0
2020-03-21,0.0
2020-03-22,0.0
2020-03-23,42.0
2020-03-24,54.0
2020-03-25,52.0
2020-03-26,21.0
2020-03-27,35.0
2020-03-28,20.0
2020-03-29,0.0
2020-03-30,28.0
2020-03-31,53.0
2020-04-01,48.95
2020-04-02,32.93
2020-04-03,30.26
2020-04-04,24.92
2020-04-05,20.47
2020-04-06,15.13
2020-04-07,45.39
2020-04-08,40.94
2020-04-09,61.41
2020-04-10,25.81
2020-04-11,0.0
2020-04-12,0.0
2020-04-13,27.59
2020-04-14,56.07
2020-04-15,42.72
2020-04-16,53.4
2020-04-17,69.42
2020-04-18,11.57
2020-04-19,17.8
2020-04-20,39.16
2020-04-21,0.0
2020-04-22,37.38
2020-04-23,46.28
2020-04-24,58.74
2020-04-25,0.0
2020-04-26,0.0
2020-04-27,89.0
2020-04-28,28.48
2020-04-29,21.36
2020-04-30,32.93
2020-05-01,30.53
2020-05-02,19.17
2020-05-03,0.0
2020-05-04,29.82
2020-05-05,17.75
2020-05-06,42.6
2020-05-07,46.15
2020-05-08,54.67
2020-05-09,0.0
2020-05-10,0.0
2020-05-11,39.05
2020-05-12,37.63
2020-05-13,26.27
2020-05-14,0.0
2020-05-15,0.0
2020-05-16,14.91
2020-05-17,0.0
2020-05-18,41.89
2020-05-19,58.93
2020-05-20,71.0
2020-05-21,27.69
2020-05-22,14.91
2020-05-23,15.62
2020-05-24,0.0
2020-05-25,0.0
2020-05-26,14.91
2020-05-27,29.11
2020-05-28,27.69
2020-05-29,22.01
2020-05-30,0.0
2020-05-31,0.0
2020-06-01,42.9
2020-06-02,0.0
2020-06-03,36.96
2020-06-04,0.0
2020-06-05,66.0
2020-06-06,0.0
2020-06-07,52.14
2020-06-08,34.980000000000004
2020-06-09,15.18
2020-06-10,20.46
2020-06-11,0.0
2020-06-12,57.42
2020-06-13,19.8
2020-06-14,0.0
2020-06-15,42.9
2020-06-16,54.120000000000005
2020-06-17,0.0
2020-06-18,38.940000000000005
2020-06-19,47.52
2020-06-20,0.0
2020-06-21,0.0
2020-06-22,0.0
2020-06-23,36.96
2020-06-24,24.42
2020-06-25,35.64
2020-06-26,54.78
2020-06-27,26.4
2020-06-28,0.0
2020-06-29,19.8
2020-06-30,22.44
2020-07-01,45.36
2020-07-02,20.16
2020-07-03,0.0
2020-07-04,0.0
2020-07-05,72.0
2020-07-06,0.0
2020-07-07,45.36
2020-07-08,41.76
2020-07-09,18.0
2020-07-10,18.72
2020-07-11,14.4
2020-07-12,10.08
2020-07-13,20.16
2020-07-14,32.4
2020-07-15,0.0
2020-07-16,18.0
2020-07-17,24.48
2020-07-18,26.64
2020-07-19,0.0
2020-07-20,18.0
2020-07-21,0.0
2020-07-22,18.72
2020-07-23,27.36
2020-07-24,28.8
2020-07-25,17.28
2020-07-26,0.0
2020-07-27,22.32
2020-07-28,0.0
2020-07-29,8.64
2020-07-30,0.0
2020-07-31,0.0
2020-08-01,0.0
2020-08-02,0.0
2020-08-03,31.54
2020-08-04,0.0
2020-08-05,58.1
2020-08-06,0.0
2020-08-07,0.0
2020-08-08,0.0
2020-08-09,0.0
2020-08-10,18.26
2020-08-11,73.86999999999999
2020-08-12,27.39
2020-08-13,0.0
2020-08-14,27.39
2020-08-15,0.0
2020-08-16,30.71
2020-08-17,48.14
2020-08-18,28.22
2020-08-19,47.31
2020-08-20,25.73
2020-08-21,19.92
2020-08-22,16.599999999999998
2020-08-23,0.0
2020-08-24,19.92
2020-08-25,83.0
2020-08-26,74.7
2020-08-27,0.0
2020-08-28,50.63
2020-08-29,34.86
2020-08-30,0.0
2020-08-31,50.63
2020-09-01,35.77
2020-09-02,23.03
2020-09-03,49.0
2020-09-04,28.91
2020-09-05,28.91
2020-09-06,0.0
2020-09-07,0.0
2020-09-08,0.0
2020-09-09,0.0
2020-09-10,24.01
2020-09-11,38.22
2020-09-12,32.34
2020-09-13,0.0
2020-09-14,44.1
2020-09-15,18.62
2020-09-16,32.34
2020-09-17,20.58
2020-09-18,13.72
2020-09-19,24.99
2020-09-20,0.0
2020-09-21,20.09
2020-09-22,37.24
2020-09-23,18.62
2020-09-24,21.07
2020-09-25,0.0
2020-09-26,0.0
2020-09-27,0.0
2020-09-28,26.46
2020-09-29,14.21
2020-09-30,15.19
2020-10-01,10.4
2020-10-02,23.4
2020-10-03,0.0
2020-10-04,0.0
2020-10-05,9.1
2020-10-06,13.0
2020-10-07,0.0
2020-10-08,0.0
2020-10-09,37.05
2020-10-10,0.0
2020-10-11,0.0
2020-10-12,40.95
2020-10-13,65.0
2020-10-14,57.2
2020-10-15,11.7
2020-10-16,0.0
2020-10-17,0.0
2020-10-18,0.0
2020-10-19,0.0
2020-10-20,55.25
2020-10-21,0.0
2020-10-22,46.8
2020-10-23,27.3
2020-10-24,0.0
2020-10-25,22.75
2020-10-26,25.35
2020-10-27,24.05
2020-10-28,0.0
2020-10-29,0.0
2020-10-30,30.55
2020-10-31,0.0
2020-11-01,0.0
2020-11-02,0.0
2020-11-03,26.4
2020-11-04,12.1
2020-11-05,0.0
2020-11-06,0.0
2020-11-07,0.0
2020-11-08,31.9
2020-11-09,25.85
2020-11-10,0.0
2020-11-11,23.65
2020-11-12,55.00000000000001
2020-11-13,0.0
2020-11-14,19.8
2020-11-15,0.0
2020-11-16,43.45
2020-11-17,44.55
2020-11-18,12.65
2020-11-19,22.55
2020-11-20,34.1
2020-11-21,0.0
2020-11-22,0.0
2020-11-23,0.0
2020-11-24,52.8
2020-11-25,28.6
2020-11-26,0.0
2020-11-27,40.150000000000006
2020-11-28,0.0
2020-11-29,0.0
2020-11-30,13.750000000000002
2020-12-01,21.28
2020-12-02,14.560000000000002
2020-12-03,53.2
2020-12-04,14.000000000000002
2020-12-05,28.000000000000004
2020-12-06,0.0
2020-12-07,13.44
2020-12-08,27.44
2020-12-09,0.0
2020-12-10,25.200000000000003
2020-12-11,15.68
2020-12-12,0.0
2020-12-13,0.0
2020-12-14,29.680000000000003
2020-12-15,0.0
2020-12-16,12.32
2020-12-17,0.0
2020-12-18,50.400000000000006
2020-12-19,0.0
2020-12-20,16.240000000000002
2020-12-21,11.2
2020-12-22,0.0
2020-12-23,56.00000000000001
2020-12-24,15.68
2020-12-25,0.0
2020-12-26,0.0
2020-12-27,0.0
2020-12-28,0.0
2020-12-29,0.0
2020-12-30,28.56
2020-12-31,0.0
2021-01-01,16.43
2021-01-02,16.96
2021-01-03,31.270000000000003
2021-01-04,0.0
2021-01-05,28.09
2021-01-06,0.0
2021-01-07,0.0
2021-01-08,23.32
2021-01-09,11.66
2021-01-10,0.0
2021-01-11,9.54
2021-01-12,0.0
2021-01-13,53.0
2021-01-14,31.8
2021-01-15,41.870000000000005
2021-01-16,0.0
2021-01-17,0.0
2021-01-18,0.0
2021-01-19,15.37
2021-01-20,20.67
2021-01-21,0.0
2021-01-22,21.73
2021-01-23,15.9
2021-01-24,0.0
2021-01-25,0.0
2021-01-26,12.19
2021-01-27,0.0
2021-01-28,49.82
2021-01-29,50.88
2021-01-30,0.0
2021-01-31,19.08
2021-02-01,0.0
2021-02-02,22.42
2021-02-03,26.55
2021-02-04,59.0
2021-02-05,17.7
2021-02-06,42.48
2021-02-07,0.0
2021-02-08,11.21
2021-02-09,41.3
2021-02-10,14.75
2021-02-11,30.09
2021-02-12,21.24
2021-02-13,0.0
2021-02-14,21.83
2021-02-15,0.0
2021-02-16,0.0
2021-02-17,35.989999999999995
2021-02-18,14.16
2021-02-19,0.0
2021-02-20,31.86
2021-02-21,0.0
2021-02-22,11.8
2021-02-23,17.11
2021-02-24,25.37
2021-02-25,0.0
2021-02-26,25.96
2021-02-27,0.0
2021-02-28,0.0
2021-03-01,0.0
2021-03-02,0.0
2021-03-03,0.0
2021-03-04,0.0
2021-03-05,0.0
2021-03-06,23.97
2021-03-07,0.0
2021-03-08,16.830000000000002
2021-03-09,27.54
2021-03-10,23.97
2021-03-11,0.0
2021-03-12,12.24
2021-03-13,0.0
2021-03-14,0.0
2021-03-15,0.0
2021-03-16,15.3
2021-03-17,17.85
2021-03-18,27.54
2021-03-19,51.0
2021-03-20,0.0
2021-03-21,15.81
2021-03-22,38.76
2021-03-23,27.54
2021-03-24,23.46
2021-03-25,0.0
2021-03-26,23.46
2021-03-27,0.0
2021-03-28,0.0
2021-03-29,15.3
2021-03-30,47.94
2021-03-31,39.78
2021-04-01,40.95
2021-04-02,10.08
2021-04-03,0.0
2021-04-04,10.08
2021-04-05,25.2
2021-04-06,0.0
2021-04-07,16.38
2021-04-08,13.23
2021-04-09,26.46
2021-04-10,0.0
2021-04-11,11.34
2021-04-12,34.65
2021-04-13,8.82
2021-04-14,0.0
2021-04-15,37.8
2021-04-16,63.0
2021-04-17,15.75
2021-04-18,0.0
2021-04-19,0.0
2021-04-20,15.12
2021-04-21,10.08
2021-04-22,35.28
2021-04-23,0.0
2021-04-24,0.0
2021-04-25,0.0
2021-04-26,25.83
2021-04-27,19.53
2021-04-28,34.65
2021-04-29,17.01
2021-04-30,0.0
2021-05-01,0.0
2021-05-02,0.0
2021-05-03,41.440000000000005
2021-05-04,39.760000000000005
2021-05-05,14.000000000000002
2021-05-06,18.48
2021-05-07,0.0
2021-05-08,0.0
2021-05-09,0.0
2021-05-10,30.24
2021-05-11,33.6
2021-05-12,20.72
2021-05-13,38.64
2021-05-14,12.88
2021-05-15,0.0
2021-05-16,0.0
2021-05-17,17.92
2021-05-18,56.00000000000001
2021-05-19,17.92
2021-05-20,26.320000000000004
2021-05-21,29.680000000000003
2021-05-22,0.0
2021-05-23,0.0
2021-05-24,0.0
2021-05-25,12.88
2021-05-26,21.28
2021-05-27,0.0
2021-05-28,12.32
2021-05-29,30.800000000000004
2021-05-30,0.0
2021-05-31,0.0
2021-06-01,65.0
2021-06-02,62.400000000000006
2021-06-03,0.0
2021-06-04,46.15
2021-06-05,29.25
2021-06-06,0.0
2021-06-07,55.9
2021-06-08,0.0
2021-06-09,46.15
2021-06-10,55.25
2021-06-11,44.85
2021-06-12,0.0
2021-06-13,0.0
2021-06-14,0.0
2021-06-15,0.0
2021-06-16,46.15
2021-06-17,21.45
2021-06-18,0.0
2021-06-19,0.0
2021-06-20,24.05
2021-06-21,39.0
2021-06-22,35.75
2021-06-23,50.7
2021-06-24,0.0
2021-06-25,0.0
2021-06-26,0.0
2021-06-27,54.6
2021-06-28,44.2
2021-06-29,59.8
2021-06-30,0.0
2021-07-01,0.0
2021-07-02,0.0
2021-07-03,0.0
2021-07-04,0.0
2021-07-05,0.0
2021-07-06,0.0
2021-07-07,13.63
2021-07-08,16.45
2021-07-09,47.0
2021-07-10,19.27
2021-07-11,0.0
2021-07-12,0.0
2021-07-13,26.79
2021-07-14,18.33
2021-07-15,27.26
2021-07-16,0.0
2021-07-17,0.0
2021-07-18,11.75
2021-07-19,10.81
2021-07-20,0.0
2021-07-21,0.0
2021-07-22,9.87
2021-07-23,19.27
2021-07-24,22.56
2021-07-25,0.0
2021-07-26,18.33
2021-07-27,0.0
2021-07-28,16.45
2021-07-29,39.48
2021-07-30,30.08
2021-07-31,0.0
2021-08-01,31.8
2021-08-02,39.22
2021-08-03,46.11
2021-08-04,44.52
2021-08-05,29.68
2021-08-06,0.0
2021-08-07,0.0
2021-08-08,0.0
2021-08-09,0.0
2021-08-10,53.0
2021-08-11,23.85
2021-08-12,37.1
2021-08-13,16.96
2021-08-14,0.0
2021-08-15,0.0
2021-08-16,27.03
2021-08-17,33.92
2021-08-18,19.08
2021-08-19,15.9
2021-08-20,0.0
2021-08-21,19.61
2021-08-22,0.0
2021-08-23,30.21
2021-08-24,0.0
2021-08-25,0.0
2021-08-26,0.0
2021-08-27,27.56
2021-08-28,0.0
2021-08-29,0.0
2021-08-30,23.85
2021-08-31,29.15
2021-09-01,20.91
2021-09-02,0.0
2021-09-03,27.88
2021-09-04,0.0
2021-09-05,31.57
2021-09-06,0.0
2021-09-07,0.0
2021-09-08,30.75
2021-09-09,23.78
2021-09-10,0.0
2021-09-11,33.21
2021-09-12,0.0
2021-09-13,41.0
2021-09-14,13.53
2021-09-15,0.0
2021-09-16,12.3
2021-09-17,0.0
2021-09-18,25.83
2021-09-19,0.0
2021-09-20,0.0
2021-09-21,0.0
2021-09-22,25.01
2021-09-23,23.78
2021-09-24,0.0
2021-09-25,15.17
2021-09-26,0.0
2021-09-27,0.0
2021-09-28,33.62
2021-09-29,30.34
2021-09-30,13.53
2021-10-01,0.0
2021-10-02,15.3
2021-10-03,0.0
2021-10-04,14.85
2021-10-05,16.2
2021-10-06,0.0
2021-10-07,29.7
2021-10-08,0.0
2021-10-09,20.25
2021-10-10,0.0
2021-10-11,0.0
2021-10-12,19.8
2021-10-13,29.7
2021-10-14,36.0
2021-10-15,18.45
2021-10-16,0.0
2021-10-17,0.0
2021-10-18,18.9
2021-10-19,18.0
2021-10-20,0.0
2021-10-21,22.05
2021-10-22,25.2
2021-10-23,0.0
2021-10-24,12.15
2021-10-25,12.15
2021-10-26,0.0
2021-10-27,0.0
2021-10-28,45.0
2021-10-29,0.0
2021-10-30,40.5
2021-10-31,0.0
2021-11-01,20.58
2021-11-02,0.0
2021-11-03,37.73
2021-11-04,18.62
2021-11-05,38.22
2021-11-06,12.25
2021-11-07,0.0
2021-11-08,25.97
2021-11-09,0.0
2021-11-10,49.0
2021-11-11,0.0
2021-11-12,31.36
2021-11-13,0.0
2021-11-14,0.0
2021-11-15,21.56
2021-11-16,16.66
2021-11-17,0.0
2021-11-18,0.0
2021-11-19,0.0
2021-11-20,0.0
2021-11-21,0.0
2021-11-22,27.93
2021-11-23,24.99
2021-11-24,0.0
2021-11-25,0.0
2021-11-26,0.0
2021-11-27,11.76
2021-11-28,15.19
2021-11-29,0.0
2021-11-30,42.63
2021-12-01,0.0
2021-12-02,26.65
2021-12-03,16.25
2021-12-04,0.0
2021-12-05,0.0
2021-12-06,46.15
2021-12-07,18.2
2021-12-08,61.1
2021-12-09,65.0
2021-12-10,40.95
2021-12-11,0.0
2021-12-12,0.0
2021-12-13,0.0
2021-12-14,0.0
2021-12-15,0.0
2021-12-16,14.95
2021-12-17,29.9
2021-12-18,27.95
2021-12-19,0.0
2021-12-20,37.7
2021-12-21,0.0
2021-12-22,63.05
2021-12-23,44.2
2021-12-24,0.0
2021-12-25,20.8
2021-12-26,0.0
2021-12-27,44.85
2021-12-28,0.0
2021-12-29,39.0
2021-12-30,17.55
2021-12-31,21.45
2022-01-01,0.0
2022-01-02,0.0
2022-01-03,13.05
2022-01-04,0.0
2022-01-05,23.4
2022-01-06,0.0
2022-01-07,13.05
2022-01-08,0.0
2022-01-09,0.0
2022-01-10,0.0
2022-01-11,20.25
2022-01-12,0.0
2022-01-13,0.0
2022-01-14,39.15
2022-01-15,0.0
2022-01-16,0.0
2022-01-17,13.05
2022-01-18,21.15
2022-01-19,18.45
2022-01-20,0.0
2022-01-21,0.0
2022-01-22,0.0
2022-01-23,19.8
2022-01-24,45.0
2022-01-25,22.95
2022-01-26,0.0
2022-01-27,19.35
2022-01-28,0.0
2022-01-29,0.0
2022-01-30,0.0
2022-01-31,0.0
2022-02-01,21.73
2022-02-02,0.0
2022-02-03,14.76
2022-02-04,0.0
2022-02-05,0.0
2022-02-06,0.0
2022-02-07,0.0
2022-02-08,27.06
2022-02-09,0.0
2022-02-10,19.68
2022-02-11,0.0
2022-02-12,12.3
2022-02-13,0.0
2022-02-14,0.0
2022-02-15,13.12
2022-02-16,15.989999999999998
2022-02-17,0.0
2022-02-18,24.6
2022-02-19,0.0
2022-02-20,0.0
2022-02-21,0.0
2022-02-22,15.989999999999998
2022-02-23,8.61
2022-02-24,41.0
2022-02-25,26.65
2022-02-26,0.0
2022-02-27,0.0
2022-02-28,0.0
2022-03-01,28.0
2022-03-02,50.0
2022-03-03,25.5
2022-03-04,39.0
2022-03-05,38.5
2022-03-06,0.0
2022-03-07,35.0
2022-03-08,0.0
2022-03-09,32.0
2022-03-10,23.0
2022-03-11,29.0
2022-03-12,0.0
2022-03-13,35.5
2022-03-14,19.5
2022-03-15,0.0
2022-03-16,25.0
2022-03-17,0.0
2022-03-18,38.0
2022-03-19,0.0
2022-03-20,0.0
2022-03-21,28.0
2022-03-22,0.0
2022-03-23,46.0
2022-03-24,0.0
2022-03-25,0.0
2022-03-26,16.0
2022-03-27,0.0
2022-03-28,17.0
2022-03-29,37.0
2022-03-30,43.0
2022-03-31,37.0
2022-04-01,39.48
2022-04-02,25.38
2022-04-03,20.21
2022-04-04,27.26
2022-04-05,0.0
2022-04-06,30.08
2022-04-07,17.86
2022-04-08,38.07
2022-04-09,14.1
2022-04-10,28.2
2022-04-11,43.71
2022-04-12,17.86
2022-04-13,21.62
2022-04-14,20.21
2022-04-15,18.8
2022-04-16,21.62
2022-04-17,0.0
2022-04-18,15.04
2022-04-19,23.03
2022-04-20,18.8
2022-04-21,41.83
2022-04-22,47.0
2022-04-23,0.0
2022-04-24,35.72
2022-04-25,0.0
2022-04-26,13.63
2022-04-27,0.0
2022-04-28,46.53
2022-04-29,0.0
2022-04-30,0.0
2022-05-01,0.0
2022-05-02,7.5
2022-05-03,10.25
2022-05-04,3.5
2022-05-05,0.0
2022-05-06,7.5
2022-05-07,0.0
2022-05-08,5.25
2022-05-09,0.0
2022-05-10,3.75
2022-05-11,8.5
2022-05-12,4.75
2022-05-13,7.75
2022-05-14,0.0
2022-05-15,0.0
2022-05-16,0.0
2022-05-17,5.25
2022-05-18,0.0
2022-05-19,0.0
2022-05-20,0.0
2022-05-21,6.0
2022-05-22,5.0
2022-05-23,0.0
2022-05-24,4.5
2022-05-25,6.75
2022-05-26,0.0
2022-05-27,11.75
2022-05-28,4.25
2022-05-29,0.0
2022-05-30,5.5
2022-05-31,25.0
2022-06-01,17.22
2022-06-02,8.2
2022-06-03,16.81
2022-06-04,0.0
2022-06-05,0.0
2022-06-06,16.81
2022-06-07,12.71
2022-06-08,8.61
2022-06-09,9.02
2022-06-10,0.0
2022-06-11,0.0
2022-06-12,0.0
2022-06-13,0.0
2022-06-14,5.739999999999999
2022-06-15,0.0
2022-06-16,0.0
2022-06-17,0.0
2022-06-18,0.0
2022-06-19,7.789999999999999
2022-06-20,0.0
2022-06-21,19.27
2022-06-22,0.0
2022-06-23,9.43
2022-06-24,0.0
2022-06-25,0.0
2022-06-26,0.0
2022-06-27,0.0
2022-06-28,41.0
2022-06-29,0.0
2022-06-30,11.07
2022-07-01,0.0
2022-07-02,0.0
2022-07-03,0.0
2022-07-04,0.0
2022-07-05,11.16
2022-07-06,11.47
2022-07-07,14.88
2022-07-08,0.0
2022-07-09,6.82
2022-07-10,0.0
2022-07-11,11.47
2022-07-12,0.0
2022-07-13,0.0
2022-07-14,8.37
2022-07-15,0.0
2022-07-16,0.0
2022-07-17,9.3
2022-07-18,0.0
2022-07-19,31.0
2022-07-20,14.26
2022-07-21,0.0
2022-07-22,0.0
2022-07-23,0.0
2022-07-24,0.0
2022-07-25,0.0
2022-07-26,0.0
2022-07-27,13.33
2022-07-28,0.0
2022-07-29,10.54
2022-07-30,0.0
2022-07-31,0.0
2022-08-01,10.23
2022-08-02,27.39
2022-08-03,15.510000000000002
2022-08-04,21.78
2022-08-05,17.16
2022-08-06,0.0
2022-08-07,21.78
2022-08-08,0.0
2022-08-09,12.21
2022-08-10,8.91
2022-08-11,15.84
2022-08-12,13.2
2022-08-13,18.15
2022-08-14,0.0
2022-08-15,0.0
2022-08-16,13.53
2022-08-17,8.91
2022-08-18,11.55
2022-08-19,9.9
2022-08-20,0.0
2022-08-21,0.0
2022-08-22,0.0
2022-08-23,15.84
2022-08-24,0.0
2022-08-25,25.74
2022-08-26,0.0
2022-08-27,0.0
2022-08-28,0.0
2022-08-29,0.0
2022-08-30,0.0
2022-08-31,33.0
2022-09-01,0.0
2022-09-02,10.23
2022-09-03,8.06
2022-09-04,0.0
2022-09-05,0.0
2022-09-06,0.0
2022-09-07,17.36
2022-09-08,0.0
2022-09-09,22.63
2022-09-10,0.0
2022-09-11,0.0
2022-09-12,26.04
2022-09-13,0.0
2022-09-14,31.0
2022-09-15,0.0
2022-09-16,13.95
2022-09-17,0.0
2022-09-18,0.0
2022-09-19,0.0
2022-09-20,0.0
2022-09-21,9.61
2022-09-22,0.0
2022-09-23,14.57
2022-09-24,0.0
2022-09-25,9.61
2022-09-26,16.74
2022-09-27,0.0
2022-09-28,25.42
2022-09-29,13.02
2022-09-30,0.0
2022-10-01,16.64
2022-10-02,10.4
2022-10-03,0.0
2022-10-04,35.36
2022-10-05,27.04
2022-10-06,50.440000000000005
2022-10-07,0.0
2022-10-08,0.0
2022-10-09,0.0
2022-10-10,22.880000000000003
2022-10-11,52.0
2022-10-12,30.16
2022-10-13,25.48
2022-10-14,17.16
2022-10-15,20.28
2022-10-16,0.0
2022-10-17,19.24
2022-10-18,0.0
2022-10-19,10.4
2022-10-20,22.36
2022-10-21,22.880000000000003
2022-10-22,0.0
2022-10-23,0.0
2022-10-24,0.0
2022-10-25,29.64
2022-10-26,0.0
2022-10-27,27.04
2022-10-28,30.16
2022-10-29,0.0
2022-10-30,0.0
2022-10-31,0.0
2022-11-01,10.66
2022-11-02,0.0
2022-11-03,37.72
2022-11-04,0.0
2022-11-05,0.0
2022-11-06,0.0
2022-11-07,0.0
2022-11-08,21.73
2022-11-09,35.26
2022-11-10,0.0
2022-11-11,12.3
2022-11-12,0.0
2022-11-13,17.63
2022-11-14,41.0
2022-11-15,22.55
2022-11-16,29.52
2022-11-17,21.73
2022-11-18,24.19
2022-11-19,0.0
2022-11-20,24.6
2022-11-21,20.91
2022-11-22,38.95
2022-11-23,25.83
2022-11-24,0.0
2022-11-25,0.0
2022-11-26,0.0
2022-11-27,0.0
2022-11-28,0.0
2022-11-29,33.62
2022-11-30,26.24
2022-12-01,0.0
2022-12-02,18.0
2022-12-03,0.0
2022-12-04,0.0
2022-12-05,9.0
2022-12-06,18.9
2022-12-07,0.0
2022-12-08,14.4
2022-12-09,0.0
2022-12-10,8.1
2022-12-11,0.0
2022-12-12,15.75
2022-12-13,22.95
2022-12-14,12.15
2022-12-15,0.0
2022-12-16,0.0
2022-12-17,0.0
2022-12-18,0.0
2022-12-19,0.0
2022-12-20,5.4
2022-12-21,0.0
2022-12-22,11.25
2022-12-23,16.650000000000002
2022-12-24,0.0
2022-12-25,45.0
2022-12-26,0.0
2022-12-27,0.0
2022-12-28,0.0
2022-12-29,0.0
2022-12-30,0.0
2022-12-31,0.0
2023-01-01,37.84
2023-01-02,0.0
2023-01-03,19.8
2023-01-04,33.0
2023-01-05,0.0
2023-01-06,0.0
2023-01-07,23.32
2023-01-08,0.0
2023-01-09,33.44
2023-01-10,25.08
2023-01-11,44.0
2023-01-12,27.28
2023-01-13,19.8
2023-01-14,0.0
2023-01-15,0.0
2023-01-16,0.0
2023-01-17,0.0
2023-01-18,0.0
2023-01-19,33.88
2023-01-20,26.84
2023-01-21,0.0
2023-01-22,16.28
2023-01-23,0.0
2023-01-24,0.0
2023-01-25,28.6
2023-01-26,18.92
2023-01-27,0.0
2023-01-28,0.0
2023-01-29,0.0
2023-01-30,0.0
2023-01-31,22.88
2023-02-01,12.95
2023-02-02,0.0
2023-02-03,8.049999999999999
2023-02-04,0.0
2023-02-05,0.0
2023-02-06,0.0
2023-02-07,13.65
2023-02-08,25.55
2023-02-09,0.0
2023-02-10,0.0
2023-02-11,10.5
2023-02-12,0.0
2023-02-13,11.9
2023-02-14,21.35
2023-02-15,0.0
2023-02-16,0.0
2023-02-17,35.0
2023-02-18,0.0
2023-02-19,0.0
2023-02-20,13.3
2023-02-21,0.0
2023-02-22,13.65
2023-02-23,10.85
2023-02-24,20.65
2023-02-25,13.3
2023-02-26,0.0
2023-02-27,0.0
2023-02-28,0.0
2023-03-01,0.0
2023-03-02,17.1
2023-03-03,30.78
2023-03-04,0.0
2023-03-05,0.0
2023-03-06,26.98
2023-03-07,15.58
2023-03-08,24.7
2023-03-09,33.44
2023-03-10,0.0
2023-03-11,18.24
2023-03-12,0.0
2023-03-13,28.5
2023-03-14,22.42
2023-03-15,0.0
2023-03-16,13.3
2023-03-17,37.62
2023-03-18,21.66
2023-03-19,30.4
2023-03-20,15.2
2023-03-21,0.0
2023-03-22,28.5
2023-03-23,18.24
2023-03-24,0.0
2023-03-25,13.68
2023-03-26,0.0
2023-03-27,29.26
2023-03-28,25.46
2023-03-29,0.0
2023-03-30,38.0
2023-03-31,17.1
2023-04-01,0.0
2023-04-02,0.0
2023-04-03,17.15
2023-04-04,35.0
2023-04-05,0.0
2023-04-06,0.0
2023-04-07,0.0
2023-04-08,0.0
2023-04-09,0.0
2023-04-10,0.0
2023-04-11,0.0
2023-04-12,0.0
2023-04-13,33.599999999999994
2023-04-14,33.25
2023-04-15,13.65
2023-04-16,0.0
2023-04-17,19.6
2023-04-18,13.3
2023-04-19,0.0
2023-04-20,19.6
2023-04-21,20.3
2023-04-22,0.0
2023-04-23,0.0
2023-04-24,24.85
2023-04-25,0.0
2023-04-26,11.9
2023-04-27,23.1
2023-04-28,0.0
2023-04-29,0.0
2023-04-30,0.0
2023-05-01,18.48
2023-05-02,13.86
2023-05-03,21.45
2023-05-04,0.0
2023-05-05,22.44
2023-05-06,0.0
2023-05-07,18.15
2023-05-08,0.0
2023-05-09,16.17
2023-05-10,23.1
2023-05-11,0.0
2023-05-12,0.0
2023-05-13,0.0
2023-05-14,0.0
2023-05-15,0.0
2023-05-16,0.0
2023-05-17,16.830000000000002
2023-05-18,0.0
2023-05-19,14.52
2023-05-20,0.0
2023-05-21,25.41
2023-05-22,32.01
2023-05-23,15.510000000000002
2023-05-24,13.86
2023-05-25,0.0
2023-05-26,0.0
2023-05-27,33.0
2023-05-28,0.0
2023-05-29,18.81
2023-05-30,22.77
2023-05-31,19.47
2023-06-01,26.04
2023-06-02,36.12
2023-06-03,0.0
2023-06-04,18.9
2023-06-05,39.48
2023-06-06,0.0
2023-06-07,0.0
2023-06-08,14.7
2023-06-09,18.48
2023-06-10,0.0
2023-06-11,0.0
2023-06-12,15.54
2023-06-13,0.0
2023-06-14,22.68
2023-06-15,0.0
2023-06-16,20.16
2023-06-17,0.0
2023-06-18,0.0
2023-06-19,0.0
2023-06-20,18.06
2023-06-21,0.0
2023-06-22,0.0
2023-06-23,39.9
2023-06-24,0.0
2023-06-25,0.0
2023-06-26,15.96
2023-06-27,0.0
2023-06-28,0.0
2023-06-29,42.0
2023-06-30,20.16
2023-07-01,0.0
2023-07-02,0.0
2023-07-03,0.0
2023-07-04,13.33
2023-07-05,24.51
2023-07-06,26.66
2023-07-07,0.0
2023-07-08,21.5
2023-07-09,0.0
2023-07-10,0.0
2023-07-11,28.81
2023-07-12,0.0
2023-07-13,13.33
2023-07-14,15.48
2023-07-15,0.0
2023-07-16,43.0
2023-07-17,23.22
2023-07-18,30.53
2023-07-19,16.34
2023-07-20,30.1
2023-07-21,37.41
2023-07-22,18.06
2023-07-23,0.0
2023-07-24,33.54
2023-07-25,0.0
2023-07-26,0.0
2023-07-27,0.0
2023-07-28,36.55
2023-07-29,24.51
2023-07-30,0.0
2023-07-31,0.0
2023-08-01,25.76
2023-08-02,22.08
2023-08-03,46.0
2023-08-04,0.0
2023-08-05,0.0
2023-08-06,0.0
2023-08-07,27.6
2023-08-08,0.0
2023-08-09,35.88
2023-08-10,24.380000000000003
2023-08-11,0.0
2023-08-12,0.0
2023-08-13,0.0
2023-08-14,45.080000000000005
2023-08-15,34.5
2023-08-16,44.620000000000005
2023-08-17,0.0
2023-08-18,28.98
2023-08-19,0.0
2023-08-20,0.0
2023-08-21,20.7
2023-08-22,0.0
2023-08-23,27.6
2023-08-24,20.24
2023-08-25,39.1
2023-08-26,0.0
2023-08-27,0.0
2023-08-28,0.0
2023-08-29,36.8
2023-08-30,0.0
2023-08-31,0.0
2023-09-01,0.0
2023-09-02,0.0
2023-09-03,26.24
2023-09-04,0.0
2023-09-05,15.36
2023-09-06,0.0
2023-09-07,15.68
2023-09-08,9.28
2023-09-09,0.0
2023-09-10,21.76
2023-09-11,0.0
2023-09-12,23.04
2023-09-13,0.0
2023-09-14,0.0
2023-09-15,25.28
2023-09-16,0.0
2023-09-17,0.0
2023-09-18,0.0
2023-09-19,27.52
2023-09-20,0.0
2023-09-21,9.28
2023-09-22,0.0
2023-09-23,0.0
2023-09-24,29.44
2023-09-25,28.48
2023-09-26,15.36
2023-09-27,0.0
2023-09-28,32.0
2023-09-29,20.8
2023-09-30,0.0
2023-10-01,23.6
2023-10-02,0.0
2023-10-03,15.2
2023-10-04,0.0
2023-10-05,36.0
2023-10-06,37.2
2023-10-07,0.0
2023-10-08,21.6
2023-10-09,30.8
2023-10-10,19.6
2023-10-11,0.0
2023-10-12,16.0
2023-10-13,20.4
2023-10-14,0.0
2023-10-15,0.0
2023-10-16,0.0
2023-10-17,40.0
2023-10-18,18.4
2023-10-19,18.0
2023-10-20,21.200000000000003
2023-10-21,0.0
2023-10-22,0.0
2023-10-23,0.0
2023-10-24,28.0
2023-10-25,0.0
2023-10-26,20.0
2023-10-27,0.0
2023-10-28,20.0
2023-10-29,21.200000000000003
2023-10-30,21.200000000000003
2023-10-31,0.0
2023-11-01,24.91
2023-11-02,0.0
2023-11-03,43.24
2023-11-04,0.0
2023-11-05,0.0
2023-11-06,17.86
2023-11-07,0.0
2023-11-08,26.79
2023-11-09,32.43
2023-11-10,47.0
2023-11-11,0.0
2023-11-12,0.0
2023-11-13,0.0
2023-11-14,0.0
2023-11-15,0.0
2023-11-16,32.43
2023-11-17,30.08
2023-11-18,0.0
2023-11-19,16.45
2023-11-20,42.3
2023-11-21,0.0
2023-11-22,0.0
2023-11-23,16.45
2023-11-24,0.0
2023-11-25,0.0
2023-11-26,20.68
2023-11-27,22.56
2023-11-28,0.0
2023-11-29,0.0
2023-11-30,18.33
2023-12-01,21.15
2023-12-02,0.0
2023-12-03,0.0
2023-12-04,17.39
2023-12-05,26.32
2023-12-06,0.0
2023-12-07,0.0
2023-12-08,7.989999999999999
2023-12-09,0.0
2023-12-10,11.28
2023-12-11,9.87
2023-12-12,19.27
2023-12-13,0.0
2023-12-14,17.39
2023-12-15,32.43
2023-12-16,0.0
2023-12-17,0.0
2023-12-18,23.03
2023-12-19,17.86
2023-12-20,21.62
2023-12-21,11.75
2023-12-22,47.0
2023-12-23,0.0
2023-12-24,0.0
2023-12-25,0.0
2023-12-26,31.96
2023-12-27,0.0
2023-12-28,12.22
2023-12-29,0.0
2023-12-30,0.0
2023-12-31,0.0
