date,AXP
2013-01-01,0.0
2013-01-02,6.24
2013-01-03,0.0
2013-01-04,0.0
2013-01-05,0.0
2013-01-06,14.24
2013-01-07,0.0
2013-01-08,0.0
2013-01-09,0.0
2013-01-10,0.0
2013-01-11,8.96
2013-01-12,0.0
2013-01-13,0.0
2013-01-14,6.08
2013-01-15,0.0
2013-01-16,0.0
2013-01-17,0.0
2013-01-18,0.0
2013-01-19,7.52
2013-01-20,0.0
2013-01-21,0.0
2013-01-22,9.44
2013-01-23,0.0
2013-01-24,0.0
2013-01-25,0.0
2013-01-26,0.0
2013-01-27,0.0
2013-01-28,0.0
2013-01-29,0.0
2013-01-30,16.0
2013-01-31,0.0
2013-02-01,0.0
2013-02-02,6.72
2013-02-03,0.0
2013-02-04,0.0
2013-02-05,2.76
2013-02-06,0.0
2013-02-07,0.0
2013-02-08,0.0
2013-02-09,0.0
2013-02-10,0.0
2013-02-11,0.0
2013-02-12,0.0
2013-02-13,12.0
2013-02-14,5.279999999999999
2013-02-15,6.84
2013-02-16,0.0
2013-02-17,3.36
2013-02-18,3.0
2013-02-19,0.0
2013-02-20,3.24
2013-02-21,0.0
2013-02-22,3.96
2013-02-23,0.0
2013-02-24,2.88
2013-02-25,0.0
2013-02-26,0.0
2013-02-27,0.0
2013-02-28,0.0
2013-03-01,9.9
2013-03-02,0.0
2013-03-03,0.0
2013-03-04,4.95
2013-03-05,0.0
2013-03-06,0.0
2013-03-07,8.549999999999999
2013-03-08,0.0
2013-03-09,0.0
2013-03-10,0.0
2013-03-11,4.05
2013-03-12,8.4
2013-03-13,0.0
2013-03-14,12.45
2013-03-15,0.0
2013-03-16,0.0
2013-03-17,15.0
2013-03-18,5.4
2013-03-19,0.0
2013-03-20,0.0
2013-03-21,12.15
2013-03-22,0.0
2013-03-23,6.3
2013-03-24,0.0
2013-03-25,0.0
2013-03-26,8.549999999999999
2013-03-27,0.0
2013-03-28,0.0
2013-03-29,0.0
2013-03-30,0.0
2013-03-31,0.0
2013-04-01,0.0
2013-04-02,0.0
2013-04-03,7.739999999999999
2013-04-04,3.96
2013-04-05,18.0
2013-04-06,0.0
2013-04-07,0.0
2013-04-08,7.02
2013-04-09,12.06
2013-04-10,0.0
2013-04-11,0.0
2013-04-12,14.94
2013-04-13,0.0
2013-04-14,0.0
2013-04-15,0.0
2013-04-16,4.859999999999999
2013-04-17,0.0
2013-04-18,0.0
2013-04-19,0.0
2013-04-20,0.0
2013-04-21,0.0
2013-04-22,0.0
2013-04-23,0.0
2013-04-24,0.0
2013-04-25,9.18
2013-04-26,0.0
2013-04-27,8.459999999999999
2013-04-28,0.0
2013-04-29,0.0
2013-04-30,0.0
2013-05-01,0.0
2013-05-02,0.0
2013-05-03,0.0
2013-05-04,0.0
2013-05-05,0.0
2013-05-06,0.0
2013-05-07,0.0
2013-05-08,13.0
2013-05-09,0.0
2013-05-10,0.0
2013-05-11,0.0
2013-05-12,0.0
2013-05-13,0.0
2013-05-14,0.0
2013-05-15,5.98
2013-05-16,0.0
2013-05-17,0.0
2013-05-18,0.0
2013-05-19,0.0
2013-05-20,0.0
2013-05-21,4.68
2013-05-22,9.36
2013-05-23,4.42
2013-05-24,0.0
2013-05-25,0.0
2013-05-26,0.0
2013-05-27,0.0
2013-05-28,0.0
2013-05-29,0.0
2013-05-30,6.5
2013-05-31,0.0
2013-06-01,0.0
2013-06-02,0.0
2013-06-03,0.0
2013-06-04,0.0
2013-06-05,0.0
2013-06-06,0.0
2013-06-07,0.0
2013-06-08,0.0
2013-06-09,0.0
2013-06-10,0.0
2013-06-11,0.0
2013-06-12,0.0
2013-06-13,0.0
2013-06-14,0.0
2013-06-15,0.0
2013-06-16,11.0
2013-06-17,0.0
2013-06-18,0.0
2013-06-19,0.0
2013-06-20,0.0
2013-06-21,0.0
2013-06-22,7.15
2013-06-23,0.0
2013-06-24,0.0
2013-06-25,0.0
2013-06-26,0.0
2013-06-27,0.0
2013-06-28,0.0
2013-06-29,0.0
2013-06-30,4.18
2013-07-01,3.48
2013-07-02,0.0
2013-07-03,0.0
2013-07-04,0.0
2013-07-05,0.0
2013-07-06,0.0
2013-07-07,0.0
2013-07-08,0.0
2013-07-09,0.0
2013-07-10,0.0
2013-07-11,0.0
2013-07-12,0.0
2013-07-13,0.0
2013-07-14,12.0
2013-07-15,0.0
2013-07-16,0.0
2013-07-17,4.68
2013-07-18,8.52
2013-07-19,0.0
2013-07-20,0.0
2013-07-21,0.0
2013-07-22,7.08
2013-07-23,6.359999999999999
2013-07-24,0.0
2013-07-25,0.0
2013-07-26,0.0
2013-07-27,0.0
2013-07-28,0.0
2013-07-29,0.0
2013-07-30,0.0
2013-07-31,0.0
2013-08-01,0.0
2013-08-02,0.0
2013-08-03,0.0
2013-08-04,0.0
2013-08-05,0.0
2013-08-06,0.0
2013-08-07,0.0
2013-08-08,4.800000000000001
2013-08-09,0.0
2013-08-10,0.0
2013-08-11,10.0
2013-08-12,0.0
2013-08-13,0.0
2013-08-14,9.8
2013-08-15,0.0
2013-08-16,0.0
2013-08-17,0.0
2013-08-18,0.0
2013-08-19,0.0
2013-08-20,0.0
2013-08-21,0.0
2013-08-22,8.0
2013-08-23,0.0
2013-08-24,0.0
2013-08-25,0.0
2013-08-26,0.0
2013-08-27,0.0
2013-08-28,5.5
2013-08-29,0.0
2013-08-30,4.5
2013-08-31,9.1
2013-09-01,0.0
2013-09-02,0.0
2013-09-03,3.01
2013-09-04,4.550000000000001
2013-09-05,0.0
2013-09-06,0.0
2013-09-07,2.45
2013-09-08,0.0
2013-09-09,0.0
2013-09-10,0.0
2013-09-11,0.0
2013-09-12,0.0
2013-09-13,0.0
2013-09-14,2.7300000000000004
2013-09-15,0.0
2013-09-16,0.0
2013-09-17,3.3600000000000003
2013-09-18,0.0
2013-09-19,0.0
2013-09-20,0.0
2013-09-21,3.71
2013-09-22,0.0
2013-09-23,2.45
2013-09-24,7.000000000000001
2013-09-25,5.390000000000001
2013-09-26,0.0
2013-09-27,0.0
2013-09-28,0.0
2013-09-29,0.0
2013-09-30,0.0
2013-10-01,0.0
2013-10-02,0.0
2013-10-03,0.0
2013-10-04,0.0
2013-10-05,8.06
2013-10-06,7.54
2013-10-07,3.25
2013-10-08,0.0
2013-10-09,3.9
2013-10-10,0.0
2013-10-11,0.0
2013-10-12,0.0
2013-10-13,0.0
2013-10-14,5.2
2013-10-15,0.0
2013-10-16,13.0
2013-10-17,13.0
2013-10-18,0.0
2013-10-19,0.0
2013-10-20,0.0
2013-10-21,0.0
2013-10-22,3.12
2013-10-23,3.9
2013-10-24,0.0
2013-10-25,9.23
2013-10-26,0.0
2013-10-27,4.42
2013-10-28,0.0
2013-10-29,4.16
2013-10-30,4.68
2013-10-31,0.0
2013-11-01,0.0
2013-11-02,0.0
2013-11-03,0.0
2013-11-04,0.0
2013-11-05,0.0
2013-11-06,0.0
2013-11-07,0.0
2013-11-08,0.0
2013-11-09,0.0
2013-11-10,0.0
2013-11-11,0.0
2013-11-12,0.0
2013-11-13,0.0
2013-11-14,0.0
2013-11-15,6.24
2013-11-16,7.56
2013-11-17,0.0
2013-11-18,0.0
2013-11-19,0.0
2013-11-20,0.0
2013-11-21,0.0
2013-11-22,0.0
2013-11-23,0.0
2013-11-24,0.0
2013-11-25,0.0
2013-11-26,12.0
2013-11-27,0.0
2013-11-28,0.0
2013-11-29,9.24
2013-11-30,0.0
2013-12-01,0.0
2013-12-02,0.0
2013-12-03,9.12
2013-12-04,0.0
2013-12-05,0.0
2013-12-06,0.0
2013-12-07,0.0
2013-12-08,0.0
2013-12-09,12.35
2013-12-10,0.0
2013-12-11,7.6
2013-12-12,19.0
2013-12-13,0.0
2013-12-14,0.0
2013-12-15,0.0
2013-12-16,0.0
2013-12-17,8.17
2013-12-18,0.0
2013-12-19,0.0
2013-12-20,0.0
2013-12-21,0.0
2013-12-22,0.0
2013-12-23,0.0
2013-12-24,12.92
2013-12-25,0.0
2013-12-26,12.73
2013-12-27,8.55
2013-12-28,0.0
2013-12-29,0.0
2013-12-30,0.0
2013-12-31,0.0
2014-01-01,0.0
2014-01-02,0.0
2014-01-03,0.0
2014-01-04,0.0
2014-01-05,0.0
2014-01-06,0.0
2014-01-07,14.63
2014-01-08,9.31
2014-01-09,0.0
2014-01-10,16.53
2014-01-11,0.0
2014-01-12,0.0
2014-01-13,0.0
2014-01-14,6.84
2014-01-15,0.0
2014-01-16,0.0
2014-01-17,0.0
2014-01-18,19.0
2014-01-19,0.0
2014-01-20,0.0
2014-01-21,0.0
2014-01-22,0.0
2014-01-23,7.41
2014-01-24,13.49
2014-01-25,0.0
2014-01-26,13.68
2014-01-27,0.0
2014-01-28,9.31
2014-01-29,0.0
2014-01-30,0.0
2014-01-31,0.0
2014-02-01,0.0
2014-02-02,20.0
2014-02-03,0.0
2014-02-04,0.0
2014-02-05,0.0
2014-02-06,0.0
2014-02-07,11.0
2014-02-08,13.4
2014-02-09,0.0
2014-02-10,0.0
2014-02-11,0.0
2014-02-12,0.0
2014-02-13,0.0
2014-02-14,8.6
2014-02-15,19.6
2014-02-16,0.0
2014-02-17,0.0
2014-02-18,16.0
2014-02-19,0.0
2014-02-20,8.6
2014-02-21,0.0
2014-02-22,0.0
2014-02-23,0.0
2014-02-24,0.0
2014-02-25,0.0
2014-02-26,0.0
2014-02-27,0.0
2014-02-28,0.0
2014-03-01,0.0
2014-03-02,0.0
2014-03-03,0.0
2014-03-04,0.0
2014-03-05,0.0
2014-03-06,3.6
2014-03-07,0.0
2014-03-08,9.9
2014-03-09,0.0
2014-03-10,0.0
2014-03-11,5.4
2014-03-12,0.0
2014-03-13,3.9
2014-03-14,8.4
2014-03-15,15.0
2014-03-16,7.35
2014-03-17,0.0
2014-03-18,0.0
2014-03-19,5.1
2014-03-20,8.549999999999999
2014-03-21,0.0
2014-03-22,0.0
2014-03-23,0.0
2014-03-24,0.0
2014-03-25,0.0
2014-03-26,0.0
2014-03-27,0.0
2014-03-28,0.0
2014-03-29,7.5
2014-03-30,0.0
2014-03-31,7.8
2014-04-01,0.0
2014-04-02,0.0
2014-04-03,0.0
2014-04-04,0.0
2014-04-05,12.3
2014-04-06,0.0
2014-04-07,0.0
2014-04-08,0.0
2014-04-09,6.45
2014-04-10,0.0
2014-04-11,0.0
2014-04-12,9.75
2014-04-13,0.0
2014-04-14,15.0
2014-04-15,0.0
2014-04-16,0.0
2014-04-17,0.0
2014-04-18,0.0
2014-04-19,0.0
2014-04-20,0.0
2014-04-21,0.0
2014-04-22,5.4
2014-04-23,6.3
2014-04-24,0.0
2014-04-25,0.0
2014-04-26,0.0
2014-04-27,0.0
2014-04-28,0.0
2014-04-29,0.0
2014-04-30,0.0
2014-05-01,4.32
2014-05-02,0.0
2014-05-03,0.0
2014-05-04,0.0
2014-05-05,8.1
2014-05-06,3.6
2014-05-07,0.0
2014-05-08,0.0
2014-05-09,9.0
2014-05-10,0.0
2014-05-11,0.0
2014-05-12,0.0
2014-05-13,0.0
2014-05-14,0.0
2014-05-15,0.0
2014-05-16,0.0
2014-05-17,0.0
2014-05-18,0.0
2014-05-19,4.5
2014-05-20,0.0
2014-05-21,4.32
2014-05-22,0.0
2014-05-23,15.66
2014-05-24,0.0
2014-05-25,0.0
2014-05-26,18.0
2014-05-27,0.0
2014-05-28,0.0
2014-05-29,8.82
2014-05-30,5.76
2014-05-31,0.0
2014-06-01,0.0
2014-06-02,0.0
2014-06-03,0.0
2014-06-04,2.07
2014-06-05,0.0
2014-06-06,2.25
2014-06-07,0.0
2014-06-08,0.0
2014-06-09,0.0
2014-06-10,0.0
2014-06-11,0.0
2014-06-12,0.0
2014-06-13,0.0
2014-06-14,0.0
2014-06-15,0.0
2014-06-16,0.0
2014-06-17,0.0
2014-06-18,0.0
2014-06-19,0.0
2014-06-20,0.0
2014-06-21,0.0
2014-06-22,9.0
2014-06-23,0.0
2014-06-24,1.44
2014-06-25,0.0
2014-06-26,2.79
2014-06-27,0.0
2014-06-28,0.0
2014-06-29,7.109999999999999
2014-06-30,0.0
2014-07-01,8.8
2014-07-02,0.0
2014-07-03,9.44
2014-07-04,9.44
2014-07-05,0.0
2014-07-06,0.0
2014-07-07,0.0
2014-07-08,0.0
2014-07-09,0.0
2014-07-10,0.0
2014-07-11,9.6
2014-07-12,0.0
2014-07-13,0.0
2014-07-14,0.0
2014-07-15,0.0
2014-07-16,0.0
2014-07-17,10.56
2014-07-18,0.0
2014-07-19,0.0
2014-07-20,0.0
2014-07-21,0.0
2014-07-22,0.0
2014-07-23,0.0
2014-07-24,0.0
2014-07-25,0.0
2014-07-26,0.0
2014-07-27,0.0
2014-07-28,0.0
2014-07-29,16.0
2014-07-30,8.0
2014-07-31,11.68
2014-08-01,0.0
2014-08-02,0.0
2014-08-03,0.0
2014-08-04,0.0
2014-08-05,5.16
2014-08-06,0.0
2014-08-07,0.0
2014-08-08,0.0
2014-08-09,0.0
2014-08-10,5.16
2014-08-11,0.0
2014-08-12,0.0
2014-08-13,0.0
2014-08-14,0.0
2014-08-15,0.0
2014-08-16,6.12
2014-08-17,0.0
2014-08-18,0.0
2014-08-19,0.0
2014-08-20,5.64
2014-08-21,0.0
2014-08-22,0.0
2014-08-23,5.279999999999999
2014-08-24,0.0
2014-08-25,12.0
2014-08-26,0.0
2014-08-27,0.0
2014-08-28,0.0
2014-08-29,0.0
2014-08-30,0.0
2014-08-31,0.0
2014-09-01,0.0
2014-09-02,0.0
2014-09-03,0.0
2014-09-04,0.0
2014-09-05,0.0
2014-09-06,0.0
2014-09-07,0.0
2014-09-08,0.0
2014-09-09,0.0
2014-09-10,6.2
2014-09-11,17.6
2014-09-12,0.0
2014-09-13,0.0
2014-09-14,0.0
2014-09-15,0.0
2014-09-16,0.0
2014-09-17,0.0
2014-09-18,0.0
2014-09-19,0.0
2014-09-20,7.6
2014-09-21,0.0
2014-09-22,12.8
2014-09-23,12.4
2014-09-24,0.0
2014-09-25,0.0
2014-09-26,13.4
2014-09-27,0.0
2014-09-28,20.0
2014-09-29,0.0
2014-09-30,0.0
2014-10-01,0.0
2014-10-02,0.0
2014-10-03,6.6000000000000005
2014-10-04,18.8
2014-10-05,0.0
2014-10-06,18.2
2014-10-07,0.0
2014-10-08,0.0
2014-10-09,0.0
2014-10-10,6.0
2014-10-11,0.0
2014-10-12,0.0
2014-10-13,9.0
2014-10-14,0.0
2014-10-15,0.0
2014-10-16,0.0
2014-10-17,0.0
2014-10-18,0.0
2014-10-19,0.0
2014-10-20,10.8
2014-10-21,0.0
2014-10-22,14.0
2014-10-23,0.0
2014-10-24,0.0
2014-10-25,20.0
2014-10-26,0.0
2014-10-27,7.0
2014-10-28,0.0
2014-10-29,5.800000000000001
2014-10-30,0.0
2014-10-31,0.0
2014-11-01,0.0
2014-11-02,0.0
2014-11-03,0.0
2014-11-04,8.64
2014-11-05,0.0
2014-11-06,0.0
2014-11-07,0.0
2014-11-08,0.0
2014-11-09,0.0
2014-11-10,18.0
2014-11-11,5.94
2014-11-12,7.38
2014-11-13,0.0
2014-11-14,5.94
2014-11-15,7.739999999999999
2014-11-16,0.0
2014-11-17,0.0
2014-11-18,0.0
2014-11-19,0.0
2014-11-20,5.4
2014-11-21,6.66
2014-11-22,7.739999999999999
2014-11-23,0.0
2014-11-24,0.0
2014-11-25,0.0
2014-11-26,0.0
2014-11-27,0.0
2014-11-28,0.0
2014-11-29,0.0
2014-11-30,0.0
2014-12-01,0.0
2014-12-02,0.0
2014-12-03,0.0
2014-12-04,0.0
2014-12-05,0.0
2014-12-06,4.8
2014-12-07,0.0
2014-12-08,0.0
2014-12-09,2.7
2014-12-10,0.0
2014-12-11,0.0
2014-12-12,0.0
2014-12-13,0.0
2014-12-14,0.0
2014-12-15,0.0
2014-12-16,0.0
2014-12-17,4.65
2014-12-18,0.0
2014-12-19,0.0
2014-12-20,0.0
2014-12-21,15.0
2014-12-22,0.0
2014-12-23,5.1
2014-12-24,0.0
2014-12-25,0.0
2014-12-26,0.0
2014-12-27,0.0
2014-12-28,14.25
2014-12-29,0.0
2014-12-30,0.0
2014-12-31,0.0
2015-01-01,0.0
2015-01-02,0.0
2015-01-03,4.84
2015-01-04,0.0
2015-01-05,0.0
2015-01-06,0.0
2015-01-07,0.0
2015-01-08,0.0
2015-01-09,0.0
2015-01-10,0.0
2015-01-11,4.73
2015-01-12,0.0
2015-01-13,0.0
2015-01-14,9.57
2015-01-15,0.0
2015-01-16,0.0
2015-01-17,9.57
2015-01-18,0.0
2015-01-19,4.4
2015-01-20,0.0
2015-01-21,0.0
2015-01-22,4.51
2015-01-23,4.62
2015-01-24,0.0
2015-01-25,11.0
2015-01-26,0.0
2015-01-27,0.0
2015-01-28,0.0
2015-01-29,0.0
2015-01-30,0.0
2015-01-31,7.04
2015-02-01,0.0
2015-02-02,0.0
2015-02-03,0.0
2015-02-04,0.0
2015-02-05,15.079999999999998
2015-02-06,0.0
2015-02-07,0.0
2015-02-08,17.689999999999998
2015-02-09,0.0
2015-02-10,13.34
2015-02-11,9.28
2015-02-12,9.57
2015-02-13,20.01
2015-02-14,0.0
2015-02-15,23.49
2015-02-16,12.76
2015-02-17,0.0
2015-02-18,0.0
2015-02-19,28.13
2015-02-20,20.88
2015-02-21,26.68
2015-02-22,0.0
2015-02-23,0.0
2015-02-24,16.82
2015-02-25,0.0
2015-02-26,0.0
2015-02-27,29.0
2015-02-28,0.0
2015-03-01,0.0
2015-03-02,24.18
2015-03-03,0.0
2015-03-04,0.0
2015-03-05,13.02
2015-03-06,7.439999999999999
2015-03-07,0.0
2015-03-08,0.0
2015-03-09,13.64
2015-03-10,0.0
2015-03-11,11.16
2015-03-12,13.33
2015-03-13,7.13
2015-03-14,31.0
2015-03-15,0.0
2015-03-16,0.0
2015-03-17,14.26
2015-03-18,0.0
2015-03-19,0.0
2015-03-20,0.0
2015-03-21,0.0
2015-03-22,0.0
2015-03-23,17.36
2015-03-24,0.0
2015-03-25,0.0
2015-03-26,0.0
2015-03-27,9.92
2015-03-28,9.61
2015-03-29,0.0
2015-03-30,15.5
2015-03-31,0.0
2015-04-01,0.0
2015-04-02,0.0
2015-04-03,0.0
2015-04-04,0.0
2015-04-05,29.0
2015-04-06,7.829999999999999
2015-04-07,7.539999999999999
2015-04-08,23.78
2015-04-09,0.0
2015-04-10,0.0
2015-04-11,0.0
2015-04-12,0.0
2015-04-13,0.0
2015-04-14,7.539999999999999
2015-04-15,0.0
2015-04-16,0.0
2015-04-17,0.0
2015-04-18,0.0
2015-04-19,7.539999999999999
2015-04-20,6.959999999999999
2015-04-21,9.86
2015-04-22,18.56
2015-04-23,6.09
2015-04-24,0.0
2015-04-25,0.0
2015-04-26,0.0
2015-04-27,9.28
2015-04-28,0.0
2015-04-29,0.0
2015-04-30,0.0
2015-05-01,0.0
2015-05-02,0.0
2015-05-03,0.0
2015-05-04,17.0
2015-05-05,0.0
2015-05-06,0.0
2015-05-07,0.0
2015-05-08,0.0
2015-05-09,5.2700000000000005
2015-05-10,0.0
2015-05-11,5.2700000000000005
2015-05-12,0.0
2015-05-13,5.1000000000000005
2015-05-14,3.91
2015-05-15,0.0
2015-05-16,0.0
2015-05-17,0.0
2015-05-18,0.0
2015-05-19,9.01
2015-05-20,0.0
2015-05-21,0.0
2015-05-22,0.0
2015-05-23,0.0
2015-05-24,0.0
2015-05-25,0.0
2015-05-26,0.0
2015-05-27,0.0
2015-05-28,0.0
2015-05-29,0.0
2015-05-30,0.0
2015-05-31,0.0
2015-06-01,0.0
2015-06-02,32.0
2015-06-03,22.4
2015-06-04,20.16
2015-06-05,0.0
2015-06-06,0.0
2015-06-07,0.0
2015-06-08,0.0
2015-06-09,0.0
2015-06-10,0.0
2015-06-11,0.0
2015-06-12,0.0
2015-06-13,0.0
2015-06-14,0.0
2015-06-15,0.0
2015-06-16,0.0
2015-06-17,0.0
2015-06-18,0.0
2015-06-19,0.0
2015-06-20,10.56
2015-06-21,0.0
2015-06-22,0.0
2015-06-23,24.64
2015-06-24,0.0
2015-06-25,0.0
2015-06-26,0.0
2015-06-27,0.0
2015-06-28,0.0
2015-06-29,0.0
2015-06-30,25.6
2015-07-01,0.0
2015-07-02,0.0
2015-07-03,0.0
2015-07-04,0.0
2015-07-05,9.36
2015-07-06,0.0
2015-07-07,13.68
2015-07-08,0.0
2015-07-09,0.0
2015-07-10,0.0
2015-07-11,0.0
2015-07-12,0.0
2015-07-13,7.92
2015-07-14,16.2
2015-07-15,0.0
2015-07-16,18.0
2015-07-17,0.0
2015-07-18,0.0
2015-07-19,0.0
2015-07-20,5.94
2015-07-21,7.739999999999999
2015-07-22,0.0
2015-07-23,0.0
2015-07-24,5.76
2015-07-25,0.0
2015-07-26,0.0
2015-07-27,0.0
2015-07-28,0.0
2015-07-29,12.6
2015-07-30,0.0
2015-07-31,0.0
2015-08-01,0.0
2015-08-02,0.0
2015-08-03,0.0
2015-08-04,0.0
2015-08-05,0.0
2015-08-06,0.0
2015-08-07,0.0
2015-08-08,0.0
2015-08-09,0.0
2015-08-10,0.0
2015-08-11,0.0
2015-08-12,11.52
2015-08-13,9.36
2015-08-14,0.0
2015-08-15,0.0
2015-08-16,0.0
2015-08-17,9.12
2015-08-18,7.439999999999999
2015-08-19,0.0
2015-08-20,0.0
2015-08-21,0.0
2015-08-22,0.0
2015-08-23,0.0
2015-08-24,0.0
2015-08-25,0.0
2015-08-26,9.84
2015-08-27,0.0
2015-08-28,0.0
2015-08-29,0.0
2015-08-30,9.6
2015-08-31,24.0
2015-09-01,0.0
2015-09-02,0.0
2015-09-03,0.0
2015-09-04,0.0
2015-09-05,0.0
2015-09-06,0.0
2015-09-07,0.0
2015-09-08,0.0
2015-09-09,0.0
2015-09-10,0.0
2015-09-11,0.0
2015-09-12,8.17
2015-09-13,19.0
2015-09-14,5.89
2015-09-15,0.0
2015-09-16,0.0
2015-09-17,0.0
2015-09-18,0.0
2015-09-19,0.0
2015-09-20,0.0
2015-09-21,0.0
2015-09-22,0.0
2015-09-23,0.0
2015-09-24,0.0
2015-09-25,0.0
2015-09-26,0.0
2015-09-27,0.0
2015-09-28,15.01
2015-09-29,0.0
2015-09-30,0.0
2015-10-01,0.0
2015-10-02,11.88
2015-10-03,0.0
2015-10-04,0.0
2015-10-05,0.0
2015-10-06,9.18
2015-10-07,0.0
2015-10-08,14.85
2015-10-09,0.0
2015-10-10,0.0
2015-10-11,12.96
2015-10-12,16.740000000000002
2015-10-13,0.0
2015-10-14,0.0
2015-10-15,0.0
2015-10-16,0.0
2015-10-17,0.0
2015-10-18,19.17
2015-10-19,0.0
2015-10-20,8.91
2015-10-21,0.0
2015-10-22,11.34
2015-10-23,8.370000000000001
2015-10-24,0.0
2015-10-25,27.0
2015-10-26,0.0
2015-10-27,0.0
2015-10-28,11.34
2015-10-29,0.0
2015-10-30,0.0
2015-10-31,13.23
2015-11-01,0.0
2015-11-02,7.280000000000001
2015-11-03,0.0
2015-11-04,5.180000000000001
2015-11-05,10.78
2015-11-06,0.0
2015-11-07,0.0
2015-11-08,0.0
2015-11-09,0.0
2015-11-10,0.0
2015-11-11,0.0
2015-11-12,0.0
2015-11-13,4.0600000000000005
2015-11-14,0.0
2015-11-15,0.0
2015-11-16,0.0
2015-11-17,0.0
2015-11-18,0.0
2015-11-19,8.82
2015-11-20,0.0
2015-11-21,0.0
2015-11-22,0.0
2015-11-23,5.460000000000001
2015-11-24,6.16
2015-11-25,0.0
2015-11-26,5.180000000000001
2015-11-27,8.680000000000001
2015-11-28,0.0
2015-11-29,0.0
2015-11-30,14.000000000000002
2015-12-01,3.6
2015-12-02,5.04
2015-12-03,0.0
2015-12-04,0.0
2015-12-05,0.0
2015-12-06,5.04
2015-12-07,6.48
2015-12-08,4.32
2015-12-09,8.64
2015-12-10,24.0
2015-12-11,0.0
2015-12-12,0.0
2015-12-13,0.0
2015-12-14,0.0
2015-12-15,0.0
2015-12-16,0.0
2015-12-17,0.0
2015-12-18,9.36
2015-12-19,0.0
2015-12-20,0.0
2015-12-21,0.0
2015-12-22,0.0
2015-12-23,0.0
2015-12-24,0.0
2015-12-25,12.48
2015-12-26,13.92
2015-12-27,0.0
2015-12-28,0.0
2015-12-29,0.0
2015-12-30,17.28
2015-12-31,0.0
2016-01-01,0.0
2016-01-02,23.92
2016-01-03,0.0
2016-01-04,13.52
2016-01-05,0.0
2016-01-06,0.0
2016-01-07,11.44
2016-01-08,0.0
2016-01-09,0.0
2016-01-10,0.0
2016-01-11,10.66
2016-01-12,0.0
2016-01-13,15.86
2016-01-14,0.0
2016-01-15,20.8
2016-01-16,0.0
2016-01-17,0.0
2016-01-18,0.0
2016-01-19,22.1
2016-01-20,13.52
2016-01-21,26.0
2016-01-22,14.56
2016-01-23,0.0
2016-01-24,0.0
2016-01-25,10.92
2016-01-26,13.78
2016-01-27,7.54
2016-01-28,0.0
2016-01-29,0.0
2016-01-30,0.0
2016-01-31,0.0
2016-02-01,0.0
2016-02-02,0.0
2016-02-03,0.0
2016-02-04,0.0
2016-02-05,21.0
2016-02-06,0.0
2016-02-07,0.0
2016-02-08,0.0
2016-02-09,3.99
2016-02-10,0.0
2016-02-11,0.0
2016-02-12,4.41
2016-02-13,7.35
2016-02-14,0.0
2016-02-15,0.0
2016-02-16,7.77
2016-02-17,0.0
2016-02-18,14.28
2016-02-19,0.0
2016-02-20,9.45
2016-02-21,9.87
2016-02-22,0.0
2016-02-23,0.0
2016-02-24,14.91
2016-02-25,0.0
2016-02-26,0.0
2016-02-27,0.0
2016-02-28,0.0
2016-02-29,4.2
2016-03-01,22.31
2016-03-02,0.0
2016-03-03,9.43
2016-03-04,0.0
2016-03-05,0.0
2016-03-06,0.0
2016-03-07,0.0
2016-03-08,6.44
2016-03-09,0.0
2016-03-10,0.0
2016-03-11,6.21
2016-03-12,0.0
2016-03-13,0.0
2016-03-14,6.67
2016-03-15,0.0
2016-03-16,17.71
2016-03-17,0.0
2016-03-18,15.64
2016-03-19,0.0
2016-03-20,0.0
2016-03-21,12.19
2016-03-22,0.0
2016-03-23,10.58
2016-03-24,0.0
2016-03-25,0.0
2016-03-26,0.0
2016-03-27,0.0
2016-03-28,5.98
2016-03-29,6.44
2016-03-30,23.0
2016-03-31,0.0
2016-04-01,8.97
2016-04-02,0.0
2016-04-03,0.0
2016-04-04,8.58
2016-04-05,7.54
2016-04-06,0.0
2016-04-07,5.2
2016-04-08,0.0
2016-04-09,12.35
2016-04-10,0.0
2016-04-11,6.76
2016-04-12,8.58
2016-04-13,6.5
2016-04-14,8.84
2016-04-15,0.0
2016-04-16,0.0
2016-04-17,6.63
2016-04-18,8.97
2016-04-19,0.0
2016-04-20,0.0
2016-04-21,6.37
2016-04-22,0.0
2016-04-23,13.0
2016-04-24,0.0
2016-04-25,0.0
2016-04-26,0.0
2016-04-27,5.33
2016-04-28,0.0
2016-04-29,0.0
2016-04-30,0.0
2016-05-01,0.0
2016-05-02,0.0
2016-05-03,0.0
2016-05-04,0.0
2016-05-05,8.459999999999999
2016-05-06,0.0
2016-05-07,12.78
2016-05-08,0.0
2016-05-09,0.0
2016-05-10,0.0
2016-05-11,0.0
2016-05-12,0.0
2016-05-13,0.0
2016-05-14,0.0
2016-05-15,0.0
2016-05-16,11.7
2016-05-17,12.06
2016-05-18,0.0
2016-05-19,0.0
2016-05-20,0.0
2016-05-21,0.0
2016-05-22,18.0
2016-05-23,12.42
2016-05-24,0.0
2016-05-25,13.5
2016-05-26,0.0
2016-05-27,8.1
2016-05-28,0.0
2016-05-29,0.0
2016-05-30,0.0
2016-05-31,8.1
2016-06-01,0.0
2016-06-02,5.75
2016-06-03,0.0
2016-06-04,0.0
2016-06-05,0.0
2016-06-06,0.0
2016-06-07,0.0
2016-06-08,0.0
2016-06-09,6.0
2016-06-10,0.0
2016-06-11,0.0
2016-06-12,0.0
2016-06-13,0.0
2016-06-14,0.0
2016-06-15,0.0
2016-06-16,0.0
2016-06-17,0.0
2016-06-18,0.0
2016-06-19,0.0
2016-06-20,9.75
2016-06-21,10.5
2016-06-22,0.0
2016-06-23,4.75
2016-06-24,5.0
2016-06-25,0.0
2016-06-26,25.0
2016-06-27,0.0
2016-06-28,0.0
2016-06-29,0.0
2016-06-30,0.0
2016-07-01,0.0
2016-07-02,0.0
2016-07-03,3.45
2016-07-04,0.0
2016-07-05,0.0
2016-07-06,8.25
2016-07-07,0.0
2016-07-08,3.45
2016-07-09,0.0
2016-07-10,0.0
2016-07-11,0.0
2016-07-12,3.15
2016-07-13,4.05
2016-07-14,3.15
2016-07-15,0.0
2016-07-16,7.8
2016-07-17,0.0
2016-07-18,0.0
2016-07-19,15.0
2016-07-20,4.5
2016-07-21,4.35
2016-07-22,0.0
2016-07-23,0.0
2016-07-24,0.0
2016-07-25,7.05
2016-07-26,0.0
2016-07-27,0.0
2016-07-28,0.0
2016-07-29,0.0
2016-07-30,0.0
2016-07-31,0.0
2016-08-01,0.0
2016-08-02,3.24
2016-08-03,0.0
2016-08-04,0.0
2016-08-05,3.12
2016-08-06,3.72
2016-08-07,0.0
2016-08-08,3.48
2016-08-09,6.6
2016-08-10,0.0
2016-08-11,0.0
2016-08-12,0.0
2016-08-13,0.0
2016-08-14,0.0
2016-08-15,0.0
2016-08-16,0.0
2016-08-17,0.0
2016-08-18,4.8
2016-08-19,0.0
2016-08-20,0.0
2016-08-21,0.0
2016-08-22,0.0
2016-08-23,0.0
2016-08-24,0.0
2016-08-25,0.0
2016-08-26,12.0
2016-08-27,0.0
2016-08-28,0.0
2016-08-29,3.96
2016-08-30,2.88
2016-08-31,0.0
2016-09-01,0.0
2016-09-02,4.8
2016-09-03,0.0
2016-09-04,0.0
2016-09-05,0.0
2016-09-06,4.48
2016-09-07,0.0
2016-09-08,7.68
2016-09-09,8.0
2016-09-10,0.0
2016-09-11,4.5600000000000005
2016-09-12,6.5600000000000005
2016-09-13,0.0
2016-09-14,0.0
2016-09-15,0.0
2016-09-16,0.0
2016-09-17,0.0
2016-09-18,0.0
2016-09-19,0.0
2016-09-20,0.0
2016-09-21,0.0
2016-09-22,0.0
2016-09-23,0.0
2016-09-24,0.0
2016-09-25,4.64
2016-09-26,0.0
2016-09-27,0.0
2016-09-28,0.0
2016-09-29,4.4
2016-09-30,0.0
2016-10-01,0.0
2016-10-02,0.0
2016-10-03,0.0
2016-10-04,0.0
2016-10-05,0.0
2016-10-06,0.0
2016-10-07,4.9
2016-10-08,0.0
2016-10-09,6.16
2016-10-10,0.0
2016-10-11,0.0
2016-10-12,0.0
2016-10-13,0.0
2016-10-14,0.0
2016-10-15,0.0
2016-10-16,0.0
2016-10-17,14.000000000000002
2016-10-18,0.0
2016-10-19,0.0
2016-10-20,13.160000000000002
2016-10-21,0.0
2016-10-22,0.0
2016-10-23,0.0
2016-10-24,0.0
2016-10-25,0.0
2016-10-26,0.0
2016-10-27,0.0
2016-10-28,0.0
2016-10-29,0.0
2016-10-30,0.0
2016-10-31,4.9
2016-11-01,10.54
2016-11-02,7.65
2016-11-03,0.0
2016-11-04,0.0
2016-11-05,9.01
2016-11-06,12.24
2016-11-07,17.0
2016-11-08,0.0
2016-11-09,3.5700000000000003
2016-11-10,0.0
2016-11-11,9.69
2016-11-12,0.0
2016-11-13,0.0
2016-11-14,0.0
2016-11-15,0.0
2016-11-16,0.0
2016-11-17,7.65
2016-11-18,10.71
2016-11-19,12.07
2016-11-20,0.0
2016-11-21,0.0
2016-11-22,0.0
2016-11-23,6.800000000000001
2016-11-24,0.0
2016-11-25,9.01
2016-11-26,8.84
2016-11-27,0.0
2016-11-28,0.0
2016-11-29,0.0
2016-11-30,10.03
2016-12-01,4.75
2016-12-02,7.03
2016-12-03,0.0
2016-12-04,0.0
2016-12-05,4.75
2016-12-06,0.0
2016-12-07,0.0
2016-12-08,19.0
2016-12-09,4.5600000000000005
2016-12-10,0.0
2016-12-11,0.0
2016-12-12,6.2700000000000005
2016-12-13,0.0
2016-12-14,0.0
2016-12-15,0.0
2016-12-16,0.0
2016-12-17,0.0
2016-12-18,0.0
2016-12-19,0.0
2016-12-20,8.17
2016-12-21,9.5
2016-12-22,0.0
2016-12-23,0.0
2016-12-24,0.0
2016-12-25,0.0
2016-12-26,14.44
2016-12-27,5.13
2016-12-28,0.0
2016-12-29,0.0
2016-12-30,0.0
2016-12-31,0.0
2017-01-01,0.0
2017-01-02,0.0
2017-01-03,0.0
2017-01-04,22.0
2017-01-05,0.0
2017-01-06,6.6
2017-01-07,0.0
2017-01-08,0.0
2017-01-09,8.14
2017-01-10,10.78
2017-01-11,0.0
2017-01-12,0.0
2017-01-13,0.0
2017-01-14,16.5
2017-01-15,0.0
2017-01-16,0.0
2017-01-17,0.0
2017-01-18,0.0
2017-01-19,18.48
2017-01-20,18.26
2017-01-21,0.0
2017-01-22,0.0
2017-01-23,7.7
2017-01-24,6.16
2017-01-25,14.08
2017-01-26,8.14
2017-01-27,11.22
2017-01-28,7.7
2017-01-29,0.0
2017-01-30,0.0
2017-01-31,0.0
2017-02-01,0.0
2017-02-02,8.4
2017-02-03,0.0
2017-02-04,12.88
2017-02-05,0.0
2017-02-06,0.0
2017-02-07,0.0
2017-02-08,0.0
2017-02-09,17.92
2017-02-10,6.44
2017-02-11,0.0
2017-02-12,0.0
2017-02-13,0.0
2017-02-14,0.0
2017-02-15,28.000000000000004
2017-02-16,0.0
2017-02-17,16.8
2017-02-18,0.0
2017-02-19,0.0
2017-02-20,12.32
2017-02-21,8.96
2017-02-22,0.0
2017-02-23,10.64
2017-02-24,12.88
2017-02-25,0.0
2017-02-26,0.0
2017-02-27,0.0
2017-02-28,15.400000000000002
2017-03-01,21.17
2017-03-02,13.919999999999998
2017-03-03,0.0
2017-03-04,0.0
2017-03-05,0.0
2017-03-06,29.0
2017-03-07,0.0
2017-03-08,8.7
2017-03-09,0.0
2017-03-10,0.0
2017-03-11,0.0
2017-03-12,0.0
2017-03-13,12.76
2017-03-14,9.28
2017-03-15,8.12
2017-03-16,23.78
2017-03-17,8.99
2017-03-18,0.0
2017-03-19,0.0
2017-03-20,0.0
2017-03-21,0.0
2017-03-22,0.0
2017-03-23,6.67
2017-03-24,0.0
2017-03-25,23.2
2017-03-26,12.47
2017-03-27,0.0
2017-03-28,0.0
2017-03-29,11.31
2017-03-30,0.0
2017-03-31,12.47
2017-04-01,16.08
2017-04-02,0.0
2017-04-03,0.0
2017-04-04,22.8
2017-04-05,16.32
2017-04-06,0.0
2017-04-07,0.0
2017-04-08,0.0
2017-04-09,0.0
2017-04-10,14.16
2017-04-11,24.0
2017-04-12,0.0
2017-04-13,0.0
2017-04-14,13.44
2017-04-15,0.0
2017-04-16,0.0
2017-04-17,12.72
2017-04-18,0.0
2017-04-19,0.0
2017-04-20,23.04
2017-04-21,17.28
2017-04-22,0.0
2017-04-23,0.0
2017-04-24,14.4
2017-04-25,0.0
2017-04-26,0.0
2017-04-27,18.72
2017-04-28,0.0
2017-04-29,0.0
2017-04-30,0.0
2017-05-01,0.0
2017-05-02,0.0
2017-05-03,5.78
2017-05-04,0.0
2017-05-05,0.0
2017-05-06,8.5
2017-05-07,17.0
2017-05-08,8.33
2017-05-09,0.0
2017-05-10,0.0
2017-05-11,5.2700000000000005
2017-05-12,6.800000000000001
2017-05-13,0.0
2017-05-14,0.0
2017-05-15,0.0
2017-05-16,0.0
2017-05-17,13.94
2017-05-18,0.0
2017-05-19,0.0
2017-05-20,0.0
2017-05-21,0.0
2017-05-22,14.11
2017-05-23,10.88
2017-05-24,12.58
2017-05-25,15.81
2017-05-26,0.0
2017-05-27,0.0
2017-05-28,0.0
2017-05-29,0.0
2017-05-30,0.0
2017-05-31,0.0
2017-06-01,12.0
2017-06-02,15.4
2017-06-03,0.0
2017-06-04,0.0
2017-06-05,0.0
2017-06-06,7.0
2017-06-07,0.0
2017-06-08,13.2
2017-06-09,13.2
2017-06-10,0.0
2017-06-11,0.0
2017-06-12,0.0
2017-06-13,0.0
2017-06-14,11.2
2017-06-15,0.0
2017-06-16,0.0
2017-06-17,0.0
2017-06-18,0.0
2017-06-19,0.0
2017-06-20,15.6
2017-06-21,16.6
2017-06-22,0.0
2017-06-23,0.0
2017-06-24,0.0
2017-06-25,0.0
2017-06-26,12.2
2017-06-27,20.0
2017-06-28,0.0
2017-06-29,0.0
2017-06-30,0.0
2017-07-01,0.0
2017-07-02,0.0
2017-07-03,0.0
2017-07-04,0.0
2017-07-05,9.36
2017-07-06,0.0
2017-07-07,8.879999999999999
2017-07-08,0.0
2017-07-09,0.0
2017-07-10,0.0
2017-07-11,0.0
2017-07-12,0.0
2017-07-13,0.0
2017-07-14,8.16
2017-07-15,0.0
2017-07-16,12.72
2017-07-17,10.32
2017-07-18,10.32
2017-07-19,11.04
2017-07-20,24.0
2017-07-21,0.0
2017-07-22,7.439999999999999
2017-07-23,0.0
2017-07-24,5.04
2017-07-25,0.0
2017-07-26,8.4
2017-07-27,0.0
2017-07-28,0.0
2017-07-29,0.0
2017-07-30,13.92
2017-07-31,15.6
2017-08-01,0.0
2017-08-02,11.78
2017-08-03,0.0
2017-08-04,0.0
2017-08-05,16.91
2017-08-06,0.0
2017-08-07,10.07
2017-08-08,0.0
2017-08-09,19.0
2017-08-10,0.0
2017-08-11,0.0
2017-08-12,0.0
2017-08-13,0.0
2017-08-14,0.0
2017-08-15,12.73
2017-08-16,0.0
2017-08-17,0.0
2017-08-18,0.0
2017-08-19,0.0
2017-08-20,0.0
2017-08-21,0.0
2017-08-22,11.21
2017-08-23,0.0
2017-08-24,0.0
2017-08-25,14.44
2017-08-26,0.0
2017-08-27,0.0
2017-08-28,0.0
2017-08-29,0.0
2017-08-30,0.0
2017-08-31,14.25
2017-09-01,0.0
2017-09-02,0.0
2017-09-03,0.0
2017-09-04,0.0
2017-09-05,0.0
2017-09-06,0.0
2017-09-07,0.0
2017-09-08,0.0
2017-09-09,0.0
2017-09-10,16.64
2017-09-11,8.58
2017-09-12,0.0
2017-09-13,14.04
2017-09-14,12.22
2017-09-15,0.0
2017-09-16,0.0
2017-09-17,0.0
2017-09-18,10.92
2017-09-19,11.7
2017-09-20,8.58
2017-09-21,26.0
2017-09-22,0.0
2017-09-23,0.0
2017-09-24,0.0
2017-09-25,10.14
2017-09-26,0.0
2017-09-27,20.54
2017-09-28,0.0
2017-09-29,0.0
2017-09-30,0.0
2017-10-01,14.85
2017-10-02,25.08
2017-10-03,12.87
2017-10-04,17.16
2017-10-05,10.23
2017-10-06,0.0
2017-10-07,0.0
2017-10-08,0.0
2017-10-09,0.0
2017-10-10,16.830000000000002
2017-10-11,0.0
2017-10-12,0.0
2017-10-13,33.0
2017-10-14,0.0
2017-10-15,0.0
2017-10-16,14.52
2017-10-17,9.24
2017-10-18,0.0
2017-10-19,0.0
2017-10-20,0.0
2017-10-21,32.01
2017-10-22,0.0
2017-10-23,0.0
2017-10-24,0.0
2017-10-25,8.58
2017-10-26,17.490000000000002
2017-10-27,0.0
2017-10-28,0.0
2017-10-29,10.89
2017-10-30,0.0
2017-10-31,20.130000000000003
2017-11-01,0.0
2017-11-02,0.0
2017-11-03,4.62
2017-11-04,0.0
2017-11-05,0.0
2017-11-06,0.0
2017-11-07,0.0
2017-11-08,0.0
2017-11-09,14.74
2017-11-10,0.0
2017-11-11,0.0
2017-11-12,6.6
2017-11-13,4.4
2017-11-14,0.0
2017-11-15,0.0
2017-11-16,7.92
2017-11-17,3.96
2017-11-18,0.0
2017-11-19,0.0
2017-11-20,6.16
2017-11-21,21.12
2017-11-22,0.0
2017-11-23,13.64
2017-11-24,22.0
2017-11-25,0.0
2017-11-26,0.0
2017-11-27,9.24
2017-11-28,0.0
2017-11-29,0.0
2017-11-30,4.84
2017-12-01,12.69
2017-12-02,0.0
2017-12-03,0.0
2017-12-04,0.0
2017-12-05,0.0
2017-12-06,0.0
2017-12-07,15.66
2017-12-08,0.0
2017-12-09,22.41
2017-12-10,0.0
2017-12-11,6.210000000000001
2017-12-12,15.93
2017-12-13,0.0
2017-12-14,7.83
2017-12-15,0.0
2017-12-16,0.0
2017-12-17,27.0
2017-12-18,12.69
2017-12-19,5.94
2017-12-20,13.5
2017-12-21,7.290000000000001
2017-12-22,0.0
2017-12-23,0.0
2017-12-24,20.520000000000003
2017-12-25,0.0
2017-12-26,0.0
2017-12-27,0.0
2017-12-28,0.0
2017-12-29,0.0
2017-12-30,12.420000000000002
2017-12-31,0.0
2018-01-01,0.0
2018-01-02,13.32
2018-01-03,33.48
2018-01-04,0.0
2018-01-05,24.48
2018-01-06,0.0
2018-01-07,0.0
2018-01-08,0.0
2018-01-09,13.68
2018-01-10,20.88
2018-01-11,0.0
2018-01-12,11.52
2018-01-13,0.0
2018-01-14,14.04
2018-01-15,0.0
2018-01-16,36.0
2018-01-17,0.0
2018-01-18,14.04
2018-01-19,14.4
2018-01-20,16.919999999999998
2018-01-21,0.0
2018-01-22,0.0
2018-01-23,34.2
2018-01-24,20.16
2018-01-25,8.64
2018-01-26,0.0
2018-01-27,0.0
2018-01-28,10.44
2018-01-29,0.0
2018-01-30,15.48
2018-01-31,0.0
2018-02-01,7.0200000000000005
2018-02-02,21.33
2018-02-03,14.580000000000002
2018-02-04,5.94
2018-02-05,7.0200000000000005
2018-02-06,14.31
2018-02-07,6.75
2018-02-08,7.56
2018-02-09,14.31
2018-02-10,0.0
2018-02-11,0.0
2018-02-12,5.130000000000001
2018-02-13,0.0
2018-02-14,0.0
2018-02-15,27.0
2018-02-16,14.85
2018-02-17,0.0
2018-02-18,6.210000000000001
2018-02-19,9.99
2018-02-20,0.0
2018-02-21,11.34
2018-02-22,0.0
2018-02-23,0.0
2018-02-24,0.0
2018-02-25,0.0
2018-02-26,0.0
2018-02-27,9.45
2018-02-28,0.0
2018-03-01,7.829999999999999
2018-03-02,0.0
2018-03-03,0.0
2018-03-04,0.0
2018-03-05,0.0
2018-03-06,0.0
2018-03-07,0.0
2018-03-08,0.0
2018-03-09,0.0
2018-03-10,0.0
2018-03-11,29.0
2018-03-12,0.0
2018-03-13,12.47
2018-03-14,8.7
2018-03-15,0.0
2018-03-16,0.0
2018-03-17,0.0
2018-03-18,0.0
2018-03-19,11.89
2018-03-20,17.98
2018-03-21,6.38
2018-03-22,0.0
2018-03-23,0.0
2018-03-24,0.0
2018-03-25,0.0
2018-03-26,0.0
2018-03-27,0.0
2018-03-28,0.0
2018-03-29,0.0
2018-03-30,0.0
2018-03-31,20.3
2018-04-01,0.0
2018-04-02,16.5
2018-04-03,0.0
2018-04-04,19.2
2018-04-05,0.0
2018-04-06,0.0
2018-04-07,0.0
2018-04-08,30.0
2018-04-09,0.0
2018-04-10,0.0
2018-04-11,0.0
2018-04-12,12.6
2018-04-13,14.4
2018-04-14,0.0
2018-04-15,0.0
2018-04-16,0.0
2018-04-17,0.0
2018-04-18,16.5
2018-04-19,18.9
2018-04-20,0.0
2018-04-21,15.9
2018-04-22,20.4
2018-04-23,0.0
2018-04-24,14.1
2018-04-25,9.9
2018-04-26,19.2
2018-04-27,11.7
2018-04-28,0.0
2018-04-29,20.4
2018-04-30,0.0
2018-05-01,5.25
2018-05-02,4.5
2018-05-03,6.75
2018-05-04,4.25
2018-05-05,0.0
2018-05-06,0.0
2018-05-07,8.5
2018-05-08,4.0
2018-05-09,6.0
2018-05-10,5.0
2018-05-11,4.0
2018-05-12,0.0
2018-05-13,0.0
2018-05-14,6.0
2018-05-15,0.0
2018-05-16,6.0
2018-05-17,0.0
2018-05-18,0.0
2018-05-19,0.0
2018-05-20,0.0
2018-05-21,0.0
2018-05-22,7.5
2018-05-23,10.75
2018-05-24,4.25
2018-05-25,6.25
2018-05-26,0.0
2018-05-27,5.25
2018-05-28,25.0
2018-05-29,0.0
2018-05-30,0.0
2018-05-31,0.0
2018-06-01,0.0
2018-06-02,0.0
2018-06-03,6.96
2018-06-04,12.96
2018-06-05,8.16
2018-06-06,0.0
2018-06-07,0.0
2018-06-08,0.0
2018-06-09,0.0
2018-06-10,0.0
2018-06-11,0.0
2018-06-12,9.12
2018-06-13,0.0
2018-06-14,0.0
2018-06-15,24.0
2018-06-16,0.0
2018-06-17,0.0
2018-06-18,0.0
2018-06-19,8.879999999999999
2018-06-20,0.0
2018-06-21,0.0
2018-06-22,6.96
2018-06-23,0.0
2018-06-24,8.16
2018-06-25,0.0
2018-06-26,5.279999999999999
2018-06-27,0.0
2018-06-28,0.0
2018-06-29,0.0
2018-06-30,19.68
2018-07-01,0.0
2018-07-02,0.0
2018-07-03,0.0
2018-07-04,9.6
2018-07-05,0.0
2018-07-06,11.28
2018-07-07,0.0
2018-07-08,0.0
2018-07-09,6.96
2018-07-10,6.48
2018-07-11,0.0
2018-07-12,0.0
2018-07-13,0.0
2018-07-14,6.96
2018-07-15,6.72
2018-07-16,0.0
2018-07-17,0.0
2018-07-18,0.0
2018-07-19,7.68
2018-07-20,0.0
2018-07-21,0.0
2018-07-22,0.0
2018-07-23,0.0
2018-07-24,9.12
2018-07-25,0.0
2018-07-26,6.48
2018-07-27,0.0
2018-07-28,0.0
2018-07-29,0.0
2018-07-30,0.0
2018-07-31,24.0
2018-08-01,8.32
2018-08-02,0.0
2018-08-03,10.92
2018-08-04,23.14
2018-08-05,0.0
2018-08-06,8.84
2018-08-07,0.0
2018-08-08,0.0
2018-08-09,0.0
2018-08-10,0.0
2018-08-11,0.0
2018-08-12,0.0
2018-08-13,0.0
2018-08-14,0.0
2018-08-15,0.0
2018-08-16,0.0
2018-08-17,0.0
2018-08-18,0.0
2018-08-19,0.0
2018-08-20,0.0
2018-08-21,0.0
2018-08-22,0.0
2018-08-23,0.0
2018-08-24,23.4
2018-08-25,0.0
2018-08-26,0.0
2018-08-27,0.0
2018-08-28,17.68
2018-08-29,0.0
2018-08-30,26.0
2018-08-31,0.0
2018-09-01,0.0
2018-09-02,0.0
2018-09-03,0.0
2018-09-04,0.0
2018-09-05,0.0
2018-09-06,11.55
2018-09-07,13.23
2018-09-08,0.0
2018-09-09,0.0
2018-09-10,0.0
2018-09-11,0.0
2018-09-12,21.0
2018-09-13,9.87
2018-09-14,0.0
2018-09-15,0.0
2018-09-16,0.0
2018-09-17,7.14
2018-09-18,0.0
2018-09-19,0.0
2018-09-20,20.79
2018-09-21,0.0
2018-09-22,0.0
2018-09-23,0.0
2018-09-24,0.0
2018-09-25,0.0
2018-09-26,0.0
2018-09-27,0.0
2018-09-28,11.55
2018-09-29,0.0
2018-09-30,0.0
2018-10-01,7.5
2018-10-02,0.0
2018-10-03,6.5
2018-10-04,0.0
2018-10-05,16.25
2018-10-06,0.0
2018-10-07,0.0
2018-10-08,0.0
2018-10-09,0.0
2018-10-10,0.0
2018-10-11,6.75
2018-10-12,13.0
2018-10-13,0.0
2018-10-14,0.0
2018-10-15,0.0
2018-10-16,10.5
2018-10-17,11.75
2018-10-18,0.0
2018-10-19,6.75
2018-10-20,7.5
2018-10-21,0.0
2018-10-22,16.25
2018-10-23,0.0
2018-10-24,6.25
2018-10-25,15.0
2018-10-26,25.0
2018-10-27,0.0
2018-10-28,0.0
2018-10-29,0.0
2018-10-30,0.0
2018-10-31,0.0
2018-11-01,0.0
2018-11-02,8.75
2018-11-03,0.0
2018-11-04,15.5
2018-11-05,0.0
2018-11-06,0.0
2018-11-07,0.0
2018-11-08,8.0
2018-11-09,6.25
2018-11-10,0.0
2018-11-11,6.25
2018-11-12,0.0
2018-11-13,0.0
2018-11-14,0.0
2018-11-15,7.75
2018-11-16,25.0
2018-11-17,0.0
2018-11-18,5.25
2018-11-19,0.0
2018-11-20,11.0
2018-11-21,0.0
2018-11-22,0.0
2018-11-23,0.0
2018-11-24,0.0
2018-11-25,10.75
2018-11-26,0.0
2018-11-27,0.0
2018-11-28,0.0
2018-11-29,0.0
2018-11-30,8.0
2018-12-01,0.0
2018-12-02,19.14
2018-12-03,12.54
2018-12-04,0.0
2018-12-05,0.0
2018-12-06,0.0
2018-12-07,14.08
2018-12-08,0.0
2018-12-09,13.64
2018-12-10,0.0
2018-12-11,0.0
2018-12-12,0.0
2018-12-13,0.0
2018-12-14,0.0
2018-12-15,0.0
2018-12-16,0.0
2018-12-17,12.76
2018-12-18,18.04
2018-12-19,22.0
2018-12-20,0.0
2018-12-21,0.0
2018-12-22,14.08
2018-12-23,0.0
2018-12-24,0.0
2018-12-25,0.0
2018-12-26,0.0
2018-12-27,0.0
2018-12-28,0.0
2018-12-29,21.12
2018-12-30,15.4
2018-12-31,12.54
2019-01-01,13.44
2019-01-02,12.72
2019-01-03,0.0
2019-01-04,0.0
2019-01-05,0.0
2019-01-06,0.0
2019-01-07,10.8
2019-01-08,8.4
2019-01-09,9.12
2019-01-10,0.0
2019-01-11,0.0
2019-01-12,0.0
2019-01-13,0.0
2019-01-14,9.12
2019-01-15,8.16
2019-01-16,0.0
2019-01-17,24.0
2019-01-18,0.0
2019-01-19,0.0
2019-01-20,0.0
2019-01-21,0.0
2019-01-22,0.0
2019-01-23,0.0
2019-01-24,16.56
2019-01-25,0.0
2019-01-26,0.0
2019-01-27,0.0
2019-01-28,0.0
2019-01-29,0.0
2019-01-30,0.0
2019-01-31,15.36
2019-02-01,0.0
2019-02-02,0.0
2019-02-03,0.0
2019-02-04,0.0
2019-02-05,5.28
2019-02-06,22.0
2019-02-07,0.0
2019-02-08,0.0
2019-02-09,0.0
2019-02-10,0.0
2019-02-11,7.92
2019-02-12,0.0
2019-02-13,0.0
2019-02-14,0.0
2019-02-15,8.58
2019-02-16,0.0
2019-02-17,0.0
2019-02-18,0.0
2019-02-19,0.0
2019-02-20,0.0
2019-02-21,6.82
2019-02-22,10.56
2019-02-23,6.6
2019-02-24,0.0
2019-02-25,0.0
2019-02-26,0.0
2019-02-27,0.0
2019-02-28,12.76
2019-03-01,6.9
2019-03-02,0.0
2019-03-03,0.0
2019-03-04,12.88
2019-03-05,0.0
2019-03-06,19.78
2019-03-07,0.0
2019-03-08,9.43
2019-03-09,14.26
2019-03-10,10.81
2019-03-11,23.0
2019-03-12,0.0
2019-03-13,7.13
2019-03-14,0.0
2019-03-15,6.9
2019-03-16,0.0
2019-03-17,0.0
2019-03-18,0.0
2019-03-19,0.0
2019-03-20,8.05
2019-03-21,11.04
2019-03-22,0.0
2019-03-23,0.0
2019-03-24,8.280000000000001
2019-03-25,0.0
2019-03-26,6.9
2019-03-27,0.0
2019-03-28,0.0
2019-03-29,11.96
2019-03-30,0.0
2019-03-31,0.0
2019-04-01,0.0
2019-04-02,0.0
2019-04-03,0.0
2019-04-04,7.75
2019-04-05,0.0
2019-04-06,0.0
2019-04-07,8.25
2019-04-08,9.75
2019-04-09,7.0
2019-04-10,7.5
2019-04-11,11.25
2019-04-12,7.75
2019-04-13,0.0
2019-04-14,8.0
2019-04-15,0.0
2019-04-16,0.0
2019-04-17,5.75
2019-04-18,0.0
2019-04-19,6.5
2019-04-20,0.0
2019-04-21,0.0
2019-04-22,0.0
2019-04-23,6.0
2019-04-24,0.0
2019-04-25,17.0
2019-04-26,0.0
2019-04-27,0.0
2019-04-28,25.0
2019-04-29,0.0
2019-04-30,0.0
2019-05-01,0.0
2019-05-02,0.0
2019-05-03,14.000000000000002
2019-05-04,0.0
2019-05-05,12.04
2019-05-06,9.8
2019-05-07,0.0
2019-05-08,8.680000000000001
2019-05-09,0.0
2019-05-10,0.0
2019-05-11,0.0
2019-05-12,0.0
2019-05-13,0.0
2019-05-14,0.0
2019-05-15,0.0
2019-05-16,28.000000000000004
2019-05-17,9.8
2019-05-18,8.120000000000001
2019-05-19,0.0
2019-05-20,0.0
2019-05-21,0.0
2019-05-22,0.0
2019-05-23,0.0
2019-05-24,0.0
2019-05-25,0.0
2019-05-26,0.0
2019-05-27,0.0
2019-05-28,0.0
2019-05-29,0.0
2019-05-30,8.680000000000001
2019-05-31,17.080000000000002
2019-06-01,0.0
2019-06-02,0.0
2019-06-03,0.0
2019-06-04,0.0
2019-06-05,0.0
2019-06-06,0.0
2019-06-07,0.0
2019-06-08,0.0
2019-06-09,0.0
2019-06-10,18.15
2019-06-11,33.0
2019-06-12,25.41
2019-06-13,0.0
2019-06-14,0.0
2019-06-15,22.11
2019-06-16,0.0
2019-06-17,0.0
2019-06-18,0.0
2019-06-19,23.43
2019-06-20,0.0
2019-06-21,0.0
2019-06-22,0.0
2019-06-23,0.0
2019-06-24,30.360000000000003
2019-06-25,0.0
2019-06-26,0.0
2019-06-27,14.19
2019-06-28,0.0
2019-06-29,0.0
2019-06-30,0.0
2019-07-01,10.23
2019-07-02,11.47
2019-07-03,0.0
2019-07-04,13.64
2019-07-05,14.26
2019-07-06,0.0
2019-07-07,0.0
2019-07-08,0.0
2019-07-09,8.68
2019-07-10,19.53
2019-07-11,19.22
2019-07-12,26.97
2019-07-13,0.0
2019-07-14,0.0
2019-07-15,0.0
2019-07-16,31.0
2019-07-17,7.75
2019-07-18,13.33
2019-07-19,10.23
2019-07-20,0.0
2019-07-21,0.0
2019-07-22,0.0
2019-07-23,10.23
2019-07-24,0.0
2019-07-25,12.09
2019-07-26,9.61
2019-07-27,0.0
2019-07-28,0.0
2019-07-29,0.0
2019-07-30,8.06
2019-07-31,0.0
2019-08-01,0.0
2019-08-02,6.959999999999999
2019-08-03,0.0
2019-08-04,0.0
2019-08-05,0.0
2019-08-06,6.38
2019-08-07,24.65
2019-08-08,29.0
2019-08-09,9.57
2019-08-10,0.0
2019-08-11,0.0
2019-08-12,0.0
2019-08-13,0.0
2019-08-14,13.05
2019-08-15,0.0
2019-08-16,9.86
2019-08-17,10.15
2019-08-18,0.0
2019-08-19,17.689999999999998
2019-08-20,20.59
2019-08-21,0.0
2019-08-22,6.959999999999999
2019-08-23,8.41
2019-08-24,0.0
2019-08-25,0.0
2019-08-26,0.0
2019-08-27,7.249999999999999
2019-08-28,0.0
2019-08-29,13.63
2019-08-30,6.67
2019-08-31,19.43
2019-09-01,0.0
2019-09-02,0.0
2019-09-03,7.48
2019-09-04,0.0
2019-09-05,0.0
2019-09-06,0.0
2019-09-07,6.6
2019-09-08,0.0
2019-09-09,0.0
2019-09-10,7.26
2019-09-11,6.38
2019-09-12,7.7
2019-09-13,0.0
2019-09-14,0.0
2019-09-15,7.04
2019-09-16,0.0
2019-09-17,0.0
2019-09-18,6.6
2019-09-19,5.72
2019-09-20,0.0
2019-09-21,0.0
2019-09-22,10.12
2019-09-23,0.0
2019-09-24,16.28
2019-09-25,0.0
2019-09-26,0.0
2019-09-27,22.0
2019-09-28,0.0
2019-09-29,0.0
2019-09-30,0.0
2019-10-01,0.0
2019-10-02,0.0
2019-10-03,0.0
2019-10-04,0.0
2019-10-05,0.0
2019-10-06,0.0
2019-10-07,0.0
2019-10-08,0.0
2019-10-09,0.0
2019-10-10,0.0
2019-10-11,0.0
2019-10-12,0.0
2019-10-13,13.75
2019-10-14,0.0
2019-10-15,0.0
2019-10-16,12.5
2019-10-17,23.25
2019-10-18,7.5
2019-10-19,0.0
2019-10-20,25.0
2019-10-21,6.5
2019-10-22,0.0
2019-10-23,9.25
2019-10-24,0.0
2019-10-25,0.0
2019-10-26,0.0
2019-10-27,0.0
2019-10-28,0.0
2019-10-29,0.0
2019-10-30,0.0
2019-10-31,0.0
2019-11-01,12.74
2019-11-02,0.0
2019-11-03,0.0
2019-11-04,5.720000000000001
2019-11-05,0.0
2019-11-06,0.0
2019-11-07,0.0
2019-11-08,0.0
2019-11-09,0.0
2019-11-10,5.98
2019-11-11,8.84
2019-11-12,7.28
2019-11-13,26.0
2019-11-14,0.0
2019-11-15,0.0
2019-11-16,0.0
2019-11-17,0.0
2019-11-18,9.62
2019-11-19,6.76
2019-11-20,13.78
2019-11-21,0.0
2019-11-22,6.5
2019-11-23,5.98
2019-11-24,0.0
2019-11-25,6.5
2019-11-26,0.0
2019-11-27,6.24
2019-11-28,0.0
2019-11-29,0.0
2019-11-30,0.0
2019-12-01,0.0
2019-12-02,0.0
2019-12-03,10.8
2019-12-04,5.76
2019-12-05,10.32
2019-12-06,0.0
2019-12-07,0.0
2019-12-08,14.16
2019-12-09,0.0
2019-12-10,5.04
2019-12-11,10.32
2019-12-12,0.0
2019-12-13,6.0
2019-12-14,24.0
2019-12-15,0.0
2019-12-16,10.08
2019-12-17,8.16
2019-12-18,5.76
2019-12-19,0.0
2019-12-20,0.0
2019-12-21,0.0
2019-12-22,0.0
2019-12-23,0.0
2019-12-24,8.64
2019-12-25,14.16
2019-12-26,0.0
2019-12-27,0.0
2019-12-28,0.0
2019-12-29,9.84
2019-12-30,0.0
2019-12-31,0.0
2020-01-01,0.0
2020-01-02,0.0
2020-01-03,0.0
2020-01-04,0.0
2020-01-05,0.0
2020-01-06,5.44
2020-01-07,6.800000000000001
2020-01-08,19.040000000000003
2020-01-09,7.82
2020-01-10,0.0
2020-01-11,14.28
2020-01-12,0.0
2020-01-13,0.0
2020-01-14,17.68
2020-01-15,11.9
2020-01-16,0.0
2020-01-17,0.0
2020-01-18,0.0
2020-01-19,0.0
2020-01-20,0.0
2020-01-21,8.84
2020-01-22,34.0
2020-01-23,0.0
2020-01-24,0.0
2020-01-25,0.0
2020-01-26,7.48
2020-01-27,5.44
2020-01-28,0.0
2020-01-29,19.72
2020-01-30,9.86
2020-01-31,0.0
2020-02-01,11.22
2020-02-02,0.0
2020-02-03,11.55
2020-02-04,15.510000000000002
2020-02-05,6.6000000000000005
2020-02-06,9.24
2020-02-07,0.0
2020-02-08,0.0
2020-02-09,0.0
2020-02-10,0.0
2020-02-11,27.39
2020-02-12,0.0
2020-02-13,0.0
2020-02-14,0.0
2020-02-15,0.0
2020-02-16,0.0
2020-02-17,8.58
2020-02-18,0.0
2020-02-19,0.0
2020-02-20,5.61
2020-02-21,9.57
2020-02-22,0.0
2020-02-23,15.510000000000002
2020-02-24,0.0
2020-02-25,7.260000000000001
2020-02-26,8.91
2020-02-27,7.590000000000001
2020-02-28,7.590000000000001
2020-02-29,33.0
2020-03-01,13.0
2020-03-02,26.0
2020-03-03,31.0
2020-03-04,11.0
2020-03-05,13.0
2020-03-06,100.0
2020-03-07,0.0
2020-03-08,0.0
2020-03-09,0.0
2020-03-10,23.0
2020-03-11,21.0
2020-03-12,85.0
2020-03-13,42.0
2020-03-14,53.0
2020-03-15,0.0
2020-03-16,61.0
2020-03-17,47.0
2020-03-18,69.0
2020-03-19,62.0
2020-03-20,52.0
2020-03-21,23.0
2020-03-22,0.0
2020-03-23,30.0
2020-03-24,44.0
2020-03-25,34.0
2020-03-26,68.0
2020-03-27,40.0
2020-03-28,30.0
2020-03-29,31.0
2020-03-30,35.0
2020-03-31,47.0
2020-04-01,80.19
2020-04-02,31.68
2020-04-03,59.4
2020-04-04,21.78
2020-04-05,24.75
2020-04-06,30.69
2020-04-07,40.59
2020-04-08,53.46
2020-04-09,56.43
2020-04-10,29.7
2020-04-11,99.0
2020-04-12,27.72
2020-04-13,56.43
2020-04-14,59.4
2020-04-15,37.62
2020-04-16,43.56
2020-04-17,34.65
2020-04-18,50.49
2020-04-19,0.0
2020-04-20,70.29
2020-04-21,13.86
2020-04-22,21.78
2020-04-23,29.7
2020-04-24,36.63
2020-04-25,0.0
2020-04-26,0.0
2020-04-27,43.56
2020-04-28,53.46
2020-04-29,23.76
2020-04-30,59.4
2020-05-01,0.0
2020-05-02,0.0
2020-05-03,44.88
2020-05-04,38.080000000000005
2020-05-05,34.68
2020-05-06,68.0
2020-05-07,63.92
2020-05-08,57.120000000000005
2020-05-09,25.16
2020-05-10,35.36
2020-05-11,40.120000000000005
2020-05-12,0.0
2020-05-13,35.36
2020-05-14,48.28
2020-05-15,21.08
2020-05-16,19.040000000000003
2020-05-17,63.92
2020-05-18,48.28
2020-05-19,17.68
2020-05-20,44.88
2020-05-21,0.0
2020-05-22,60.52
2020-05-23,25.840000000000003
2020-05-24,0.0
2020-05-25,0.0
2020-05-26,42.16
2020-05-27,34.68
2020-05-28,39.440000000000005
2020-05-29,0.0
2020-05-30,59.16
2020-05-31,0.0
2020-06-01,73.86999999999999
2020-06-02,44.82
2020-06-03,71.38
2020-06-04,83.0
2020-06-05,41.5
2020-06-06,39.01
2020-06-07,0.0
2020-06-08,39.84
2020-06-09,74.7
2020-06-10,41.5
2020-06-11,61.42
2020-06-12,21.58
2020-06-13,0.0
2020-06-14,39.84
2020-06-15,51.46
2020-06-16,0.0
2020-06-17,64.74
2020-06-18,41.5
2020-06-19,53.95
2020-06-20,0.0
2020-06-21,0.0
2020-06-22,58.1
2020-06-23,65.57
2020-06-24,65.57
2020-06-25,59.76
2020-06-26,43.99
2020-06-27,0.0
2020-06-28,43.16
2020-06-29,48.14
2020-06-30,0.0
2020-07-01,0.0
2020-07-02,13.34
2020-07-03,0.0
2020-07-04,0.0
2020-07-05,0.0
2020-07-06,20.7
2020-07-07,17.94
2020-07-08,23.92
2020-07-09,0.0
2020-07-10,15.18
2020-07-11,0.0
2020-07-12,0.0
2020-07-13,19.78
2020-07-14,23.92
2020-07-15,16.1
2020-07-16,16.1
2020-07-17,13.8
2020-07-18,0.0
2020-07-19,24.380000000000003
2020-07-20,0.0
2020-07-21,0.0
2020-07-22,29.9
2020-07-23,40.940000000000005
2020-07-24,46.0
2020-07-25,0.0
2020-07-26,0.0
2020-07-27,35.42
2020-07-28,16.1
2020-07-29,0.0
2020-07-30,29.44
2020-07-31,32.660000000000004
2020-08-01,15.0
2020-08-02,0.0
2020-08-03,0.0
2020-08-04,18.0
2020-08-05,28.5
2020-08-06,30.5
2020-08-07,29.0
2020-08-08,35.0
2020-08-09,0.0
2020-08-10,0.0
2020-08-11,37.0
2020-08-12,50.0
2020-08-13,0.0
2020-08-14,33.5
2020-08-15,0.0
2020-08-16,0.0
2020-08-17,0.0
2020-08-18,12.5
2020-08-19,36.0
2020-08-20,20.0
2020-08-21,0.0
2020-08-22,0.0
2020-08-23,0.0
2020-08-24,15.5
2020-08-25,12.5
2020-08-26,0.0
2020-08-27,0.0
2020-08-28,11.0
2020-08-29,0.0
2020-08-30,0.0
2020-08-31,10.5
2020-09-01,18.8
2020-09-02,14.8
2020-09-03,29.6
2020-09-04,23.6
2020-09-05,0.0
2020-09-06,19.6
2020-09-07,40.0
2020-09-08,21.6
2020-09-09,0.0
2020-09-10,21.200000000000003
2020-09-11,24.8
2020-09-12,0.0
2020-09-13,0.0
2020-09-14,0.0
2020-09-15,0.0
2020-09-16,0.0
2020-09-17,30.0
2020-09-18,22.4
2020-09-19,21.6
2020-09-20,0.0
2020-09-21,0.0
2020-09-22,0.0
2020-09-23,25.200000000000003
2020-09-24,17.6
2020-09-25,0.0
2020-09-26,0.0
2020-09-27,0.0
2020-09-28,0.0
2020-09-29,19.200000000000003
2020-09-30,12.4
2020-10-01,0.0
2020-10-02,0.0
2020-10-03,0.0
2020-10-04,0.0
2020-10-05,15.84
2020-10-06,0.0
2020-10-07,12.54
2020-10-08,11.88
2020-10-09,13.86
2020-10-10,0.0
2020-10-11,0.0
2020-10-12,20.130000000000003
2020-10-13,14.85
2020-10-14,0.0
2020-10-15,0.0
2020-10-16,13.86
2020-10-17,0.0
2020-10-18,0.0
2020-10-19,0.0
2020-10-20,23.76
2020-10-21,15.18
2020-10-22,0.0
2020-10-23,0.0
2020-10-24,10.56
2020-10-25,0.0
2020-10-26,14.52
2020-10-27,11.55
2020-10-28,32.01
2020-10-29,32.67
2020-10-30,33.0
2020-10-31,12.87
2020-11-01,13.5
2020-11-02,18.45
2020-11-03,19.35
2020-11-04,6.3
2020-11-05,19.35
2020-11-06,0.0
2020-11-07,0.0
2020-11-08,13.95
2020-11-09,45.0
2020-11-10,18.9
2020-11-11,0.0
2020-11-12,0.0
2020-11-13,0.0
2020-11-14,19.35
2020-11-15,0.0
2020-11-16,16.650000000000002
2020-11-17,28.8
2020-11-18,14.85
2020-11-19,21.15
2020-11-20,0.0
2020-11-21,12.6
2020-11-22,0.0
2020-11-23,22.95
2020-11-24,11.25
2020-11-25,0.0
2020-11-26,20.7
2020-11-27,0.0
2020-11-28,0.0
2020-11-29,0.0
2020-11-30,0.0
2020-12-01,9.62
2020-12-02,7.4
2020-12-03,33.67
2020-12-04,8.51
2020-12-05,12.21
2020-12-06,0.0
2020-12-07,13.69
2020-12-08,22.94
2020-12-09,27.01
2020-12-10,0.0
2020-12-11,17.759999999999998
2020-12-12,37.0
2020-12-13,0.0
2020-12-14,0.0
2020-12-15,8.14
2020-12-16,5.18
2020-12-17,6.66
2020-12-18,0.0
2020-12-19,0.0
2020-12-20,0.0
2020-12-21,0.0
2020-12-22,6.66
2020-12-23,0.0
2020-12-24,11.84
2020-12-25,0.0
2020-12-26,0.0
2020-12-27,7.03
2020-12-28,18.87
2020-12-29,8.14
2020-12-30,8.14
2020-12-31,0.0
2021-01-01,0.0
2021-01-02,0.0
2021-01-03,0.0
2021-01-04,0.0
2021-01-05,0.0
2021-01-06,0.0
2021-01-07,22.05
2021-01-08,28.35
2021-01-09,0.0
2021-01-10,29.7
2021-01-11,0.0
2021-01-12,14.4
2021-01-13,0.0
2021-01-14,0.0
2021-01-15,0.0
2021-01-16,0.0
2021-01-17,0.0
2021-01-18,27.0
2021-01-19,0.0
2021-01-20,0.0
2021-01-21,31.05
2021-01-22,0.0
2021-01-23,0.0
2021-01-24,26.55
2021-01-25,0.0
2021-01-26,45.0
2021-01-27,28.35
2021-01-28,34.65
2021-01-29,30.6
2021-01-30,39.6
2021-01-31,0.0
2021-02-01,22.0
2021-02-02,0.0
2021-02-03,0.0
2021-02-04,20.24
2021-02-05,41.36
2021-02-06,0.0
2021-02-07,0.0
2021-02-08,44.0
2021-02-09,0.0
2021-02-10,19.36
2021-02-11,17.16
2021-02-12,19.36
2021-02-13,0.0
2021-02-14,0.0
2021-02-15,35.2
2021-02-16,0.0
2021-02-17,13.2
2021-02-18,16.72
2021-02-19,25.08
2021-02-20,19.36
2021-02-21,0.0
2021-02-22,25.52
2021-02-23,18.04
2021-02-24,0.0
2021-02-25,16.72
2021-02-26,38.72
2021-02-27,0.0
2021-02-28,23.76
2021-03-01,0.0
2021-03-02,33.95
2021-03-03,0.0
2021-03-04,23.8
2021-03-05,14.7
2021-03-06,0.0
2021-03-07,0.0
2021-03-08,11.55
2021-03-09,22.4
2021-03-10,0.0
2021-03-11,0.0
2021-03-12,0.0
2021-03-13,16.45
2021-03-14,19.25
2021-03-15,0.0
2021-03-16,7.0
2021-03-17,14.35
2021-03-18,0.0
2021-03-19,0.0
2021-03-20,0.0
2021-03-21,0.0
2021-03-22,34.3
2021-03-23,0.0
2021-03-24,35.0
2021-03-25,14.7
2021-03-26,0.0
2021-03-27,0.0
2021-03-28,25.55
2021-03-29,8.75
2021-03-30,0.0
2021-03-31,0.0
2021-04-01,0.0
2021-04-02,0.0
2021-04-03,0.0
2021-04-04,0.0
2021-04-05,0.0
2021-04-06,0.0
2021-04-07,0.0
2021-04-08,27.0
2021-04-09,11.16
2021-04-10,0.0
2021-04-11,0.0
2021-04-12,16.56
2021-04-13,0.0
2021-04-14,36.0
2021-04-15,12.6
2021-04-16,7.199999999999999
2021-04-17,14.4
2021-04-18,0.0
2021-04-19,23.4
2021-04-20,0.0
2021-04-21,0.0
2021-04-22,0.0
2021-04-23,0.0
2021-04-24,0.0
2021-04-25,8.64
2021-04-26,0.0
2021-04-27,0.0
2021-04-28,19.44
2021-04-29,11.16
2021-04-30,0.0
2021-05-01,10.56
2021-05-02,0.0
2021-05-03,9.24
2021-05-04,0.0
2021-05-05,20.46
2021-05-06,0.0
2021-05-07,0.0
2021-05-08,24.42
2021-05-09,0.0
2021-05-10,0.0
2021-05-11,0.0
2021-05-12,20.790000000000003
2021-05-13,0.0
2021-05-14,10.89
2021-05-15,0.0
2021-05-16,0.0
2021-05-17,12.54
2021-05-18,0.0
2021-05-19,15.84
2021-05-20,0.0
2021-05-21,0.0
2021-05-22,9.9
2021-05-23,0.0
2021-05-24,8.91
2021-05-25,23.43
2021-05-26,0.0
2021-05-27,9.9
2021-05-28,17.16
2021-05-29,33.0
2021-05-30,0.0
2021-05-31,0.0
2021-06-01,17.1
2021-06-02,34.96
2021-06-03,0.0
2021-06-04,0.0
2021-06-05,17.86
2021-06-06,0.0
2021-06-07,31.92
2021-06-08,38.0
2021-06-09,0.0
2021-06-10,0.0
2021-06-11,0.0
2021-06-12,0.0
2021-06-13,0.0
2021-06-14,0.0
2021-06-15,25.84
2021-06-16,0.0
2021-06-17,0.0
2021-06-18,23.94
2021-06-19,0.0
2021-06-20,0.0
2021-06-21,15.96
2021-06-22,0.0
2021-06-23,0.0
2021-06-24,11.4
2021-06-25,15.58
2021-06-26,0.0
2021-06-27,0.0
2021-06-28,0.0
2021-06-29,23.56
2021-06-30,28.5
2021-07-01,0.0
2021-07-02,0.0
2021-07-03,0.0
2021-07-04,0.0
2021-07-05,7.789999999999999
2021-07-06,28.29
2021-07-07,19.27
2021-07-08,15.989999999999998
2021-07-09,0.0
2021-07-10,8.2
2021-07-11,0.0
2021-07-12,0.0
2021-07-13,16.4
2021-07-14,0.0
2021-07-15,0.0
2021-07-16,20.09
2021-07-17,0.0
2021-07-18,0.0
2021-07-19,0.0
2021-07-20,41.0
2021-07-21,18.45
2021-07-22,14.76
2021-07-23,12.3
2021-07-24,0.0
2021-07-25,0.0
2021-07-26,14.35
2021-07-27,0.0
2021-07-28,0.0
2021-07-29,7.789999999999999
2021-07-30,11.89
2021-07-31,6.97
2021-08-01,0.0
2021-08-02,28.8
2021-08-03,10.8
2021-08-04,0.0
2021-08-05,22.32
2021-08-06,36.0
2021-08-07,12.96
2021-08-08,0.0
2021-08-09,19.44
2021-08-10,0.0
2021-08-11,0.0
2021-08-12,0.0
2021-08-13,0.0
2021-08-14,0.0
2021-08-15,0.0
2021-08-16,0.0
2021-08-17,26.64
2021-08-18,16.56
2021-08-19,21.96
2021-08-20,0.0
2021-08-21,0.0
2021-08-22,22.32
2021-08-23,0.0
2021-08-24,10.8
2021-08-25,29.16
2021-08-26,13.32
2021-08-27,0.0
2021-08-28,32.76
2021-08-29,0.0
2021-08-30,0.0
2021-08-31,13.32
2021-09-01,11.6
2021-09-02,29.0
2021-09-03,0.0
2021-09-04,0.0
2021-09-05,0.0
2021-09-06,0.0
2021-09-07,13.05
2021-09-08,17.11
2021-09-09,0.0
2021-09-10,7.829999999999999
2021-09-11,14.21
2021-09-12,10.73
2021-09-13,21.75
2021-09-14,0.0
2021-09-15,14.79
2021-09-16,0.0
2021-09-17,0.0
2021-09-18,0.0
2021-09-19,0.0
2021-09-20,0.0
2021-09-21,10.44
2021-09-22,0.0
2021-09-23,24.36
2021-09-24,26.1
2021-09-25,0.0
2021-09-26,0.0
2021-09-27,0.0
2021-09-28,14.79
2021-09-29,15.079999999999998
2021-09-30,11.89
2021-10-01,8.1
2021-10-02,8.7
2021-10-03,15.3
2021-10-04,8.7
2021-10-05,0.0
2021-10-06,15.9
2021-10-07,0.0
2021-10-08,0.0
2021-10-09,0.0
2021-10-10,0.0
2021-10-11,10.8
2021-10-12,7.5
2021-10-13,0.0
2021-10-14,0.0
2021-10-15,0.0
2021-10-16,12.0
2021-10-17,0.0
2021-10-18,13.8
2021-10-19,19.2
2021-10-20,13.8
2021-10-21,0.0
2021-10-22,30.0
2021-10-23,0.0
2021-10-24,0.0
2021-10-25,11.7
2021-10-26,0.0
2021-10-27,0.0
2021-10-28,0.0
2021-10-29,0.0
2021-10-30,0.0
2021-10-31,0.0
2021-11-01,0.0
2021-11-02,0.0
2021-11-03,0.0
2021-11-04,0.0
2021-11-05,16.64
2021-11-06,0.0
2021-11-07,0.0
2021-11-08,0.0
2021-11-09,16.64
2021-11-10,23.68
2021-11-11,12.48
2021-11-12,0.0
2021-11-13,31.36
2021-11-14,0.0
2021-11-15,0.0
2021-11-16,12.16
2021-11-17,10.56
2021-11-18,0.0
2021-11-19,0.0
2021-11-20,0.0
2021-11-21,0.0
2021-11-22,10.24
2021-11-23,22.08
2021-11-24,21.76
2021-11-25,32.0
2021-11-26,0.0
2021-11-27,0.0
2021-11-28,16.96
2021-11-29,22.4
2021-11-30,8.0
2021-12-01,9.66
2021-12-02,22.540000000000003
2021-12-03,16.560000000000002
2021-12-04,0.0
2021-12-05,0.0
2021-12-06,11.04
2021-12-07,0.0
2021-12-08,21.62
2021-12-09,13.8
2021-12-10,0.0
2021-12-11,18.4
2021-12-12,0.0
2021-12-13,0.0
2021-12-14,18.4
2021-12-15,17.94
2021-12-16,17.48
2021-12-17,27.6
2021-12-18,0.0
2021-12-19,46.0
2021-12-20,0.0
2021-12-21,18.4
2021-12-22,11.5
2021-12-23,0.0
2021-12-24,0.0
2021-12-25,26.68
2021-12-26,0.0
2021-12-27,0.0
2021-12-28,20.7
2021-12-29,0.0
2021-12-30,0.0
2021-12-31,0.0
2022-01-01,25.97
2022-01-02,36.75
2022-01-03,0.0
2022-01-04,0.0
2022-01-05,0.0
2022-01-06,22.54
2022-01-07,19.6
2022-01-08,0.0
2022-01-09,0.0
2022-01-10,34.3
2022-01-11,27.93
2022-01-12,23.52
2022-01-13,0.0
2022-01-14,0.0
2022-01-15,0.0
2022-01-16,0.0
2022-01-17,16.66
2022-01-18,0.0
2022-01-19,17.64
2022-01-20,9.8
2022-01-21,19.6
2022-01-22,0.0
2022-01-23,9.8
2022-01-24,18.62
2022-01-25,49.0
2022-01-26,28.42
2022-01-27,24.99
2022-01-28,35.28
2022-01-29,11.76
2022-01-30,0.0
2022-01-31,0.0
2022-02-01,0.0
2022-02-02,0.0
2022-02-03,48.0
2022-02-04,0.0
2022-02-05,17.28
2022-02-06,0.0
2022-02-07,28.8
2022-02-08,24.48
2022-02-09,11.04
2022-02-10,27.84
2022-02-11,27.84
2022-02-12,0.0
2022-02-13,0.0
2022-02-14,0.0
2022-02-15,0.0
2022-02-16,12.48
2022-02-17,0.0
2022-02-18,12.48
2022-02-19,10.08
2022-02-20,0.0
2022-02-21,10.08
2022-02-22,0.0
2022-02-23,20.16
2022-02-24,24.96
2022-02-25,0.0
2022-02-26,15.84
2022-02-27,34.08
2022-02-28,12.96
2022-03-01,29.48
2022-03-02,0.0
2022-03-03,16.72
2022-03-04,27.28
2022-03-05,17.16
2022-03-06,0.0
2022-03-07,0.0
2022-03-08,11.0
2022-03-09,15.84
2022-03-10,29.92
2022-03-11,30.36
2022-03-12,22.44
2022-03-13,19.36
2022-03-14,0.0
2022-03-15,14.96
2022-03-16,17.16
2022-03-17,0.0
2022-03-18,34.76
2022-03-19,0.0
2022-03-20,0.0
2022-03-21,0.0
2022-03-22,30.36
2022-03-23,9.68
2022-03-24,0.0
2022-03-25,0.0
2022-03-26,0.0
2022-03-27,0.0
2022-03-28,14.52
2022-03-29,18.92
2022-03-30,17.6
2022-03-31,44.0
2022-04-01,0.0
2022-04-02,12.6
2022-04-03,0.0
2022-04-04,36.0
2022-04-05,6.12
2022-04-06,0.0
2022-04-07,0.0
2022-04-08,9.0
2022-04-09,0.0
2022-04-10,7.199999999999999
2022-04-11,0.0
2022-04-12,7.199999999999999
2022-04-13,11.52
2022-04-14,0.0
2022-04-15,0.0
2022-04-16,0.0
2022-04-17,6.48
2022-04-18,0.0
2022-04-19,12.6
2022-04-20,9.36
2022-04-21,9.36
2022-04-22,5.76
2022-04-23,0.0
2022-04-24,0.0
2022-04-25,0.0
2022-04-26,0.0
2022-04-27,0.0
2022-04-28,25.2
2022-04-29,6.48
2022-04-30,19.08
2022-05-01,6.88
2022-05-02,14.19
2022-05-03,30.53
2022-05-04,13.33
2022-05-05,16.34
2022-05-06,17.63
2022-05-07,0.0
2022-05-08,24.51
2022-05-09,43.0
2022-05-10,25.37
2022-05-11,11.61
2022-05-12,6.45
2022-05-13,0.0
2022-05-14,0.0
2022-05-15,0.0
2022-05-16,13.33
2022-05-17,15.91
2022-05-18,24.08
2022-05-19,6.88
2022-05-20,11.61
2022-05-21,0.0
2022-05-22,8.17
2022-05-23,0.0
2022-05-24,0.0
2022-05-25,9.46
2022-05-26,6.45
2022-05-27,0.0
2022-05-28,9.46
2022-05-29,0.0
2022-05-30,0.0
2022-05-31,0.0
2022-06-01,36.12
2022-06-02,0.0
2022-06-03,0.0
2022-06-04,0.0
2022-06-05,9.24
2022-06-06,0.0
2022-06-07,0.0
2022-06-08,13.44
2022-06-09,14.7
2022-06-10,9.66
2022-06-11,0.0
2022-06-12,0.0
2022-06-13,12.6
2022-06-14,0.0
2022-06-15,0.0
2022-06-16,7.979999999999999
2022-06-17,0.0
2022-06-18,15.54
2022-06-19,0.0
2022-06-20,42.0
2022-06-21,9.24
2022-06-22,8.4
2022-06-23,6.3
2022-06-24,0.0
2022-06-25,0.0
2022-06-26,8.82
2022-06-27,0.0
2022-06-28,0.0
2022-06-29,0.0
2022-06-30,5.46
2022-07-01,11.47
2022-07-02,13.69
2022-07-03,0.0
2022-07-04,0.0
2022-07-05,0.0
2022-07-06,0.0
2022-07-07,24.05
2022-07-08,37.0
2022-07-09,28.49
2022-07-10,0.0
2022-07-11,20.35
2022-07-12,15.17
2022-07-13,21.46
2022-07-14,17.02
2022-07-15,10.36
2022-07-16,0.0
2022-07-17,0.0
2022-07-18,10.36
2022-07-19,9.99
2022-07-20,29.23
2022-07-21,0.0
2022-07-22,10.73
2022-07-23,23.31
2022-07-24,0.0
2022-07-25,0.0
2022-07-26,0.0
2022-07-27,12.21
2022-07-28,0.0
2022-07-29,12.95
2022-07-30,0.0
2022-07-31,23.68
2022-08-01,0.0
2022-08-02,12.21
2022-08-03,8.25
2022-08-04,22.11
2022-08-05,5.61
2022-08-06,0.0
2022-08-07,5.94
2022-08-08,0.0
2022-08-09,4.29
2022-08-10,33.0
2022-08-11,0.0
2022-08-12,0.0
2022-08-13,0.0
2022-08-14,0.0
2022-08-15,16.17
2022-08-16,0.0
2022-08-17,0.0
2022-08-18,6.6000000000000005
2022-08-19,0.0
2022-08-20,0.0
2022-08-21,5.28
2022-08-22,6.2700000000000005
2022-08-23,3.96
2022-08-24,0.0
2022-08-25,8.91
2022-08-26,7.590000000000001
2022-08-27,4.62
2022-08-28,0.0
2022-08-29,0.0
2022-08-30,0.0
2022-08-31,0.0
2022-09-01,0.0
2022-09-02,0.0
2022-09-03,0.0
2022-09-04,0.0
2022-09-05,0.0
2022-09-06,22.0
2022-09-07,0.0
2022-09-08,12.1
2022-09-09,0.0
2022-09-10,0.0
2022-09-11,12.32
2022-09-12,19.14
2022-09-13,8.58
2022-09-14,10.78
2022-09-15,0.0
2022-09-16,8.36
2022-09-17,16.94
2022-09-18,0.0
2022-09-19,7.26
2022-09-20,0.0
2022-09-21,0.0
2022-09-22,11.22
2022-09-23,0.0
2022-09-24,0.0
2022-09-25,0.0
2022-09-26,0.0
2022-09-27,0.0
2022-09-28,17.16
2022-09-29,0.0
2022-09-30,0.0
2022-10-01,13.64
2022-10-02,12.71
2022-10-03,22.94
2022-10-04,0.0
2022-10-05,0.0
2022-10-06,0.0
2022-10-07,0.0
2022-10-08,0.0
2022-10-09,0.0
2022-10-10,0.0
2022-10-11,16.12
2022-10-12,0.0
2022-10-13,22.01
2022-10-14,19.84
2022-10-15,31.0
2022-10-16,30.38
2022-10-17,25.11
2022-10-18,9.61
2022-10-19,19.22
2022-10-20,25.42
2022-10-21,0.0
2022-10-22,21.08
2022-10-23,0.0
2022-10-24,0.0
2022-10-25,29.14
2022-10-26,24.49
2022-10-27,20.15
2022-10-28,0.0
2022-10-29,20.46
2022-10-30,0.0
2022-10-31,0.0
2022-11-01,0.0
2022-11-02,19.84
2022-11-03,0.0
2022-11-04,0.0
2022-11-05,20.46
2022-11-06,0.0
2022-11-07,12.71
2022-11-08,0.0
2022-11-09,15.5
2022-11-10,0.0
2022-11-11,21.7
2022-11-12,0.0
2022-11-13,18.29
2022-11-14,15.5
2022-11-15,31.0
2022-11-16,16.12
2022-11-17,10.23
2022-11-18,0.0
2022-11-19,0.0
2022-11-20,9.3
2022-11-21,8.68
2022-11-22,12.4
2022-11-23,0.0
2022-11-24,25.42
2022-11-25,0.0
2022-11-26,21.08
2022-11-27,19.84
2022-11-28,0.0
2022-11-29,13.64
2022-11-30,0.0
2022-12-01,0.0
2022-12-02,9.86
2022-12-03,0.0
2022-12-04,0.0
2022-12-05,19.43
2022-12-06,29.0
2022-12-07,0.0
2022-12-08,8.7
2022-12-09,0.0
2022-12-10,13.919999999999998
2022-12-11,0.0
2022-12-12,0.0
2022-12-13,0.0
2022-12-14,8.7
2022-12-15,0.0
2022-12-16,19.43
2022-12-17,0.0
2022-12-18,0.0
2022-12-19,0.0
2022-12-20,7.829999999999999
2022-12-21,20.01
2022-12-22,0.0
2022-12-23,0.0
2022-12-24,0.0
2022-12-25,0.0
2022-12-26,0.0
2022-12-27,9.86
2022-12-28,10.44
2022-12-29,7.249999999999999
2022-12-30,0.0
2022-12-31,0.0
2023-01-01,0.0
2023-01-02,0.0
2023-01-03,17.02
2023-01-04,25.53
2023-01-05,27.01
2023-01-06,0.0
2023-01-07,0.0
2023-01-08,36.26
2023-01-09,17.02
2023-01-10,0.0
2023-01-11,20.72
2023-01-12,0.0
2023-01-13,0.0
2023-01-14,18.87
2023-01-15,0.0
2023-01-16,0.0
2023-01-17,22.94
2023-01-18,0.0
2023-01-19,23.31
2023-01-20,0.0
2023-01-21,18.5
2023-01-22,0.0
2023-01-23,12.58
2023-01-24,18.5
2023-01-25,37.0
2023-01-26,24.79
2023-01-27,35.52
2023-01-28,0.0
2023-01-29,0.0
2023-01-30,0.0
2023-01-31,11.84
2023-02-01,25.9
2023-02-02,26.25
2023-02-03,0.0
2023-02-04,0.0
2023-02-05,0.0
2023-02-06,18.55
2023-02-07,0.0
2023-02-08,21.0
2023-02-09,0.0
2023-02-10,0.0
2023-02-11,35.0
2023-02-12,0.0
2023-02-13,16.099999999999998
2023-02-14,0.0
2023-02-15,17.15
2023-02-16,16.45
2023-02-17,18.55
2023-02-18,0.0
2023-02-19,0.0
2023-02-20,11.55
2023-02-21,16.099999999999998
2023-02-22,0.0
2023-02-23,0.0
2023-02-24,27.3
2023-02-25,0.0
2023-02-26,0.0
2023-02-27,23.8
2023-02-28,22.05
2023-03-01,13.02
2023-03-02,8.82
2023-03-03,18.48
2023-03-04,42.0
2023-03-05,28.98
2023-03-06,16.38
2023-03-07,10.5
2023-03-08,0.0
2023-03-09,32.76
2023-03-10,13.44
2023-03-11,0.0
2023-03-12,0.0
2023-03-13,23.52
2023-03-14,28.98
2023-03-15,34.86
2023-03-16,14.28
2023-03-17,10.5
2023-03-18,24.36
2023-03-19,0.0
2023-03-20,8.82
2023-03-21,0.0
2023-03-22,14.7
2023-03-23,8.82
2023-03-24,0.0
2023-03-25,0.0
2023-03-26,0.0
2023-03-27,0.0
2023-03-28,15.96
2023-03-29,0.0
2023-03-30,0.0
2023-03-31,0.0
2023-04-01,0.0
2023-04-02,0.0
2023-04-03,0.0
2023-04-04,0.0
2023-04-05,0.0
2023-04-06,31.0
2023-04-07,23.25
2023-04-08,16.43
2023-04-09,11.78
2023-04-10,16.74
2023-04-11,15.19
2023-04-12,17.98
2023-04-13,25.73
2023-04-14,0.0
2023-04-15,0.0
2023-04-16,12.09
2023-04-17,20.46
2023-04-18,0.0
2023-04-19,18.6
2023-04-20,0.0
2023-04-21,0.0
2023-04-22,0.0
2023-04-23,0.0
2023-04-24,11.16
2023-04-25,25.11
2023-04-26,16.12
2023-04-27,0.0
2023-04-28,0.0
2023-04-29,0.0
2023-04-30,16.43
2023-05-01,8.4
2023-05-02,6.24
2023-05-03,0.0
2023-05-04,0.0
2023-05-05,0.0
2023-05-06,0.0
2023-05-07,6.96
2023-05-08,0.0
2023-05-09,0.0
2023-05-10,7.199999999999999
2023-05-11,6.24
2023-05-12,12.0
2023-05-13,23.28
2023-05-14,0.0
2023-05-15,0.0
2023-05-16,0.0
2023-05-17,0.0
2023-05-18,0.0
2023-05-19,0.0
2023-05-20,0.0
2023-05-21,0.0
2023-05-22,0.0
2023-05-23,5.279999999999999
2023-05-24,7.199999999999999
2023-05-25,24.0
2023-05-26,0.0
2023-05-27,0.0
2023-05-28,0.0
2023-05-29,0.0
2023-05-30,6.0
2023-05-31,0.0
2023-06-01,8.41
2023-06-02,5.22
2023-06-03,17.689999999999998
2023-06-04,6.38
2023-06-05,29.0
2023-06-06,0.0
2023-06-07,0.0
2023-06-08,11.6
2023-06-09,16.529999999999998
2023-06-10,0.0
2023-06-11,0.0
2023-06-12,13.919999999999998
2023-06-13,8.41
2023-06-14,6.67
2023-06-15,0.0
2023-06-16,6.38
2023-06-17,0.0
2023-06-18,0.0
2023-06-19,10.73
2023-06-20,0.0
2023-06-21,0.0
2023-06-22,0.0
2023-06-23,6.959999999999999
2023-06-24,0.0
2023-06-25,6.959999999999999
2023-06-26,0.0
2023-06-27,9.86
2023-06-28,6.959999999999999
2023-06-29,12.18
2023-06-30,0.0
2023-07-01,0.0
2023-07-02,9.6
2023-07-03,0.0
2023-07-04,13.76
2023-07-05,25.28
2023-07-06,0.0
2023-07-07,14.08
2023-07-08,9.28
2023-07-09,0.0
2023-07-10,17.92
2023-07-11,0.0
2023-07-12,0.0
2023-07-13,32.0
2023-07-14,22.08
2023-07-15,0.0
2023-07-16,0.0
2023-07-17,0.0
2023-07-18,0.0
2023-07-19,21.44
2023-07-20,17.92
2023-07-21,0.0
2023-07-22,0.0
2023-07-23,0.0
2023-07-24,13.44
2023-07-25,29.12
2023-07-26,0.0
2023-07-27,0.0
2023-07-28,0.0
2023-07-29,0.0
2023-07-30,10.88
2023-07-31,0.0
2023-08-01,4.48
2023-08-02,0.0
2023-08-03,0.0
2023-08-04,0.0
2023-08-05,0.0
2023-08-06,0.0
2023-08-07,5.6000000000000005
2023-08-08,18.200000000000003
2023-08-09,0.0
2023-08-10,0.0
2023-08-11,0.0
2023-08-12,0.0
2023-08-13,0.0
2023-08-14,0.0
2023-08-15,7.280000000000001
2023-08-16,0.0
2023-08-17,0.0
2023-08-18,10.36
2023-08-19,5.040000000000001
2023-08-20,9.52
2023-08-21,0.0
2023-08-22,0.0
2023-08-23,11.2
2023-08-24,0.0
2023-08-25,15.400000000000002
2023-08-26,0.0
2023-08-27,0.0
2023-08-28,4.760000000000001
2023-08-29,28.000000000000004
2023-08-30,0.0
2023-08-31,0.0
2023-09-01,0.0
2023-09-02,15.66
2023-09-03,0.0
2023-09-04,0.0
2023-09-05,0.0
2023-09-06,0.0
2023-09-07,8.82
2023-09-08,0.0
2023-09-09,0.0
2023-09-10,0.0
2023-09-11,0.0
2023-09-12,0.0
2023-09-13,17.82
2023-09-14,6.12
2023-09-15,0.0
2023-09-16,0.0
2023-09-17,0.0
2023-09-18,0.0
2023-09-19,0.0
2023-09-20,10.44
2023-09-21,0.0
2023-09-22,0.0
2023-09-23,0.0
2023-09-24,0.0
2023-09-25,0.0
2023-09-26,0.0
2023-09-27,0.0
2023-09-28,0.0
2023-09-29,15.3
2023-09-30,18.0
2023-10-01,14.0
2023-10-02,0.0
2023-10-03,0.0
2023-10-04,0.0
2023-10-05,0.0
2023-10-06,8.0
2023-10-07,0.0
2023-10-08,14.25
2023-10-09,14.5
2023-10-10,23.25
2023-10-11,22.0
2023-10-12,0.0
2023-10-13,0.0
2023-10-14,12.25
2023-10-15,0.0
2023-10-16,0.0
2023-10-17,16.0
2023-10-18,0.0
2023-10-19,0.0
2023-10-20,25.0
2023-10-21,13.25
2023-10-22,0.0
2023-10-23,0.0
2023-10-24,0.0
2023-10-25,21.75
2023-10-26,11.75
2023-10-27,11.0
2023-10-28,16.25
2023-10-29,0.0
2023-10-30,14.75
2023-10-31,0.0
2023-11-01,10.56
2023-11-02,0.0
2023-11-03,0.0
2023-11-04,0.0
2023-11-05,0.0
2023-11-06,5.76
2023-11-07,0.0
2023-11-08,0.0
2023-11-09,0.0
2023-11-10,4.8
2023-11-11,0.0
2023-11-12,0.0
2023-11-13,17.28
2023-11-14,10.88
2023-11-15,15.04
2023-11-16,6.72
2023-11-17,6.4
2023-11-18,0.0
2023-11-19,6.72
2023-11-20,0.0
2023-11-21,7.04
2023-11-22,0.0
2023-11-23,0.0
2023-11-24,12.8
2023-11-25,0.0
2023-11-26,0.0
2023-11-27,32.0
2023-11-28,0.0
2023-11-29,7.68
2023-11-30,0.0
2023-12-01,0.0
2023-12-02,11.56
2023-12-03,0.0
2023-12-04,0.0
2023-12-05,13.6
2023-12-06,25.16
2023-12-07,0.0
2023-12-08,20.4
2023-12-09,0.0
2023-12-10,0.0
2023-12-11,0.0
2023-12-12,0.0
2023-12-13,17.68
2023-12-14,22.1
2023-12-15,29.24
2023-12-16,0.0
2023-12-17,0.0
2023-12-18,10.88
2023-12-19,0.0
2023-12-20,12.58
2023-12-21,0.0
2023-12-22,34.0
2023-12-23,0.0
2023-12-24,0.0
2023-12-25,0.0
2023-12-26,24.14
2023-12-27,33.32
2023-12-28,12.920000000000002
2023-12-29,0.0
2023-12-30,22.1
2023-12-31,0.0
