date,BA
2013-01-01,0.0
2013-01-02,0.7000000000000001
2013-01-03,1.1
2013-01-04,0.95
2013-01-05,0.0
2013-01-06,0.0
2013-01-07,0.0
2013-01-08,1.35
2013-01-09,1.35
2013-01-10,0.0
2013-01-11,1.4500000000000002
2013-01-12,1.65
2013-01-13,0.45
2013-01-14,0.8
2013-01-15,0.0
2013-01-16,2.3000000000000003
2013-01-17,5.0
2013-01-18,2.25
2013-01-19,1.5
2013-01-20,0.0
2013-01-21,0.0
2013-01-22,0.65
2013-01-23,1.75
2013-01-24,1.65
2013-01-25,1.65
2013-01-26,0.8500000000000001
2013-01-27,0.0
2013-01-28,1.3
2013-01-29,1.0
2013-01-30,1.15
2013-01-31,0.0
2013-02-01,0.8200000000000001
2013-02-02,0.0
2013-02-03,0.0
2013-02-04,1.58
2013-02-05,2.0
2013-02-06,0.6
2013-02-07,1.8
2013-02-08,1.28
2013-02-09,0.54
2013-02-10,0.0
2013-02-11,0.0
2013-02-12,0.52
2013-02-13,1.16
2013-02-14,0.42
2013-02-15,0.46
2013-02-16,1.74
2013-02-17,0.0
2013-02-18,0.0
2013-02-19,0.58
2013-02-20,1.32
2013-02-21,1.24
2013-02-22,1.88
2013-02-23,0.66
2013-02-24,0.0
2013-02-25,0.56
2013-02-26,0.0
2013-02-27,0.0
2013-02-28,0.5
2013-03-01,1.24
2013-03-02,0.0
2013-03-03,0.0
2013-03-04,0.0
2013-03-05,1.48
2013-03-06,0.0
2013-03-07,2.0
2013-03-08,0.0
2013-03-09,0.0
2013-03-10,0.0
2013-03-11,0.52
2013-03-12,0.0
2013-03-13,0.92
2013-03-14,0.8200000000000001
2013-03-15,0.0
2013-03-16,1.4
2013-03-17,1.3
2013-03-18,0.0
2013-03-19,1.4
2013-03-20,0.88
2013-03-21,1.12
2013-03-22,0.6
2013-03-23,0.8200000000000001
2013-03-24,0.68
2013-03-25,0.66
2013-03-26,1.0
2013-03-27,0.42
2013-03-28,0.0
2013-03-29,0.0
2013-03-30,1.76
2013-03-31,0.0
2013-04-01,2.1
2013-04-02,0.84
2013-04-03,1.65
2013-04-04,2.22
2013-04-05,0.0
2013-04-06,0.0
2013-04-07,0.0
2013-04-08,0.72
2013-04-09,0.93
2013-04-10,1.65
2013-04-11,1.14
2013-04-12,0.0
2013-04-13,0.0
2013-04-14,0.0
2013-04-15,0.0
2013-04-16,0.0
2013-04-17,0.0
2013-04-18,0.0
2013-04-19,0.0
2013-04-20,0.8999999999999999
2013-04-21,0.0
2013-04-22,1.38
2013-04-23,0.87
2013-04-24,1.08
2013-04-25,0.75
2013-04-26,3.0
2013-04-27,0.93
2013-04-28,0.0
2013-04-29,0.0
2013-04-30,2.55
2013-05-01,1.59
2013-05-02,0.72
2013-05-03,0.6
2013-05-04,2.07
2013-05-05,0.0
2013-05-06,0.54
2013-05-07,0.63
2013-05-08,1.11
2013-05-09,0.0
2013-05-10,3.0
2013-05-11,0.0
2013-05-12,0.0
2013-05-13,0.0
2013-05-14,1.08
2013-05-15,0.0
2013-05-16,0.75
2013-05-17,0.51
2013-05-18,0.0
2013-05-19,0.0
2013-05-20,0.0
2013-05-21,0.0
2013-05-22,0.8099999999999999
2013-05-23,1.29
2013-05-24,1.29
2013-05-25,1.2
2013-05-26,0.6
2013-05-27,0.0
2013-05-28,2.1
2013-05-29,0.93
2013-05-30,0.0
2013-05-31,0.39
2013-06-01,1.5
2013-06-02,0.0
2013-06-03,0.96
2013-06-04,2.49
2013-06-05,1.83
2013-06-06,2.82
2013-06-07,1.98
2013-06-08,0.0
2013-06-09,1.02
2013-06-10,2.28
2013-06-11,1.62
2013-06-12,0.99
2013-06-13,1.29
2013-06-14,0.99
2013-06-15,0.0
2013-06-16,0.0
2013-06-17,1.86
2013-06-18,2.34
2013-06-19,2.07
2013-06-20,1.44
2013-06-21,0.0
2013-06-22,3.0
2013-06-23,0.0
2013-06-24,0.0
2013-06-25,1.14
2013-06-26,0.84
2013-06-27,2.19
2013-06-28,1.17
2013-06-29,0.0
2013-06-30,0.0
2013-07-01,0.0
2013-07-02,0.76
2013-07-03,1.4
2013-07-04,0.0
2013-07-05,0.0
2013-07-06,0.0
2013-07-07,1.32
2013-07-08,0.96
2013-07-09,1.8
2013-07-10,1.84
2013-07-11,3.92
2013-07-12,3.92
2013-07-13,2.32
2013-07-14,3.44
2013-07-15,2.08
2013-07-16,2.4
2013-07-17,3.92
2013-07-18,0.88
2013-07-19,4.0
2013-07-20,0.0
2013-07-21,0.84
2013-07-22,1.36
2013-07-23,1.64
2013-07-24,2.0
2013-07-25,1.68
2013-07-26,2.24
2013-07-27,0.0
2013-07-28,0.72
2013-07-29,1.04
2013-07-30,1.4
2013-07-31,0.6
2013-08-01,0.0
2013-08-02,0.93
2013-08-03,0.0
2013-08-04,0.0
2013-08-05,3.0
2013-08-06,2.61
2013-08-07,1.38
2013-08-08,0.69
2013-08-09,0.84
2013-08-10,0.0
2013-08-11,0.0
2013-08-12,0.0
2013-08-13,2.04
2013-08-14,0.93
2013-08-15,0.0
2013-08-16,2.25
2013-08-17,0.0
2013-08-18,0.0
2013-08-19,0.0
2013-08-20,2.58
2013-08-21,0.8999999999999999
2013-08-22,2.7
2013-08-23,0.0
2013-08-24,0.84
2013-08-25,1.23
2013-08-26,0.0
2013-08-27,0.72
2013-08-28,1.44
2013-08-29,1.23
2013-08-30,0.69
2013-08-31,0.0
2013-09-01,0.0
2013-09-02,0.0
2013-09-03,0.0
2013-09-04,0.6
2013-09-05,0.0
2013-09-06,0.99
2013-09-07,0.0
2013-09-08,0.0
2013-09-09,0.93
2013-09-10,0.42
2013-09-11,1.2
2013-09-12,0.0
2013-09-13,1.95
2013-09-14,1.14
2013-09-15,0.0
2013-09-16,1.29
2013-09-17,3.0
2013-09-18,1.14
2013-09-19,2.7
2013-09-20,1.17
2013-09-21,0.0
2013-09-22,0.0
2013-09-23,1.05
2013-09-24,0.78
2013-09-25,0.0
2013-09-26,1.11
2013-09-27,0.69
2013-09-28,0.84
2013-09-29,0.0
2013-09-30,1.02
2013-10-01,3.04
2013-10-02,1.6
2013-10-03,0.92
2013-10-04,3.12
2013-10-05,2.32
2013-10-06,1.32
2013-10-07,1.4
2013-10-08,2.12
2013-10-09,0.0
2013-10-10,2.6
2013-10-11,1.96
2013-10-12,0.0
2013-10-13,1.28
2013-10-14,0.0
2013-10-15,1.88
2013-10-16,2.0
2013-10-17,0.84
2013-10-18,0.0
2013-10-19,0.0
2013-10-20,0.0
2013-10-21,0.0
2013-10-22,2.04
2013-10-23,2.28
2013-10-24,4.0
2013-10-25,3.04
2013-10-26,1.4
2013-10-27,1.72
2013-10-28,2.52
2013-10-29,0.0
2013-10-30,2.08
2013-10-31,1.56
2013-11-01,0.0
2013-11-02,3.12
2013-11-03,0.0
2013-11-04,2.08
2013-11-05,3.36
2013-11-06,0.0
2013-11-07,2.0
2013-11-08,0.0
2013-11-09,2.2
2013-11-10,2.48
2013-11-11,1.32
2013-11-12,3.76
2013-11-13,1.44
2013-11-14,1.24
2013-11-15,0.0
2013-11-16,0.0
2013-11-17,1.48
2013-11-18,3.08
2013-11-19,3.44
2013-11-20,1.76
2013-11-21,2.4
2013-11-22,4.0
2013-11-23,0.0
2013-11-24,3.3200000000000003
2013-11-25,2.6
2013-11-26,2.24
2013-11-27,3.92
2013-11-28,0.0
2013-11-29,2.4
2013-11-30,0.0
2013-12-01,0.69
2013-12-02,0.0
2013-12-03,1.44
2013-12-04,2.25
2013-12-05,1.08
2013-12-06,1.44
2013-12-07,1.5
2013-12-08,0.0
2013-12-09,2.43
2013-12-10,0.93
2013-12-11,1.68
2013-12-12,1.71
2013-12-13,1.29
2013-12-14,0.8099999999999999
2013-12-15,0.0
2013-12-16,1.53
2013-12-17,1.29
2013-12-18,1.3199999999999998
2013-12-19,2.25
2013-12-20,0.0
2013-12-21,0.6599999999999999
2013-12-22,1.62
2013-12-23,1.38
2013-12-24,0.0
2013-12-25,0.0
2013-12-26,3.0
2013-12-27,1.62
2013-12-28,1.41
2013-12-29,1.92
2013-12-30,0.75
2013-12-31,1.38
2014-01-01,1.84
2014-01-02,0.0
2014-01-03,0.0
2014-01-04,2.88
2014-01-05,0.0
2014-01-06,0.0
2014-01-07,2.2
2014-01-08,3.12
2014-01-09,2.2
2014-01-10,0.0
2014-01-11,0.96
2014-01-12,0.88
2014-01-13,0.76
2014-01-14,1.92
2014-01-15,2.6
2014-01-16,1.8
2014-01-17,0.88
2014-01-18,0.0
2014-01-19,1.92
2014-01-20,1.32
2014-01-21,3.08
2014-01-22,2.72
2014-01-23,0.0
2014-01-24,1.16
2014-01-25,0.96
2014-01-26,0.0
2014-01-27,0.0
2014-01-28,1.76
2014-01-29,3.16
2014-01-30,4.0
2014-01-31,3.04
2014-02-01,4.0
2014-02-02,1.08
2014-02-03,0.64
2014-02-04,0.0
2014-02-05,2.88
2014-02-06,0.0
2014-02-07,1.48
2014-02-08,1.4
2014-02-09,0.8
2014-02-10,1.08
2014-02-11,2.88
2014-02-12,2.04
2014-02-13,1.56
2014-02-14,2.56
2014-02-15,1.84
2014-02-16,1.44
2014-02-17,0.0
2014-02-18,1.96
2014-02-19,2.52
2014-02-20,0.76
2014-02-21,1.32
2014-02-22,1.96
2014-02-23,0.0
2014-02-24,0.0
2014-02-25,3.56
2014-02-26,0.6
2014-02-27,0.0
2014-02-28,2.08
2014-03-01,0.0
2014-03-02,0.0
2014-03-03,1.68
2014-03-04,0.56
2014-03-05,2.2
2014-03-06,1.48
2014-03-07,1.44
2014-03-08,1.08
2014-03-09,0.88
2014-03-10,0.84
2014-03-11,3.56
2014-03-12,2.6
2014-03-13,1.2
2014-03-14,2.36
2014-03-15,0.0
2014-03-16,0.0
2014-03-17,2.08
2014-03-18,1.88
2014-03-19,1.6
2014-03-20,4.0
2014-03-21,1.56
2014-03-22,0.0
2014-03-23,0.0
2014-03-24,2.84
2014-03-25,0.88
2014-03-26,1.88
2014-03-27,1.56
2014-03-28,1.72
2014-03-29,1.16
2014-03-30,0.0
2014-03-31,1.76
2014-04-01,0.0
2014-04-02,1.56
2014-04-03,1.89
2014-04-04,2.82
2014-04-05,0.0
2014-04-06,1.2
2014-04-07,1.23
2014-04-08,1.92
2014-04-09,0.0
2014-04-10,2.34
2014-04-11,0.0
2014-04-12,0.0
2014-04-13,1.56
2014-04-14,2.88
2014-04-15,3.0
2014-04-16,0.0
2014-04-17,1.35
2014-04-18,1.2
2014-04-19,1.11
2014-04-20,0.0
2014-04-21,0.0
2014-04-22,2.4
2014-04-23,1.14
2014-04-24,0.0
2014-04-25,1.35
2014-04-26,1.29
2014-04-27,0.0
2014-04-28,1.35
2014-04-29,2.04
2014-04-30,1.2
2014-05-01,2.52
2014-05-02,0.0
2014-05-03,1.17
2014-05-04,2.07
2014-05-05,1.7999999999999998
2014-05-06,0.0
2014-05-07,1.35
2014-05-08,3.0
2014-05-09,2.28
2014-05-10,3.0
2014-05-11,0.0
2014-05-12,0.0
2014-05-13,2.58
2014-05-14,1.29
2014-05-15,1.38
2014-05-16,0.0
2014-05-17,1.7999999999999998
2014-05-18,0.84
2014-05-19,1.95
2014-05-20,1.05
2014-05-21,2.04
2014-05-22,0.0
2014-05-23,0.0
2014-05-24,0.0
2014-05-25,0.0
2014-05-26,0.0
2014-05-27,0.75
2014-05-28,1.23
2014-05-29,1.26
2014-05-30,1.3199999999999998
2014-05-31,0.0
2014-06-01,0.0
2014-06-02,1.02
2014-06-03,1.12
2014-06-04,0.94
2014-06-05,0.0
2014-06-06,2.0
2014-06-07,0.0
2014-06-08,0.74
2014-06-09,0.52
2014-06-10,0.46
2014-06-11,0.52
2014-06-12,1.2
2014-06-13,0.52
2014-06-14,0.0
2014-06-15,0.0
2014-06-16,1.08
2014-06-17,1.26
2014-06-18,0.0
2014-06-19,0.0
2014-06-20,1.16
2014-06-21,0.0
2014-06-22,0.0
2014-06-23,0.0
2014-06-24,0.0
2014-06-25,0.44
2014-06-26,0.0
2014-06-27,1.58
2014-06-28,0.0
2014-06-29,0.0
2014-06-30,1.4
2014-07-01,0.0
2014-07-02,0.0
2014-07-03,1.56
2014-07-04,0.0
2014-07-05,3.0
2014-07-06,1.3199999999999998
2014-07-07,0.0
2014-07-08,1.38
2014-07-09,0.0
2014-07-10,1.86
2014-07-11,1.68
2014-07-12,0.0
2014-07-13,0.0
2014-07-14,0.0
2014-07-15,1.14
2014-07-16,2.31
2014-07-17,1.35
2014-07-18,2.52
2014-07-19,0.0
2014-07-20,0.0
2014-07-21,1.86
2014-07-22,1.47
2014-07-23,2.34
2014-07-24,1.59
2014-07-25,0.0
2014-07-26,0.0
2014-07-27,0.0
2014-07-28,2.1
2014-07-29,1.95
2014-07-30,0.0
2014-07-31,0.72
2014-08-01,1.04
2014-08-02,0.0
2014-08-03,0.0
2014-08-04,1.1
2014-08-05,0.96
2014-08-06,0.0
2014-08-07,0.0
2014-08-08,0.96
2014-08-09,0.0
2014-08-10,0.0
2014-08-11,0.96
2014-08-12,0.86
2014-08-13,0.92
2014-08-14,0.0
2014-08-15,2.0
2014-08-16,0.0
2014-08-17,1.28
2014-08-18,1.08
2014-08-19,0.9
2014-08-20,1.92
2014-08-21,0.7000000000000001
2014-08-22,1.54
2014-08-23,1.16
2014-08-24,0.0
2014-08-25,0.0
2014-08-26,0.0
2014-08-27,0.9
2014-08-28,0.0
2014-08-29,1.76
2014-08-30,0.0
2014-08-31,0.0
2014-09-01,0.0
2014-09-02,1.53
2014-09-03,1.83
2014-09-04,0.0
2014-09-05,1.35
2014-09-06,1.41
2014-09-07,0.0
2014-09-08,1.65
2014-09-09,1.71
2014-09-10,2.85
2014-09-11,2.4
2014-09-12,1.17
2014-09-13,3.0
2014-09-14,0.0
2014-09-15,0.8999999999999999
2014-09-16,2.16
2014-09-17,2.61
2014-09-18,2.22
2014-09-19,0.0
2014-09-20,1.17
2014-09-21,0.0
2014-09-22,1.65
2014-09-23,2.4
2014-09-24,0.0
2014-09-25,3.0
2014-09-26,2.13
2014-09-27,0.0
2014-09-28,0.0
2014-09-29,1.5
2014-09-30,2.31
2014-10-01,1.44
2014-10-02,1.56
2014-10-03,0.0
2014-10-04,0.0
2014-10-05,0.0
2014-10-06,1.32
2014-10-07,0.92
2014-10-08,0.0
2014-10-09,1.84
2014-10-10,2.12
2014-10-11,0.0
2014-10-12,0.0
2014-10-13,3.0
2014-10-14,1.36
2014-10-15,2.08
2014-10-16,1.04
2014-10-17,3.04
2014-10-18,0.0
2014-10-19,0.0
2014-10-20,0.0
2014-10-21,0.92
2014-10-22,0.0
2014-10-23,4.0
2014-10-24,2.36
2014-10-25,2.48
2014-10-26,0.0
2014-10-27,2.64
2014-10-28,1.0
2014-10-29,3.3200000000000003
2014-10-30,2.12
2014-10-31,0.0
2014-11-01,1.3199999999999998
2014-11-02,0.0
2014-11-03,0.84
2014-11-04,0.6599999999999999
2014-11-05,1.08
2014-11-06,1.7999999999999998
2014-11-07,2.49
2014-11-08,1.23
2014-11-09,0.0
2014-11-10,1.62
2014-11-11,0.93
2014-11-12,1.86
2014-11-13,1.3199999999999998
2014-11-14,1.41
2014-11-15,0.72
2014-11-16,2.16
2014-11-17,0.0
2014-11-18,1.08
2014-11-19,1.35
2014-11-20,0.0
2014-11-21,1.17
2014-11-22,0.0
2014-11-23,0.0
2014-11-24,0.72
2014-11-25,2.1
2014-11-26,2.07
2014-11-27,3.0
2014-11-28,0.0
2014-11-29,0.0
2014-11-30,0.0
2014-12-01,0.68
2014-12-02,0.0
2014-12-03,1.92
2014-12-04,2.04
2014-12-05,0.0
2014-12-06,0.0
2014-12-07,1.4
2014-12-08,0.0
2014-12-09,0.84
2014-12-10,1.04
2014-12-11,1.0
2014-12-12,1.92
2014-12-13,1.36
2014-12-14,1.52
2014-12-15,0.0
2014-12-16,4.0
2014-12-17,1.0
2014-12-18,1.2
2014-12-19,3.64
2014-12-20,2.12
2014-12-21,0.0
2014-12-22,0.0
2014-12-23,1.36
2014-12-24,1.56
2014-12-25,1.76
2014-12-26,2.08
2014-12-27,1.16
2014-12-28,0.0
2014-12-29,1.6
2014-12-30,2.92
2014-12-31,1.08
2015-01-01,2.28
2015-01-02,0.0
2015-01-03,0.0
2015-01-04,0.0
2015-01-05,2.24
2015-01-06,0.92
2015-01-07,3.44
2015-01-08,1.68
2015-01-09,1.84
2015-01-10,0.0
2015-01-11,1.0
2015-01-12,3.0
2015-01-13,0.0
2015-01-14,2.44
2015-01-15,1.04
2015-01-16,0.0
2015-01-17,2.04
2015-01-18,0.0
2015-01-19,0.0
2015-01-20,2.88
2015-01-21,2.08
2015-01-22,3.4
2015-01-23,3.04
2015-01-24,0.0
2015-01-25,0.0
2015-01-26,1.96
2015-01-27,2.32
2015-01-28,3.2
2015-01-29,4.0
2015-01-30,3.2
2015-01-31,1.64
2015-02-01,0.95
2015-02-02,2.45
2015-02-03,2.1
2015-02-04,2.25
2015-02-05,1.3
2015-02-06,1.75
2015-02-07,1.7000000000000002
2015-02-08,0.0
2015-02-09,0.0
2015-02-10,1.75
2015-02-11,0.0
2015-02-12,0.0
2015-02-13,2.35
2015-02-14,0.0
2015-02-15,1.65
2015-02-16,1.7000000000000002
2015-02-17,2.8000000000000003
2015-02-18,3.0500000000000003
2015-02-19,4.4
2015-02-20,4.3
2015-02-21,1.9
2015-02-22,0.0
2015-02-23,2.6500000000000004
2015-02-24,5.0
2015-02-25,2.8000000000000003
2015-02-26,2.3000000000000003
2015-02-27,3.1
2015-02-28,2.2
2015-03-01,0.0
2015-03-02,1.0
2015-03-03,4.0
2015-03-04,0.72
2015-03-05,1.08
2015-03-06,1.52
2015-03-07,1.16
2015-03-08,0.0
2015-03-09,0.0
2015-03-10,2.16
2015-03-11,0.96
2015-03-12,1.24
2015-03-13,2.12
2015-03-14,0.92
2015-03-15,0.0
2015-03-16,1.08
2015-03-17,1.32
2015-03-18,0.92
2015-03-19,2.16
2015-03-20,2.12
2015-03-21,1.52
2015-03-22,0.84
2015-03-23,2.6
2015-03-24,0.0
2015-03-25,0.0
2015-03-26,1.04
2015-03-27,0.0
2015-03-28,1.16
2015-03-29,1.32
2015-03-30,0.56
2015-03-31,1.32
2015-04-01,0.0
2015-04-02,1.83
2015-04-03,0.0
2015-04-04,0.0
2015-04-05,0.0
2015-04-06,2.28
2015-04-07,2.25
2015-04-08,0.93
2015-04-09,2.58
2015-04-10,2.73
2015-04-11,1.11
2015-04-12,2.16
2015-04-13,2.67
2015-04-14,2.4
2015-04-15,2.31
2015-04-16,1.86
2015-04-17,0.0
2015-04-18,0.0
2015-04-19,1.05
2015-04-20,0.0
2015-04-21,2.19
2015-04-22,2.46
2015-04-23,1.05
2015-04-24,3.0
2015-04-25,1.95
2015-04-26,1.59
2015-04-27,0.93
2015-04-28,1.59
2015-04-29,1.17
2015-04-30,0.0
2015-05-01,1.71
2015-05-02,0.0
2015-05-03,0.0
2015-05-04,2.37
2015-05-05,0.0
2015-05-06,2.31
2015-05-07,0.0
2015-05-08,2.25
2015-05-09,0.0
2015-05-10,0.0
2015-05-11,0.99
2015-05-12,0.0
2015-05-13,0.99
2015-05-14,0.0
2015-05-15,2.1
2015-05-16,0.0
2015-05-17,0.0
2015-05-18,2.19
2015-05-19,1.47
2015-05-20,2.31
2015-05-21,1.44
2015-05-22,0.0
2015-05-23,3.0
2015-05-24,0.0
2015-05-25,0.0
2015-05-26,0.0
2015-05-27,1.86
2015-05-28,0.93
2015-05-29,0.0
2015-05-30,0.0
2015-05-31,0.0
2015-06-01,3.64
2015-06-02,2.2
2015-06-03,1.72
2015-06-04,0.0
2015-06-05,2.52
2015-06-06,1.68
2015-06-07,0.0
2015-06-08,1.28
2015-06-09,0.0
2015-06-10,2.8000000000000003
2015-06-11,2.44
2015-06-12,4.0
2015-06-13,0.0
2015-06-14,0.0
2015-06-15,1.76
2015-06-16,1.2
2015-06-17,1.08
2015-06-18,0.0
2015-06-19,1.44
2015-06-20,0.0
2015-06-21,0.0
2015-06-22,3.88
2015-06-23,3.04
2015-06-24,3.64
2015-06-25,1.96
2015-06-26,3.96
2015-06-27,0.0
2015-06-28,0.0
2015-06-29,0.0
2015-06-30,3.08
2015-07-01,1.84
2015-07-02,1.6
2015-07-03,0.0
2015-07-04,0.0
2015-07-05,0.88
2015-07-06,0.0
2015-07-07,3.16
2015-07-08,1.16
2015-07-09,1.6
2015-07-10,2.04
2015-07-11,0.72
2015-07-12,2.0
2015-07-13,2.0
2015-07-14,1.72
2015-07-15,0.96
2015-07-16,1.36
2015-07-17,1.12
2015-07-18,0.0
2015-07-19,0.0
2015-07-20,1.96
2015-07-21,0.8
2015-07-22,1.56
2015-07-23,0.6
2015-07-24,0.0
2015-07-25,2.2
2015-07-26,0.0
2015-07-27,2.92
2015-07-28,4.0
2015-07-29,0.0
2015-07-30,1.64
2015-07-31,0.0
2015-08-01,0.0
2015-08-02,2.7
2015-08-03,0.9
2015-08-04,0.0
2015-08-05,2.25
2015-08-06,0.0
2015-08-07,0.9
2015-08-08,1.5
2015-08-09,1.3
2015-08-10,1.2000000000000002
2015-08-11,0.65
2015-08-12,0.55
2015-08-13,0.0
2015-08-14,1.55
2015-08-15,0.0
2015-08-16,0.0
2015-08-17,0.8500000000000001
2015-08-18,1.35
2015-08-19,0.0
2015-08-20,2.3000000000000003
2015-08-21,2.5500000000000003
2015-08-22,0.0
2015-08-23,1.35
2015-08-24,5.0
2015-08-25,2.75
2015-08-26,3.1500000000000004
2015-08-27,1.65
2015-08-28,2.7
2015-08-29,1.3
2015-08-30,1.2000000000000002
2015-08-31,1.2000000000000002
2015-09-01,1.83
2015-09-02,0.75
2015-09-03,0.0
2015-09-04,1.65
2015-09-05,0.0
2015-09-06,0.0
2015-09-07,1.71
2015-09-08,1.08
2015-09-09,0.0
2015-09-10,2.82
2015-09-11,0.0
2015-09-12,1.2
2015-09-13,2.67
2015-09-14,2.52
2015-09-15,2.37
2015-09-16,0.0
2015-09-17,0.0
2015-09-18,2.28
2015-09-19,0.0
2015-09-20,0.0
2015-09-21,1.68
2015-09-22,1.53
2015-09-23,3.0
2015-09-24,1.17
2015-09-25,2.58
2015-09-26,0.0
2015-09-27,0.0
2015-09-28,1.17
2015-09-29,2.55
2015-09-30,1.65
2015-10-01,2.84
2015-10-02,1.96
2015-10-03,0.0
2015-10-04,0.0
2015-10-05,0.0
2015-10-06,1.68
2015-10-07,1.0
2015-10-08,0.88
2015-10-09,0.0
2015-10-10,0.0
2015-10-11,0.0
2015-10-12,0.0
2015-10-13,1.44
2015-10-14,0.88
2015-10-15,2.16
2015-10-16,1.28
2015-10-17,0.0
2015-10-18,1.04
2015-10-19,2.44
2015-10-20,1.72
2015-10-21,0.0
2015-10-22,2.08
2015-10-23,2.68
2015-10-24,2.8000000000000003
2015-10-25,0.88
2015-10-26,3.48
2015-10-27,4.0
2015-10-28,1.2
2015-10-29,2.32
2015-10-30,0.92
2015-10-31,0.0
2015-11-01,1.95
2015-11-02,2.13
2015-11-03,1.2
2015-11-04,1.53
2015-11-05,0.0
2015-11-06,1.3199999999999998
2015-11-07,0.0
2015-11-08,0.0
2015-11-09,0.63
2015-11-10,0.0
2015-11-11,1.26
2015-11-12,0.75
2015-11-13,0.51
2015-11-14,0.0
2015-11-15,0.0
2015-11-16,0.99
2015-11-17,0.0
2015-11-18,2.25
2015-11-19,3.0
2015-11-20,1.26
2015-11-21,0.0
2015-11-22,1.47
2015-11-23,0.0
2015-11-24,0.6
2015-11-25,0.0
2015-11-26,0.72
2015-11-27,1.86
2015-11-28,0.0
2015-11-29,1.71
2015-11-30,0.0
2015-12-01,0.0
2015-12-02,0.75
2015-12-03,0.75
2015-12-04,1.02
2015-12-05,1.65
2015-12-06,0.0
2015-12-07,0.48
2015-12-08,1.08
2015-12-09,0.39
2015-12-10,0.6
2015-12-11,1.17
2015-12-12,0.0
2015-12-13,0.0
2015-12-14,0.6599999999999999
2015-12-15,1.53
2015-12-16,0.51
2015-12-17,1.77
2015-12-18,3.0
2015-12-19,1.47
2015-12-20,0.0
2015-12-21,1.41
2015-12-22,0.75
2015-12-23,1.98
2015-12-24,0.63
2015-12-25,0.0
2015-12-26,0.0
2015-12-27,0.0
2015-12-28,0.0
2015-12-29,0.48
2015-12-30,0.54
2015-12-31,1.02
2016-01-01,0.0
2016-01-02,1.32
2016-01-03,0.0
2016-01-04,1.16
2016-01-05,0.72
2016-01-06,0.84
2016-01-07,3.04
2016-01-08,1.24
2016-01-09,1.12
2016-01-10,0.76
2016-01-11,1.2
2016-01-12,1.56
2016-01-13,1.2
2016-01-14,2.48
2016-01-15,1.48
2016-01-16,2.48
2016-01-17,0.96
2016-01-18,0.6
2016-01-19,2.36
2016-01-20,1.92
2016-01-21,4.0
2016-01-22,2.84
2016-01-23,2.76
2016-01-24,0.0
2016-01-25,1.8
2016-01-26,2.16
2016-01-27,3.76
2016-01-28,4.0
2016-01-29,2.92
2016-01-30,1.68
2016-01-31,0.0
2016-02-01,1.48
2016-02-02,1.76
2016-02-03,2.56
2016-02-04,2.28
2016-02-05,1.8
2016-02-06,0.0
2016-02-07,0.72
2016-02-08,1.2
2016-02-09,2.36
2016-02-10,3.12
2016-02-11,2.52
2016-02-12,3.88
2016-02-13,1.0
2016-02-14,0.84
2016-02-15,1.0
2016-02-16,2.24
2016-02-17,1.72
2016-02-18,4.0
2016-02-19,1.64
2016-02-20,0.88
2016-02-21,1.76
2016-02-22,1.32
2016-02-23,0.0
2016-02-24,2.12
2016-02-25,1.28
2016-02-26,0.88
2016-02-27,1.28
2016-02-28,0.0
2016-02-29,1.24
2016-03-01,3.0500000000000003
2016-03-02,2.85
2016-03-03,3.6
2016-03-04,4.0
2016-03-05,0.0
2016-03-06,0.0
2016-03-07,2.8000000000000003
2016-03-08,2.2
2016-03-09,2.0500000000000003
2016-03-10,3.5500000000000003
2016-03-11,4.95
2016-03-12,1.15
2016-03-13,0.8500000000000001
2016-03-14,2.25
2016-03-15,1.35
2016-03-16,3.4000000000000004
2016-03-17,4.7
2016-03-18,4.1000000000000005
2016-03-19,1.85
2016-03-20,0.0
2016-03-21,4.55
2016-03-22,1.2000000000000002
2016-03-23,3.5
2016-03-24,1.5
2016-03-25,2.0500000000000003
2016-03-26,3.5500000000000003
2016-03-27,2.15
2016-03-28,4.45
2016-03-29,2.35
2016-03-30,5.0
2016-03-31,4.95
2016-04-01,2.36
2016-04-02,1.08
2016-04-03,0.0
2016-04-04,1.28
2016-04-05,1.44
2016-04-06,4.0
2016-04-07,1.68
2016-04-08,2.64
2016-04-09,0.92
2016-04-10,0.0
2016-04-11,3.36
2016-04-12,1.4
2016-04-13,1.0
2016-04-14,0.88
2016-04-15,2.32
2016-04-16,0.0
2016-04-17,0.0
2016-04-18,1.12
2016-04-19,3.16
2016-04-20,1.72
2016-04-21,0.84
2016-04-22,1.4
2016-04-23,0.0
2016-04-24,1.64
2016-04-25,2.84
2016-04-26,1.4
2016-04-27,3.48
2016-04-28,2.12
2016-04-29,1.72
2016-04-30,1.64
2016-05-01,0.0
2016-05-02,1.05
2016-05-03,1.86
2016-05-04,1.7999999999999998
2016-05-05,0.96
2016-05-06,2.19
2016-05-07,0.0
2016-05-08,0.0
2016-05-09,1.14
2016-05-10,0.63
2016-05-11,0.75
2016-05-12,2.37
2016-05-13,0.0
2016-05-14,0.69
2016-05-15,0.84
2016-05-16,0.0
2016-05-17,1.98
2016-05-18,1.26
2016-05-19,3.0
2016-05-20,2.04
2016-05-21,0.0
2016-05-22,0.0
2016-05-23,2.25
2016-05-24,1.95
2016-05-25,2.25
2016-05-26,2.25
2016-05-27,0.69
2016-05-28,0.0
2016-05-29,0.0
2016-05-30,0.0
2016-05-31,0.8099999999999999
2016-06-01,0.76
2016-06-02,2.8000000000000003
2016-06-03,0.0
2016-06-04,0.0
2016-06-05,0.0
2016-06-06,1.4
2016-06-07,2.76
2016-06-08,1.04
2016-06-09,1.92
2016-06-10,1.72
2016-06-11,0.0
2016-06-12,0.0
2016-06-13,0.0
2016-06-14,2.32
2016-06-15,3.6
2016-06-16,1.16
2016-06-17,0.0
2016-06-18,0.76
2016-06-19,0.0
2016-06-20,3.3200000000000003
2016-06-21,0.0
2016-06-22,1.64
2016-06-23,0.0
2016-06-24,4.0
2016-06-25,2.04
2016-06-26,1.16
2016-06-27,3.64
2016-06-28,2.68
2016-06-29,1.52
2016-06-30,1.4
2016-07-01,1.48
2016-07-02,0.0
2016-07-03,1.6
2016-07-04,0.0
2016-07-05,3.44
2016-07-06,1.4
2016-07-07,2.76
2016-07-08,2.64
2016-07-09,0.0
2016-07-10,2.72
2016-07-11,2.76
2016-07-12,3.64
2016-07-13,3.36
2016-07-14,1.88
2016-07-15,2.48
2016-07-16,0.92
2016-07-17,0.0
2016-07-18,4.0
2016-07-19,3.84
2016-07-20,3.4
2016-07-21,3.08
2016-07-22,0.0
2016-07-23,0.0
2016-07-24,0.8
2016-07-25,1.76
2016-07-26,2.2
2016-07-27,3.84
2016-07-28,2.44
2016-07-29,1.36
2016-07-30,0.0
2016-07-31,0.0
2016-08-01,0.8999999999999999
2016-08-02,1.14
2016-08-03,0.51
2016-08-04,3.0
2016-08-05,0.69
2016-08-06,1.11
2016-08-07,0.0
2016-08-08,1.35
2016-08-09,0.0
2016-08-10,0.4499999999999999
2016-08-11,1.11
2016-08-12,1.11
2016-08-13,0.6599999999999999
2016-08-14,0.0
2016-08-15,1.05
2016-08-16,1.71
2016-08-17,1.02
2016-08-18,1.56
2016-08-19,1.11
2016-08-20,0.0
2016-08-21,0.0
2016-08-22,1.3199999999999998
2016-08-23,1.29
2016-08-24,1.26
2016-08-25,0.0
2016-08-26,0.87
2016-08-27,0.0
2016-08-28,0.0
2016-08-29,0.72
2016-08-30,1.11
2016-08-31,0.6
2016-09-01,0.87
2016-09-02,0.57
2016-09-03,0.0
2016-09-04,0.0
2016-09-05,0.0
2016-09-06,0.51
2016-09-07,0.57
2016-09-08,2.01
2016-09-09,0.69
2016-09-10,1.26
2016-09-11,0.0
2016-09-12,1.5
2016-09-13,0.48
2016-09-14,1.08
2016-09-15,0.69
2016-09-16,0.0
2016-09-17,0.51
2016-09-18,0.0
2016-09-19,1.41
2016-09-20,0.84
2016-09-21,1.3199999999999998
2016-09-22,0.48
2016-09-23,0.75
2016-09-24,0.0
2016-09-25,1.05
2016-09-26,1.26
2016-09-27,0.51
2016-09-28,1.68
2016-09-29,1.68
2016-09-30,3.0
2016-10-01,1.84
2016-10-02,0.0
2016-10-03,0.64
2016-10-04,1.64
2016-10-05,1.08
2016-10-06,1.68
2016-10-07,3.12
2016-10-08,0.0
2016-10-09,0.0
2016-10-10,3.28
2016-10-11,1.96
2016-10-12,0.6
2016-10-13,0.0
2016-10-14,1.64
2016-10-15,0.84
2016-10-16,0.0
2016-10-17,1.08
2016-10-18,0.0
2016-10-19,0.0
2016-10-20,1.8
2016-10-21,0.72
2016-10-22,0.0
2016-10-23,0.0
2016-10-24,1.04
2016-10-25,4.0
2016-10-26,3.84
2016-10-27,2.88
2016-10-28,2.24
2016-10-29,0.0
2016-10-30,0.0
2016-10-31,0.0
2016-11-01,1.4500000000000002
2016-11-02,3.65
2016-11-03,3.25
2016-11-04,0.7000000000000001
2016-11-05,0.0
2016-11-06,3.1500000000000004
2016-11-07,3.3000000000000003
2016-11-08,2.85
2016-11-09,4.2
2016-11-10,2.6500000000000004
2016-11-11,1.4
2016-11-12,0.9
2016-11-13,0.0
2016-11-14,4.4
2016-11-15,3.6
2016-11-16,3.65
2016-11-17,0.7000000000000001
2016-11-18,3.65
2016-11-19,2.0
2016-11-20,2.3000000000000003
2016-11-21,3.4000000000000004
2016-11-22,3.5
2016-11-23,4.8500000000000005
2016-11-24,1.15
2016-11-25,2.0
2016-11-26,1.7000000000000002
2016-11-27,0.0
2016-11-28,2.2
2016-11-29,5.0
2016-11-30,2.35
2016-12-01,1.28
2016-12-02,1.36
2016-12-03,0.56
2016-12-04,0.32
2016-12-05,0.0
2016-12-06,6.48
2016-12-07,8.0
2016-12-08,3.84
2016-12-09,3.2
2016-12-10,1.92
2016-12-11,0.88
2016-12-12,1.92
2016-12-13,2.56
2016-12-14,1.84
2016-12-15,1.52
2016-12-16,2.16
2016-12-17,0.4
2016-12-18,0.88
2016-12-19,1.44
2016-12-20,1.44
2016-12-21,2.48
2016-12-22,1.68
2016-12-23,2.88
2016-12-24,0.0
2016-12-25,0.64
2016-12-26,0.0
2016-12-27,0.56
2016-12-28,0.8
2016-12-29,0.88
2016-12-30,0.96
2016-12-31,0.56
2017-01-01,1.75
2017-01-02,0.65
2017-01-03,1.7000000000000002
2017-01-04,1.55
2017-01-05,1.4
2017-01-06,1.7000000000000002
2017-01-07,0.55
2017-01-08,0.9
2017-01-09,0.8500000000000001
2017-01-10,1.6
2017-01-11,1.85
2017-01-12,0.9
2017-01-13,1.4
2017-01-14,1.4
2017-01-15,0.0
2017-01-16,0.65
2017-01-17,0.8
2017-01-18,1.7000000000000002
2017-01-19,1.5
2017-01-20,2.35
2017-01-21,1.35
2017-01-22,0.0
2017-01-23,2.45
2017-01-24,2.5500000000000003
2017-01-25,5.0
2017-01-26,2.4000000000000004
2017-01-27,2.8000000000000003
2017-01-28,1.05
2017-01-29,1.0
2017-01-30,1.4500000000000002
2017-01-31,1.7000000000000002
2017-02-01,3.22
2017-02-02,4.9
2017-02-03,5.670000000000001
2017-02-04,2.87
2017-02-05,0.0
2017-02-06,4.83
2017-02-07,3.22
2017-02-08,3.5700000000000003
2017-02-09,3.99
2017-02-10,4.0600000000000005
2017-02-11,0.0
2017-02-12,0.0
2017-02-13,3.08
2017-02-14,2.66
2017-02-15,4.62
2017-02-16,5.880000000000001
2017-02-17,6.580000000000001
2017-02-18,4.340000000000001
2017-02-19,1.61
2017-02-20,1.89
2017-02-21,5.53
2017-02-22,7.000000000000001
2017-02-23,6.65
2017-02-24,6.86
2017-02-25,0.0
2017-02-26,2.1
2017-02-27,3.01
2017-02-28,6.580000000000001
2017-03-01,4.550000000000001
2017-03-02,7.000000000000001
2017-03-03,5.250000000000001
2017-03-04,2.66
2017-03-05,0.0
2017-03-06,2.9400000000000004
2017-03-07,3.640000000000001
2017-03-08,3.08
2017-03-09,3.640000000000001
2017-03-10,1.96
2017-03-11,1.1900000000000002
2017-03-12,0.0
2017-03-13,5.53
2017-03-14,3.99
2017-03-15,4.0600000000000005
2017-03-16,1.8200000000000005
2017-03-17,4.130000000000001
2017-03-18,1.8200000000000005
2017-03-19,1.2600000000000002
2017-03-20,2.87
2017-03-21,3.92
2017-03-22,3.1500000000000004
2017-03-23,2.66
2017-03-24,1.61
2017-03-25,0.0
2017-03-26,0.0
2017-03-27,2.45
2017-03-28,1.2600000000000002
2017-03-29,1.8200000000000005
2017-03-30,1.33
2017-03-31,1.7500000000000002
2017-04-01,0.0
2017-04-02,1.4
2017-04-03,2.0
2017-04-04,3.65
2017-04-05,3.2
2017-04-06,1.7000000000000002
2017-04-07,3.25
2017-04-08,1.05
2017-04-09,1.1
2017-04-10,2.25
2017-04-11,2.5
2017-04-12,1.8
2017-04-13,2.3000000000000003
2017-04-14,1.5
2017-04-15,0.0
2017-04-16,1.85
2017-04-17,1.7000000000000002
2017-04-18,3.1
2017-04-19,2.2
2017-04-20,1.1
2017-04-21,1.75
2017-04-22,0.0
2017-04-23,1.4500000000000002
2017-04-24,3.45
2017-04-25,2.9000000000000004
2017-04-26,5.0
2017-04-27,2.0
2017-04-28,3.45
2017-04-29,0.0
2017-04-30,1.35
2017-05-01,3.96
2017-05-02,2.1
2017-05-03,4.74
2017-05-04,3.3
2017-05-05,2.76
2017-05-06,2.64
2017-05-07,0.0
2017-05-08,3.48
2017-05-09,0.0
2017-05-10,3.78
2017-05-11,3.48
2017-05-12,3.42
2017-05-13,1.26
2017-05-14,0.96
2017-05-15,3.24
2017-05-16,2.58
2017-05-17,4.92
2017-05-18,2.64
2017-05-19,3.84
2017-05-20,2.16
2017-05-21,3.48
2017-05-22,4.32
2017-05-23,3.42
2017-05-24,3.84
2017-05-25,6.0
2017-05-26,2.22
2017-05-27,1.62
2017-05-28,0.0
2017-05-29,0.0
2017-05-30,0.0
2017-05-31,3.42
2017-06-01,5.04
2017-06-02,3.12
2017-06-03,1.2
2017-06-04,0.0
2017-06-05,4.08
2017-06-06,5.44
2017-06-07,0.0
2017-06-08,0.0
2017-06-09,2.0
2017-06-10,1.12
2017-06-11,0.0
2017-06-12,3.2
2017-06-13,4.8
2017-06-14,3.92
2017-06-15,4.48
2017-06-16,3.52
2017-06-17,1.2
2017-06-18,2.48
2017-06-19,4.96
2017-06-20,6.640000000000001
2017-06-21,5.5200000000000005
2017-06-22,3.76
2017-06-23,5.44
2017-06-24,1.6
2017-06-25,3.68
2017-06-26,5.68
2017-06-27,3.2
2017-06-28,3.36
2017-06-29,4.0
2017-06-30,8.0
2017-07-01,0.0
2017-07-02,0.99
2017-07-03,2.43
2017-07-04,0.8999999999999999
2017-07-05,2.88
2017-07-06,3.15
2017-07-07,2.88
2017-07-08,0.0
2017-07-09,0.8999999999999999
2017-07-10,1.53
2017-07-11,3.15
2017-07-12,3.15
2017-07-13,3.42
2017-07-14,2.07
2017-07-15,0.8999999999999999
2017-07-16,0.54
2017-07-17,2.61
2017-07-18,2.97
2017-07-19,3.6
2017-07-20,4.32
2017-07-21,4.05
2017-07-22,1.26
2017-07-23,0.63
2017-07-24,2.52
2017-07-25,2.34
2017-07-26,7.29
2017-07-27,9.0
2017-07-28,7.83
2017-07-29,1.7999999999999998
2017-07-30,0.0
2017-07-31,4.41
2017-08-01,7.59
2017-08-02,11.0
2017-08-03,4.62
2017-08-04,4.4
2017-08-05,0.66
2017-08-06,2.53
2017-08-07,4.62
2017-08-08,6.49
2017-08-09,5.06
2017-08-10,3.96
2017-08-11,4.62
2017-08-12,3.41
2017-08-13,0.0
2017-08-14,2.31
2017-08-15,5.39
2017-08-16,4.4
2017-08-17,3.63
2017-08-18,3.96
2017-08-19,1.54
2017-08-20,1.98
2017-08-21,3.3
2017-08-22,6.49
2017-08-23,4.07
2017-08-24,4.95
2017-08-25,4.18
2017-08-26,1.43
2017-08-27,0.55
2017-08-28,3.63
2017-08-29,4.07
2017-08-30,5.5
2017-08-31,5.28
2017-09-01,3.42
2017-09-02,1.53
2017-09-03,0.0
2017-09-04,0.0
2017-09-05,6.66
2017-09-06,5.31
2017-09-07,6.12
2017-09-08,5.76
2017-09-09,0.99
2017-09-10,0.99
2017-09-11,6.75
2017-09-12,6.12
2017-09-13,4.5
2017-09-14,7.83
2017-09-15,7.83
2017-09-16,2.25
2017-09-17,0.0
2017-09-18,8.1
2017-09-19,7.02
2017-09-20,5.13
2017-09-21,7.56
2017-09-22,9.0
2017-09-23,4.5
2017-09-24,1.53
2017-09-25,6.12
2017-09-26,6.39
2017-09-27,7.92
2017-09-28,4.859999999999999
2017-09-29,6.39
2017-09-30,3.42
2017-10-01,0.0
2017-10-02,2.25
2017-10-03,4.77
2017-10-04,4.859999999999999
2017-10-05,2.07
2017-10-06,5.13
2017-10-07,0.8099999999999999
2017-10-08,0.0
2017-10-09,4.14
2017-10-10,4.859999999999999
2017-10-11,4.859999999999999
2017-10-12,5.67
2017-10-13,3.87
2017-10-14,2.25
2017-10-15,0.0
2017-10-16,3.87
2017-10-17,4.5
2017-10-18,3.87
2017-10-19,5.85
2017-10-20,4.95
2017-10-21,1.98
2017-10-22,0.0
2017-10-23,4.59
2017-10-24,7.92
2017-10-25,9.0
2017-10-26,4.41
2017-10-27,4.41
2017-10-28,2.61
2017-10-29,1.71
2017-10-30,5.4
2017-10-31,5.58
2017-11-01,8.28
2017-11-02,7.56
2017-11-03,5.76
2017-11-04,1.71
2017-11-05,0.0
2017-11-06,7.83
2017-11-07,3.6
2017-11-08,5.4
2017-11-09,9.0
2017-11-10,7.47
2017-11-11,4.14
2017-11-12,0.0
2017-11-13,6.569999999999999
2017-11-14,6.569999999999999
2017-11-15,8.64
2017-11-16,8.28
2017-11-17,5.76
2017-11-18,0.0
2017-11-19,0.0
2017-11-20,4.05
2017-11-21,5.58
2017-11-22,6.75
2017-11-23,1.98
2017-11-24,5.49
2017-11-25,0.0
2017-11-26,1.62
2017-11-27,4.32
2017-11-28,6.66
2017-11-29,8.82
2017-11-30,8.37
2017-12-01,6.71
2017-12-02,1.87
2017-12-03,0.66
2017-12-04,5.94
2017-12-05,6.38
2017-12-06,5.39
2017-12-07,7.92
2017-12-08,5.94
2017-12-09,1.1
2017-12-10,0.77
2017-12-11,6.49
2017-12-12,10.01
2017-12-13,8.8
2017-12-14,7.04
2017-12-15,8.8
2017-12-16,2.97
2017-12-17,1.98
2017-12-18,5.28
2017-12-19,5.94
2017-12-20,11.0
2017-12-21,10.89
2017-12-22,8.36
2017-12-23,1.32
2017-12-24,1.43
2017-12-25,0.0
2017-12-26,5.39
2017-12-27,5.72
2017-12-28,4.73
2017-12-29,6.71
2017-12-30,4.62
2017-12-31,1.87
2018-01-01,0.0
2018-01-02,4.32
2018-01-03,5.94
2018-01-04,6.48
2018-01-05,8.459999999999999
2018-01-06,2.88
2018-01-07,0.0
2018-01-08,8.1
2018-01-09,9.72
2018-01-10,7.92
2018-01-11,14.58
2018-01-12,14.58
2018-01-13,6.48
2018-01-14,2.7
2018-01-15,3.96
2018-01-16,10.26
2018-01-17,14.22
2018-01-18,12.96
2018-01-19,11.34
2018-01-20,3.06
2018-01-21,4.14
2018-01-22,7.92
2018-01-23,8.64
2018-01-24,8.28
2018-01-25,9.0
2018-01-26,11.16
2018-01-27,4.14
2018-01-28,1.98
2018-01-29,7.92
2018-01-30,9.36
2018-01-31,18.0
2018-02-01,12.4
2018-02-02,13.0
2018-02-03,4.2
2018-02-04,2.8000000000000003
2018-02-05,14.6
2018-02-06,20.0
2018-02-07,12.8
2018-02-08,13.2
2018-02-09,14.8
2018-02-10,3.4000000000000004
2018-02-11,2.8000000000000003
2018-02-12,11.8
2018-02-13,10.0
2018-02-14,13.6
2018-02-15,10.6
2018-02-16,12.4
2018-02-17,6.2
2018-02-18,2.0
2018-02-19,3.6
2018-02-20,11.8
2018-02-21,10.4
2018-02-22,11.4
2018-02-23,8.200000000000001
2018-02-24,2.0
2018-02-25,0.0
2018-02-26,7.0
2018-02-27,8.4
2018-02-28,10.4
2018-03-01,13.12
2018-03-02,13.6
2018-03-03,5.12
2018-03-04,0.0
2018-03-05,15.36
2018-03-06,14.08
2018-03-07,15.04
2018-03-08,9.92
2018-03-09,12.48
2018-03-10,5.6000000000000005
2018-03-11,1.76
2018-03-12,12.16
2018-03-13,13.44
2018-03-14,15.2
2018-03-15,14.24
2018-03-16,13.28
2018-03-17,3.36
2018-03-18,1.92
2018-03-19,10.56
2018-03-20,10.56
2018-03-21,14.72
2018-03-22,12.64
2018-03-23,16.0
2018-03-24,4.0
2018-03-25,0.0
2018-03-26,12.32
2018-03-27,12.32
2018-03-28,9.28
2018-03-29,12.64
2018-03-30,5.92
2018-03-31,3.52
2018-04-01,1.76
2018-04-02,10.72
2018-04-03,12.16
2018-04-04,16.0
2018-04-05,16.0
2018-04-06,15.04
2018-04-07,5.44
2018-04-08,2.88
2018-04-09,12.96
2018-04-10,13.76
2018-04-11,14.24
2018-04-12,11.36
2018-04-13,11.68
2018-04-14,3.36
2018-04-15,2.24
2018-04-16,11.84
2018-04-17,12.0
2018-04-18,12.64
2018-04-19,9.28
2018-04-20,7.04
2018-04-21,2.88
2018-04-22,2.4
2018-04-23,6.08
2018-04-24,12.16
2018-04-25,14.08
2018-04-26,13.28
2018-04-27,13.44
2018-04-28,1.28
2018-04-29,2.56
2018-04-30,9.28
2018-05-01,8.97
2018-05-02,8.19
2018-05-03,8.06
2018-05-04,8.71
2018-05-05,2.99
2018-05-06,0.91
2018-05-07,8.19
2018-05-08,9.1
2018-05-09,11.18
2018-05-10,12.35
2018-05-11,8.84
2018-05-12,3.25
2018-05-13,0.0
2018-05-14,9.62
2018-05-15,8.97
2018-05-16,6.5
2018-05-17,6.37
2018-05-18,11.18
2018-05-19,3.77
2018-05-20,0.91
2018-05-21,10.01
2018-05-22,12.61
2018-05-23,7.15
2018-05-24,13.0
2018-05-25,11.18
2018-05-26,2.21
2018-05-27,3.9
2018-05-28,0.0
2018-05-29,7.0200000000000005
2018-05-30,7.67
2018-05-31,9.23
2018-06-01,7.140000000000001
2018-06-02,1.54
2018-06-03,2.1
2018-06-04,11.06
2018-06-05,7.700000000000001
2018-06-06,10.36
2018-06-07,14.000000000000002
2018-06-08,9.1
2018-06-09,2.8000000000000003
2018-06-10,0.0
2018-06-11,10.64
2018-06-12,12.18
2018-06-13,9.1
2018-06-14,9.38
2018-06-15,9.8
2018-06-16,1.54
2018-06-17,4.62
2018-06-18,8.540000000000001
2018-06-19,11.9
2018-06-20,9.66
2018-06-21,8.96
2018-06-22,12.18
2018-06-23,1.54
2018-06-24,3.3600000000000003
2018-06-25,9.8
2018-06-26,9.24
2018-06-27,8.120000000000001
2018-06-28,6.44
2018-06-29,9.66
2018-06-30,0.0
2018-07-01,1.82
2018-07-02,5.720000000000001
2018-07-03,5.720000000000001
2018-07-04,1.69
2018-07-05,5.2
2018-07-06,6.24
2018-07-07,2.34
2018-07-08,0.91
2018-07-09,6.24
2018-07-10,7.54
2018-07-11,8.19
2018-07-12,5.8500000000000005
2018-07-13,7.28
2018-07-14,2.08
2018-07-15,1.69
2018-07-16,7.15
2018-07-17,9.62
2018-07-18,9.1
2018-07-19,7.28
2018-07-20,6.76
2018-07-21,2.21
2018-07-22,0.0
2018-07-23,6.5
2018-07-24,6.890000000000001
2018-07-25,13.0
2018-07-26,12.22
2018-07-27,10.27
2018-07-28,1.3
2018-07-29,1.17
2018-07-30,5.98
2018-07-31,9.49
2018-08-01,10.2
2018-08-02,7.8
2018-08-03,9.36
2018-08-04,4.32
2018-08-05,3.6
2018-08-06,7.68
2018-08-07,8.76
2018-08-08,5.64
2018-08-09,11.52
2018-08-10,6.48
2018-08-11,1.2
2018-08-12,3.6
2018-08-13,6.24
2018-08-14,8.28
2018-08-15,6.84
2018-08-16,12.0
2018-08-17,7.8
2018-08-18,1.7999999999999998
2018-08-19,2.28
2018-08-20,8.76
2018-08-21,8.4
2018-08-22,6.84
2018-08-23,9.6
2018-08-24,7.92
2018-08-25,1.44
2018-08-26,1.08
2018-08-27,7.8
2018-08-28,8.04
2018-08-29,9.6
2018-08-30,8.64
2018-08-31,7.199999999999999
2018-09-01,2.64
2018-09-02,0.77
2018-09-03,1.76
2018-09-04,6.49
2018-09-05,6.38
2018-09-06,4.62
2018-09-07,5.17
2018-09-08,2.97
2018-09-09,1.43
2018-09-10,6.05
2018-09-11,6.6
2018-09-12,7.04
2018-09-13,6.49
2018-09-14,6.82
2018-09-15,0.88
2018-09-16,0.99
2018-09-17,5.28
2018-09-18,7.37
2018-09-19,7.26
2018-09-20,6.93
2018-09-21,7.7
2018-09-22,2.31
2018-09-23,1.98
2018-09-24,6.93
2018-09-25,6.93
2018-09-26,7.15
2018-09-27,5.28
2018-09-28,11.0
2018-09-29,3.08
2018-09-30,2.09
2018-10-01,10.88
2018-10-02,16.0
2018-10-03,15.36
2018-10-04,12.64
2018-10-05,12.0
2018-10-06,2.24
2018-10-07,0.0
2018-10-08,12.96
2018-10-09,10.88
2018-10-10,11.68
2018-10-11,11.68
2018-10-12,15.52
2018-10-13,6.4
2018-10-14,2.88
2018-10-15,7.84
2018-10-16,9.6
2018-10-17,14.08
2018-10-18,11.68
2018-10-19,9.92
2018-10-20,0.96
2018-10-21,3.52
2018-10-22,8.64
2018-10-23,9.6
2018-10-24,13.44
2018-10-25,10.88
2018-10-26,9.44
2018-10-27,3.2
2018-10-28,1.44
2018-10-29,16.0
2018-10-30,14.56
2018-10-31,12.16
2018-11-01,9.52
2018-11-02,6.86
2018-11-03,3.08
2018-11-04,3.08
2018-11-05,5.6000000000000005
2018-11-06,7.420000000000001
2018-11-07,7.56
2018-11-08,7.140000000000001
2018-11-09,9.94
2018-11-10,2.66
2018-11-11,1.54
2018-11-12,6.86
2018-11-13,10.78
2018-11-14,8.260000000000002
2018-11-15,6.16
2018-11-16,9.1
2018-11-17,1.6800000000000002
2018-11-18,0.0
2018-11-19,9.52
2018-11-20,11.06
2018-11-21,9.8
2018-11-22,0.8400000000000001
2018-11-23,4.2
2018-11-24,1.4
2018-11-25,0.98
2018-11-26,9.8
2018-11-27,6.44
2018-11-28,14.000000000000002
2018-11-29,7.700000000000001
2018-11-30,13.160000000000002
2018-12-01,2.8600000000000003
2018-12-02,0.0
2018-12-03,12.87
2018-12-04,12.22
2018-12-05,7.15
2018-12-06,11.31
2018-12-07,11.7
2018-12-08,2.47
2018-12-09,1.17
2018-12-10,12.09
2018-12-11,10.27
2018-12-12,10.66
2018-12-13,8.58
2018-12-14,10.92
2018-12-15,1.95
2018-12-16,1.4300000000000002
2018-12-17,10.14
2018-12-18,10.92
2018-12-19,7.41
2018-12-20,6.63
2018-12-21,8.58
2018-12-22,6.11
2018-12-23,0.0
2018-12-24,5.46
2018-12-25,6.24
2018-12-26,13.0
2018-12-27,11.44
2018-12-28,10.79
2018-12-29,4.16
2018-12-30,2.47
2018-12-31,10.14
2019-01-01,1.54
2019-01-02,3.78
2019-01-03,6.16
2019-01-04,7.98
2019-01-05,2.66
2019-01-06,1.12
2019-01-07,7.98
2019-01-08,6.0200000000000005
2019-01-09,8.96
2019-01-10,6.44
2019-01-11,9.52
2019-01-12,1.6800000000000002
2019-01-13,0.56
2019-01-14,5.74
2019-01-15,6.16
2019-01-16,8.120000000000001
2019-01-17,6.86
2019-01-18,8.260000000000002
2019-01-19,2.5200000000000005
2019-01-20,0.0
2019-01-21,1.6800000000000002
2019-01-22,4.9
2019-01-23,5.32
2019-01-24,5.32
2019-01-25,6.86
2019-01-26,1.54
2019-01-27,0.8400000000000001
2019-01-28,5.180000000000001
2019-01-29,5.180000000000001
2019-01-30,14.000000000000002
2019-01-31,12.6
2019-02-01,11.7
2019-02-02,2.7
2019-02-03,0.0
2019-02-04,10.35
2019-02-05,12.3
2019-02-06,11.7
2019-02-07,11.4
2019-02-08,14.25
2019-02-09,9.0
2019-02-10,0.0
2019-02-11,8.4
2019-02-12,11.25
2019-02-13,10.5
2019-02-14,10.65
2019-02-15,10.35
2019-02-16,2.85
2019-02-17,2.4
2019-02-18,4.05
2019-02-19,9.45
2019-02-20,9.0
2019-02-21,9.15
2019-02-22,13.2
2019-02-23,4.2
2019-02-24,2.85
2019-02-25,9.9
2019-02-26,12.75
2019-02-27,10.2
2019-02-28,15.0
2019-03-01,6.6000000000000005
2019-03-02,1.65
2019-03-03,0.55
2019-03-04,4.95
2019-03-05,4.95
2019-03-06,4.95
2019-03-07,4.4
2019-03-08,4.4
2019-03-09,1.1
2019-03-10,2.2
2019-03-11,33.0
2019-03-12,39.6
2019-03-13,55.00000000000001
2019-03-14,37.95
2019-03-15,24.750000000000004
2019-03-16,6.050000000000001
2019-03-17,4.4
2019-03-18,15.95
2019-03-19,17.6
2019-03-20,14.3
2019-03-21,13.750000000000002
2019-03-22,15.95
2019-03-23,6.050000000000001
2019-03-24,5.5
2019-03-25,11.0
2019-03-26,15.400000000000002
2019-03-27,12.65
2019-03-28,11.0
2019-03-29,11.55
2019-03-30,2.75
2019-03-31,2.2
2019-04-01,14.000000000000002
2019-04-02,18.76
2019-04-03,16.8
2019-04-04,21.840000000000003
2019-04-05,24.08
2019-04-06,7.280000000000001
2019-04-07,3.640000000000001
2019-04-08,28.000000000000004
2019-04-09,23.520000000000003
2019-04-10,21.28
2019-04-11,16.520000000000003
2019-04-12,19.880000000000003
2019-04-13,5.040000000000001
2019-04-14,6.16
2019-04-15,15.96
2019-04-16,17.360000000000003
2019-04-17,17.64
2019-04-18,10.080000000000002
2019-04-19,7.56
2019-04-20,3.640000000000001
2019-04-21,1.96
2019-04-22,8.96
2019-04-23,14.560000000000002
2019-04-24,19.040000000000003
2019-04-25,14.840000000000002
2019-04-26,12.6
2019-04-27,3.92
2019-04-28,3.08
2019-04-29,14.000000000000002
2019-04-30,12.88
2019-05-01,15.01
2019-05-02,11.21
2019-05-03,12.92
2019-05-04,7.03
2019-05-05,2.28
2019-05-06,18.24
2019-05-07,18.05
2019-05-08,10.83
2019-05-09,16.72
2019-05-10,15.58
2019-05-11,2.47
2019-05-12,2.66
2019-05-13,19.0
2019-05-14,18.62
2019-05-15,13.87
2019-05-16,15.39
2019-05-17,15.39
2019-05-18,3.61
2019-05-19,2.47
2019-05-20,14.06
2019-05-21,12.16
2019-05-22,9.69
2019-05-23,14.44
2019-05-24,16.34
2019-05-25,0.95
2019-05-26,3.23
2019-05-27,1.9
2019-05-28,10.45
2019-05-29,10.64
2019-05-30,13.49
2019-05-31,9.12
2019-06-01,2.4
2019-06-02,2.56
2019-06-03,12.96
2019-06-04,11.04
2019-06-05,10.4
2019-06-06,11.36
2019-06-07,10.24
2019-06-08,4.64
2019-06-09,2.4
2019-06-10,11.2
2019-06-11,12.64
2019-06-12,7.52
2019-06-13,9.28
2019-06-14,6.88
2019-06-15,1.6
2019-06-16,3.04
2019-06-17,8.96
2019-06-18,16.0
2019-06-19,11.52
2019-06-20,12.16
2019-06-21,11.68
2019-06-22,5.76
2019-06-23,0.8
2019-06-24,6.5600000000000005
2019-06-25,7.04
2019-06-26,10.24
2019-06-27,14.72
2019-06-28,9.44
2019-06-29,5.6000000000000005
2019-06-30,1.44
2019-07-01,10.54
2019-07-02,13.94
2019-07-03,10.54
2019-07-04,5.78
2019-07-05,9.69
2019-07-06,0.0
2019-07-07,2.04
2019-07-08,7.82
2019-07-09,13.260000000000002
2019-07-10,12.24
2019-07-11,10.54
2019-07-12,10.2
2019-07-13,5.1000000000000005
2019-07-14,4.930000000000001
2019-07-15,9.18
2019-07-16,15.13
2019-07-17,11.05
2019-07-18,10.2
2019-07-19,14.79
2019-07-20,5.1000000000000005
2019-07-21,1.1900000000000002
2019-07-22,12.07
2019-07-23,11.05
2019-07-24,17.0
2019-07-25,16.32
2019-07-26,15.3
2019-07-27,6.800000000000001
2019-07-28,2.89
2019-07-29,9.18
2019-07-30,12.750000000000002
2019-07-31,9.52
2019-08-01,9.75
2019-08-02,9.45
2019-08-03,3.75
2019-08-04,1.65
2019-08-05,8.85
2019-08-06,13.95
2019-08-07,9.45
2019-08-08,13.2
2019-08-09,10.65
2019-08-10,6.45
2019-08-11,1.35
2019-08-12,8.1
2019-08-13,8.25
2019-08-14,8.1
2019-08-15,15.0
2019-08-16,10.05
2019-08-17,5.25
2019-08-18,0.0
2019-08-19,8.25
2019-08-20,6.15
2019-08-21,11.55
2019-08-22,8.549999999999999
2019-08-23,9.0
2019-08-24,3.3
2019-08-25,2.4
2019-08-26,11.4
2019-08-27,9.75
2019-08-28,7.8
2019-08-29,9.0
2019-08-30,9.0
2019-08-31,2.4
2019-09-01,2.73
2019-09-02,0.78
2019-09-03,7.930000000000001
2019-09-04,10.4
2019-09-05,10.92
2019-09-06,10.79
2019-09-07,1.4300000000000002
2019-09-08,1.17
2019-09-09,7.28
2019-09-10,12.35
2019-09-11,9.49
2019-09-12,13.0
2019-09-13,11.31
2019-09-14,4.42
2019-09-15,1.69
2019-09-16,9.62
2019-09-17,11.31
2019-09-18,10.01
2019-09-19,9.75
2019-09-20,8.19
2019-09-21,2.47
2019-09-22,3.25
2019-09-23,10.66
2019-09-24,7.15
2019-09-25,9.36
2019-09-26,11.83
2019-09-27,12.22
2019-09-28,2.6
2019-09-29,2.47
2019-09-30,8.58
2019-10-01,5.92
2019-10-02,7.2
2019-10-03,8.0
2019-10-04,6.24
2019-10-05,1.76
2019-10-06,1.6
2019-10-07,4.0
2019-10-08,6.88
2019-10-09,7.36
2019-10-10,4.48
2019-10-11,5.28
2019-10-12,1.6
2019-10-13,2.4
2019-10-14,4.48
2019-10-15,5.44
2019-10-16,6.08
2019-10-17,4.8
2019-10-18,9.6
2019-10-19,7.36
2019-10-20,1.28
2019-10-21,10.08
2019-10-22,12.16
2019-10-23,16.0
2019-10-24,8.64
2019-10-25,8.8
2019-10-26,2.56
2019-10-27,0.96
2019-10-28,6.4
2019-10-29,10.88
2019-10-30,8.16
2019-10-31,8.32
2019-11-01,14.000000000000002
2019-11-02,1.96
2019-11-03,3.08
2019-11-04,9.66
2019-11-05,11.62
2019-11-06,10.080000000000002
2019-11-07,11.760000000000002
2019-11-08,6.300000000000001
2019-11-09,3.08
2019-11-10,1.8200000000000005
2019-11-11,11.340000000000002
2019-11-12,11.9
2019-11-13,9.8
2019-11-14,9.8
2019-11-15,9.66
2019-11-16,2.24
2019-11-17,1.12
2019-11-18,10.080000000000002
2019-11-19,9.24
2019-11-20,12.88
2019-11-21,8.260000000000002
2019-11-22,10.22
2019-11-23,3.08
2019-11-24,1.2600000000000002
2019-11-25,7.280000000000001
2019-11-26,10.920000000000002
2019-11-27,9.38
2019-11-28,4.0600000000000005
2019-11-29,4.9
2019-11-30,0.7000000000000001
2019-12-01,1.12
2019-12-02,3.84
2019-12-03,4.32
2019-12-04,4.48
2019-12-05,4.48
2019-12-06,6.24
2019-12-07,1.44
2019-12-08,0.8
2019-12-09,5.12
2019-12-10,3.68
2019-12-11,5.92
2019-12-12,6.4
2019-12-13,6.24
2019-12-14,0.0
2019-12-15,0.0
2019-12-16,9.92
2019-12-17,14.56
2019-12-18,6.88
2019-12-19,8.64
2019-12-20,9.92
2019-12-21,3.84
2019-12-22,1.6
2019-12-23,16.0
2019-12-24,12.16
2019-12-25,4.96
2019-12-26,8.8
2019-12-27,7.84
2019-12-28,2.88
2019-12-29,1.76
2019-12-30,5.92
2019-12-31,5.92
2020-01-01,3.57
2020-01-02,11.13
2020-01-03,10.29
2020-01-04,2.73
2020-01-05,2.52
2020-01-06,13.86
2020-01-07,9.45
2020-01-08,21.0
2020-01-09,14.91
2020-01-10,13.86
2020-01-11,3.36
2020-01-12,0.84
2020-01-13,10.92
2020-01-14,10.71
2020-01-15,8.61
2020-01-16,10.29
2020-01-17,9.45
2020-01-18,3.99
2020-01-19,1.89
2020-01-20,4.83
2020-01-21,15.33
2020-01-22,20.37
2020-01-23,13.23
2020-01-24,14.91
2020-01-25,3.57
2020-01-26,3.15
2020-01-27,10.5
2020-01-28,14.7
2020-01-29,18.9
2020-01-30,13.23
2020-01-31,13.02
2020-02-01,1.98
2020-02-02,1.44
2020-02-03,6.66
2020-02-04,9.9
2020-02-05,9.0
2020-02-06,7.92
2020-02-07,6.84
2020-02-08,1.98
2020-02-09,2.16
2020-02-10,7.739999999999999
2020-02-11,10.98
2020-02-12,7.02
2020-02-13,7.56
2020-02-14,8.64
2020-02-15,2.52
2020-02-16,2.34
2020-02-17,2.88
2020-02-18,5.4
2020-02-19,8.28
2020-02-20,6.66
2020-02-21,5.4
2020-02-22,1.44
2020-02-23,0.8999999999999999
2020-02-24,6.66
2020-02-25,10.44
2020-02-26,8.64
2020-02-27,12.42
2020-02-28,18.0
2020-02-29,8.1
2020-03-01,3.0
2020-03-02,15.0
2020-03-03,16.0
2020-03-04,11.0
2020-03-05,15.0
2020-03-06,17.0
2020-03-07,5.0
2020-03-08,4.0
2020-03-09,19.0
2020-03-10,24.0
2020-03-11,33.0
2020-03-12,56.0
2020-03-13,47.0
2020-03-14,19.0
2020-03-15,7.0
2020-03-16,45.0
2020-03-17,53.0
2020-03-18,79.0
2020-03-19,74.0
2020-03-20,72.0
2020-03-21,31.0
2020-03-22,21.0
2020-03-23,67.0
2020-03-24,79.0
2020-03-25,100.0
2020-03-26,99.0
2020-03-27,86.0
2020-03-28,31.0
2020-03-29,17.0
2020-03-30,59.0
2020-03-31,51.0
2020-04-01,94.0
2020-04-02,100.0
2020-04-03,81.0
2020-04-04,30.0
2020-04-05,23.0
2020-04-06,85.0
2020-04-07,94.0
2020-04-08,79.0
2020-04-09,73.0
2020-04-10,42.0
2020-04-11,19.0
2020-04-12,18.0
2020-04-13,54.0
2020-04-14,62.0
2020-04-15,76.0
2020-04-16,60.0
2020-04-17,77.0
2020-04-18,28.0
2020-04-19,14.0
2020-04-20,66.0
2020-04-21,71.0
2020-04-22,62.0
2020-04-23,55.0
2020-04-24,55.0
2020-04-25,19.0
2020-04-26,13.0
2020-04-27,62.0
2020-04-28,58.0
2020-04-29,68.0
2020-04-30,59.0
2020-05-01,52.78
2020-05-02,17.4
2020-05-03,12.76
2020-05-04,53.36
2020-05-05,56.84
2020-05-06,51.04
2020-05-07,52.78
2020-05-08,55.67999999999999
2020-05-09,13.919999999999998
2020-05-10,10.44
2020-05-11,41.18
2020-05-12,48.72
2020-05-13,46.98
2020-05-14,45.82
2020-05-15,46.98
2020-05-16,17.4
2020-05-17,10.44
2020-05-18,54.52
2020-05-19,53.94
2020-05-20,45.24
2020-05-21,47.56
2020-05-22,45.82
2020-05-23,15.079999999999998
2020-05-24,9.86
2020-05-25,8.12
2020-05-26,48.13999999999999
2020-05-27,55.67999999999999
2020-05-28,57.99999999999999
2020-05-29,42.92
2020-05-30,16.24
2020-05-31,9.28
2020-06-01,33.3
2020-06-02,37.0
2020-06-03,51.06
2020-06-04,57.72
2020-06-05,64.38
2020-06-06,19.98
2020-06-07,11.84
2020-06-08,70.3
2020-06-09,74.0
2020-06-10,68.82
2020-06-11,66.6
2020-06-12,65.86
2020-06-13,14.8
2020-06-14,9.62
2020-06-15,45.88
2020-06-16,58.46
2020-06-17,48.1
2020-06-18,37.74
2020-06-19,37.0
2020-06-20,11.84
2020-06-21,10.36
2020-06-22,38.48
2020-06-23,39.96
2020-06-24,33.3
2020-06-25,37.0
2020-06-26,38.48
2020-06-27,11.84
2020-06-28,7.4
2020-06-29,51.06
2020-06-30,61.42
2020-07-01,44.0
2020-07-02,38.72
2020-07-03,17.16
2020-07-04,7.48
2020-07-05,6.6
2020-07-06,30.36
2020-07-07,34.76
2020-07-08,32.56
2020-07-09,34.32
2020-07-10,33.44
2020-07-11,9.68
2020-07-12,5.28
2020-07-13,24.2
2020-07-14,31.24
2020-07-15,33.0
2020-07-16,28.16
2020-07-17,35.64
2020-07-18,6.6
2020-07-19,6.16
2020-07-20,25.08
2020-07-21,29.04
2020-07-22,26.4
2020-07-23,22.88
2020-07-24,22.44
2020-07-25,4.4
2020-07-26,3.52
2020-07-27,21.56
2020-07-28,23.32
2020-07-29,22.44
2020-07-30,23.76
2020-07-31,25.52
2020-08-01,8.91
2020-08-02,4.29
2020-08-03,24.75
2020-08-04,25.41
2020-08-05,26.07
2020-08-06,27.39
2020-08-07,26.73
2020-08-08,8.91
2020-08-09,5.94
2020-08-10,30.69
2020-08-11,33.0
2020-08-12,30.03
2020-08-13,24.42
2020-08-14,21.45
2020-08-15,2.97
2020-08-16,4.29
2020-08-17,20.790000000000003
2020-08-18,25.41
2020-08-19,27.72
2020-08-20,24.42
2020-08-21,21.12
2020-08-22,5.94
2020-08-23,4.29
2020-08-24,24.75
2020-08-25,21.45
2020-08-26,22.77
2020-08-27,22.11
2020-08-28,20.130000000000003
2020-08-29,7.92
2020-08-30,4.95
2020-08-31,17.490000000000002
2020-09-01,23.49
2020-09-02,24.840000000000003
2020-09-03,25.110000000000003
2020-09-04,21.06
2020-09-05,5.130000000000001
2020-09-06,4.32
2020-09-07,2.43
2020-09-08,20.25
2020-09-09,27.0
2020-09-10,23.22
2020-09-11,23.49
2020-09-12,5.130000000000001
2020-09-13,4.050000000000001
2020-09-14,21.87
2020-09-15,18.36
2020-09-16,26.46
2020-09-17,22.68
2020-09-18,17.82
2020-09-19,6.75
2020-09-20,4.050000000000001
2020-09-21,24.03
2020-09-22,24.840000000000003
2020-09-23,23.49
2020-09-24,18.36
2020-09-25,20.790000000000003
2020-09-26,7.290000000000001
2020-09-27,2.43
2020-09-28,19.98
2020-09-29,25.110000000000003
2020-09-30,23.22
2020-10-01,22.5
2020-10-02,22.0
2020-10-03,7.5
2020-10-04,3.25
2020-10-05,19.5
2020-10-06,24.0
2020-10-07,25.0
2020-10-08,22.75
2020-10-09,20.75
2020-10-10,7.75
2020-10-11,2.25
2020-10-12,18.5
2020-10-13,15.5
2020-10-14,15.5
2020-10-15,18.75
2020-10-16,19.75
2020-10-17,8.75
2020-10-18,4.0
2020-10-19,23.0
2020-10-20,23.25
2020-10-21,19.25
2020-10-22,16.0
2020-10-23,15.75
2020-10-24,4.5
2020-10-25,2.25
2020-10-26,20.5
2020-10-27,16.5
2020-10-28,23.25
2020-10-29,20.0
2020-10-30,16.75
2020-10-31,3.5
2020-11-01,3.06
2020-11-02,10.88
2020-11-03,15.3
2020-11-04,8.16
2020-11-05,9.52
2020-11-06,10.2
2020-11-07,2.04
2020-11-08,1.36
2020-11-09,21.42
2020-11-10,19.72
2020-11-11,19.040000000000003
2020-11-12,13.6
2020-11-13,19.040000000000003
2020-11-14,6.800000000000001
2020-11-15,1.7000000000000002
2020-11-16,21.08
2020-11-17,19.380000000000003
2020-11-18,34.0
2020-11-19,23.46
2020-11-20,20.74
2020-11-21,6.460000000000001
2020-11-22,3.4000000000000004
2020-11-23,15.3
2020-11-24,25.840000000000003
2020-11-25,21.42
2020-11-26,7.48
2020-11-27,12.24
2020-11-28,5.44
2020-11-29,2.3800000000000003
2020-11-30,15.98
2020-12-01,22.78
2020-12-02,21.76
2020-12-03,34.0
2020-12-04,28.56
2020-12-05,8.16
2020-12-06,2.72
2020-12-07,26.520000000000003
2020-12-08,31.62
2020-12-09,23.46
2020-12-10,28.9
2020-12-11,20.74
2020-12-12,6.800000000000001
2020-12-13,3.06
2020-12-14,26.860000000000003
2020-12-15,22.78
2020-12-16,23.46
2020-12-17,21.76
2020-12-18,20.4
2020-12-19,5.44
2020-12-20,3.06
2020-12-21,21.42
2020-12-22,21.08
2020-12-23,21.08
2020-12-24,16.66
2020-12-25,3.74
2020-12-26,2.72
2020-12-27,4.08
2020-12-28,15.98
2020-12-29,25.16
2020-12-30,20.4
2020-12-31,18.700000000000003
2021-01-01,5.6000000000000005
2021-01-02,5.040000000000001
2021-01-03,3.08
2021-01-04,21.56
2021-01-05,19.880000000000003
2021-01-06,18.200000000000003
2021-01-07,20.160000000000004
2021-01-08,19.880000000000003
2021-01-09,10.36
2021-01-10,5.040000000000001
2021-01-11,24.08
2021-01-12,17.64
2021-01-13,20.160000000000004
2021-01-14,20.160000000000004
2021-01-15,13.160000000000002
2021-01-16,4.48
2021-01-17,3.640000000000001
2021-01-18,4.760000000000001
2021-01-19,16.8
2021-01-20,15.400000000000002
2021-01-21,17.92
2021-01-22,17.92
2021-01-23,5.880000000000001
2021-01-24,2.5200000000000005
2021-01-25,16.520000000000003
2021-01-26,17.080000000000002
2021-01-27,28.000000000000004
2021-01-28,25.480000000000004
2021-01-29,19.880000000000003
2021-01-30,6.16
2021-01-31,4.2
2021-02-01,16.240000000000002
2021-02-02,14.560000000000002
2021-02-03,20.72
2021-02-04,16.520000000000003
2021-02-05,16.8
2021-02-06,5.6000000000000005
2021-02-07,3.92
2021-02-08,15.400000000000002
2021-02-09,16.520000000000003
2021-02-10,16.240000000000002
2021-02-11,17.360000000000003
2021-02-12,12.88
2021-02-13,3.640000000000001
2021-02-14,3.92
2021-02-15,6.44
2021-02-16,16.8
2021-02-17,14.840000000000002
2021-02-18,16.520000000000003
2021-02-19,15.68
2021-02-20,6.16
2021-02-21,4.2
2021-02-22,28.000000000000004
2021-02-23,22.680000000000003
2021-02-24,22.96
2021-02-25,20.160000000000004
2021-02-26,17.64
2021-02-27,6.720000000000001
2021-02-28,3.640000000000001
2021-03-01,28.08
2021-03-02,27.36
2021-03-03,24.84
2021-03-04,28.44
2021-03-05,27.36
2021-03-06,7.56
2021-03-07,4.32
2021-03-08,20.52
2021-03-09,29.52
2021-03-10,28.8
2021-03-11,27.72
2021-03-12,28.08
2021-03-13,15.48
2021-03-14,6.84
2021-03-15,36.0
2021-03-16,25.92
2021-03-17,24.12
2021-03-18,28.08
2021-03-19,19.8
2021-03-20,8.28
2021-03-21,6.12
2021-03-22,24.12
2021-03-23,21.96
2021-03-24,25.56
2021-03-25,26.28
2021-03-26,25.2
2021-03-27,6.48
2021-03-28,3.96
2021-03-29,27.72
2021-03-30,21.96
2021-03-31,22.68
2021-04-01,17.94
2021-04-02,14.72
2021-04-03,5.75
2021-04-04,6.44
2021-04-05,21.85
2021-04-06,19.32
2021-04-07,18.630000000000003
2021-04-08,17.71
2021-04-09,21.16
2021-04-10,4.37
2021-04-11,2.3000000000000003
2021-04-12,19.32
2021-04-13,16.1
2021-04-14,19.09
2021-04-15,22.31
2021-04-16,23.0
2021-04-17,3.91
2021-04-18,4.140000000000001
2021-04-19,13.8
2021-04-20,20.01
2021-04-21,16.1
2021-04-22,18.630000000000003
2021-04-23,14.72
2021-04-24,4.83
2021-04-25,1.61
2021-04-26,19.32
2021-04-27,19.32
2021-04-28,22.31
2021-04-29,21.85
2021-04-30,16.560000000000002
2021-05-01,4.2
2021-05-02,1.68
2021-05-03,16.169999999999998
2021-05-04,17.849999999999998
2021-05-05,17.43
2021-05-06,19.11
2021-05-07,18.69
2021-05-08,7.14
2021-05-09,3.15
2021-05-10,16.8
2021-05-11,16.38
2021-05-12,17.64
2021-05-13,19.74
2021-05-14,18.27
2021-05-15,2.52
2021-05-16,3.78
2021-05-17,18.27
2021-05-18,18.27
2021-05-19,17.64
2021-05-20,15.12
2021-05-21,21.0
2021-05-22,4.2
2021-05-23,1.26
2021-05-24,17.22
2021-05-25,18.27
2021-05-26,17.43
2021-05-27,21.0
2021-05-28,19.53
2021-05-29,4.83
2021-05-30,3.36
2021-05-31,0.0
2021-06-01,18.6
2021-06-02,19.6
2021-06-03,18.0
2021-06-04,19.0
2021-06-05,5.800000000000001
2021-06-06,2.8000000000000003
2021-06-07,13.6
2021-06-08,18.0
2021-06-09,13.4
2021-06-10,16.2
2021-06-11,16.8
2021-06-12,1.8
2021-06-13,2.4000000000000004
2021-06-14,15.4
2021-06-15,12.8
2021-06-16,16.8
2021-06-17,16.400000000000002
2021-06-18,10.4
2021-06-19,1.6
2021-06-20,4.800000000000001
2021-06-21,14.6
2021-06-22,18.2
2021-06-23,13.8
2021-06-24,14.2
2021-06-25,10.4
2021-06-26,1.6
2021-06-27,2.8000000000000003
2021-06-28,16.6
2021-06-29,20.0
2021-06-30,14.2
2021-07-01,14.2
2021-07-02,12.2
2021-07-03,4.800000000000001
2021-07-04,0.8
2021-07-05,2.0
2021-07-06,12.0
2021-07-07,13.4
2021-07-08,13.8
2021-07-09,8.8
2021-07-10,2.8000000000000003
2021-07-11,2.2
2021-07-12,11.4
2021-07-13,14.6
2021-07-14,12.8
2021-07-15,13.8
2021-07-16,12.2
2021-07-17,3.4000000000000004
2021-07-18,1.8
2021-07-19,16.2
2021-07-20,14.0
2021-07-21,15.2
2021-07-22,13.6
2021-07-23,13.2
2021-07-24,5.6000000000000005
2021-07-25,3.2
2021-07-26,11.2
2021-07-27,14.0
2021-07-28,13.8
2021-07-29,20.0
2021-07-30,11.4
2021-07-31,2.8000000000000003
2021-08-01,0.0
2021-08-02,12.54
2021-08-03,9.88
2021-08-04,10.64
2021-08-05,13.68
2021-08-06,14.82
2021-08-07,2.47
2021-08-08,4.75
2021-08-09,12.54
2021-08-10,15.39
2021-08-11,14.06
2021-08-12,19.0
2021-08-13,14.06
2021-08-14,1.9
2021-08-15,1.52
2021-08-16,14.25
2021-08-17,13.11
2021-08-18,14.25
2021-08-19,16.53
2021-08-20,14.44
2021-08-21,1.71
2021-08-22,2.85
2021-08-23,13.49
2021-08-24,10.64
2021-08-25,13.87
2021-08-26,12.54
2021-08-27,17.1
2021-08-28,3.61
2021-08-29,0.0
2021-08-30,13.3
2021-08-31,15.01
2021-09-01,12.8
2021-09-02,12.16
2021-09-03,11.68
2021-09-04,0.0
2021-09-05,0.0
2021-09-06,1.76
2021-09-07,13.12
2021-09-08,12.16
2021-09-09,10.56
2021-09-10,12.32
2021-09-11,1.12
2021-09-12,2.56
2021-09-13,13.44
2021-09-14,10.56
2021-09-15,10.56
2021-09-16,12.16
2021-09-17,9.76
2021-09-18,4.0
2021-09-19,2.56
2021-09-20,10.72
2021-09-21,13.92
2021-09-22,10.88
2021-09-23,16.0
2021-09-24,11.84
2021-09-25,2.08
2021-09-26,0.0
2021-09-27,13.12
2021-09-28,11.52
2021-09-29,12.8
2021-09-30,9.6
2021-10-01,8.7
2021-10-02,1.7999999999999998
2021-10-03,1.2
2021-10-04,9.6
2021-10-05,8.85
2021-10-06,7.199999999999999
2021-10-07,12.9
2021-10-08,9.75
2021-10-09,0.75
2021-10-10,0.0
2021-10-11,7.8
2021-10-12,9.0
2021-10-13,8.25
2021-10-14,9.75
2021-10-15,9.3
2021-10-16,2.55
2021-10-17,2.55
2021-10-18,6.75
2021-10-19,8.25
2021-10-20,6.45
2021-10-21,7.5
2021-10-22,6.15
2021-10-23,1.35
2021-10-24,1.7999999999999998
2021-10-25,8.549999999999999
2021-10-26,9.15
2021-10-27,15.0
2021-10-28,7.949999999999999
2021-10-29,7.949999999999999
2021-10-30,0.0
2021-10-31,2.55
2021-11-01,10.26
2021-11-02,11.52
2021-11-03,10.98
2021-11-04,13.5
2021-11-05,12.6
2021-11-06,1.7999999999999998
2021-11-07,2.7
2021-11-08,14.58
2021-11-09,13.5
2021-11-10,13.86
2021-11-11,10.44
2021-11-12,14.76
2021-11-13,1.98
2021-11-14,5.22
2021-11-15,18.0
2021-11-16,16.2
2021-11-17,15.84
2021-11-18,11.16
2021-11-19,14.04
2021-11-20,5.4
2021-11-21,3.06
2021-11-22,13.68
2021-11-23,15.3
2021-11-24,13.5
2021-11-25,3.78
2021-11-26,13.5
2021-11-27,3.6
2021-11-28,2.16
2021-11-29,11.52
2021-11-30,13.86
2021-12-01,14.25
2021-12-02,19.0
2021-12-03,12.73
2021-12-04,2.66
2021-12-05,1.71
2021-12-06,14.06
2021-12-07,18.62
2021-12-08,13.87
2021-12-09,9.5
2021-12-10,13.49
2021-12-11,2.85
2021-12-12,1.14
2021-12-13,10.07
2021-12-14,12.16
2021-12-15,12.54
2021-12-16,13.11
2021-12-17,14.25
2021-12-18,5.13
2021-12-19,0.76
2021-12-20,12.73
2021-12-21,15.2
2021-12-22,11.02
2021-12-23,16.91
2021-12-24,3.23
2021-12-25,2.47
2021-12-26,0.0
2021-12-27,11.21
2021-12-28,9.31
2021-12-29,15.01
2021-12-30,8.55
2021-12-31,9.69
2022-01-01,2.72
2022-01-02,0.0
2022-01-03,8.84
2022-01-04,17.0
2022-01-05,12.41
2022-01-06,6.970000000000001
2022-01-07,11.22
2022-01-08,1.87
2022-01-09,2.21
2022-01-10,8.67
2022-01-11,9.18
2022-01-12,6.800000000000001
2022-01-13,14.28
2022-01-14,9.01
2022-01-15,2.72
2022-01-16,3.91
2022-01-17,4.25
2022-01-18,8.33
2022-01-19,8.67
2022-01-20,5.61
2022-01-21,8.16
2022-01-22,3.5700000000000003
2022-01-23,1.02
2022-01-24,14.96
2022-01-25,12.920000000000002
2022-01-26,9.52
2022-01-27,10.54
2022-01-28,11.39
2022-01-29,3.91
2022-01-30,1.53
2022-01-31,8.16
2022-02-01,12.07
2022-02-02,11.05
2022-02-03,10.88
2022-02-04,12.07
2022-02-05,2.3800000000000003
2022-02-06,1.87
2022-02-07,13.6
2022-02-08,13.94
2022-02-09,12.41
2022-02-10,14.62
2022-02-11,9.52
2022-02-12,3.91
2022-02-13,0.68
2022-02-14,9.35
2022-02-15,13.260000000000002
2022-02-16,11.22
2022-02-17,11.22
2022-02-18,13.77
2022-02-19,5.95
2022-02-20,4.08
2022-02-21,6.12
2022-02-22,13.43
2022-02-23,12.24
2022-02-24,17.0
2022-02-25,14.28
2022-02-26,3.2300000000000004
2022-02-27,1.87
2022-02-28,13.260000000000002
2022-03-01,7.65
2022-03-02,7.140000000000001
2022-03-03,7.140000000000001
2022-03-04,7.48
2022-03-05,2.72
2022-03-06,1.7000000000000002
2022-03-07,8.16
2022-03-08,8.67
2022-03-09,6.970000000000001
2022-03-10,6.12
2022-03-11,7.99
2022-03-12,1.02
2022-03-13,1.1900000000000002
2022-03-14,4.25
2022-03-15,6.29
2022-03-16,6.460000000000001
2022-03-17,7.65
2022-03-18,6.630000000000001
2022-03-19,0.8500000000000001
2022-03-20,1.36
2022-03-21,17.0
2022-03-22,11.39
2022-03-23,6.12
2022-03-24,6.460000000000001
2022-03-25,7.140000000000001
2022-03-26,1.87
2022-03-27,1.1900000000000002
2022-03-28,4.25
2022-03-29,6.460000000000001
2022-03-30,7.31
2022-03-31,4.760000000000001
2022-04-01,9.94
2022-04-02,3.22
2022-04-03,3.78
2022-04-04,8.4
2022-04-05,9.8
2022-04-06,10.080000000000002
2022-04-07,8.96
2022-04-08,9.24
2022-04-09,3.640000000000001
2022-04-10,2.5200000000000005
2022-04-11,9.24
2022-04-12,7.98
2022-04-13,10.920000000000002
2022-04-14,7.840000000000001
2022-04-15,3.640000000000001
2022-04-16,3.08
2022-04-17,2.9400000000000004
2022-04-18,8.82
2022-04-19,6.720000000000001
2022-04-20,12.04
2022-04-21,11.340000000000002
2022-04-22,8.4
2022-04-23,1.6800000000000002
2022-04-24,1.8200000000000005
2022-04-25,12.740000000000002
2022-04-26,8.4
2022-04-27,14.000000000000002
2022-04-28,14.000000000000002
2022-04-29,12.6
2022-04-30,4.62
2022-05-01,3.2
2022-05-02,8.96
2022-05-03,10.72
2022-05-04,7.84
2022-05-05,12.0
2022-05-06,9.44
2022-05-07,3.2
2022-05-08,1.76
2022-05-09,11.52
2022-05-10,13.44
2022-05-11,11.68
2022-05-12,15.84
2022-05-13,14.72
2022-05-14,0.96
2022-05-15,3.04
2022-05-16,8.48
2022-05-17,11.36
2022-05-18,16.0
2022-05-19,11.2
2022-05-20,12.64
2022-05-21,2.4
2022-05-22,0.8
2022-05-23,10.08
2022-05-24,11.36
2022-05-25,10.4
2022-05-26,11.2
2022-05-27,7.36
2022-05-28,4.96
2022-05-29,1.28
2022-05-30,1.44
2022-05-31,7.52
2022-06-01,10.920000000000002
2022-06-02,11.48
2022-06-03,10.78
2022-06-04,0.8400000000000001
2022-06-05,1.54
2022-06-06,10.500000000000002
2022-06-07,9.52
2022-06-08,7.98
2022-06-09,9.1
2022-06-10,10.78
2022-06-11,2.66
2022-06-12,2.1
2022-06-13,14.000000000000002
2022-06-14,13.72
2022-06-15,11.48
2022-06-16,13.160000000000002
2022-06-17,13.02
2022-06-18,4.48
2022-06-19,2.24
2022-06-20,7.420000000000001
2022-06-21,13.580000000000002
2022-06-22,11.760000000000002
2022-06-23,9.24
2022-06-24,13.02
2022-06-25,1.8200000000000005
2022-06-26,2.5200000000000005
2022-06-27,10.64
2022-06-28,9.8
2022-06-29,9.38
2022-06-30,8.120000000000001
2022-07-01,8.32
2022-07-02,1.56
2022-07-03,2.21
2022-07-04,2.08
2022-07-05,6.76
2022-07-06,7.800000000000001
2022-07-07,9.88
2022-07-08,10.66
2022-07-09,2.73
2022-07-10,0.78
2022-07-11,7.54
2022-07-12,8.58
2022-07-13,8.06
2022-07-14,10.92
2022-07-15,8.450000000000001
2022-07-16,2.47
2022-07-17,1.95
2022-07-18,11.96
2022-07-19,13.0
2022-07-20,10.79
2022-07-21,8.58
2022-07-22,11.18
2022-07-23,1.95
2022-07-24,1.3
2022-07-25,6.890000000000001
2022-07-26,9.49
2022-07-27,9.49
2022-07-28,10.4
2022-07-29,10.01
2022-07-30,3.77
2022-07-31,2.6
2022-08-01,10.080000000000002
2022-08-02,11.760000000000002
2022-08-03,12.04
2022-08-04,8.4
2022-08-05,9.66
2022-08-06,3.08
2022-08-07,5.040000000000001
2022-08-08,9.94
2022-08-09,10.22
2022-08-10,8.82
2022-08-11,10.22
2022-08-12,14.000000000000002
2022-08-13,2.66
2022-08-14,1.8200000000000005
2022-08-15,11.62
2022-08-16,9.94
2022-08-17,10.78
2022-08-18,9.24
2022-08-19,10.920000000000002
2022-08-20,1.2600000000000002
2022-08-21,1.12
2022-08-22,9.24
2022-08-23,9.66
2022-08-24,10.080000000000002
2022-08-25,10.920000000000002
2022-08-26,8.4
2022-08-27,2.8000000000000003
2022-08-28,0.0
2022-08-29,7.840000000000001
2022-08-30,10.500000000000002
2022-08-31,8.540000000000001
2022-09-01,6.4
2022-09-02,5.800000000000001
2022-09-03,1.9
2022-09-04,1.3
2022-09-05,0.0
2022-09-06,5.800000000000001
2022-09-07,7.4
2022-09-08,6.2
2022-09-09,5.5
2022-09-10,1.1
2022-09-11,0.0
2022-09-12,3.9
2022-09-13,6.9
2022-09-14,8.3
2022-09-15,7.0
2022-09-16,4.6000000000000005
2022-09-17,1.8
2022-09-18,2.3000000000000003
2022-09-19,5.800000000000001
2022-09-20,3.9
2022-09-21,5.1000000000000005
2022-09-22,4.7
2022-09-23,6.0
2022-09-24,1.2000000000000002
2022-09-25,1.5
2022-09-26,10.0
2022-09-27,6.9
2022-09-28,8.200000000000001
2022-09-29,8.0
2022-09-30,6.5
2022-10-01,1.6
2022-10-02,1.5
2022-10-03,5.5
2022-10-04,10.0
2022-10-05,8.700000000000001
2022-10-06,7.6
2022-10-07,7.0
2022-10-08,1.8
2022-10-09,2.4000000000000004
2022-10-10,5.9
2022-10-11,5.5
2022-10-12,6.7
2022-10-13,8.3
2022-10-14,5.0
2022-10-15,2.3000000000000003
2022-10-16,0.0
2022-10-17,7.800000000000001
2022-10-18,8.5
2022-10-19,8.1
2022-10-20,7.7
2022-10-21,6.4
2022-10-22,1.2000000000000002
2022-10-23,0.0
2022-10-24,8.9
2022-10-25,7.6
2022-10-26,9.4
2022-10-27,9.5
2022-10-28,9.7
2022-10-29,4.7
2022-10-30,2.3000000000000003
2022-10-31,7.7
2022-11-01,4.92
2022-11-02,7.56
2022-11-03,7.439999999999999
2022-11-04,12.0
2022-11-05,1.68
2022-11-06,0.0
2022-11-07,6.84
2022-11-08,10.68
2022-11-09,8.28
2022-11-10,8.04
2022-11-11,9.6
2022-11-12,3.0
2022-11-13,2.28
2022-11-14,9.96
2022-11-15,10.68
2022-11-16,8.4
2022-11-17,8.16
2022-11-18,9.36
2022-11-19,3.48
2022-11-20,1.44
2022-11-21,9.48
2022-11-22,8.28
2022-11-23,8.879999999999999
2022-11-24,3.0
2022-11-25,4.56
2022-11-26,0.6
2022-11-27,0.0
2022-11-28,8.4
2022-11-29,7.439999999999999
2022-11-30,8.04
2022-12-01,8.52
2022-12-02,5.76
2022-12-03,3.6
2022-12-04,2.76
2022-12-05,7.8
2022-12-06,7.199999999999999
2022-12-07,5.16
2022-12-08,6.12
2022-12-09,6.72
2022-12-10,2.88
2022-12-11,1.08
2022-12-12,7.8
2022-12-13,10.68
2022-12-14,8.879999999999999
2022-12-15,12.0
2022-12-16,10.08
2022-12-17,1.68
2022-12-18,1.3199999999999998
2022-12-19,5.64
2022-12-20,7.319999999999999
2022-12-21,9.12
2022-12-22,7.8
2022-12-23,9.36
2022-12-24,2.16
2022-12-25,2.4
2022-12-26,1.56
2022-12-27,6.84
2022-12-28,6.359999999999999
2022-12-29,7.199999999999999
2022-12-30,7.08
2022-12-31,3.0
2023-01-01,1.4300000000000002
2023-01-02,2.6
2023-01-03,9.23
2023-01-04,11.05
2023-01-05,11.96
2023-01-06,12.22
2023-01-07,5.33
2023-01-08,3.51
2023-01-09,9.75
2023-01-10,8.97
2023-01-11,9.88
2023-01-12,9.62
2023-01-13,10.14
2023-01-14,7.0200000000000005
2023-01-15,1.4300000000000002
2023-01-16,2.99
2023-01-17,9.88
2023-01-18,8.84
2023-01-19,9.88
2023-01-20,8.97
2023-01-21,2.47
2023-01-22,0.91
2023-01-23,7.0200000000000005
2023-01-24,12.74
2023-01-25,12.48
2023-01-26,10.92
2023-01-27,13.0
2023-01-28,3.51
2023-01-29,0.78
2023-01-30,10.27
2023-01-31,11.05
2023-02-01,9.96
2023-02-02,12.0
2023-02-03,7.319999999999999
2023-02-04,2.16
2023-02-05,0.0
2023-02-06,6.48
2023-02-07,8.4
2023-02-08,5.76
2023-02-09,9.24
2023-02-10,9.0
2023-02-11,2.4
2023-02-12,1.68
2023-02-13,5.64
2023-02-14,10.56
2023-02-15,9.48
2023-02-16,10.68
2023-02-17,6.0
2023-02-18,1.92
2023-02-19,0.0
2023-02-20,3.24
2023-02-21,4.2
2023-02-22,8.04
2023-02-23,6.359999999999999
2023-02-24,5.279999999999999
2023-02-25,3.0
2023-02-26,0.96
2023-02-27,4.2
2023-02-28,7.92
2023-03-01,4.7
2023-03-02,5.9
2023-03-03,6.9
2023-03-04,3.1
2023-03-05,0.7000000000000001
2023-03-06,8.6
2023-03-07,4.7
2023-03-08,4.7
2023-03-09,4.800000000000001
2023-03-10,6.800000000000001
2023-03-11,2.3000000000000003
2023-03-12,3.8
2023-03-13,8.1
2023-03-14,10.0
2023-03-15,8.4
2023-03-16,7.800000000000001
2023-03-17,4.6000000000000005
2023-03-18,2.6
2023-03-19,1.6
2023-03-20,8.0
2023-03-21,5.6000000000000005
2023-03-22,5.300000000000001
2023-03-23,5.300000000000001
2023-03-24,7.6
2023-03-25,2.3000000000000003
2023-03-26,1.5
2023-03-27,6.2
2023-03-28,3.9
2023-03-29,8.6
2023-03-30,7.300000000000001
2023-03-31,6.9
2023-04-01,1.65
2023-04-02,1.98
2023-04-03,9.57
2023-04-04,10.01
2023-04-05,6.6
2023-04-06,8.47
2023-04-07,2.75
2023-04-08,2.2
2023-04-09,3.85
2023-04-10,7.59
2023-04-11,8.25
2023-04-12,10.12
2023-04-13,7.7
2023-04-14,11.0
2023-04-15,2.42
2023-04-16,2.75
2023-04-17,7.59
2023-04-18,6.38
2023-04-19,6.49
2023-04-20,6.49
2023-04-21,5.17
2023-04-22,1.54
2023-04-23,1.76
2023-04-24,5.61
2023-04-25,5.72
2023-04-26,10.01
2023-04-27,7.48
2023-04-28,7.15
2023-04-29,2.42
2023-04-30,1.65
2023-05-01,7.109999999999999
2023-05-02,6.39
2023-05-03,5.67
2023-05-04,4.59
2023-05-05,8.37
2023-05-06,0.99
2023-05-07,1.26
2023-05-08,7.47
2023-05-09,7.109999999999999
2023-05-10,6.21
2023-05-11,4.859999999999999
2023-05-12,7.47
2023-05-13,1.44
2023-05-14,0.99
2023-05-15,5.58
2023-05-16,5.4
2023-05-17,4.859999999999999
2023-05-18,5.85
2023-05-19,4.77
2023-05-20,1.7999999999999998
2023-05-21,0.99
2023-05-22,4.859999999999999
2023-05-23,7.109999999999999
2023-05-24,4.68
2023-05-25,5.94
2023-05-26,9.0
2023-05-27,0.0
2023-05-28,0.0
2023-05-29,0.8099999999999999
2023-05-30,3.69
2023-05-31,4.859999999999999
2023-06-01,4.95
2023-06-02,7.59
2023-06-03,1.65
2023-06-04,2.09
2023-06-05,7.92
2023-06-06,7.59
2023-06-07,5.61
2023-06-08,10.01
2023-06-09,7.59
2023-06-10,2.86
2023-06-11,0.77
2023-06-12,9.02
2023-06-13,8.36
2023-06-14,6.71
2023-06-15,6.2700000000000005
2023-06-16,8.8
2023-06-17,2.31
2023-06-18,0.99
2023-06-19,2.86
2023-06-20,11.0
2023-06-21,8.14
2023-06-22,6.16
2023-06-23,3.52
2023-06-24,2.09
2023-06-25,1.43
2023-06-26,6.38
2023-06-27,10.23
2023-06-28,8.25
2023-06-29,6.49
2023-06-30,9.13
2023-07-01,1.92
2023-07-02,0.0
2023-07-03,6.359999999999999
2023-07-04,3.24
2023-07-05,9.12
2023-07-06,11.52
2023-07-07,6.12
2023-07-08,0.0
2023-07-09,5.279999999999999
2023-07-10,7.68
2023-07-11,9.96
2023-07-12,11.04
2023-07-13,9.36
2023-07-14,6.72
2023-07-15,4.68
2023-07-16,0.0
2023-07-17,9.12
2023-07-18,9.36
2023-07-19,10.32
2023-07-20,10.92
2023-07-21,6.12
2023-07-22,2.64
2023-07-23,0.0
2023-07-24,7.92
2023-07-25,10.32
2023-07-26,11.52
2023-07-27,11.04
2023-07-28,12.0
2023-07-29,2.64
2023-07-30,1.44
2023-07-31,10.92
2023-08-01,10.56
2023-08-02,7.81
2023-08-03,7.37
2023-08-04,9.46
2023-08-05,2.2
2023-08-06,1.32
2023-08-07,8.03
2023-08-08,11.0
2023-08-09,6.49
2023-08-10,10.01
2023-08-11,7.37
2023-08-12,1.43
2023-08-13,0.0
2023-08-14,8.8
2023-08-15,10.89
2023-08-16,6.71
2023-08-17,9.68
2023-08-18,7.7
2023-08-19,1.65
2023-08-20,1.76
2023-08-21,5.94
2023-08-22,9.02
2023-08-23,7.81
2023-08-24,4.18
2023-08-25,8.8
2023-08-26,1.21
2023-08-27,1.54
2023-08-28,5.61
2023-08-29,9.57
2023-08-30,9.24
2023-08-31,5.94
2023-09-01,7.52
2023-09-02,1.76
2023-09-03,0.96
2023-09-04,1.04
2023-09-05,4.08
2023-09-06,4.4
2023-09-07,5.28
2023-09-08,3.76
2023-09-09,1.12
2023-09-10,2.8000000000000003
2023-09-11,4.64
2023-09-12,3.12
2023-09-13,7.52
2023-09-14,7.92
2023-09-15,2.4
2023-09-16,1.76
2023-09-17,0.0
2023-09-18,4.88
2023-09-19,6.24
2023-09-20,4.96
2023-09-21,7.68
2023-09-22,4.16
2023-09-23,1.52
2023-09-24,0.0
2023-09-25,4.88
2023-09-26,5.2
2023-09-27,8.0
2023-09-28,6.88
2023-09-29,7.12
2023-09-30,3.36
2023-10-01,3.33
2023-10-02,2.97
2023-10-03,4.859999999999999
2023-10-04,5.22
2023-10-05,5.13
2023-10-06,6.39
2023-10-07,1.71
2023-10-08,3.78
2023-10-09,4.77
2023-10-10,7.739999999999999
2023-10-11,6.029999999999999
2023-10-12,7.29
2023-10-13,6.12
2023-10-14,1.53
2023-10-15,1.7999999999999998
2023-10-16,4.95
2023-10-17,6.029999999999999
2023-10-18,6.75
2023-10-19,4.5
2023-10-20,3.69
2023-10-21,1.17
2023-10-22,0.0
2023-10-23,6.84
2023-10-24,5.04
2023-10-25,9.0
2023-10-26,8.01
2023-10-27,5.13
2023-10-28,1.35
2023-10-29,0.8099999999999999
2023-10-30,3.15
2023-10-31,5.94
2023-11-01,4.62
2023-11-02,7.48
2023-11-03,6.38
2023-11-04,0.0
2023-11-05,1.21
2023-11-06,6.05
2023-11-07,7.37
2023-11-08,4.95
2023-11-09,7.37
2023-11-10,4.73
2023-11-11,1.32
2023-11-12,0.0
2023-11-13,9.46
2023-11-14,8.25
2023-11-15,7.04
2023-11-16,6.49
2023-11-17,6.71
2023-11-18,0.66
2023-11-19,1.54
2023-11-20,9.9
2023-11-21,11.0
2023-11-22,9.35
2023-11-23,2.31
2023-11-24,6.6
2023-11-25,4.18
2023-11-26,1.43
2023-11-27,6.2700000000000005
2023-11-28,9.79
2023-11-29,9.79
2023-11-30,8.69
2023-12-01,8.96
2023-12-02,2.3800000000000003
2023-12-03,2.3800000000000003
2023-12-04,8.120000000000001
2023-12-05,8.540000000000001
2023-12-06,7.56
2023-12-07,6.86
2023-12-08,11.760000000000002
2023-12-09,1.6800000000000002
2023-12-10,0.98
2023-12-11,8.120000000000001
2023-12-12,8.82
2023-12-13,11.2
2023-12-14,14.000000000000002
2023-12-15,11.2
2023-12-16,4.0600000000000005
2023-12-17,1.96
2023-12-18,8.540000000000001
2023-12-19,8.82
2023-12-20,10.500000000000002
2023-12-21,10.64
2023-12-22,8.680000000000001
2023-12-23,3.3600000000000003
2023-12-24,1.4
2023-12-25,2.3800000000000003
2023-12-26,8.4
2023-12-27,5.180000000000001
2023-12-28,7.56
2023-12-29,8.260000000000002
2023-12-30,2.3800000000000003
2023-12-31,1.54
