,date,HON
3288,2013-01-01,0.0
3289,2013-01-02,2.76
3290,2013-01-03,0.0
3291,2013-01-04,0.0
3292,2013-01-05,0.0
3293,2013-01-06,0.0
3294,2013-01-07,0.0
3295,2013-01-08,0.0
3296,2013-01-09,0.0
3297,2013-01-10,3.96
3298,2013-01-11,12.0
3299,2013-01-12,0.0
3300,2013-01-13,0.0
3301,2013-01-14,1.7999999999999998
3302,2013-01-15,1.44
3303,2013-01-16,0.0
3304,2013-01-17,0.0
3305,2013-01-18,0.0
3306,2013-01-19,0.0
3307,2013-01-20,0.0
3308,2013-01-21,0.0
3309,2013-01-22,0.0
3310,2013-01-23,1.92
3311,2013-01-24,2.04
3312,2013-01-25,4.08
3313,2013-01-26,7.439999999999999
3314,2013-01-27,0.0
3315,2013-01-28,1.92
3316,2013-01-29,0.0
3317,2013-01-30,0.0
3318,2013-01-31,0.0
3319,2013-02-01,0.0
3320,2013-02-02,0.0
3321,2013-02-03,0.0
3322,2013-02-04,7.41
3323,2013-02-05,0.0
3324,2013-02-06,0.0
3325,2013-02-07,0.0
3326,2013-02-08,0.0
3327,2013-02-09,0.0
3328,2013-02-10,0.0
3329,2013-02-11,0.0
3330,2013-02-12,8.32
3331,2013-02-13,0.0
3332,2013-02-14,0.0
3333,2013-02-15,0.0
3334,2013-02-16,0.0
3335,2013-02-17,0.0
3336,2013-02-18,0.0
3337,2013-02-19,0.0
3338,2013-02-20,6.76
3339,2013-02-21,0.0
3340,2013-02-22,0.0
3341,2013-02-23,0.0
3342,2013-02-24,13.0
3343,2013-02-25,11.83
3344,2013-02-26,0.0
3345,2013-02-27,0.0
3346,2013-02-28,0.0
3347,2013-03-01,0.0
3348,2013-03-02,0.0
3349,2013-03-03,0.0
3350,2013-03-04,0.0
3351,2013-03-05,0.0
3352,2013-03-06,7.140000000000001
3353,2013-03-07,0.0
3354,2013-03-08,0.0
3355,2013-03-09,0.0
3356,2013-03-10,0.0
3357,2013-03-11,0.0
3358,2013-03-12,0.0
3359,2013-03-13,0.0
3360,2013-03-14,0.0
3361,2013-03-15,0.0
3362,2013-03-16,0.0
3363,2013-03-17,0.0
3364,2013-03-18,0.0
3365,2013-03-19,0.0
3366,2013-03-20,5.32
3367,2013-03-21,0.0
3368,2013-03-22,0.0
3369,2013-03-23,14.000000000000002
3370,2013-03-24,0.0
3371,2013-03-25,8.680000000000001
3372,2013-03-26,3.92
3373,2013-03-27,5.6000000000000005
3374,2013-03-28,0.0
3375,2013-03-29,0.0
3376,2013-03-30,3.78
3377,2013-03-31,3.5000000000000004
3378,2013-04-01,5.8500000000000005
3379,2013-04-02,0.0
3380,2013-04-03,0.0
3381,2013-04-04,0.0
3382,2013-04-05,0.0
3383,2013-04-06,0.0
3384,2013-04-07,7.54
3385,2013-04-08,13.0
3386,2013-04-09,0.0
3387,2013-04-10,0.0
3388,2013-04-11,4.03
3389,2013-04-12,8.71
3390,2013-04-13,5.98
3391,2013-04-14,0.0
3392,2013-04-15,0.0
3393,2013-04-16,0.0
3394,2013-04-17,0.0
3395,2013-04-18,0.0
3396,2013-04-19,0.0
3397,2013-04-20,0.0
3398,2013-04-21,10.66
3399,2013-04-22,0.0
3400,2013-04-23,0.0
3401,2013-04-24,9.75
3402,2013-04-25,7.15
3403,2013-04-26,7.15
3404,2013-04-27,0.0
3405,2013-04-28,0.0
3406,2013-04-29,0.0
3407,2013-04-30,5.46
3408,2013-05-01,0.0
3409,2013-05-02,0.0
3410,2013-05-03,6.580000000000001
3411,2013-05-04,0.0
3412,2013-05-05,0.0
3413,2013-05-06,3.5000000000000004
3414,2013-05-07,14.000000000000002
3415,2013-05-08,0.0
3416,2013-05-09,0.0
3417,2013-05-10,0.0
3418,2013-05-11,0.0
3419,2013-05-12,0.0
3420,2013-05-13,0.0
3421,2013-05-14,0.0
3422,2013-05-15,0.0
3423,2013-05-16,0.0
3424,2013-05-17,0.0
3425,2013-05-18,0.0
3426,2013-05-19,0.0
3427,2013-05-20,0.0
3428,2013-05-21,0.0
3429,2013-05-22,2.9400000000000004
3430,2013-05-23,0.0
3431,2013-05-24,2.9400000000000004
3432,2013-05-25,8.260000000000002
3433,2013-05-26,7.140000000000001
3434,2013-05-27,0.0
3435,2013-05-28,0.0
3436,2013-05-29,0.0
3437,2013-05-30,0.0
3438,2013-05-31,0.0
3439,2013-06-01,8.64
3440,2013-06-02,0.0
3441,2013-06-03,2.4
3442,2013-06-04,0.0
3443,2013-06-05,10.2
3444,2013-06-06,3.36
3445,2013-06-07,0.0
3446,2013-06-08,0.0
3447,2013-06-09,0.0
3448,2013-06-10,2.64
3449,2013-06-11,0.0
3450,2013-06-12,0.0
3451,2013-06-13,0.0
3452,2013-06-14,12.0
3453,2013-06-15,0.0
3454,2013-06-16,0.0
3455,2013-06-17,3.0
3456,2013-06-18,0.0
3457,2013-06-19,0.0
3458,2013-06-20,0.0
3459,2013-06-21,0.0
3460,2013-06-22,0.0
3461,2013-06-23,0.0
3462,2013-06-24,0.0
3463,2013-06-25,0.0
3464,2013-06-26,6.6
3465,2013-06-27,0.0
3466,2013-06-28,3.84
3467,2013-06-29,0.0
3468,2013-06-30,5.4
3469,2013-07-01,0.0
3470,2013-07-02,6.24
3471,2013-07-03,0.0
3472,2013-07-04,0.0
3473,2013-07-05,0.0
3474,2013-07-06,0.0
3475,2013-07-07,5.04
3476,2013-07-08,0.0
3477,2013-07-09,0.0
3478,2013-07-10,12.0
3479,2013-07-11,0.0
3480,2013-07-12,4.8
3481,2013-07-13,0.0
3482,2013-07-14,7.68
3483,2013-07-15,0.0
3484,2013-07-16,0.0
3485,2013-07-17,4.2
3486,2013-07-18,7.439999999999999
3487,2013-07-19,3.6
3488,2013-07-20,0.0
3489,2013-07-21,0.0
3490,2013-07-22,4.08
3491,2013-07-23,0.0
3492,2013-07-24,6.84
3493,2013-07-25,6.0
3494,2013-07-26,4.44
3495,2013-07-27,0.0
3496,2013-07-28,0.0
3497,2013-07-29,0.0
3498,2013-07-30,4.32
3499,2013-07-31,0.0
3500,2013-08-01,3.0
3501,2013-08-02,0.0
3502,2013-08-03,0.0
3503,2013-08-04,0.0
3504,2013-08-05,0.0
3505,2013-08-06,10.0
3506,2013-08-07,0.0
3507,2013-08-08,0.0
3508,2013-08-09,0.0
3509,2013-08-10,0.0
3510,2013-08-11,0.0
3511,2013-08-12,0.0
3512,2013-08-13,0.0
3513,2013-08-14,0.0
3514,2013-08-15,0.0
3515,2013-08-16,3.3000000000000003
3516,2013-08-17,0.0
3517,2013-08-18,0.0
3518,2013-08-19,0.0
3519,2013-08-20,5.800000000000001
3520,2013-08-21,0.0
3521,2013-08-22,0.0
3522,2013-08-23,0.0
3523,2013-08-24,0.0
3524,2013-08-25,0.0
3525,2013-08-26,0.0
3526,2013-08-27,8.0
3527,2013-08-28,0.0
3528,2013-08-29,0.0
3529,2013-08-30,0.0
3530,2013-08-31,0.0
3531,2013-09-01,12.0
3532,2013-09-02,0.0
3533,2013-09-03,0.0
3534,2013-09-04,4.68
3535,2013-09-05,0.0
3536,2013-09-06,0.0
3537,2013-09-07,7.8
3538,2013-09-08,0.0
3539,2013-09-09,4.56
3540,2013-09-10,0.0
3541,2013-09-11,0.0
3542,2013-09-12,0.0
3543,2013-09-13,0.0
3544,2013-09-14,6.24
3545,2013-09-15,0.0
3546,2013-09-16,0.0
3547,2013-09-17,4.56
3548,2013-09-18,0.0
3549,2013-09-19,7.439999999999999
3550,2013-09-20,10.92
3551,2013-09-21,0.0
3552,2013-09-22,5.76
3553,2013-09-23,0.0
3554,2013-09-24,0.0
3555,2013-09-25,0.0
3556,2013-09-26,0.0
3557,2013-09-27,0.0
3558,2013-09-28,0.0
3559,2013-09-29,7.319999999999999
3560,2013-09-30,0.0
3561,2013-10-01,0.0
3562,2013-10-02,2.85
3563,2013-10-03,0.0
3564,2013-10-04,0.0
3565,2013-10-05,0.0
3566,2013-10-06,5.4
3567,2013-10-07,0.0
3568,2013-10-08,0.0
3569,2013-10-09,3.3
3570,2013-10-10,0.0
3571,2013-10-11,8.4
3572,2013-10-12,0.0
3573,2013-10-13,15.0
3574,2013-10-14,0.0
3575,2013-10-15,0.0
3576,2013-10-16,2.85
3577,2013-10-17,0.0
3578,2013-10-18,4.35
3579,2013-10-19,0.0
3580,2013-10-20,0.0
3581,2013-10-21,3.3
3582,2013-10-22,9.15
3583,2013-10-23,0.0
3584,2013-10-24,5.25
3585,2013-10-25,0.0
3586,2013-10-26,0.0
3587,2013-10-27,0.0
3588,2013-10-28,0.0
3589,2013-10-29,0.0
3590,2013-10-30,0.0
3591,2013-10-31,0.0
3592,2013-11-01,3.68
3593,2013-11-02,0.0
3594,2013-11-03,0.0
3595,2013-11-04,0.0
3596,2013-11-05,0.0
3597,2013-11-06,0.0
3598,2013-11-07,0.0
3599,2013-11-08,3.36
3600,2013-11-09,4.0
3601,2013-11-10,0.0
3602,2013-11-11,0.0
3603,2013-11-12,0.0
3604,2013-11-13,0.0
3605,2013-11-14,4.48
3606,2013-11-15,0.0
3607,2013-11-16,0.0
3608,2013-11-17,3.52
3609,2013-11-18,6.08
3610,2013-11-19,0.0
3611,2013-11-20,0.0
3612,2013-11-21,11.36
3613,2013-11-22,0.0
3614,2013-11-23,16.0
3615,2013-11-24,0.0
3616,2013-11-25,8.8
3617,2013-11-26,0.0
3618,2013-11-27,0.0
3619,2013-11-28,6.24
3620,2013-11-29,0.0
3621,2013-11-30,0.0
3622,2013-12-01,0.0
3623,2013-12-02,0.0
3624,2013-12-03,0.0
3625,2013-12-04,0.0
3626,2013-12-05,6.720000000000001
3627,2013-12-06,0.0
3628,2013-12-07,14.000000000000002
3629,2013-12-08,0.0
3630,2013-12-09,7.700000000000001
3631,2013-12-10,0.0
3632,2013-12-11,0.0
3633,2013-12-12,0.0
3634,2013-12-13,0.0
3635,2013-12-14,0.0
3636,2013-12-15,5.32
3637,2013-12-16,0.0
3638,2013-12-17,9.38
3639,2013-12-18,5.040000000000001
3640,2013-12-19,0.0
3641,2013-12-20,0.0
3642,2013-12-21,0.0
3643,2013-12-22,5.74
3644,2013-12-23,0.0
3645,2013-12-24,0.0
3646,2013-12-25,11.06
3647,2013-12-26,10.36
3648,2013-12-27,0.0
3649,2013-12-28,0.0
3650,2013-12-29,0.0
3651,2013-12-30,10.22
3652,2013-12-31,0.0
3653,2014-01-01,0.0
3654,2014-01-02,0.0
3655,2014-01-03,4.05
3656,2014-01-04,3.75
3657,2014-01-05,8.1
3658,2014-01-06,0.0
3659,2014-01-07,0.0
3660,2014-01-08,0.0
3661,2014-01-09,2.7
3662,2014-01-10,4.95
3663,2014-01-11,0.0
3664,2014-01-12,0.0
3665,2014-01-13,0.0
3666,2014-01-14,2.25
3667,2014-01-15,5.4
3668,2014-01-16,0.0
3669,2014-01-17,4.2
3670,2014-01-18,0.0
3671,2014-01-19,0.0
3672,2014-01-20,0.0
3673,2014-01-21,0.0
3674,2014-01-22,0.0
3675,2014-01-23,2.4
3676,2014-01-24,0.0
3677,2014-01-25,0.0
3678,2014-01-26,0.0
3679,2014-01-27,0.0
3680,2014-01-28,0.0
3681,2014-01-29,3.15
3682,2014-01-30,0.0
3683,2014-01-31,15.0
3684,2014-02-01,16.0
3685,2014-02-02,0.0
3686,2014-02-03,0.0
3687,2014-02-04,0.0
3688,2014-02-05,0.0
3689,2014-02-06,0.0
3690,2014-02-07,0.0
3691,2014-02-08,0.0
3692,2014-02-09,0.0
3693,2014-02-10,0.0
3694,2014-02-11,0.0
3695,2014-02-12,0.0
3696,2014-02-13,0.0
3697,2014-02-14,0.0
3698,2014-02-15,0.0
3699,2014-02-16,0.0
3700,2014-02-17,7.2
3701,2014-02-18,7.36
3702,2014-02-19,0.0
3703,2014-02-20,0.0
3704,2014-02-21,5.28
3705,2014-02-22,0.0
3706,2014-02-23,6.5600000000000005
3707,2014-02-24,0.0
3708,2014-02-25,0.0
3709,2014-02-26,10.08
3710,2014-02-27,0.0
3711,2014-02-28,6.72
3712,2014-03-01,0.0
3713,2014-03-02,0.0
3714,2014-03-03,0.0
3715,2014-03-04,0.0
3716,2014-03-05,8.85
3717,2014-03-06,0.0
3718,2014-03-07,15.0
3719,2014-03-08,11.1
3720,2014-03-09,0.0
3721,2014-03-10,0.0
3722,2014-03-11,0.0
3723,2014-03-12,0.0
3724,2014-03-13,0.0
3725,2014-03-14,5.1
3726,2014-03-15,8.25
3727,2014-03-16,0.0
3728,2014-03-17,0.0
3729,2014-03-18,0.0
3730,2014-03-19,6.45
3731,2014-03-20,13.2
3732,2014-03-21,5.85
3733,2014-03-22,0.0
3734,2014-03-23,7.199999999999999
3735,2014-03-24,6.9
3736,2014-03-25,13.05
3737,2014-03-26,0.0
3738,2014-03-27,10.5
3739,2014-03-28,6.45
3740,2014-03-29,0.0
3741,2014-03-30,0.0
3742,2014-03-31,5.1
3743,2014-04-01,6.45
3744,2014-04-02,0.0
3745,2014-04-03,15.0
3746,2014-04-04,4.65
3747,2014-04-05,0.0
3748,2014-04-06,0.0
3749,2014-04-07,4.5
3750,2014-04-08,0.0
3751,2014-04-09,0.0
3752,2014-04-10,0.0
3753,2014-04-11,0.0
3754,2014-04-12,0.0
3755,2014-04-13,5.85
3756,2014-04-14,0.0
3757,2014-04-15,0.0
3758,2014-04-16,0.0
3759,2014-04-17,0.0
3760,2014-04-18,0.0
3761,2014-04-19,0.0
3762,2014-04-20,0.0
3763,2014-04-21,0.0
3764,2014-04-22,0.0
3765,2014-04-23,0.0
3766,2014-04-24,0.0
3767,2014-04-25,0.0
3768,2014-04-26,0.0
3769,2014-04-27,0.0
3770,2014-04-28,0.0
3771,2014-04-29,0.0
3772,2014-04-30,4.65
3773,2014-05-01,0.0
3774,2014-05-02,2.34
3775,2014-05-03,4.44
3776,2014-05-04,0.0
3777,2014-05-05,0.0
3778,2014-05-06,0.0
3779,2014-05-07,3.36
3780,2014-05-08,0.0
3781,2014-05-09,4.56
3782,2014-05-10,6.0
3783,2014-05-11,0.0
3784,2014-05-12,0.0
3785,2014-05-13,2.58
3786,2014-05-14,0.0
3787,2014-05-15,2.4
3788,2014-05-16,0.0
3789,2014-05-17,0.0
3790,2014-05-18,0.0
3791,2014-05-19,0.0
3792,2014-05-20,0.0
3793,2014-05-21,0.0
3794,2014-05-22,0.0
3795,2014-05-23,2.28
3796,2014-05-24,0.0
3797,2014-05-25,0.0
3798,2014-05-26,0.0
3799,2014-05-27,0.0
3800,2014-05-28,0.0
3801,2014-05-29,0.0
3802,2014-05-30,0.0
3803,2014-05-31,0.0
3804,2014-06-01,0.0
3805,2014-06-02,0.0
3806,2014-06-03,0.0
3807,2014-06-04,0.0
3808,2014-06-05,0.0
3809,2014-06-06,0.0
3810,2014-06-07,0.0
3811,2014-06-08,0.0
3812,2014-06-09,0.0
3813,2014-06-10,0.0
3814,2014-06-11,0.0
3815,2014-06-12,7.08
3816,2014-06-13,0.0
3817,2014-06-14,0.0
3818,2014-06-15,0.0
3819,2014-06-16,0.0
3820,2014-06-17,0.0
3821,2014-06-18,0.0
3822,2014-06-19,12.0
3823,2014-06-20,9.96
3824,2014-06-21,0.0
3825,2014-06-22,0.0
3826,2014-06-23,0.0
3827,2014-06-24,0.0
3828,2014-06-25,0.0
3829,2014-06-26,0.0
3830,2014-06-27,0.0
3831,2014-06-28,0.0
3832,2014-06-29,0.0
3833,2014-06-30,0.0
3834,2014-07-01,0.0
3835,2014-07-02,5.2
3836,2014-07-03,0.0
3837,2014-07-04,13.0
3838,2014-07-05,0.0
3839,2014-07-06,0.0
3840,2014-07-07,3.38
3841,2014-07-08,0.0
3842,2014-07-09,1.82
3843,2014-07-10,0.0
3844,2014-07-11,0.0
3845,2014-07-12,2.8600000000000003
3846,2014-07-13,0.0
3847,2014-07-14,0.0
3848,2014-07-15,0.0
3849,2014-07-16,2.99
3850,2014-07-17,0.0
3851,2014-07-18,0.0
3852,2014-07-19,0.0
3853,2014-07-20,0.0
3854,2014-07-21,0.0
3855,2014-07-22,0.0
3856,2014-07-23,0.0
3857,2014-07-24,0.0
3858,2014-07-25,6.37
3859,2014-07-26,0.0
3860,2014-07-27,0.0
3861,2014-07-28,0.0
3862,2014-07-29,0.0
3863,2014-07-30,0.0
3864,2014-07-31,2.34
3865,2014-08-01,0.0
3866,2014-08-02,0.0
3867,2014-08-03,0.0
3868,2014-08-04,6.82
3869,2014-08-05,0.0
3870,2014-08-06,0.0
3871,2014-08-07,0.0
3872,2014-08-08,0.0
3873,2014-08-09,0.0
3874,2014-08-10,0.0
3875,2014-08-11,0.0
3876,2014-08-12,0.0
3877,2014-08-13,0.0
3878,2014-08-14,0.0
3879,2014-08-15,11.0
3880,2014-08-16,0.0
3881,2014-08-17,0.0
3882,2014-08-18,0.0
3883,2014-08-19,0.0
3884,2014-08-20,4.95
3885,2014-08-21,0.0
3886,2014-08-22,0.0
3887,2014-08-23,0.0
3888,2014-08-24,5.61
3889,2014-08-25,0.0
3890,2014-08-26,0.0
3891,2014-08-27,0.0
3892,2014-08-28,10.67
3893,2014-08-29,0.0
3894,2014-08-30,0.0
3895,2014-08-31,0.0
3896,2014-09-01,5.49
3897,2014-09-02,3.69
3898,2014-09-03,0.0
3899,2014-09-04,4.32
3900,2014-09-05,0.0
3901,2014-09-06,0.0
3902,2014-09-07,0.0
3903,2014-09-08,0.0
3904,2014-09-09,9.0
3905,2014-09-10,0.0
3906,2014-09-11,3.6
3907,2014-09-12,0.0
3908,2014-09-13,0.0
3909,2014-09-14,0.0
3910,2014-09-15,0.0
3911,2014-09-16,0.0
3912,2014-09-17,0.0
3913,2014-09-18,0.0
3914,2014-09-19,0.0
3915,2014-09-20,0.0
3916,2014-09-21,0.0
3917,2014-09-22,0.0
3918,2014-09-23,0.0
3919,2014-09-24,6.3
3920,2014-09-25,4.23
3921,2014-09-26,7.739999999999999
3922,2014-09-27,0.0
3923,2014-09-28,6.029999999999999
3924,2014-09-29,7.38
3925,2014-09-30,0.0
3926,2014-10-01,0.0
3927,2014-10-02,12.24
3928,2014-10-03,6.29
3929,2014-10-04,14.45
3930,2014-10-05,0.0
3931,2014-10-06,0.0
3932,2014-10-07,0.0
3933,2014-10-08,0.0
3934,2014-10-09,13.43
3935,2014-10-10,0.0
3936,2014-10-11,0.0
3937,2014-10-12,0.0
3938,2014-10-13,0.0
3939,2014-10-14,0.0
3940,2014-10-15,5.61
3941,2014-10-16,16.150000000000002
3942,2014-10-17,0.0
3943,2014-10-18,0.0
3944,2014-10-19,0.0
3945,2014-10-20,0.0
3946,2014-10-21,0.0
3947,2014-10-22,15.81
3948,2014-10-23,0.0
3949,2014-10-24,0.0
3950,2014-10-25,0.0
3951,2014-10-26,17.0
3952,2014-10-27,8.16
3953,2014-10-28,0.0
3954,2014-10-29,10.54
3955,2014-10-30,5.95
3956,2014-10-31,9.52
3957,2014-11-01,0.0
3958,2014-11-02,0.0
3959,2014-11-03,5.6000000000000005
3960,2014-11-04,8.64
3961,2014-11-05,3.68
3962,2014-11-06,4.96
3963,2014-11-07,0.0
3964,2014-11-08,0.0
3965,2014-11-09,0.0
3966,2014-11-10,0.0
3967,2014-11-11,0.0
3968,2014-11-12,0.0
3969,2014-11-13,0.0
3970,2014-11-14,0.0
3971,2014-11-15,8.96
3972,2014-11-16,0.0
3973,2014-11-17,0.0
3974,2014-11-18,9.6
3975,2014-11-19,0.0
3976,2014-11-20,10.24
3977,2014-11-21,6.08
3978,2014-11-22,0.0
3979,2014-11-23,6.88
3980,2014-11-24,0.0
3981,2014-11-25,0.0
3982,2014-11-26,16.0
3983,2014-11-27,0.0
3984,2014-11-28,0.0
3985,2014-11-29,0.0
3986,2014-11-30,0.0
3987,2014-12-01,0.0
3988,2014-12-02,6.51
3989,2014-12-03,0.0
3990,2014-12-04,0.0
3991,2014-12-05,9.45
3992,2014-12-06,0.0
3993,2014-12-07,0.0
3994,2014-12-08,0.0
3995,2014-12-09,0.0
3996,2014-12-10,6.09
3997,2014-12-11,0.0
3998,2014-12-12,0.0
3999,2014-12-13,16.38
4000,2014-12-14,0.0
4001,2014-12-15,0.0
4002,2014-12-16,0.0
4003,2014-12-17,0.0
4004,2014-12-18,6.3
4005,2014-12-19,6.09
4006,2014-12-20,0.0
4007,2014-12-21,0.0
4008,2014-12-22,0.0
4009,2014-12-23,0.0
4010,2014-12-24,0.0
4011,2014-12-25,8.19
4012,2014-12-26,21.0
4013,2014-12-27,0.0
4014,2014-12-28,0.0
4015,2014-12-29,0.0
4016,2014-12-30,6.93
4017,2014-12-31,5.88
4018,2015-01-01,10.56
4019,2015-01-02,0.0
4020,2015-01-03,0.0
4021,2015-01-04,0.0
4022,2015-01-05,5.04
4023,2015-01-06,7.68
4024,2015-01-07,0.0
4025,2015-01-08,0.0
4026,2015-01-09,0.0
4027,2015-01-10,0.0
4028,2015-01-11,0.0
4029,2015-01-12,0.0
4030,2015-01-13,0.0
4031,2015-01-14,0.0
4032,2015-01-15,5.76
4033,2015-01-16,0.0
4034,2015-01-17,7.319999999999999
4035,2015-01-18,0.0
4036,2015-01-19,10.56
4037,2015-01-20,0.0
4038,2015-01-21,0.0
4039,2015-01-22,0.0
4040,2015-01-23,0.0
4041,2015-01-24,12.0
4042,2015-01-25,0.0
4043,2015-01-26,0.0
4044,2015-01-27,6.24
4045,2015-01-28,0.0
4046,2015-01-29,0.0
4047,2015-01-30,7.68
4048,2015-01-31,0.0
4049,2015-02-01,0.0
4050,2015-02-02,0.0
4051,2015-02-03,0.0
4052,2015-02-04,0.0
4053,2015-02-05,0.0
4054,2015-02-06,4.800000000000001
4055,2015-02-07,10.0
4056,2015-02-08,0.0
4057,2015-02-09,0.0
4058,2015-02-10,0.0
4059,2015-02-11,0.0
4060,2015-02-12,0.0
4061,2015-02-13,0.0
4062,2015-02-14,5.5
4063,2015-02-15,0.0
4064,2015-02-16,0.0
4065,2015-02-17,0.0
4066,2015-02-18,0.0
4067,2015-02-19,0.0
4068,2015-02-20,0.0
4069,2015-02-21,0.0
4070,2015-02-22,0.0
4071,2015-02-23,0.0
4072,2015-02-24,0.0
4073,2015-02-25,0.0
4074,2015-02-26,0.0
4075,2015-02-27,3.9
4076,2015-02-28,0.0
4077,2015-03-01,0.0
4078,2015-03-02,5.64
4079,2015-03-03,0.0
4080,2015-03-04,0.0
4081,2015-03-05,0.0
4082,2015-03-06,0.0
4083,2015-03-07,8.04
4084,2015-03-08,0.0
4085,2015-03-09,8.879999999999999
4086,2015-03-10,0.0
4087,2015-03-11,12.0
4088,2015-03-12,12.0
4089,2015-03-13,0.0
4090,2015-03-14,0.0
4091,2015-03-15,0.0
4092,2015-03-16,0.0
4093,2015-03-17,10.2
4094,2015-03-18,0.0
4095,2015-03-19,0.0
4096,2015-03-20,0.0
4097,2015-03-21,0.0
4098,2015-03-22,0.0
4099,2015-03-23,0.0
4100,2015-03-24,0.0
4101,2015-03-25,0.0
4102,2015-03-26,0.0
4103,2015-03-27,0.0
4104,2015-03-28,11.04
4105,2015-03-29,0.0
4106,2015-03-30,0.0
4107,2015-03-31,0.0
4108,2015-04-01,13.0
4109,2015-04-02,0.0
4110,2015-04-03,5.46
4111,2015-04-04,0.0
4112,2015-04-05,7.0200000000000005
4113,2015-04-06,7.54
4114,2015-04-07,0.0
4115,2015-04-08,0.0
4116,2015-04-09,5.98
4117,2015-04-10,0.0
4118,2015-04-11,0.0
4119,2015-04-12,10.92
4120,2015-04-13,0.0
4121,2015-04-14,5.07
4122,2015-04-15,6.37
4123,2015-04-16,0.0
4124,2015-04-17,0.0
4125,2015-04-18,0.0
4126,2015-04-19,0.0
4127,2015-04-20,0.0
4128,2015-04-21,0.0
4129,2015-04-22,0.0
4130,2015-04-23,6.76
4131,2015-04-24,0.0
4132,2015-04-25,11.7
4133,2015-04-26,0.0
4134,2015-04-27,12.22
4135,2015-04-28,0.0
4136,2015-04-29,5.59
4137,2015-04-30,0.0
4138,2015-05-01,0.0
4139,2015-05-02,0.0
4140,2015-05-03,0.0
4141,2015-05-04,0.0
4142,2015-05-05,4.42
4143,2015-05-06,0.0
4144,2015-05-07,0.0
4145,2015-05-08,0.0
4146,2015-05-09,4.16
4147,2015-05-10,0.0
4148,2015-05-11,0.0
4149,2015-05-12,0.0
4150,2015-05-13,0.0
4151,2015-05-14,0.0
4152,2015-05-15,13.0
4153,2015-05-16,4.29
4154,2015-05-17,0.0
4155,2015-05-18,2.8600000000000003
4156,2015-05-19,0.0
4157,2015-05-20,0.0
4158,2015-05-21,0.0
4159,2015-05-22,0.0
4160,2015-05-23,0.0
4161,2015-05-24,0.0
4162,2015-05-25,7.0200000000000005
4163,2015-05-26,0.0
4164,2015-05-27,2.8600000000000003
4165,2015-05-28,6.76
4166,2015-05-29,0.0
4167,2015-05-30,0.0
4168,2015-05-31,0.0
4169,2015-06-01,0.0
4170,2015-06-02,6.890000000000001
4171,2015-06-03,3.64
4172,2015-06-04,13.0
4173,2015-06-05,3.77
4174,2015-06-06,0.0
4175,2015-06-07,0.0
4176,2015-06-08,0.0
4177,2015-06-09,0.0
4178,2015-06-10,4.68
4179,2015-06-11,0.0
4180,2015-06-12,4.42
4181,2015-06-13,0.0
4182,2015-06-14,0.0
4183,2015-06-15,0.0
4184,2015-06-16,0.0
4185,2015-06-17,0.0
4186,2015-06-18,0.0
4187,2015-06-19,0.0
4188,2015-06-20,5.8500000000000005
4189,2015-06-21,0.0
4190,2015-06-22,0.0
4191,2015-06-23,0.0
4192,2015-06-24,0.0
4193,2015-06-25,0.0
4194,2015-06-26,0.0
4195,2015-06-27,0.0
4196,2015-06-28,0.0
4197,2015-06-29,6.76
4198,2015-06-30,11.18
4199,2015-07-01,2.6
4200,2015-07-02,0.0
4201,2015-07-03,0.0
4202,2015-07-04,8.8
4203,2015-07-05,0.0
4204,2015-07-06,0.0
4205,2015-07-07,0.0
4206,2015-07-08,0.0
4207,2015-07-09,0.0
4208,2015-07-10,10.0
4209,2015-07-11,0.0
4210,2015-07-12,0.0
4211,2015-07-13,0.0
4212,2015-07-14,0.0
4213,2015-07-15,0.0
4214,2015-07-16,2.9000000000000004
4215,2015-07-17,0.0
4216,2015-07-18,0.0
4217,2015-07-19,4.7
4218,2015-07-20,3.4000000000000004
4219,2015-07-21,0.0
4220,2015-07-22,0.0
4221,2015-07-23,6.5
4222,2015-07-24,0.0
4223,2015-07-25,2.7
4224,2015-07-26,0.0
4225,2015-07-27,0.0
4226,2015-07-28,0.0
4227,2015-07-29,4.6000000000000005
4228,2015-07-30,2.3000000000000003
4229,2015-07-31,0.0
4230,2015-08-01,0.0
4231,2015-08-02,16.0
4232,2015-08-03,0.0
4233,2015-08-04,6.2
4234,2015-08-05,0.0
4235,2015-08-06,0.0
4236,2015-08-07,4.800000000000001
4237,2015-08-08,8.0
4238,2015-08-09,0.0
4239,2015-08-10,0.0
4240,2015-08-11,0.0
4241,2015-08-12,0.0
4242,2015-08-13,0.0
4243,2015-08-14,7.2
4244,2015-08-15,0.0
4245,2015-08-16,0.0
4246,2015-08-17,0.0
4247,2015-08-18,11.2
4248,2015-08-19,13.6
4249,2015-08-20,0.0
4250,2015-08-21,4.800000000000001
4251,2015-08-22,0.0
4252,2015-08-23,10.2
4253,2015-08-24,5.800000000000001
4254,2015-08-25,5.4
4255,2015-08-26,0.0
4256,2015-08-27,20.0
4257,2015-08-28,0.0
4258,2015-08-29,0.0
4259,2015-08-30,6.4
4260,2015-08-31,5.0
4261,2015-09-01,11.7
4262,2015-09-02,5.76
4263,2015-09-03,0.0
4264,2015-09-04,0.0
4265,2015-09-05,0.0
4266,2015-09-06,0.0
4267,2015-09-07,0.0
4268,2015-09-08,0.0
4269,2015-09-09,0.0
4270,2015-09-10,0.0
4271,2015-09-11,0.0
4272,2015-09-12,0.0
4273,2015-09-13,0.0
4274,2015-09-14,0.0
4275,2015-09-15,0.0
4276,2015-09-16,0.0
4277,2015-09-17,0.0
4278,2015-09-18,0.0
4279,2015-09-19,0.0
4280,2015-09-20,0.0
4281,2015-09-21,0.0
4282,2015-09-22,0.0
4283,2015-09-23,7.739999999999999
4284,2015-09-24,18.0
4285,2015-09-25,0.0
4286,2015-09-26,0.0
4287,2015-09-27,0.0
4288,2015-09-28,0.0
4289,2015-09-29,0.0
4290,2015-09-30,0.0
4291,2015-10-01,0.0
4292,2015-10-02,0.0
4293,2015-10-03,0.0
4294,2015-10-04,21.0
4295,2015-10-05,15.75
4296,2015-10-06,6.3
4297,2015-10-07,14.28
4298,2015-10-08,0.0
4299,2015-10-09,15.75
4300,2015-10-10,15.96
4301,2015-10-11,0.0
4302,2015-10-12,0.0
4303,2015-10-13,0.0
4304,2015-10-14,0.0
4305,2015-10-15,0.0
4306,2015-10-16,0.0
4307,2015-10-17,0.0
4308,2015-10-18,0.0
4309,2015-10-19,0.0
4310,2015-10-20,0.0
4311,2015-10-21,0.0
4312,2015-10-22,10.29
4313,2015-10-23,14.7
4314,2015-10-24,16.38
4315,2015-10-25,0.0
4316,2015-10-26,0.0
4317,2015-10-27,0.0
4318,2015-10-28,0.0
4319,2015-10-29,7.56
4320,2015-10-30,0.0
4321,2015-10-31,0.0
4322,2015-11-01,0.0
4323,2015-11-02,6.72
4324,2015-11-03,0.0
4325,2015-11-04,4.08
4326,2015-11-05,6.72
4327,2015-11-06,8.28
4328,2015-11-07,0.0
4329,2015-11-08,0.0
4330,2015-11-09,0.0
4331,2015-11-10,0.0
4332,2015-11-11,5.04
4333,2015-11-12,0.0
4334,2015-11-13,5.4
4335,2015-11-14,6.359999999999999
4336,2015-11-15,0.0
4337,2015-11-16,0.0
4338,2015-11-17,12.0
4339,2015-11-18,5.4
4340,2015-11-19,0.0
4341,2015-11-20,0.0
4342,2015-11-21,6.84
4343,2015-11-22,0.0
4344,2015-11-23,5.279999999999999
4345,2015-11-24,4.44
4346,2015-11-25,0.0
4347,2015-11-26,0.0
4348,2015-11-27,7.439999999999999
4349,2015-11-28,0.0
4350,2015-11-29,0.0
4351,2015-11-30,0.0
4352,2015-12-01,0.0
4353,2015-12-02,8.0
4354,2015-12-03,9.28
4355,2015-12-04,0.0
4356,2015-12-05,0.0
4357,2015-12-06,0.0
4358,2015-12-07,0.0
4359,2015-12-08,0.0
4360,2015-12-09,0.0
4361,2015-12-10,0.0
4362,2015-12-11,0.0
4363,2015-12-12,0.0
4364,2015-12-13,15.36
4365,2015-12-14,0.0
4366,2015-12-15,12.32
4367,2015-12-16,11.52
4368,2015-12-17,16.0
4369,2015-12-18,0.0
4370,2015-12-19,0.0
4371,2015-12-20,0.0
4372,2015-12-21,0.0
4373,2015-12-22,0.0
4374,2015-12-23,0.0
4375,2015-12-24,0.0
4376,2015-12-25,0.0
4377,2015-12-26,0.0
4378,2015-12-27,0.0
4379,2015-12-28,14.56
4380,2015-12-29,8.48
4381,2015-12-30,0.0
4382,2015-12-31,7.68
4383,2016-01-01,0.0
4384,2016-01-02,0.0
4385,2016-01-03,0.0
4386,2016-01-04,17.01
4387,2016-01-05,0.0
4388,2016-01-06,0.0
4389,2016-01-07,18.630000000000003
4390,2016-01-08,0.0
4391,2016-01-09,0.0
4392,2016-01-10,0.0
4393,2016-01-11,0.0
4394,2016-01-12,0.0
4395,2016-01-13,14.580000000000002
4396,2016-01-14,0.0
4397,2016-01-15,17.82
4398,2016-01-16,0.0
4399,2016-01-17,0.0
4400,2016-01-18,0.0
4401,2016-01-19,0.0
4402,2016-01-20,27.0
4403,2016-01-21,0.0
4404,2016-01-22,0.0
4405,2016-01-23,0.0
4406,2016-01-24,0.0
4407,2016-01-25,0.0
4408,2016-01-26,20.25
4409,2016-01-27,11.34
4410,2016-01-28,23.22
4411,2016-01-29,18.36
4412,2016-01-30,0.0
4413,2016-01-31,0.0
4414,2016-02-01,11.34
4415,2016-02-02,13.77
4416,2016-02-03,0.0
4417,2016-02-04,0.0
4418,2016-02-05,0.0
4419,2016-02-06,0.0
4420,2016-02-07,0.0
4421,2016-02-08,0.0
4422,2016-02-09,27.0
4423,2016-02-10,0.0
4424,2016-02-11,0.0
4425,2016-02-12,0.0
4426,2016-02-13,0.0
4427,2016-02-14,0.0
4428,2016-02-15,0.0
4429,2016-02-16,14.31
4430,2016-02-17,0.0
4431,2016-02-18,0.0
4432,2016-02-19,25.65
4433,2016-02-20,0.0
4434,2016-02-21,0.0
4435,2016-02-22,8.100000000000001
4436,2016-02-23,8.100000000000001
4437,2016-02-24,19.71
4438,2016-02-25,11.07
4439,2016-02-26,7.56
4440,2016-02-27,11.34
4441,2016-02-28,0.0
4442,2016-02-29,8.100000000000001
4443,2016-03-01,7.829999999999999
4444,2016-03-02,0.0
4445,2016-03-03,28.13
4446,2016-03-04,21.46
4447,2016-03-05,11.02
4448,2016-03-06,0.0
4449,2016-03-07,7.539999999999999
4450,2016-03-08,0.0
4451,2016-03-09,0.0
4452,2016-03-10,0.0
4453,2016-03-11,18.27
4454,2016-03-12,0.0
4455,2016-03-13,0.0
4456,2016-03-14,0.0
4457,2016-03-15,10.73
4458,2016-03-16,0.0
4459,2016-03-17,10.44
4460,2016-03-18,15.079999999999998
4461,2016-03-19,15.659999999999998
4462,2016-03-20,12.47
4463,2016-03-21,0.0
4464,2016-03-22,29.0
4465,2016-03-23,16.24
4466,2016-03-24,12.47
4467,2016-03-25,18.56
4468,2016-03-26,15.659999999999998
4469,2016-03-27,0.0
4470,2016-03-28,11.31
4471,2016-03-29,0.0
4472,2016-03-30,13.34
4473,2016-03-31,0.0
4474,2016-04-01,15.34
4475,2016-04-02,0.0
4476,2016-04-03,0.0
4477,2016-04-04,16.64
4478,2016-04-05,10.4
4479,2016-04-06,0.0
4480,2016-04-07,0.0
4481,2016-04-08,6.5
4482,2016-04-09,0.0
4483,2016-04-10,0.0
4484,2016-04-11,10.14
4485,2016-04-12,4.94
4486,2016-04-13,12.74
4487,2016-04-14,20.28
4488,2016-04-15,15.34
4489,2016-04-16,0.0
4490,2016-04-17,0.0
4491,2016-04-18,26.0
4492,2016-04-19,14.04
4493,2016-04-20,13.52
4494,2016-04-21,0.0
4495,2016-04-22,0.0
4496,2016-04-23,0.0
4497,2016-04-24,0.0
4498,2016-04-25,0.0
4499,2016-04-26,0.0
4500,2016-04-27,0.0
4501,2016-04-28,12.48
4502,2016-04-29,6.24
4503,2016-04-30,0.0
4504,2016-05-01,0.0
4505,2016-05-02,0.0
4506,2016-05-03,4.4
4507,2016-05-04,4.4
4508,2016-05-05,11.0
4509,2016-05-06,0.0
4510,2016-05-07,0.0
4511,2016-05-08,0.0
4512,2016-05-09,22.0
4513,2016-05-10,12.54
4514,2016-05-11,0.0
4515,2016-05-12,5.28
4516,2016-05-13,0.0
4517,2016-05-14,0.0
4518,2016-05-15,19.58
4519,2016-05-16,11.44
4520,2016-05-17,0.0
4521,2016-05-18,10.78
4522,2016-05-19,9.9
4523,2016-05-20,14.74
4524,2016-05-21,0.0
4525,2016-05-22,0.0
4526,2016-05-23,0.0
4527,2016-05-24,14.08
4528,2016-05-25,14.74
4529,2016-05-26,8.14
4530,2016-05-27,0.0
4531,2016-05-28,0.0
4532,2016-05-29,0.0
4533,2016-05-30,7.04
4534,2016-05-31,0.0
4535,2016-06-01,8.1
4536,2016-06-02,18.0
4537,2016-06-03,0.0
4538,2016-06-04,10.08
4539,2016-06-05,0.0
4540,2016-06-06,9.18
4541,2016-06-07,0.0
4542,2016-06-08,0.0
4543,2016-06-09,14.22
4544,2016-06-10,4.68
4545,2016-06-11,0.0
4546,2016-06-12,0.0
4547,2016-06-13,0.0
4548,2016-06-14,0.0
4549,2016-06-15,7.92
4550,2016-06-16,0.0
4551,2016-06-17,4.14
4552,2016-06-18,0.0
4553,2016-06-19,0.0
4554,2016-06-20,10.08
4555,2016-06-21,14.94
4556,2016-06-22,0.0
4557,2016-06-23,5.4
4558,2016-06-24,3.96
4559,2016-06-25,0.0
4560,2016-06-26,0.0
4561,2016-06-27,0.0
4562,2016-06-28,4.14
4563,2016-06-29,4.68
4564,2016-06-30,0.0
4565,2016-07-01,0.0
4566,2016-07-02,23.0
4567,2016-07-03,0.0
4568,2016-07-04,0.0
4569,2016-07-05,0.0
4570,2016-07-06,13.11
4571,2016-07-07,5.5200000000000005
4572,2016-07-08,0.0
4573,2016-07-09,9.89
4574,2016-07-10,0.0
4575,2016-07-11,7.13
4576,2016-07-12,7.36
4577,2016-07-13,5.5200000000000005
4578,2016-07-14,4.83
4579,2016-07-15,9.89
4580,2016-07-16,4.37
4581,2016-07-17,0.0
4582,2016-07-18,0.0
4583,2016-07-19,7.13
4584,2016-07-20,8.74
4585,2016-07-21,8.74
4586,2016-07-22,9.43
4587,2016-07-23,0.0
4588,2016-07-24,0.0
4589,2016-07-25,0.0
4590,2016-07-26,0.0
4591,2016-07-27,0.0
4592,2016-07-28,0.0
4593,2016-07-29,5.5200000000000005
4594,2016-07-30,0.0
4595,2016-07-31,0.0
4596,2016-08-01,6.84
4597,2016-08-02,0.0
4598,2016-08-03,0.0
4599,2016-08-04,7.41
4600,2016-08-05,13.68
4601,2016-08-06,8.55
4602,2016-08-07,0.0
4603,2016-08-08,19.0
4604,2016-08-09,0.0
4605,2016-08-10,0.0
4606,2016-08-11,0.0
4607,2016-08-12,0.0
4608,2016-08-13,0.0
4609,2016-08-14,17.1
4610,2016-08-15,10.07
4611,2016-08-16,14.82
4612,2016-08-17,13.68
4613,2016-08-18,0.0
4614,2016-08-19,0.0
4615,2016-08-20,0.0
4616,2016-08-21,0.0
4617,2016-08-22,0.0
4618,2016-08-23,7.6
4619,2016-08-24,7.79
4620,2016-08-25,5.89
4621,2016-08-26,0.0
4622,2016-08-27,0.0
4623,2016-08-28,0.0
4624,2016-08-29,0.0
4625,2016-08-30,15.58
4626,2016-08-31,0.0
4627,2016-09-01,16.6
4628,2016-09-02,14.2
4629,2016-09-03,0.0
4630,2016-09-04,20.0
4631,2016-09-05,0.0
4632,2016-09-06,0.0
4633,2016-09-07,9.0
4634,2016-09-08,0.0
4635,2016-09-09,0.0
4636,2016-09-10,0.0
4637,2016-09-11,0.0
4638,2016-09-12,7.6
4639,2016-09-13,14.8
4640,2016-09-14,12.8
4641,2016-09-15,0.0
4642,2016-09-16,13.0
4643,2016-09-17,0.0
4644,2016-09-18,0.0
4645,2016-09-19,0.0
4646,2016-09-20,0.0
4647,2016-09-21,0.0
4648,2016-09-22,11.2
4649,2016-09-23,0.0
4650,2016-09-24,0.0
4651,2016-09-25,0.0
4652,2016-09-26,13.0
4653,2016-09-27,16.400000000000002
4654,2016-09-28,8.200000000000001
4655,2016-09-29,0.0
4656,2016-09-30,6.2
4657,2016-10-01,0.0
4658,2016-10-02,0.0
4659,2016-10-03,0.0
4660,2016-10-04,6.75
4661,2016-10-05,0.0
4662,2016-10-06,0.0
4663,2016-10-07,7.0
4664,2016-10-08,0.0
4665,2016-10-09,0.0
4666,2016-10-10,0.0
4667,2016-10-11,10.75
4668,2016-10-12,0.0
4669,2016-10-13,10.5
4670,2016-10-14,8.75
4671,2016-10-15,0.0
4672,2016-10-16,21.0
4673,2016-10-17,0.0
4674,2016-10-18,0.0
4675,2016-10-19,0.0
4676,2016-10-20,8.0
4677,2016-10-21,0.0
4678,2016-10-22,0.0
4679,2016-10-23,0.0
4680,2016-10-24,20.25
4681,2016-10-25,7.25
4682,2016-10-26,13.5
4683,2016-10-27,25.0
4684,2016-10-28,16.5
4685,2016-10-29,0.0
4686,2016-10-30,0.0
4687,2016-10-31,17.0
4688,2016-11-01,20.64
4689,2016-11-02,0.0
4690,2016-11-03,0.0
4691,2016-11-04,13.68
4692,2016-11-05,0.0
4693,2016-11-06,0.0
4694,2016-11-07,0.0
4695,2016-11-08,0.0
4696,2016-11-09,9.36
4697,2016-11-10,10.8
4698,2016-11-11,14.88
4699,2016-11-12,0.0
4700,2016-11-13,0.0
4701,2016-11-14,0.0
4702,2016-11-15,11.52
4703,2016-11-16,0.0
4704,2016-11-17,6.96
4705,2016-11-18,0.0
4706,2016-11-19,0.0
4707,2016-11-20,0.0
4708,2016-11-21,14.64
4709,2016-11-22,0.0
4710,2016-11-23,13.68
4711,2016-11-24,0.0
4712,2016-11-25,0.0
4713,2016-11-26,0.0
4714,2016-11-27,0.0
4715,2016-11-28,9.6
4716,2016-11-29,0.0
4717,2016-11-30,24.0
4718,2016-12-01,10.23
4719,2016-12-02,7.13
4720,2016-12-03,0.0
4721,2016-12-04,0.0
4722,2016-12-05,0.0
4723,2016-12-06,0.0
4724,2016-12-07,0.0
4725,2016-12-08,0.0
4726,2016-12-09,8.37
4727,2016-12-10,0.0
4728,2016-12-11,0.0
4729,2016-12-12,0.0
4730,2016-12-13,7.75
4731,2016-12-14,10.23
4732,2016-12-15,15.81
4733,2016-12-16,0.0
4734,2016-12-17,0.0
4735,2016-12-18,0.0
4736,2016-12-19,6.82
4737,2016-12-20,0.0
4738,2016-12-21,5.58
4739,2016-12-22,0.0
4740,2016-12-23,12.4
4741,2016-12-24,0.0
4742,2016-12-25,0.0
4743,2016-12-26,0.0
4744,2016-12-27,4.96
4745,2016-12-28,22.32
4746,2016-12-29,31.0
4747,2016-12-30,15.5
4748,2016-12-31,0.0
4749,2017-01-01,12.73
4750,2017-01-02,0.0
4751,2017-01-03,10.26
4752,2017-01-04,0.0
4753,2017-01-05,0.0
4754,2017-01-06,6.65
4755,2017-01-07,0.0
4756,2017-01-08,11.21
4757,2017-01-09,0.0
4758,2017-01-10,9.5
4759,2017-01-11,19.0
4760,2017-01-12,13.68
4761,2017-01-13,9.88
4762,2017-01-14,0.0
4763,2017-01-15,0.0
4764,2017-01-16,0.0
4765,2017-01-17,10.45
4766,2017-01-18,17.67
4767,2017-01-19,0.0
4768,2017-01-20,8.74
4769,2017-01-21,0.0
4770,2017-01-22,0.0
4771,2017-01-23,8.74
4772,2017-01-24,0.0
4773,2017-01-25,0.0
4774,2017-01-26,8.36
4775,2017-01-27,0.0
4776,2017-01-28,0.0
4777,2017-01-29,0.0
4778,2017-01-30,0.0
4779,2017-01-31,0.0
4780,2017-02-01,23.24
4781,2017-02-02,0.0
4782,2017-02-03,7.56
4783,2017-02-04,0.0
4784,2017-02-05,0.0
4785,2017-02-06,11.48
4786,2017-02-07,10.36
4787,2017-02-08,15.96
4788,2017-02-09,26.880000000000003
4789,2017-02-10,11.48
4790,2017-02-11,0.0
4791,2017-02-12,28.000000000000004
4792,2017-02-13,22.96
4793,2017-02-14,0.0
4794,2017-02-15,16.520000000000003
4795,2017-02-16,11.48
4796,2017-02-17,14.560000000000002
4797,2017-02-18,10.36
4798,2017-02-19,7.56
4799,2017-02-20,8.4
4800,2017-02-21,7.840000000000001
4801,2017-02-22,0.0
4802,2017-02-23,0.0
4803,2017-02-24,18.48
4804,2017-02-25,0.0
4805,2017-02-26,12.04
4806,2017-02-27,10.36
4807,2017-02-28,0.0
4808,2017-03-01,0.0
4809,2017-03-02,0.0
4810,2017-03-03,0.0
4811,2017-03-04,0.0
4812,2017-03-05,0.0
4813,2017-03-06,31.0
4814,2017-03-07,0.0
4815,2017-03-08,5.89
4816,2017-03-09,5.27
4817,2017-03-10,17.669999999999998
4818,2017-03-11,0.0
4819,2017-03-12,0.0
4820,2017-03-13,25.42
4821,2017-03-14,9.61
4822,2017-03-15,0.0
4823,2017-03-16,0.0
4824,2017-03-17,11.16
4825,2017-03-18,6.51
4826,2017-03-19,6.82
4827,2017-03-20,17.98
4828,2017-03-21,12.4
4829,2017-03-22,17.98
4830,2017-03-23,6.51
4831,2017-03-24,28.21
4832,2017-03-25,0.0
4833,2017-03-26,20.15
4834,2017-03-27,5.27
4835,2017-03-28,11.47
4836,2017-03-29,8.68
4837,2017-03-30,18.29
4838,2017-03-31,11.78
4839,2017-04-01,0.0
4840,2017-04-02,0.0
4841,2017-04-03,5.32
4842,2017-04-04,7.280000000000001
4843,2017-04-05,6.44
4844,2017-04-06,3.3600000000000003
4845,2017-04-07,0.0
4846,2017-04-08,0.0
4847,2017-04-09,0.0
4848,2017-04-10,3.3600000000000003
4849,2017-04-11,3.640000000000001
4850,2017-04-12,0.0
4851,2017-04-13,10.64
4852,2017-04-14,0.0
4853,2017-04-15,0.0
4854,2017-04-16,28.000000000000004
4855,2017-04-17,0.0
4856,2017-04-18,0.0
4857,2017-04-19,0.0
4858,2017-04-20,15.96
4859,2017-04-21,8.96
4860,2017-04-22,0.0
4861,2017-04-23,0.0
4862,2017-04-24,10.920000000000002
4863,2017-04-25,10.36
4864,2017-04-26,0.0
4865,2017-04-27,7.280000000000001
4866,2017-04-28,10.64
4867,2017-04-29,0.0
4868,2017-04-30,0.0
4869,2017-05-01,32.01
4870,2017-05-02,0.0
4871,2017-05-03,24.09
4872,2017-05-04,0.0
4873,2017-05-05,8.58
4874,2017-05-06,0.0
4875,2017-05-07,0.0
4876,2017-05-08,12.87
4877,2017-05-09,27.06
4878,2017-05-10,22.11
4879,2017-05-11,0.0
4880,2017-05-12,18.48
4881,2017-05-13,0.0
4882,2017-05-14,0.0
4883,2017-05-15,12.54
4884,2017-05-16,0.0
4885,2017-05-17,14.19
4886,2017-05-18,0.0
4887,2017-05-19,9.9
4888,2017-05-20,0.0
4889,2017-05-21,12.54
4890,2017-05-22,0.0
4891,2017-05-23,0.0
4892,2017-05-24,11.88
4893,2017-05-25,12.54
4894,2017-05-26,10.56
4895,2017-05-27,0.0
4896,2017-05-28,14.85
4897,2017-05-29,27.72
4898,2017-05-30,0.0
4899,2017-05-31,33.0
4900,2017-06-01,0.0
4901,2017-06-02,8.0
4902,2017-06-03,32.0
4903,2017-06-04,0.0
4904,2017-06-05,7.04
4905,2017-06-06,0.0
4906,2017-06-07,10.24
4907,2017-06-08,17.28
4908,2017-06-09,11.2
4909,2017-06-10,0.0
4910,2017-06-11,0.0
4911,2017-06-12,7.36
4912,2017-06-13,13.12
4913,2017-06-14,10.56
4914,2017-06-15,19.84
4915,2017-06-16,8.64
4916,2017-06-17,0.0
4917,2017-06-18,0.0
4918,2017-06-19,14.08
4919,2017-06-20,16.32
4920,2017-06-21,20.48
4921,2017-06-22,22.08
4922,2017-06-23,0.0
4923,2017-06-24,0.0
4924,2017-06-25,6.72
4925,2017-06-26,8.96
4926,2017-06-27,0.0
4927,2017-06-28,0.0
4928,2017-06-29,0.0
4929,2017-06-30,5.12
4930,2017-07-01,0.0
4931,2017-07-02,20.4
4932,2017-07-03,8.64
4933,2017-07-04,19.68
4934,2017-07-05,0.0
4935,2017-07-06,17.759999999999998
4936,2017-07-07,0.0
4937,2017-07-08,0.0
4938,2017-07-09,0.0
4939,2017-07-10,20.64
4940,2017-07-11,10.56
4941,2017-07-12,10.8
4942,2017-07-13,0.0
4943,2017-07-14,11.28
4944,2017-07-15,0.0
4945,2017-07-16,0.0
4946,2017-07-17,0.0
4947,2017-07-18,14.64
4948,2017-07-19,0.0
4949,2017-07-20,12.72
4950,2017-07-21,11.52
4951,2017-07-22,0.0
4952,2017-07-23,8.16
4953,2017-07-24,0.0
4954,2017-07-25,0.0
4955,2017-07-26,0.0
4956,2017-07-27,24.0
4957,2017-07-28,13.92
4958,2017-07-29,0.0
4959,2017-07-30,0.0
4960,2017-07-31,6.48
4961,2017-08-01,16.0
4962,2017-08-02,6.4
4963,2017-08-03,17.92
4964,2017-08-04,16.0
4965,2017-08-05,0.0
4966,2017-08-06,0.0
4967,2017-08-07,0.0
4968,2017-08-08,12.16
4969,2017-08-09,12.48
4970,2017-08-10,0.0
4971,2017-08-11,10.24
4972,2017-08-12,10.24
4973,2017-08-13,0.0
4974,2017-08-14,14.08
4975,2017-08-15,17.28
4976,2017-08-16,0.0
4977,2017-08-17,0.0
4978,2017-08-18,32.0
4979,2017-08-19,0.0
4980,2017-08-20,13.76
4981,2017-08-21,0.0
4982,2017-08-22,0.0
4983,2017-08-23,16.64
4984,2017-08-24,15.04
4985,2017-08-25,26.88
4986,2017-08-26,0.0
4987,2017-08-27,0.0
4988,2017-08-28,0.0
4989,2017-08-29,14.4
4990,2017-08-30,12.16
4991,2017-08-31,7.68
4992,2017-09-01,0.0
4993,2017-09-02,0.0
4994,2017-09-03,0.0
4995,2017-09-04,0.0
4996,2017-09-05,0.0
4997,2017-09-06,4.83
4998,2017-09-07,0.0
4999,2017-09-08,6.09
5000,2017-09-09,7.77
5001,2017-09-10,15.96
5002,2017-09-11,10.08
5003,2017-09-12,8.4
5004,2017-09-13,6.72
5005,2017-09-14,0.0
5006,2017-09-15,0.0
5007,2017-09-16,0.0
5008,2017-09-17,0.0
5009,2017-09-18,17.43
5010,2017-09-19,12.81
5011,2017-09-20,7.14
5012,2017-09-21,12.18
5013,2017-09-22,7.56
5014,2017-09-23,0.0
5015,2017-09-24,0.0
5016,2017-09-25,0.0
5017,2017-09-26,0.0
5018,2017-09-27,21.0
5019,2017-09-28,7.35
5020,2017-09-29,4.2
5021,2017-09-30,6.93
5022,2017-10-01,0.0
5023,2017-10-02,15.95
5024,2017-10-03,12.18
5025,2017-10-04,10.73
5026,2017-10-05,0.0
5027,2017-10-06,0.0
5028,2017-10-07,0.0
5029,2017-10-08,0.0
5030,2017-10-09,0.0
5031,2017-10-10,16.82
5032,2017-10-11,0.0
5033,2017-10-12,0.0
5034,2017-10-13,0.0
5035,2017-10-14,11.31
5036,2017-10-15,0.0
5037,2017-10-16,6.38
5038,2017-10-17,11.31
5039,2017-10-18,7.829999999999999
5040,2017-10-19,7.249999999999999
5041,2017-10-20,29.0
5042,2017-10-21,0.0
5043,2017-10-22,0.0
5044,2017-10-23,5.22
5045,2017-10-24,7.249999999999999
5046,2017-10-25,0.0
5047,2017-10-26,17.98
5048,2017-10-27,0.0
5049,2017-10-28,0.0
5050,2017-10-29,0.0
5051,2017-10-30,4.93
5052,2017-10-31,6.09
5053,2017-11-01,0.0
5054,2017-11-02,0.0
5055,2017-11-03,9.36
5056,2017-11-04,0.0
5057,2017-11-05,9.0
5058,2017-11-06,35.28
5059,2017-11-07,0.0
5060,2017-11-08,15.12
5061,2017-11-09,27.0
5062,2017-11-10,17.28
5063,2017-11-11,9.36
5064,2017-11-12,0.0
5065,2017-11-13,9.36
5066,2017-11-14,0.0
5067,2017-11-15,11.88
5068,2017-11-16,0.0
5069,2017-11-17,0.0
5070,2017-11-18,0.0
5071,2017-11-19,36.0
5072,2017-11-20,0.0
5073,2017-11-21,14.76
5074,2017-11-22,30.6
5075,2017-11-23,0.0
5076,2017-11-24,0.0
5077,2017-11-25,32.4
5078,2017-11-26,0.0
5079,2017-11-27,16.919999999999998
5080,2017-11-28,30.6
5081,2017-11-29,23.04
5082,2017-11-30,15.48
5083,2017-12-01,8.19
5084,2017-12-02,14.43
5085,2017-12-03,14.82
5086,2017-12-04,7.0200000000000005
5087,2017-12-05,17.55
5088,2017-12-06,24.18
5089,2017-12-07,9.36
5090,2017-12-08,0.0
5091,2017-12-09,9.75
5092,2017-12-10,0.0
5093,2017-12-11,39.0
5094,2017-12-12,20.28
5095,2017-12-13,25.35
5096,2017-12-14,0.0
5097,2017-12-15,10.53
5098,2017-12-16,22.23
5099,2017-12-17,0.0
5100,2017-12-18,17.16
5101,2017-12-19,30.81
5102,2017-12-20,27.69
5103,2017-12-21,9.36
5104,2017-12-22,0.0
5105,2017-12-23,0.0
5106,2017-12-24,0.0
5107,2017-12-25,11.31
5108,2017-12-26,14.43
5109,2017-12-27,0.0
5110,2017-12-28,10.14
5111,2017-12-29,0.0
5112,2017-12-30,11.7
5113,2017-12-31,0.0
5114,2018-01-01,0.0
5115,2018-01-02,0.0
5116,2018-01-03,44.65
5117,2018-01-04,30.08
5118,2018-01-05,37.13
5119,2018-01-06,14.57
5120,2018-01-07,0.0
5121,2018-01-08,0.0
5122,2018-01-09,11.28
5123,2018-01-10,13.63
5124,2018-01-11,31.02
5125,2018-01-12,17.86
5126,2018-01-13,0.0
5127,2018-01-14,0.0
5128,2018-01-15,9.4
5129,2018-01-16,23.97
5130,2018-01-17,15.98
5131,2018-01-18,16.45
5132,2018-01-19,47.0
5133,2018-01-20,0.0
5134,2018-01-21,0.0
5135,2018-01-22,30.08
5136,2018-01-23,7.989999999999999
5137,2018-01-24,22.09
5138,2018-01-25,17.86
5139,2018-01-26,34.309999999999995
5140,2018-01-27,15.98
5141,2018-01-28,18.33
5142,2018-01-29,0.0
5143,2018-01-30,0.0
5144,2018-01-31,29.14
5145,2018-02-01,0.0
5146,2018-02-02,29.9
5147,2018-02-03,11.04
5148,2018-02-04,16.1
5149,2018-02-05,34.5
5150,2018-02-06,43.24
5151,2018-02-07,28.06
5152,2018-02-08,8.280000000000001
5153,2018-02-09,27.6
5154,2018-02-10,16.560000000000002
5155,2018-02-11,46.0
5156,2018-02-12,43.24
5157,2018-02-13,15.64
5158,2018-02-14,11.04
5159,2018-02-15,23.46
5160,2018-02-16,11.96
5161,2018-02-17,0.0
5162,2018-02-18,0.0
5163,2018-02-19,14.72
5164,2018-02-20,34.96
5165,2018-02-21,11.96
5166,2018-02-22,12.42
5167,2018-02-23,0.0
5168,2018-02-24,29.9
5169,2018-02-25,0.0
5170,2018-02-26,20.24
5171,2018-02-27,26.68
5172,2018-02-28,23.0
5173,2018-03-01,9.62
5174,2018-03-02,13.32
5175,2018-03-03,0.0
5176,2018-03-04,0.0
5177,2018-03-05,9.62
5178,2018-03-06,0.0
5179,2018-03-07,16.65
5180,2018-03-08,32.93
5181,2018-03-09,29.97
5182,2018-03-10,12.58
5183,2018-03-11,8.879999999999999
5184,2018-03-12,9.62
5185,2018-03-13,26.64
5186,2018-03-14,13.32
5187,2018-03-15,33.3
5188,2018-03-16,22.2
5189,2018-03-17,19.98
5190,2018-03-18,12.58
5191,2018-03-19,0.0
5192,2018-03-20,17.759999999999998
5193,2018-03-21,8.51
5194,2018-03-22,17.759999999999998
5195,2018-03-23,37.0
5196,2018-03-24,0.0
5197,2018-03-25,27.75
5198,2018-03-26,14.8
5199,2018-03-27,0.0
5200,2018-03-28,20.35
5201,2018-03-29,0.0
5202,2018-03-30,0.0
5203,2018-03-31,0.0
5204,2018-04-01,0.0
5205,2018-04-02,0.0
5206,2018-04-03,9.5
5207,2018-04-04,33.44
5208,2018-04-05,0.0
5209,2018-04-06,38.0
5210,2018-04-07,14.82
5211,2018-04-08,0.0
5212,2018-04-09,16.72
5213,2018-04-10,14.44
5214,2018-04-11,13.68
5215,2018-04-12,26.6
5216,2018-04-13,38.0
5217,2018-04-14,0.0
5218,2018-04-15,0.0
5219,2018-04-16,14.44
5220,2018-04-17,16.72
5221,2018-04-18,20.14
5222,2018-04-19,23.94
5223,2018-04-20,10.26
5224,2018-04-21,32.3
5225,2018-04-22,0.0
5226,2018-04-23,15.58
5227,2018-04-24,14.06
5228,2018-04-25,19.76
5229,2018-04-26,12.92
5230,2018-04-27,0.0
5231,2018-04-28,21.28
5232,2018-04-29,30.4
5233,2018-04-30,0.0
5234,2018-05-01,0.0
5235,2018-05-02,3.4799999999999995
5236,2018-05-03,3.77
5237,2018-05-04,8.99
5238,2018-05-05,4.35
5239,2018-05-06,0.0
5240,2018-05-07,10.44
5241,2018-05-08,5.22
5242,2018-05-09,5.51
5243,2018-05-10,0.0
5244,2018-05-11,0.0
5245,2018-05-12,0.0
5246,2018-05-13,0.0
5247,2018-05-14,4.93
5248,2018-05-15,29.0
5249,2018-05-16,7.249999999999999
5250,2018-05-17,4.35
5251,2018-05-18,8.12
5252,2018-05-19,0.0
5253,2018-05-20,0.0
5254,2018-05-21,5.51
5255,2018-05-22,5.51
5256,2018-05-23,0.0
5257,2018-05-24,4.06
5258,2018-05-25,0.0
5259,2018-05-26,4.64
5260,2018-05-27,0.0
5261,2018-05-28,0.0
5262,2018-05-29,0.0
5263,2018-05-30,11.6
5264,2018-05-31,12.47
5265,2018-06-01,10.2
5266,2018-06-02,0.0
5267,2018-06-03,7.199999999999999
5268,2018-06-04,10.5
5269,2018-06-05,6.3
5270,2018-06-06,3.6
5271,2018-06-07,6.3
5272,2018-06-08,8.7
5273,2018-06-09,10.5
5274,2018-06-10,0.0
5275,2018-06-11,0.0
5276,2018-06-12,11.4
5277,2018-06-13,0.0
5278,2018-06-14,5.4
5279,2018-06-15,8.7
5280,2018-06-16,0.0
5281,2018-06-17,0.0
5282,2018-06-18,7.8
5283,2018-06-19,7.8
5284,2018-06-20,6.3
5285,2018-06-21,24.0
5286,2018-06-22,3.6
5287,2018-06-23,0.0
5288,2018-06-24,0.0
5289,2018-06-25,11.4
5290,2018-06-26,30.0
5291,2018-06-27,8.4
5292,2018-06-28,7.8
5293,2018-06-29,7.199999999999999
5294,2018-06-30,0.0
5295,2018-07-01,0.0
5296,2018-07-02,10.23
5297,2018-07-03,0.0
5298,2018-07-04,0.0
5299,2018-07-05,0.0
5300,2018-07-06,7.75
5301,2018-07-07,0.0
5302,2018-07-08,12.09
5303,2018-07-09,11.78
5304,2018-07-10,0.0
5305,2018-07-11,28.52
5306,2018-07-12,25.42
5307,2018-07-13,0.0
5308,2018-07-14,0.0
5309,2018-07-15,0.0
5310,2018-07-16,15.5
5311,2018-07-17,10.85
5312,2018-07-18,0.0
5313,2018-07-19,25.42
5314,2018-07-20,0.0
5315,2018-07-21,0.0
5316,2018-07-22,0.0
5317,2018-07-23,13.33
5318,2018-07-24,9.61
5319,2018-07-25,23.87
5320,2018-07-26,30.07
5321,2018-07-27,9.92
5322,2018-07-28,24.49
5323,2018-07-29,0.0
5324,2018-07-30,8.06
5325,2018-07-31,31.0
5326,2018-08-01,0.0
5327,2018-08-02,25.08
5328,2018-08-03,12.87
5329,2018-08-04,0.0
5330,2018-08-05,16.830000000000002
5331,2018-08-06,15.84
5332,2018-08-07,21.78
5333,2018-08-08,20.130000000000003
5334,2018-08-09,9.9
5335,2018-08-10,0.0
5336,2018-08-11,0.0
5337,2018-08-12,0.0
5338,2018-08-13,23.76
5339,2018-08-14,19.14
5340,2018-08-15,33.0
5341,2018-08-16,20.46
5342,2018-08-17,15.510000000000002
5343,2018-08-18,0.0
5344,2018-08-19,0.0
5345,2018-08-20,12.54
5346,2018-08-21,0.0
5347,2018-08-22,19.47
5348,2018-08-23,22.11
5349,2018-08-24,16.17
5350,2018-08-25,0.0
5351,2018-08-26,0.0
5352,2018-08-27,0.0
5353,2018-08-28,18.81
5354,2018-08-29,0.0
5355,2018-08-30,0.0
5356,2018-08-31,0.0
5357,2018-09-01,0.0
5358,2018-09-02,0.0
5359,2018-09-03,12.54
5360,2018-09-04,21.66
5361,2018-09-05,31.92
5362,2018-09-06,0.0
5363,2018-09-07,8.74
5364,2018-09-08,0.0
5365,2018-09-09,0.0
5366,2018-09-10,0.0
5367,2018-09-11,27.36
5368,2018-09-12,34.58
5369,2018-09-13,34.96
5370,2018-09-14,29.26
5371,2018-09-15,0.0
5372,2018-09-16,0.0
5373,2018-09-17,23.56
5374,2018-09-18,15.58
5375,2018-09-19,0.0
5376,2018-09-20,12.16
5377,2018-09-21,38.0
5378,2018-09-22,0.0
5379,2018-09-23,0.0
5380,2018-09-24,11.02
5381,2018-09-25,17.48
5382,2018-09-26,20.9
5383,2018-09-27,29.26
5384,2018-09-28,0.0
5385,2018-09-29,0.0
5386,2018-09-30,0.0
5387,2018-10-01,16.919999999999998
5388,2018-10-02,21.15
5389,2018-10-03,28.2
5390,2018-10-04,6.58
5391,2018-10-05,32.43
5392,2018-10-06,0.0
5393,2018-10-07,0.0
5394,2018-10-08,47.0
5395,2018-10-09,16.45
5396,2018-10-10,19.74
5397,2018-10-11,15.98
5398,2018-10-12,8.93
5399,2018-10-13,0.0
5400,2018-10-14,13.16
5401,2018-10-15,14.57
5402,2018-10-16,22.09
5403,2018-10-17,25.38
5404,2018-10-18,0.0
5405,2018-10-19,0.0
5406,2018-10-20,12.69
5407,2018-10-21,0.0
5408,2018-10-22,24.44
5409,2018-10-23,20.68
5410,2018-10-24,30.55
5411,2018-10-25,15.51
5412,2018-10-26,9.4
5413,2018-10-27,11.28
5414,2018-10-28,0.0
5415,2018-10-29,15.04
5416,2018-10-30,23.03
5417,2018-10-31,36.66
5418,2018-11-01,21.84
5419,2018-11-02,23.01
5420,2018-11-03,0.0
5421,2018-11-04,0.0
5422,2018-11-05,0.0
5423,2018-11-06,16.77
5424,2018-11-07,39.0
5425,2018-11-08,18.72
5426,2018-11-09,17.94
5427,2018-11-10,0.0
5428,2018-11-11,0.0
5429,2018-11-12,0.0
5430,2018-11-13,19.5
5431,2018-11-14,11.7
5432,2018-11-15,14.82
5433,2018-11-16,25.74
5434,2018-11-17,14.82
5435,2018-11-18,0.0
5436,2018-11-19,10.14
5437,2018-11-20,17.55
5438,2018-11-21,0.0
5439,2018-11-22,0.0
5440,2018-11-23,10.14
5441,2018-11-24,0.0
5442,2018-11-25,0.0
5443,2018-11-26,20.28
5444,2018-11-27,16.77
5445,2018-11-28,15.99
5446,2018-11-29,0.0
5447,2018-11-30,14.82
5448,2018-12-01,0.0
5449,2018-12-02,0.0
5450,2018-12-03,25.41
5451,2018-12-04,6.2700000000000005
5452,2018-12-05,10.89
5453,2018-12-06,10.23
5454,2018-12-07,25.41
5455,2018-12-08,0.0
5456,2018-12-09,0.0
5457,2018-12-10,12.54
5458,2018-12-11,14.19
5459,2018-12-12,22.11
5460,2018-12-13,13.2
5461,2018-12-14,9.57
5462,2018-12-15,0.0
5463,2018-12-16,0.0
5464,2018-12-17,8.91
5465,2018-12-18,14.19
5466,2018-12-19,0.0
5467,2018-12-20,11.88
5468,2018-12-21,9.24
5469,2018-12-22,0.0
5470,2018-12-23,0.0
5471,2018-12-24,0.0
5472,2018-12-25,25.41
5473,2018-12-26,26.07
5474,2018-12-27,10.23
5475,2018-12-28,33.0
5476,2018-12-29,0.0
5477,2018-12-30,0.0
5478,2018-12-31,8.25
5479,2019-01-01,0.0
5480,2019-01-02,0.0
5481,2019-01-03,0.0
5482,2019-01-04,12.96
5483,2019-01-05,0.0
5484,2019-01-06,0.0
5485,2019-01-07,15.48
5486,2019-01-08,17.64
5487,2019-01-09,18.72
5488,2019-01-10,0.0
5489,2019-01-11,10.08
5490,2019-01-12,0.0
5491,2019-01-13,0.0
5492,2019-01-14,0.0
5493,2019-01-15,20.52
5494,2019-01-16,6.84
5495,2019-01-17,11.88
5496,2019-01-18,0.0
5497,2019-01-19,36.0
5498,2019-01-20,13.32
5499,2019-01-21,7.56
5500,2019-01-22,9.0
5501,2019-01-23,18.72
5502,2019-01-24,17.64
5503,2019-01-25,13.68
5504,2019-01-26,0.0
5505,2019-01-27,0.0
5506,2019-01-28,7.56
5507,2019-01-29,16.56
5508,2019-01-30,20.16
5509,2019-01-31,18.0
5510,2019-02-01,9.12
5511,2019-02-02,9.5
5512,2019-02-03,17.48
5513,2019-02-04,0.0
5514,2019-02-05,15.96
5515,2019-02-06,31.16
5516,2019-02-07,12.54
5517,2019-02-08,25.08
5518,2019-02-09,0.0
5519,2019-02-10,0.0
5520,2019-02-11,0.0
5521,2019-02-12,8.74
5522,2019-02-13,11.4
5523,2019-02-14,8.74
5524,2019-02-15,28.12
5525,2019-02-16,12.16
5526,2019-02-17,0.0
5527,2019-02-18,0.0
5528,2019-02-19,23.94
5529,2019-02-20,0.0
5530,2019-02-21,9.88
5531,2019-02-22,9.12
5532,2019-02-23,0.0
5533,2019-02-24,0.0
5534,2019-02-25,38.0
5535,2019-02-26,0.0
5536,2019-02-27,17.1
5537,2019-02-28,10.26
5538,2019-03-01,15.18
5539,2019-03-02,0.0
5540,2019-03-03,0.0
5541,2019-03-04,12.87
5542,2019-03-05,7.260000000000001
5543,2019-03-06,10.89
5544,2019-03-07,18.81
5545,2019-03-08,0.0
5546,2019-03-09,0.0
5547,2019-03-10,7.590000000000001
5548,2019-03-11,0.0
5549,2019-03-12,11.88
5550,2019-03-13,11.22
5551,2019-03-14,11.88
5552,2019-03-15,7.260000000000001
5553,2019-03-16,0.0
5554,2019-03-17,9.24
5555,2019-03-18,0.0
5556,2019-03-19,0.0
5557,2019-03-20,14.52
5558,2019-03-21,9.57
5559,2019-03-22,0.0
5560,2019-03-23,10.89
5561,2019-03-24,0.0
5562,2019-03-25,16.830000000000002
5563,2019-03-26,24.42
5564,2019-03-27,11.22
5565,2019-03-28,16.5
5566,2019-03-29,33.0
5567,2019-03-30,0.0
5568,2019-03-31,0.0
5569,2019-04-01,16.77
5570,2019-04-02,14.82
5571,2019-04-03,7.800000000000001
5572,2019-04-04,34.71
5573,2019-04-05,21.06
5574,2019-04-06,14.43
5575,2019-04-07,0.0
5576,2019-04-08,7.0200000000000005
5577,2019-04-09,0.0
5578,2019-04-10,0.0
5579,2019-04-11,10.92
5580,2019-04-12,19.89
5581,2019-04-13,0.0
5582,2019-04-14,0.0
5583,2019-04-15,12.09
5584,2019-04-16,13.26
5585,2019-04-17,23.01
5586,2019-04-18,14.43
5587,2019-04-19,10.14
5588,2019-04-20,7.41
5589,2019-04-21,9.36
5590,2019-04-22,0.0
5591,2019-04-23,39.0
5592,2019-04-24,25.74
5593,2019-04-25,0.0
5594,2019-04-26,13.26
5595,2019-04-27,0.0
5596,2019-04-28,0.0
5597,2019-04-29,0.0
5598,2019-04-30,12.48
5599,2019-05-01,12.6
5600,2019-05-02,12.95
5601,2019-05-03,17.15
5602,2019-05-04,0.0
5603,2019-05-05,8.75
5604,2019-05-06,0.0
5605,2019-05-07,24.85
5606,2019-05-08,35.0
5607,2019-05-09,20.65
5608,2019-05-10,28.0
5609,2019-05-11,0.0
5610,2019-05-12,26.25
5611,2019-05-13,21.35
5612,2019-05-14,21.7
5613,2019-05-15,26.95
5614,2019-05-16,18.2
5615,2019-05-17,29.05
5616,2019-05-18,0.0
5617,2019-05-19,0.0
5618,2019-05-20,10.15
5619,2019-05-21,22.05
5620,2019-05-22,11.2
5621,2019-05-23,12.25
5622,2019-05-24,16.799999999999997
5623,2019-05-25,0.0
5624,2019-05-26,0.0
5625,2019-05-27,0.0
5626,2019-05-28,0.0
5627,2019-05-29,10.85
5628,2019-05-30,9.1
5629,2019-05-31,16.099999999999998
5630,2019-06-01,0.0
5631,2019-06-02,13.86
5632,2019-06-03,0.0
5633,2019-06-04,0.0
5634,2019-06-05,33.0
5635,2019-06-06,14.19
5636,2019-06-07,0.0
5637,2019-06-08,13.86
5638,2019-06-09,18.81
5639,2019-06-10,23.43
5640,2019-06-11,6.930000000000001
5641,2019-06-12,18.81
5642,2019-06-13,24.75
5643,2019-06-14,0.0
5644,2019-06-15,0.0
5645,2019-06-16,0.0
5646,2019-06-17,17.82
5647,2019-06-18,20.46
5648,2019-06-19,17.16
5649,2019-06-20,16.17
5650,2019-06-21,6.2700000000000005
5651,2019-06-22,0.0
5652,2019-06-23,0.0
5653,2019-06-24,13.86
5654,2019-06-25,0.0
5655,2019-06-26,0.0
5656,2019-06-27,0.0
5657,2019-06-28,0.0
5658,2019-06-29,9.9
5659,2019-06-30,0.0
5660,2019-07-01,15.98
5661,2019-07-02,28.22
5662,2019-07-03,32.300000000000004
5663,2019-07-04,0.0
5664,2019-07-05,0.0
5665,2019-07-06,0.0
5666,2019-07-07,0.0
5667,2019-07-08,0.0
5668,2019-07-09,24.82
5669,2019-07-10,15.3
5670,2019-07-11,25.840000000000003
5671,2019-07-12,0.0
5672,2019-07-13,34.0
5673,2019-07-14,11.22
5674,2019-07-15,23.12
5675,2019-07-16,12.58
5676,2019-07-17,15.98
5677,2019-07-18,24.14
5678,2019-07-19,0.0
5679,2019-07-20,0.0
5680,2019-07-21,9.86
5681,2019-07-22,20.74
5682,2019-07-23,0.0
5683,2019-07-24,16.32
5684,2019-07-25,28.22
5685,2019-07-26,14.28
5686,2019-07-27,0.0
5687,2019-07-28,20.06
5688,2019-07-29,14.96
5689,2019-07-30,22.44
5690,2019-07-31,0.0
5691,2019-08-01,29.37
5692,2019-08-02,0.0
5693,2019-08-03,0.0
5694,2019-08-04,10.89
5695,2019-08-05,24.42
5696,2019-08-06,24.42
5697,2019-08-07,11.88
5698,2019-08-08,28.380000000000003
5699,2019-08-09,0.0
5700,2019-08-10,0.0
5701,2019-08-11,0.0
5702,2019-08-12,31.68
5703,2019-08-13,0.0
5704,2019-08-14,33.0
5705,2019-08-15,15.84
5706,2019-08-16,0.0
5707,2019-08-17,12.54
5708,2019-08-18,12.87
5709,2019-08-19,0.0
5710,2019-08-20,22.77
5711,2019-08-21,0.0
5712,2019-08-22,0.0
5713,2019-08-23,13.53
5714,2019-08-24,10.89
5715,2019-08-25,0.0
5716,2019-08-26,0.0
5717,2019-08-27,18.15
5718,2019-08-28,0.0
5719,2019-08-29,0.0
5720,2019-08-30,0.0
5721,2019-08-31,12.87
5722,2019-09-01,0.0
5723,2019-09-02,22.14
5724,2019-09-03,0.0
5725,2019-09-04,14.31
5726,2019-09-05,0.0
5727,2019-09-06,0.0
5728,2019-09-07,14.85
5729,2019-09-08,0.0
5730,2019-09-09,11.34
5731,2019-09-10,15.12
5732,2019-09-11,0.0
5733,2019-09-12,12.420000000000002
5734,2019-09-13,24.03
5735,2019-09-14,0.0
5736,2019-09-15,12.96
5737,2019-09-16,27.0
5738,2019-09-17,22.950000000000003
5739,2019-09-18,25.92
5740,2019-09-19,8.370000000000001
5741,2019-09-20,19.71
5742,2019-09-21,0.0
5743,2019-09-22,0.0
5744,2019-09-23,0.0
5745,2019-09-24,21.33
5746,2019-09-25,0.0
5747,2019-09-26,15.66
5748,2019-09-27,18.9
5749,2019-09-28,0.0
5750,2019-09-29,11.61
5751,2019-09-30,0.0
5752,2019-10-01,4.95
5753,2019-10-02,6.6000000000000005
5754,2019-10-03,5.28
5755,2019-10-04,12.87
5756,2019-10-05,0.0
5757,2019-10-06,0.0
5758,2019-10-07,8.58
5759,2019-10-08,6.2700000000000005
5760,2019-10-09,0.0
5761,2019-10-10,4.62
5762,2019-10-11,8.91
5763,2019-10-12,12.21
5764,2019-10-13,0.0
5765,2019-10-14,0.0
5766,2019-10-15,24.75
5767,2019-10-16,8.25
5768,2019-10-17,33.0
5769,2019-10-18,6.6000000000000005
5770,2019-10-19,0.0
5771,2019-10-20,22.77
5772,2019-10-21,0.0
5773,2019-10-22,0.0
5774,2019-10-23,9.24
5775,2019-10-24,9.57
5776,2019-10-25,0.0
5777,2019-10-26,13.86
5778,2019-10-27,0.0
5779,2019-10-28,16.830000000000002
5780,2019-10-29,13.2
5781,2019-10-30,13.53
5782,2019-10-31,0.0
5783,2019-11-01,14.62
5784,2019-11-02,0.0
5785,2019-11-03,0.0
5786,2019-11-04,28.22
5787,2019-11-05,15.98
5788,2019-11-06,13.94
5789,2019-11-07,0.0
5790,2019-11-08,20.06
5791,2019-11-09,0.0
5792,2019-11-10,26.180000000000003
5793,2019-11-11,0.0
5794,2019-11-12,11.9
5795,2019-11-13,34.0
5796,2019-11-14,7.140000000000001
5797,2019-11-15,13.94
5798,2019-11-16,9.18
5799,2019-11-17,0.0
5800,2019-11-18,0.0
5801,2019-11-19,16.32
5802,2019-11-20,24.48
5803,2019-11-21,7.48
5804,2019-11-22,0.0
5805,2019-11-23,0.0
5806,2019-11-24,0.0
5807,2019-11-25,15.98
5808,2019-11-26,24.82
5809,2019-11-27,9.52
5810,2019-11-28,0.0
5811,2019-11-29,0.0
5812,2019-11-30,17.34
5813,2019-12-01,0.0
5814,2019-12-02,7.75
5815,2019-12-03,15.75
5816,2019-12-04,20.0
5817,2019-12-05,6.75
5818,2019-12-06,12.5
5819,2019-12-07,14.0
5820,2019-12-08,0.0
5821,2019-12-09,0.0
5822,2019-12-10,0.0
5823,2019-12-11,0.0
5824,2019-12-12,0.0
5825,2019-12-13,13.0
5826,2019-12-14,9.0
5827,2019-12-15,0.0
5828,2019-12-16,0.0
5829,2019-12-17,9.75
5830,2019-12-18,7.0
5831,2019-12-19,0.0
5832,2019-12-20,5.5
5833,2019-12-21,25.0
5834,2019-12-22,0.0
5835,2019-12-23,0.0
5836,2019-12-24,10.5
5837,2019-12-25,0.0
5838,2019-12-26,9.5
5839,2019-12-27,10.75
5840,2019-12-28,15.5
5841,2019-12-29,0.0
5842,2019-12-30,8.25
5843,2019-12-31,10.25
5844,2020-01-01,0.0
5845,2020-01-02,35.34
5846,2020-01-03,12.54
5847,2020-01-04,20.9
5848,2020-01-05,0.0
5849,2020-01-06,23.18
5850,2020-01-07,14.44
5851,2020-01-08,12.54
5852,2020-01-09,15.2
5853,2020-01-10,13.68
5854,2020-01-11,0.0
5855,2020-01-12,0.0
5856,2020-01-13,19.0
5857,2020-01-14,0.0
5858,2020-01-15,15.58
5859,2020-01-16,38.0
5860,2020-01-17,0.0
5861,2020-01-18,0.0
5862,2020-01-19,0.0
5863,2020-01-20,0.0
5864,2020-01-21,23.18
5865,2020-01-22,9.88
5866,2020-01-23,0.0
5867,2020-01-24,32.68
5868,2020-01-25,0.0
5869,2020-01-26,19.0
5870,2020-01-27,12.54
5871,2020-01-28,15.58
5872,2020-01-29,0.0
5873,2020-01-30,37.24
5874,2020-01-31,34.96
5875,2020-02-01,0.0
5876,2020-02-02,0.0
5877,2020-02-03,7.48
5878,2020-02-04,20.68
5879,2020-02-05,25.08
5880,2020-02-06,0.0
5881,2020-02-07,19.8
5882,2020-02-08,0.0
5883,2020-02-09,0.0
5884,2020-02-10,18.92
5885,2020-02-11,11.0
5886,2020-02-12,28.16
5887,2020-02-13,11.44
5888,2020-02-14,17.6
5889,2020-02-15,0.0
5890,2020-02-16,0.0
5891,2020-02-17,0.0
5892,2020-02-18,0.0
5893,2020-02-19,6.6
5894,2020-02-20,34.76
5895,2020-02-21,29.92
5896,2020-02-22,0.0
5897,2020-02-23,0.0
5898,2020-02-24,0.0
5899,2020-02-25,16.28
5900,2020-02-26,0.0
5901,2020-02-27,33.88
5902,2020-02-28,44.0
5903,2020-02-29,28.16
5904,2020-03-01,0.0
5905,2020-03-02,87.0
5906,2020-03-03,55.0
5907,2020-03-04,33.0
5908,2020-03-05,41.0
5909,2020-03-06,0.0
5910,2020-03-07,0.0
5911,2020-03-08,14.0
5912,2020-03-09,66.0
5913,2020-03-10,59.0
5914,2020-03-11,31.0
5915,2020-03-12,52.0
5916,2020-03-13,66.0
5917,2020-03-14,0.0
5918,2020-03-15,0.0
5919,2020-03-16,63.0
5920,2020-03-17,78.0
5921,2020-03-18,51.0
5922,2020-03-19,89.0
5923,2020-03-20,31.0
5924,2020-03-21,75.0
5925,2020-03-22,26.0
5926,2020-03-23,100.0
5927,2020-03-24,99.0
5928,2020-03-25,68.0
5929,2020-03-26,78.0
5930,2020-03-27,98.0
5931,2020-03-28,36.0
5932,2020-03-29,0.0
5933,2020-03-30,74.0
5934,2020-03-31,92.0
5935,2020-04-01,70.0
5936,2020-04-02,40.6
5937,2020-04-03,46.2
5938,2020-04-04,0.0
5939,2020-04-05,12.6
5940,2020-04-06,49.0
5941,2020-04-07,36.4
5942,2020-04-08,56.7
5943,2020-04-09,53.9
5944,2020-04-10,7.699999999999999
5945,2020-04-11,0.0
5946,2020-04-12,0.0
5947,2020-04-13,26.6
5948,2020-04-14,46.2
5949,2020-04-15,32.2
5950,2020-04-16,29.4
5951,2020-04-17,28.0
5952,2020-04-18,0.0
5953,2020-04-19,21.0
5954,2020-04-20,32.2
5955,2020-04-21,32.9
5956,2020-04-22,17.5
5957,2020-04-23,22.4
5958,2020-04-24,10.5
5959,2020-04-25,0.0
5960,2020-04-26,19.6
5961,2020-04-27,33.599999999999994
5962,2020-04-28,23.8
5963,2020-04-29,28.7
5964,2020-04-30,39.2
5965,2020-05-01,33.15
5966,2020-05-02,34.17
5967,2020-05-03,0.0
5968,2020-05-04,13.77
5969,2020-05-05,51.0
5970,2020-05-06,14.79
5971,2020-05-07,15.81
5972,2020-05-08,7.65
5973,2020-05-09,12.75
5974,2020-05-10,0.0
5975,2020-05-11,22.95
5976,2020-05-12,9.69
5977,2020-05-13,9.69
5978,2020-05-14,0.0
5979,2020-05-15,21.93
5980,2020-05-16,11.22
5981,2020-05-17,0.0
5982,2020-05-18,29.07
5983,2020-05-19,11.22
5984,2020-05-20,0.0
5985,2020-05-21,41.31
5986,2020-05-22,14.79
5987,2020-05-23,10.71
5988,2020-05-24,0.0
5989,2020-05-25,0.0
5990,2020-05-26,29.07
5991,2020-05-27,14.79
5992,2020-05-28,15.81
5993,2020-05-29,27.54
5994,2020-05-30,0.0
5995,2020-05-31,0.0
5996,2020-06-01,20.520000000000003
5997,2020-06-02,31.860000000000003
5998,2020-06-03,0.0
5999,2020-06-04,43.2
6000,2020-06-05,40.5
6001,2020-06-06,0.0
6002,2020-06-07,0.0
6003,2020-06-08,22.14
6004,2020-06-09,41.580000000000005
6005,2020-06-10,41.040000000000006
6006,2020-06-11,32.940000000000005
6007,2020-06-12,32.400000000000006
6008,2020-06-13,0.0
6009,2020-06-14,14.04
6010,2020-06-15,38.88
6011,2020-06-16,29.160000000000004
6012,2020-06-17,31.32
6013,2020-06-18,0.0
6014,2020-06-19,21.06
6015,2020-06-20,23.22
6016,2020-06-21,0.0
6017,2020-06-22,0.0
6018,2020-06-23,18.9
6019,2020-06-24,0.0
6020,2020-06-25,23.76
6021,2020-06-26,21.06
6022,2020-06-27,0.0
6023,2020-06-28,15.12
6024,2020-06-29,54.0
6025,2020-06-30,30.24
6026,2020-07-01,11.2
6027,2020-07-02,15.68
6028,2020-07-03,10.080000000000002
6029,2020-07-04,0.0
6030,2020-07-05,18.48
6031,2020-07-06,29.120000000000005
6032,2020-07-07,12.88
6033,2020-07-08,14.560000000000002
6034,2020-07-09,30.24
6035,2020-07-10,35.28
6036,2020-07-11,0.0
6037,2020-07-12,0.0
6038,2020-07-13,6.720000000000001
6039,2020-07-14,38.080000000000005
6040,2020-07-15,56.00000000000001
6041,2020-07-16,18.48
6042,2020-07-17,23.520000000000003
6043,2020-07-18,8.4
6044,2020-07-19,31.92
6045,2020-07-20,35.28
6046,2020-07-21,26.880000000000003
6047,2020-07-22,24.64
6048,2020-07-23,38.080000000000005
6049,2020-07-24,15.68
6050,2020-07-25,9.52
6051,2020-07-26,9.52
6052,2020-07-27,15.68
6053,2020-07-28,31.360000000000003
6054,2020-07-29,17.92
6055,2020-07-30,6.16
6056,2020-07-31,25.76
6057,2020-08-01,0.0
6058,2020-08-02,0.0
6059,2020-08-03,28.35
6060,2020-08-04,10.08
6061,2020-08-05,8.19
6062,2020-08-06,15.12
6063,2020-08-07,55.44
6064,2020-08-08,0.0
6065,2020-08-09,0.0
6066,2020-08-10,18.9
6067,2020-08-11,21.42
6068,2020-08-12,49.14
6069,2020-08-13,30.87
6070,2020-08-14,36.54
6071,2020-08-15,8.82
6072,2020-08-16,0.0
6073,2020-08-17,32.13
6074,2020-08-18,27.09
6075,2020-08-19,27.72
6076,2020-08-20,21.42
6077,2020-08-21,13.86
6078,2020-08-22,0.0
6079,2020-08-23,0.0
6080,2020-08-24,60.48
6081,2020-08-25,63.0
6082,2020-08-26,44.73
6083,2020-08-27,21.42
6084,2020-08-28,32.13
6085,2020-08-29,10.08
6086,2020-08-30,0.0
6087,2020-08-31,34.65
6088,2020-09-01,24.380000000000003
6089,2020-09-02,42.93
6090,2020-09-03,39.22
6091,2020-09-04,34.45
6092,2020-09-05,19.08
6093,2020-09-06,0.0
6094,2020-09-07,16.43
6095,2020-09-08,24.380000000000003
6096,2020-09-09,22.790000000000003
6097,2020-09-10,20.14
6098,2020-09-11,53.0
6099,2020-09-12,24.91
6100,2020-09-13,0.0
6101,2020-09-14,9.54
6102,2020-09-15,41.34
6103,2020-09-16,41.34
6104,2020-09-17,19.61
6105,2020-09-18,49.82
6106,2020-09-19,18.02
6107,2020-09-20,0.0
6108,2020-09-21,25.44
6109,2020-09-22,21.73
6110,2020-09-23,30.21
6111,2020-09-24,40.28
6112,2020-09-25,21.200000000000003
6113,2020-09-26,13.25
6114,2020-09-27,0.0
6115,2020-09-28,32.33
6116,2020-09-29,0.0
6117,2020-09-30,0.0
6118,2020-10-01,36.19
6119,2020-10-02,11.28
6120,2020-10-03,17.39
6121,2020-10-04,22.56
6122,2020-10-05,21.62
6123,2020-10-06,10.81
6124,2020-10-07,0.0
6125,2020-10-08,25.38
6126,2020-10-09,22.56
6127,2020-10-10,0.0
6128,2020-10-11,0.0
6129,2020-10-12,39.48
6130,2020-10-13,15.04
6131,2020-10-14,11.75
6132,2020-10-15,31.96
6133,2020-10-16,26.32
6134,2020-10-17,0.0
6135,2020-10-18,37.6
6136,2020-10-19,32.9
6137,2020-10-20,39.48
6138,2020-10-21,47.0
6139,2020-10-22,0.0
6140,2020-10-23,20.21
6141,2020-10-24,0.0
6142,2020-10-25,0.0
6143,2020-10-26,17.39
6144,2020-10-27,43.71
6145,2020-10-28,18.33
6146,2020-10-29,20.21
6147,2020-10-30,26.79
6148,2020-10-31,0.0
6149,2020-11-01,19.22
6150,2020-11-02,35.96
6151,2020-11-03,15.5
6152,2020-11-04,9.92
6153,2020-11-05,16.12
6154,2020-11-06,15.5
6155,2020-11-07,18.6
6156,2020-11-08,0.0
6157,2020-11-09,62.0
6158,2020-11-10,39.06
6159,2020-11-11,31.62
6160,2020-11-12,0.0
6161,2020-11-13,26.66
6162,2020-11-14,0.0
6163,2020-11-15,0.0
6164,2020-11-16,42.78
6165,2020-11-17,55.18
6166,2020-11-18,46.5
6167,2020-11-19,37.2
6168,2020-11-20,40.3
6169,2020-11-21,31.62
6170,2020-11-22,10.54
6171,2020-11-23,26.66
6172,2020-11-24,26.04
6173,2020-11-25,0.0
6174,2020-11-26,51.46
6175,2020-11-27,36.58
6176,2020-11-28,17.98
6177,2020-11-29,19.22
6178,2020-11-30,31.0
6179,2020-12-01,19.89
6180,2020-12-02,8.67
6181,2020-12-03,15.3
6182,2020-12-04,49.47
6183,2020-12-05,34.68
6184,2020-12-06,11.73
6185,2020-12-07,18.36
6186,2020-12-08,24.48
6187,2020-12-09,8.16
6188,2020-12-10,20.91
6189,2020-12-11,36.21
6190,2020-12-12,51.0
6191,2020-12-13,0.0
6192,2020-12-14,25.5
6193,2020-12-15,24.48
6194,2020-12-16,0.0
6195,2020-12-17,27.03
6196,2020-12-18,33.15
6197,2020-12-19,0.0
6198,2020-12-20,0.0
6199,2020-12-21,0.0
6200,2020-12-22,13.26
6201,2020-12-23,13.26
6202,2020-12-24,12.75
6203,2020-12-25,11.73
6204,2020-12-26,0.0
6205,2020-12-27,18.36
6206,2020-12-28,0.0
6207,2020-12-29,19.38
6208,2020-12-30,21.42
6209,2020-12-31,10.2
6210,2021-01-01,0.0
6211,2021-01-02,12.24
6212,2021-01-03,13.26
6213,2021-01-04,36.72
6214,2021-01-05,27.54
6215,2021-01-06,41.82
6216,2021-01-07,41.31
6217,2021-01-08,0.0
6218,2021-01-09,0.0
6219,2021-01-10,9.18
6220,2021-01-11,8.67
6221,2021-01-12,11.22
6222,2021-01-13,30.09
6223,2021-01-14,37.23
6224,2021-01-15,31.11
6225,2021-01-16,11.73
6226,2021-01-17,0.0
6227,2021-01-18,0.0
6228,2021-01-19,41.82
6229,2021-01-20,12.75
6230,2021-01-21,27.54
6231,2021-01-22,10.71
6232,2021-01-23,37.74
6233,2021-01-24,0.0
6234,2021-01-25,36.21
6235,2021-01-26,27.54
6236,2021-01-27,0.0
6237,2021-01-28,51.0
6238,2021-01-29,28.56
6239,2021-01-30,0.0
6240,2021-01-31,0.0
6241,2021-02-01,46.5
6242,2021-02-02,31.0
6243,2021-02-03,50.0
6244,2021-02-04,31.5
6245,2021-02-05,25.5
6246,2021-02-06,0.0
6247,2021-02-07,0.0
6248,2021-02-08,19.5
6249,2021-02-09,23.5
6250,2021-02-10,13.0
6251,2021-02-11,0.0
6252,2021-02-12,30.0
6253,2021-02-13,0.0
6254,2021-02-14,10.5
6255,2021-02-15,19.5
6256,2021-02-16,44.5
6257,2021-02-17,19.5
6258,2021-02-18,20.0
6259,2021-02-19,20.0
6260,2021-02-20,0.0
6261,2021-02-21,0.0
6262,2021-02-22,15.5
6263,2021-02-23,28.5
6264,2021-02-24,38.5
6265,2021-02-25,16.0
6266,2021-02-26,0.0
6267,2021-02-27,9.5
6268,2021-02-28,32.5
6269,2021-03-01,0.0
6270,2021-03-02,29.14
6271,2021-03-03,17.39
6272,2021-03-04,0.0
6273,2021-03-05,24.44
6274,2021-03-06,28.67
6275,2021-03-07,18.8
6276,2021-03-08,17.86
6277,2021-03-09,27.73
6278,2021-03-10,20.21
6279,2021-03-11,24.91
6280,2021-03-12,47.0
6281,2021-03-13,18.33
6282,2021-03-14,16.45
6283,2021-03-15,36.19
6284,2021-03-16,29.14
6285,2021-03-17,36.66
6286,2021-03-18,35.72
6287,2021-03-19,27.73
6288,2021-03-20,0.0
6289,2021-03-21,14.57
6290,2021-03-22,36.19
6291,2021-03-23,14.57
6292,2021-03-24,0.0
6293,2021-03-25,30.55
6294,2021-03-26,19.74
6295,2021-03-27,0.0
6296,2021-03-28,0.0
6297,2021-03-29,32.43
6298,2021-03-30,40.42
6299,2021-03-31,39.95
6300,2021-04-01,18.36
6301,2021-04-02,14.04
6302,2021-04-03,26.46
6303,2021-04-04,32.400000000000006
6304,2021-04-05,37.260000000000005
6305,2021-04-06,27.540000000000003
6306,2021-04-07,31.32
6307,2021-04-08,34.56
6308,2021-04-09,29.700000000000003
6309,2021-04-10,0.0
6310,2021-04-11,0.0
6311,2021-04-12,49.68000000000001
6312,2021-04-13,54.0
6313,2021-04-14,42.66
6314,2021-04-15,35.1
6315,2021-04-16,36.72
6316,2021-04-17,15.66
6317,2021-04-18,0.0
6318,2021-04-19,24.840000000000003
6319,2021-04-20,24.840000000000003
6320,2021-04-21,43.2
6321,2021-04-22,51.84
6322,2021-04-23,28.08
6323,2021-04-24,14.04
6324,2021-04-25,0.0
6325,2021-04-26,38.34
6326,2021-04-27,35.1
6327,2021-04-28,11.88
6328,2021-04-29,17.82
6329,2021-04-30,51.3
6330,2021-05-01,13.5
6331,2021-05-02,0.0
6332,2021-05-03,31.0
6333,2021-05-04,24.0
6334,2021-05-05,0.0
6335,2021-05-06,25.0
6336,2021-05-07,21.0
6337,2021-05-08,0.0
6338,2021-05-09,0.0
6339,2021-05-10,26.0
6340,2021-05-11,50.0
6341,2021-05-12,22.5
6342,2021-05-13,15.5
6343,2021-05-14,28.5
6344,2021-05-15,12.0
6345,2021-05-16,0.0
6346,2021-05-17,0.0
6347,2021-05-18,8.0
6348,2021-05-19,37.5
6349,2021-05-20,37.5
6350,2021-05-21,11.5
6351,2021-05-22,20.5
6352,2021-05-23,13.0
6353,2021-05-24,8.0
6354,2021-05-25,8.0
6355,2021-05-26,16.5
6356,2021-05-27,19.5
6357,2021-05-28,10.0
6358,2021-05-29,0.0
6359,2021-05-30,15.0
6360,2021-05-31,0.0
6361,2021-06-01,21.62
6362,2021-06-02,10.34
6363,2021-06-03,13.16
6364,2021-06-04,21.15
6365,2021-06-05,0.0
6366,2021-06-06,0.0
6367,2021-06-07,39.01
6368,2021-06-08,30.08
6369,2021-06-09,0.0
6370,2021-06-10,35.72
6371,2021-06-11,0.0
6372,2021-06-12,0.0
6373,2021-06-13,26.79
6374,2021-06-14,30.08
6375,2021-06-15,20.21
6376,2021-06-16,18.33
6377,2021-06-17,0.0
6378,2021-06-18,47.0
6379,2021-06-19,0.0
6380,2021-06-20,0.0
6381,2021-06-21,23.03
6382,2021-06-22,37.13
6383,2021-06-23,22.56
6384,2021-06-24,12.69
6385,2021-06-25,21.15
6386,2021-06-26,0.0
6387,2021-06-27,0.0
6388,2021-06-28,36.66
6389,2021-06-29,25.38
6390,2021-06-30,26.32
6391,2021-07-01,11.25
6392,2021-07-02,13.5
6393,2021-07-03,0.0
6394,2021-07-04,0.0
6395,2021-07-05,0.0
6396,2021-07-06,22.95
6397,2021-07-07,6.3
6398,2021-07-08,9.0
6399,2021-07-09,7.65
6400,2021-07-10,0.0
6401,2021-07-11,12.6
6402,2021-07-12,12.15
6403,2021-07-13,13.95
6404,2021-07-14,5.4
6405,2021-07-15,0.0
6406,2021-07-16,24.3
6407,2021-07-17,0.0
6408,2021-07-18,0.0
6409,2021-07-19,17.1
6410,2021-07-20,21.6
6411,2021-07-21,14.85
6412,2021-07-22,45.0
6413,2021-07-23,16.650000000000002
6414,2021-07-24,6.3
6415,2021-07-25,8.55
6416,2021-07-26,6.3
6417,2021-07-27,14.4
6418,2021-07-28,22.95
6419,2021-07-29,10.8
6420,2021-07-30,5.4
6421,2021-07-31,0.0
6422,2021-08-01,0.0
6423,2021-08-02,28.06
6424,2021-08-03,0.0
6425,2021-08-04,17.94
6426,2021-08-05,23.92
6427,2021-08-06,41.4
6428,2021-08-07,23.92
6429,2021-08-08,0.0
6430,2021-08-09,16.560000000000002
6431,2021-08-10,0.0
6432,2021-08-11,19.78
6433,2021-08-12,12.88
6434,2021-08-13,0.0
6435,2021-08-14,0.0
6436,2021-08-15,0.0
6437,2021-08-16,7.36
6438,2021-08-17,33.120000000000005
6439,2021-08-18,16.1
6440,2021-08-19,19.32
6441,2021-08-20,35.88
6442,2021-08-21,0.0
6443,2021-08-22,23.46
6444,2021-08-23,0.0
6445,2021-08-24,17.02
6446,2021-08-25,0.0
6447,2021-08-26,46.0
6448,2021-08-27,31.74
6449,2021-08-28,0.0
6450,2021-08-29,11.96
6451,2021-08-30,18.4
6452,2021-08-31,10.58
6453,2021-09-01,16.38
6454,2021-09-02,16.38
6455,2021-09-03,0.0
6456,2021-09-04,0.0
6457,2021-09-05,23.79
6458,2021-09-06,0.0
6459,2021-09-07,17.55
6460,2021-09-08,0.0
6461,2021-09-09,21.84
6462,2021-09-10,17.16
6463,2021-09-11,39.0
6464,2021-09-12,0.0
6465,2021-09-13,27.69
6466,2021-09-14,15.6
6467,2021-09-15,5.8500000000000005
6468,2021-09-16,13.65
6469,2021-09-17,12.87
6470,2021-09-18,0.0
6471,2021-09-19,0.0
6472,2021-09-20,11.7
6473,2021-09-21,0.0
6474,2021-09-22,21.84
6475,2021-09-23,19.5
6476,2021-09-24,0.0
6477,2021-09-25,0.0
6478,2021-09-26,0.0
6479,2021-09-27,23.01
6480,2021-09-28,18.72
6481,2021-09-29,19.11
6482,2021-09-30,10.14
6483,2021-10-01,25.74
6484,2021-10-02,9.36
6485,2021-10-03,0.0
6486,2021-10-04,39.0
6487,2021-10-05,10.53
6488,2021-10-06,0.0
6489,2021-10-07,21.45
6490,2021-10-08,17.16
6491,2021-10-09,0.0
6492,2021-10-10,0.0
6493,2021-10-11,0.0
6494,2021-10-12,0.0
6495,2021-10-13,24.57
6496,2021-10-14,18.72
6497,2021-10-15,20.28
6498,2021-10-16,0.0
6499,2021-10-17,0.0
6500,2021-10-18,27.69
6501,2021-10-19,26.91
6502,2021-10-20,15.6
6503,2021-10-21,20.28
6504,2021-10-22,0.0
6505,2021-10-23,0.0
6506,2021-10-24,11.31
6507,2021-10-25,13.65
6508,2021-10-26,22.62
6509,2021-10-27,25.35
6510,2021-10-28,13.26
6511,2021-10-29,26.52
6512,2021-10-30,0.0
6513,2021-10-31,14.04
6514,2021-11-01,14.4
6515,2021-11-02,9.36
6516,2021-11-03,14.4
6517,2021-11-04,15.84
6518,2021-11-05,11.52
6519,2021-11-06,0.0
6520,2021-11-07,9.36
6521,2021-11-08,11.16
6522,2021-11-09,0.0
6523,2021-11-10,18.36
6524,2021-11-11,0.0
6525,2021-11-12,19.8
6526,2021-11-13,8.28
6527,2021-11-14,0.0
6528,2021-11-15,36.0
6529,2021-11-16,15.12
6530,2021-11-17,0.0
6531,2021-11-18,12.96
6532,2021-11-19,18.0
6533,2021-11-20,0.0
6534,2021-11-21,0.0
6535,2021-11-22,9.72
6536,2021-11-23,11.16
6537,2021-11-24,0.0
6538,2021-11-25,0.0
6539,2021-11-26,9.0
6540,2021-11-27,0.0
6541,2021-11-28,0.0
6542,2021-11-29,0.0
6543,2021-11-30,20.16
6544,2021-12-01,29.58
6545,2021-12-02,10.2
6546,2021-12-03,26.52
6547,2021-12-04,0.0
6548,2021-12-05,0.0
6549,2021-12-06,24.48
6550,2021-12-07,42.84
6551,2021-12-08,31.62
6552,2021-12-09,51.0
6553,2021-12-10,16.32
6554,2021-12-11,0.0
6555,2021-12-12,0.0
6556,2021-12-13,0.0
6557,2021-12-14,0.0
6558,2021-12-15,30.09
6559,2021-12-16,0.0
6560,2021-12-17,27.03
6561,2021-12-18,0.0
6562,2021-12-19,0.0
6563,2021-12-20,32.64
6564,2021-12-21,0.0
6565,2021-12-22,24.99
6566,2021-12-23,42.84
6567,2021-12-24,14.79
6568,2021-12-25,0.0
6569,2021-12-26,0.0
6570,2021-12-27,22.44
6571,2021-12-28,23.97
6572,2021-12-29,37.23
6573,2021-12-30,51.0
6574,2021-12-31,0.0
6575,2022-01-01,7.6
6576,2022-01-02,0.0
6577,2022-01-03,17.86
6578,2022-01-04,21.66
6579,2022-01-05,0.0
6580,2022-01-06,21.66
6581,2022-01-07,38.0
6582,2022-01-08,16.34
6583,2022-01-09,8.36
6584,2022-01-10,16.72
6585,2022-01-11,0.0
6586,2022-01-12,0.0
6587,2022-01-13,10.64
6588,2022-01-14,12.92
6589,2022-01-15,8.36
6590,2022-01-16,15.58
6591,2022-01-17,14.82
6592,2022-01-18,12.54
6593,2022-01-19,0.0
6594,2022-01-20,8.36
6595,2022-01-21,15.96
6596,2022-01-22,8.36
6597,2022-01-23,0.0
6598,2022-01-24,0.0
6599,2022-01-25,14.44
6600,2022-01-26,19.76
6601,2022-01-27,17.1
6602,2022-01-28,13.68
6603,2022-01-29,0.0
6604,2022-01-30,10.64
6605,2022-01-31,17.1
6606,2022-02-01,15.98
6607,2022-02-02,18.8
6608,2022-02-03,29.61
6609,2022-02-04,38.07
6610,2022-02-05,13.63
6611,2022-02-06,0.0
6612,2022-02-07,19.27
6613,2022-02-08,47.0
6614,2022-02-09,14.57
6615,2022-02-10,15.51
6616,2022-02-11,27.73
6617,2022-02-12,0.0
6618,2022-02-13,0.0
6619,2022-02-14,28.2
6620,2022-02-15,14.1
6621,2022-02-16,0.0
6622,2022-02-17,16.45
6623,2022-02-18,16.45
6624,2022-02-19,14.1
6625,2022-02-20,24.44
6626,2022-02-21,22.09
6627,2022-02-22,30.55
6628,2022-02-23,13.16
6629,2022-02-24,33.84
6630,2022-02-25,40.89
6631,2022-02-26,0.0
6632,2022-02-27,20.68
6633,2022-02-28,13.16
6634,2022-03-01,13.94
6635,2022-03-02,27.06
6636,2022-03-03,31.98
6637,2022-03-04,8.2
6638,2022-03-05,0.0
6639,2022-03-06,0.0
6640,2022-03-07,11.07
6641,2022-03-08,31.57
6642,2022-03-09,28.7
6643,2022-03-10,0.0
6644,2022-03-11,0.0
6645,2022-03-12,0.0
6646,2022-03-13,0.0
6647,2022-03-14,12.3
6648,2022-03-15,26.24
6649,2022-03-16,40.59
6650,2022-03-17,21.32
6651,2022-03-18,0.0
6652,2022-03-19,9.43
6653,2022-03-20,16.4
6654,2022-03-21,21.32
6655,2022-03-22,29.93
6656,2022-03-23,37.31
6657,2022-03-24,25.42
6658,2022-03-25,41.0
6659,2022-03-26,0.0
6660,2022-03-27,0.0
6661,2022-03-28,24.6
6662,2022-03-29,14.35
6663,2022-03-30,30.34
6664,2022-03-31,0.0
6665,2022-04-01,23.520000000000003
6666,2022-04-02,0.0
6667,2022-04-03,0.0
6668,2022-04-04,23.520000000000003
6669,2022-04-05,13.72
6670,2022-04-06,25.200000000000003
6671,2022-04-07,10.920000000000002
6672,2022-04-08,20.72
6673,2022-04-09,14.000000000000002
6674,2022-04-10,15.96
6675,2022-04-11,18.76
6676,2022-04-12,15.68
6677,2022-04-13,28.000000000000004
6678,2022-04-14,0.0
6679,2022-04-15,0.0
6680,2022-04-16,0.0
6681,2022-04-17,0.0
6682,2022-04-18,15.400000000000002
6683,2022-04-19,19.880000000000003
6684,2022-04-20,0.0
6685,2022-04-21,27.44
6686,2022-04-22,21.56
6687,2022-04-23,0.0
6688,2022-04-24,0.0
6689,2022-04-25,0.0
6690,2022-04-26,21.000000000000004
6691,2022-04-27,16.520000000000003
6692,2022-04-28,11.48
6693,2022-04-29,18.200000000000003
6694,2022-04-30,0.0
6695,2022-05-01,0.0
6696,2022-05-02,28.06
6697,2022-05-03,38.18
6698,2022-05-04,24.380000000000003
6699,2022-05-05,13.34
6700,2022-05-06,22.08
6701,2022-05-07,0.0
6702,2022-05-08,10.12
6703,2022-05-09,0.0
6704,2022-05-10,43.7
6705,2022-05-11,17.48
6706,2022-05-12,20.24
6707,2022-05-13,39.1
6708,2022-05-14,0.0
6709,2022-05-15,0.0
6710,2022-05-16,32.660000000000004
6711,2022-05-17,33.120000000000005
6712,2022-05-18,32.660000000000004
6713,2022-05-19,29.44
6714,2022-05-20,10.12
6715,2022-05-21,19.32
6716,2022-05-22,0.0
6717,2022-05-23,22.540000000000003
6718,2022-05-24,28.06
6719,2022-05-25,0.0
6720,2022-05-26,24.84
6721,2022-05-27,46.0
6722,2022-05-28,0.0
6723,2022-05-29,0.0
6724,2022-05-30,0.0
6725,2022-05-31,28.52
6726,2022-06-01,8.16
6727,2022-06-02,8.16
6728,2022-06-03,15.64
6729,2022-06-04,0.0
6730,2022-06-05,0.0
6731,2022-06-06,8.5
6732,2022-06-07,18.02
6733,2022-06-08,9.52
6734,2022-06-09,13.260000000000002
6735,2022-06-10,6.460000000000001
6736,2022-06-11,0.0
6737,2022-06-12,10.54
6738,2022-06-13,14.96
6739,2022-06-14,20.4
6740,2022-06-15,21.08
6741,2022-06-16,15.3
6742,2022-06-17,0.0
6743,2022-06-18,0.0
6744,2022-06-19,0.0
6745,2022-06-20,17.0
6746,2022-06-21,11.9
6747,2022-06-22,0.0
6748,2022-06-23,6.460000000000001
6749,2022-06-24,34.0
6750,2022-06-25,15.3
6751,2022-06-26,0.0
6752,2022-06-27,13.260000000000002
6753,2022-06-28,0.0
6754,2022-06-29,9.52
6755,2022-06-30,14.62
6756,2022-07-01,19.6
6757,2022-07-02,0.0
6758,2022-07-03,0.0
6759,2022-07-04,15.68
6760,2022-07-05,11.48
6761,2022-07-06,15.12
6762,2022-07-07,23.24
6763,2022-07-08,19.6
6764,2022-07-09,6.720000000000001
6765,2022-07-10,5.040000000000001
6766,2022-07-11,0.0
6767,2022-07-12,4.760000000000001
6768,2022-07-13,0.0
6769,2022-07-14,22.680000000000003
6770,2022-07-15,0.0
6771,2022-07-16,0.0
6772,2022-07-17,10.36
6773,2022-07-18,6.44
6774,2022-07-19,20.160000000000004
6775,2022-07-20,9.52
6776,2022-07-21,18.48
6777,2022-07-22,11.760000000000002
6778,2022-07-23,0.0
6779,2022-07-24,0.0
6780,2022-07-25,0.0
6781,2022-07-26,9.24
6782,2022-07-27,5.6000000000000005
6783,2022-07-28,28.000000000000004
6784,2022-07-29,17.360000000000003
6785,2022-07-30,12.04
6786,2022-07-31,0.0
6787,2022-08-01,18.72
6788,2022-08-02,19.11
6789,2022-08-03,14.04
6790,2022-08-04,39.0
6791,2022-08-05,0.0
6792,2022-08-06,0.0
6793,2022-08-07,0.0
6794,2022-08-08,14.43
6795,2022-08-09,7.41
6796,2022-08-10,17.94
6797,2022-08-11,19.5
6798,2022-08-12,10.53
6799,2022-08-13,0.0
6800,2022-08-14,12.87
6801,2022-08-15,0.0
6802,2022-08-16,14.43
6803,2022-08-17,0.0
6804,2022-08-18,10.14
6805,2022-08-19,0.0
6806,2022-08-20,7.800000000000001
6807,2022-08-21,0.0
6808,2022-08-22,9.75
6809,2022-08-23,12.87
6810,2022-08-24,24.57
6811,2022-08-25,0.0
6812,2022-08-26,14.04
6813,2022-08-27,0.0
6814,2022-08-28,19.5
6815,2022-08-29,15.6
6816,2022-08-30,0.0
6817,2022-08-31,11.7
6818,2022-09-01,0.0
6819,2022-09-02,0.0
6820,2022-09-03,11.61
6821,2022-09-04,0.0
6822,2022-09-05,18.09
6823,2022-09-06,7.56
6824,2022-09-07,0.0
6825,2022-09-08,12.420000000000002
6826,2022-09-09,8.100000000000001
6827,2022-09-10,7.0200000000000005
6828,2022-09-11,0.0
6829,2022-09-12,0.0
6830,2022-09-13,0.0
6831,2022-09-14,22.950000000000003
6832,2022-09-15,20.790000000000003
6833,2022-09-16,7.0200000000000005
6834,2022-09-17,0.0
6835,2022-09-18,9.99
6836,2022-09-19,14.04
6837,2022-09-20,10.8
6838,2022-09-21,8.370000000000001
6839,2022-09-22,24.840000000000003
6840,2022-09-23,5.4
6841,2022-09-24,0.0
6842,2022-09-25,0.0
6843,2022-09-26,27.0
6844,2022-09-27,14.04
6845,2022-09-28,22.41
6846,2022-09-29,18.9
6847,2022-09-30,0.0
6848,2022-10-01,10.44
6849,2022-10-02,0.0
6850,2022-10-03,9.36
6851,2022-10-04,20.88
6852,2022-10-05,11.88
6853,2022-10-06,19.8
6854,2022-10-07,12.24
6855,2022-10-08,15.84
6856,2022-10-09,0.0
6857,2022-10-10,0.0
6858,2022-10-11,10.8
6859,2022-10-12,12.6
6860,2022-10-13,8.28
6861,2022-10-14,8.28
6862,2022-10-15,0.0
6863,2022-10-16,6.12
6864,2022-10-17,11.88
6865,2022-10-18,0.0
6866,2022-10-19,24.12
6867,2022-10-20,10.8
6868,2022-10-21,13.68
6869,2022-10-22,0.0
6870,2022-10-23,0.0
6871,2022-10-24,16.56
6872,2022-10-25,36.0
6873,2022-10-26,19.44
6874,2022-10-27,19.8
6875,2022-10-28,21.24
6876,2022-10-29,0.0
6877,2022-10-30,7.199999999999999
6878,2022-10-31,17.64
6879,2022-11-01,14.44
6880,2022-11-02,0.0
6881,2022-11-03,28.88
6882,2022-11-04,15.2
6883,2022-11-05,0.0
6884,2022-11-06,29.64
6885,2022-11-07,15.58
6886,2022-11-08,33.82
6887,2022-11-09,25.46
6888,2022-11-10,11.4
6889,2022-11-11,0.0
6890,2022-11-12,0.0
6891,2022-11-13,10.26
6892,2022-11-14,38.0
6893,2022-11-15,32.68
6894,2022-11-16,7.6
6895,2022-11-17,0.0
6896,2022-11-18,28.5
6897,2022-11-19,8.36
6898,2022-11-20,0.0
6899,2022-11-21,21.28
6900,2022-11-22,0.0
6901,2022-11-23,24.7
6902,2022-11-24,0.0
6903,2022-11-25,12.92
6904,2022-11-26,0.0
6905,2022-11-27,0.0
6906,2022-11-28,15.2
6907,2022-11-29,0.0
6908,2022-11-30,23.18
6909,2022-12-01,10.15
6910,2022-12-02,9.86
6911,2022-12-03,0.0
6912,2022-12-04,13.34
6913,2022-12-05,7.829999999999999
6914,2022-12-06,14.499999999999998
6915,2022-12-07,15.659999999999998
6916,2022-12-08,5.8
6917,2022-12-09,7.249999999999999
6918,2022-12-10,0.0
6919,2022-12-11,0.0
6920,2022-12-12,0.0
6921,2022-12-13,12.18
6922,2022-12-14,16.82
6923,2022-12-15,19.14
6924,2022-12-16,7.829999999999999
6925,2022-12-17,0.0
6926,2022-12-18,0.0
6927,2022-12-19,11.02
6928,2022-12-20,18.56
6929,2022-12-21,16.24
6930,2022-12-22,29.0
6931,2022-12-23,21.17
6932,2022-12-24,13.919999999999998
6933,2022-12-25,0.0
6934,2022-12-26,0.0
6935,2022-12-27,6.09
6936,2022-12-28,7.829999999999999
6937,2022-12-29,18.56
6938,2022-12-30,7.539999999999999
6939,2022-12-31,15.37
6940,2023-01-01,0.0
6941,2023-01-02,5.94
6942,2023-01-03,16.5
6943,2023-01-04,25.74
6944,2023-01-05,0.0
6945,2023-01-06,15.510000000000002
6946,2023-01-07,33.0
6947,2023-01-08,0.0
6948,2023-01-09,12.54
6949,2023-01-10,20.130000000000003
6950,2023-01-11,5.94
6951,2023-01-12,8.58
6952,2023-01-13,12.21
6953,2023-01-14,0.0
6954,2023-01-15,9.24
6955,2023-01-16,13.53
6956,2023-01-17,10.56
6957,2023-01-18,5.61
6958,2023-01-19,6.2700000000000005
6959,2023-01-20,14.52
6960,2023-01-21,0.0
6961,2023-01-22,0.0
6962,2023-01-23,0.0
6963,2023-01-24,20.790000000000003
6964,2023-01-25,13.53
6965,2023-01-26,5.94
6966,2023-01-27,0.0
6967,2023-01-28,6.2700000000000005
6968,2023-01-29,7.590000000000001
6969,2023-01-30,21.45
6970,2023-01-31,13.53
6971,2023-02-01,16.8
6972,2023-02-02,30.0
6973,2023-02-03,21.6
6974,2023-02-04,8.1
6975,2023-02-05,0.0
6976,2023-02-06,7.8
6977,2023-02-07,16.8
6978,2023-02-08,15.9
6979,2023-02-09,17.4
6980,2023-02-10,0.0
6981,2023-02-11,8.4
6982,2023-02-12,0.0
6983,2023-02-13,9.9
6984,2023-02-14,0.0
6985,2023-02-15,22.8
6986,2023-02-16,16.2
6987,2023-02-17,19.5
6988,2023-02-18,0.0
6989,2023-02-19,0.0
6990,2023-02-20,0.0
6991,2023-02-21,0.0
6992,2023-02-22,13.2
6993,2023-02-23,0.0
6994,2023-02-24,0.0
6995,2023-02-25,23.7
6996,2023-02-26,0.0
6997,2023-02-27,9.9
6998,2023-02-28,6.6
6999,2023-03-01,10.2
7000,2023-03-02,0.0
7001,2023-03-03,20.06
7002,2023-03-04,0.0
7003,2023-03-05,0.0
7004,2023-03-06,0.0
7005,2023-03-07,7.48
7006,2023-03-08,0.0
7007,2023-03-09,0.0
7008,2023-03-10,14.96
7009,2023-03-11,0.0
7010,2023-03-12,0.0
7011,2023-03-13,18.360000000000003
7012,2023-03-14,14.62
7013,2023-03-15,29.58
7014,2023-03-16,14.96
7015,2023-03-17,21.76
7016,2023-03-18,0.0
7017,2023-03-19,0.0
7018,2023-03-20,19.380000000000003
7019,2023-03-21,31.28
7020,2023-03-22,19.72
7021,2023-03-23,14.28
7022,2023-03-24,0.0
7023,2023-03-25,0.0
7024,2023-03-26,14.62
7025,2023-03-27,0.0
7026,2023-03-28,23.12
7027,2023-03-29,10.54
7028,2023-03-30,34.0
7029,2023-03-31,0.0
7030,2023-04-01,0.0
7031,2023-04-02,9.57
7032,2023-04-03,21.78
7033,2023-04-04,19.47
7034,2023-04-05,12.54
7035,2023-04-06,8.91
7036,2023-04-07,0.0
7037,2023-04-08,0.0
7038,2023-04-09,0.0
7039,2023-04-10,23.43
7040,2023-04-11,18.81
7041,2023-04-12,29.37
7042,2023-04-13,15.18
7043,2023-04-14,26.4
7044,2023-04-15,16.5
7045,2023-04-16,15.18
7046,2023-04-17,10.23
7047,2023-04-18,25.41
7048,2023-04-19,0.0
7049,2023-04-20,0.0
7050,2023-04-21,24.42
7051,2023-04-22,0.0
7052,2023-04-23,14.52
7053,2023-04-24,33.0
7054,2023-04-25,7.260000000000001
7055,2023-04-26,14.52
7056,2023-04-27,10.23
7057,2023-04-28,18.15
7058,2023-04-29,22.11
7059,2023-04-30,8.91
7060,2023-05-01,20.06
7061,2023-05-02,0.0
7062,2023-05-03,8.5
7063,2023-05-04,11.56
7064,2023-05-05,13.6
7065,2023-05-06,0.0
7066,2023-05-07,0.0
7067,2023-05-08,11.9
7068,2023-05-09,6.460000000000001
7069,2023-05-10,19.040000000000003
7070,2023-05-11,0.0
7071,2023-05-12,12.920000000000002
7072,2023-05-13,12.920000000000002
7073,2023-05-14,0.0
7074,2023-05-15,0.0
7075,2023-05-16,14.28
7076,2023-05-17,20.74
7077,2023-05-18,0.0
7078,2023-05-19,0.0
7079,2023-05-20,8.16
7080,2023-05-21,0.0
7081,2023-05-22,0.0
7082,2023-05-23,0.0
7083,2023-05-24,7.48
7084,2023-05-25,0.0
7085,2023-05-26,25.500000000000004
7086,2023-05-27,0.0
7087,2023-05-28,34.0
7088,2023-05-29,0.0
7089,2023-05-30,6.12
7090,2023-05-31,13.94
7091,2023-06-01,0.0
7092,2023-06-02,22.63
7093,2023-06-03,26.66
7094,2023-06-04,0.0
7095,2023-06-05,0.0
7096,2023-06-06,10.23
7097,2023-06-07,9.92
7098,2023-06-08,11.78
7099,2023-06-09,7.75
7100,2023-06-10,0.0
7101,2023-06-11,0.0
7102,2023-06-12,0.0
7103,2023-06-13,22.32
7104,2023-06-14,11.78
7105,2023-06-15,11.47
7106,2023-06-16,21.7
7107,2023-06-17,13.02
7108,2023-06-18,0.0
7109,2023-06-19,0.0
7110,2023-06-20,8.37
7111,2023-06-21,10.85
7112,2023-06-22,15.81
7113,2023-06-23,10.54
7114,2023-06-24,0.0
7115,2023-06-25,8.99
7116,2023-06-26,0.0
7117,2023-06-27,30.38
7118,2023-06-28,20.15
7119,2023-06-29,31.0
7120,2023-06-30,0.0
7121,2023-07-01,0.0
7122,2023-07-02,0.0
7123,2023-07-03,0.0
7124,2023-07-04,15.48
7125,2023-07-05,17.28
7126,2023-07-06,13.32
7127,2023-07-07,15.84
7128,2023-07-08,16.56
7129,2023-07-09,0.0
7130,2023-07-10,0.0
7131,2023-07-11,19.08
7132,2023-07-12,31.68
7133,2023-07-13,0.0
7134,2023-07-14,7.92
7135,2023-07-15,20.52
7136,2023-07-16,0.0
7137,2023-07-17,18.36
7138,2023-07-18,33.84
7139,2023-07-19,19.08
7140,2023-07-20,15.84
7141,2023-07-21,15.84
7142,2023-07-22,0.0
7143,2023-07-23,0.0
7144,2023-07-24,0.0
7145,2023-07-25,24.84
7146,2023-07-26,7.56
7147,2023-07-27,0.0
7148,2023-07-28,23.76
7149,2023-07-29,36.0
7150,2023-07-30,17.64
7151,2023-07-31,18.72
7152,2023-08-01,8.96
7153,2023-08-02,9.8
7154,2023-08-03,28.000000000000004
7155,2023-08-04,20.44
7156,2023-08-05,5.880000000000001
7157,2023-08-06,0.0
7158,2023-08-07,6.720000000000001
7159,2023-08-08,5.32
7160,2023-08-09,8.96
7161,2023-08-10,10.080000000000002
7162,2023-08-11,7.280000000000001
7163,2023-08-12,0.0
7164,2023-08-13,0.0
7165,2023-08-14,10.64
7166,2023-08-15,19.040000000000003
7167,2023-08-16,10.080000000000002
7168,2023-08-17,0.0
7169,2023-08-18,10.080000000000002
7170,2023-08-19,0.0
7171,2023-08-20,0.0
7172,2023-08-21,9.52
7173,2023-08-22,20.44
7174,2023-08-23,0.0
7175,2023-08-24,12.88
7176,2023-08-25,8.96
7177,2023-08-26,0.0
7178,2023-08-27,10.080000000000002
7179,2023-08-28,12.04
7180,2023-08-29,7.56
7181,2023-08-30,0.0
7182,2023-08-31,0.0
7183,2023-09-01,12.0
7184,2023-09-02,5.5
7185,2023-09-03,0.0
7186,2023-09-04,0.0
7187,2023-09-05,0.0
7188,2023-09-06,0.0
7189,2023-09-07,0.0
7190,2023-09-08,13.0
7191,2023-09-09,6.25
7192,2023-09-10,0.0
7193,2023-09-11,16.0
7194,2023-09-12,0.0
7195,2023-09-13,6.5
7196,2023-09-14,12.75
7197,2023-09-15,9.25
7198,2023-09-16,5.5
7199,2023-09-17,0.0
7200,2023-09-18,0.0
7201,2023-09-19,0.0
7202,2023-09-20,25.0
7203,2023-09-21,0.0
7204,2023-09-22,10.0
7205,2023-09-23,0.0
7206,2023-09-24,0.0
7207,2023-09-25,16.75
7208,2023-09-26,9.25
7209,2023-09-27,10.0
7210,2023-09-28,0.0
7211,2023-09-29,6.25
7212,2023-09-30,0.0
7213,2023-10-01,0.0
7214,2023-10-02,18.9
7215,2023-10-03,11.1
7216,2023-10-04,14.1
7217,2023-10-05,14.4
7218,2023-10-06,19.5
7219,2023-10-07,0.0
7220,2023-10-08,0.0
7221,2023-10-09,0.0
7222,2023-10-10,0.0
7223,2023-10-11,21.9
7224,2023-10-12,14.4
7225,2023-10-13,17.099999999999998
7226,2023-10-14,10.5
7227,2023-10-15,0.0
7228,2023-10-16,17.4
7229,2023-10-17,0.0
7230,2023-10-18,0.0
7231,2023-10-19,0.0
7232,2023-10-20,6.0
7233,2023-10-21,0.0
7234,2023-10-22,7.5
7235,2023-10-23,0.0
7236,2023-10-24,0.0
7237,2023-10-25,0.0
7238,2023-10-26,9.0
7239,2023-10-27,30.0
7240,2023-10-28,13.8
7241,2023-10-29,0.0
7242,2023-10-30,5.4
7243,2023-10-31,16.5
7244,2023-11-01,9.8
7245,2023-11-02,9.24
7246,2023-11-03,10.64
7247,2023-11-04,0.0
7248,2023-11-05,0.0
7249,2023-11-06,13.160000000000002
7250,2023-11-07,0.0
7251,2023-11-08,28.000000000000004
7252,2023-11-09,9.52
7253,2023-11-10,0.0
7254,2023-11-11,0.0
7255,2023-11-12,0.0
7256,2023-11-13,0.0
7257,2023-11-14,12.88
7258,2023-11-15,14.28
7259,2023-11-16,6.44
7260,2023-11-17,0.0
7261,2023-11-18,0.0
7262,2023-11-19,0.0
7263,2023-11-20,7.280000000000001
7264,2023-11-21,0.0
7265,2023-11-22,0.0
7266,2023-11-23,6.16
7267,2023-11-24,8.4
7268,2023-11-25,0.0
7269,2023-11-26,0.0
7270,2023-11-27,0.0
7271,2023-11-28,12.04
7272,2023-11-29,0.0
7273,2023-11-30,10.64
7274,2023-12-01,23.6
7275,2023-12-02,0.0
7276,2023-12-03,0.0
7277,2023-12-04,16.0
7278,2023-12-05,0.0
7279,2023-12-06,0.0
7280,2023-12-07,29.6
7281,2023-12-08,16.8
7282,2023-12-09,15.2
7283,2023-12-10,6.800000000000001
7284,2023-12-11,0.0
7285,2023-12-12,40.0
7286,2023-12-13,5.2
7287,2023-12-14,34.4
7288,2023-12-15,15.2
7289,2023-12-16,0.0
7290,2023-12-17,0.0
7291,2023-12-18,22.8
7292,2023-12-19,0.0
7293,2023-12-20,26.0
7294,2023-12-21,8.0
7295,2023-12-22,12.4
7296,2023-12-23,0.0
7297,2023-12-24,0.0
7298,2023-12-25,9.2
7299,2023-12-26,0.0
7300,2023-12-27,22.0
7301,2023-12-28,26.4
7302,2023-12-29,20.4
7303,2023-12-30,0.0
7304,2023-12-31,0.0
