date,IBM Stock Price
2013-01-01,4.32
2013-01-02,20.25
2013-01-03,12.420000000000002
2013-01-04,6.210000000000001
2013-01-05,10.530000000000001
2013-01-06,0.0
2013-01-07,9.72
2013-01-08,10.8
2013-01-09,5.130000000000001
2013-01-10,15.39
2013-01-11,11.34
2013-01-12,5.130000000000001
2013-01-13,0.0
2013-01-14,3.7800000000000002
2013-01-15,8.64
2013-01-16,7.290000000000001
2013-01-17,4.050000000000001
2013-01-18,0.0
2013-01-19,3.24
2013-01-20,0.0
2013-01-21,4.32
2013-01-22,8.64
2013-01-23,25.650000000000002
2013-01-24,20.520000000000003
2013-01-25,27.0
2013-01-26,0.0
2013-01-27,0.0
2013-01-28,14.31
2013-01-29,11.610000000000001
2013-01-30,8.64
2013-01-31,2.7
2013-02-01,18.27
2013-02-02,3.36
2013-02-03,0.0
2013-02-04,12.6
2013-02-05,7.35
2013-02-06,9.66
2013-02-07,7.77
2013-02-08,12.809999999999999
2013-02-09,0.0
2013-02-10,7.14
2013-02-11,6.51
2013-02-12,2.31
2013-02-13,9.66
2013-02-14,6.93
2013-02-15,8.82
2013-02-16,5.25
2013-02-17,0.0
2013-02-18,0.0
2013-02-19,0.0
2013-02-20,21.0
2013-02-21,4.62
2013-02-22,7.35
2013-02-23,2.94
2013-02-24,3.57
2013-02-25,0.0
2013-02-26,10.08
2013-02-27,4.2
2013-02-28,11.129999999999999
2013-03-01,8.64
2013-03-02,16.96
2013-03-03,0.0
2013-03-04,8.64
2013-03-05,24.32
2013-03-06,20.8
2013-03-07,20.16
2013-03-08,14.4
2013-03-09,18.88
2013-03-10,4.8
2013-03-11,24.32
2013-03-12,10.24
2013-03-13,12.48
2013-03-14,16.96
2013-03-15,18.88
2013-03-16,8.0
2013-03-17,14.72
2013-03-18,9.6
2013-03-19,11.52
2013-03-20,23.68
2013-03-21,17.92
2013-03-22,25.6
2013-03-23,32.0
2013-03-24,0.0
2013-03-25,13.76
2013-03-26,9.92
2013-03-27,16.0
2013-03-28,14.08
2013-03-29,0.0
2013-03-30,9.6
2013-03-31,0.0
2013-04-01,13.44
2013-04-02,19.84
2013-04-03,15.040000000000001
2013-04-04,6.08
2013-04-05,19.52
2013-04-06,15.68
2013-04-07,0.0
2013-04-08,18.88
2013-04-09,10.56
2013-04-10,24.0
2013-04-11,24.0
2013-04-12,8.64
2013-04-13,11.200000000000001
2013-04-14,7.04
2013-04-15,9.6
2013-04-16,20.48
2013-04-17,20.16
2013-04-18,23.68
2013-04-19,32.0
2013-04-20,13.44
2013-04-21,8.32
2013-04-22,17.28
2013-04-23,20.16
2013-04-24,18.240000000000002
2013-04-25,21.76
2013-04-26,12.8
2013-04-27,0.0
2013-04-28,9.92
2013-04-29,27.2
2013-04-30,16.32
2013-05-01,21.75
2013-05-02,28.999999999999996
2013-05-03,24.36
2013-05-04,0.0
2013-05-05,6.09
2013-05-06,22.33
2013-05-07,18.849999999999998
2013-05-08,17.98
2013-05-09,16.529999999999998
2013-05-10,9.569999999999999
2013-05-11,0.0
2013-05-12,0.0
2013-05-13,19.72
2013-05-14,19.139999999999997
2013-05-15,15.95
2013-05-16,24.65
2013-05-17,19.43
2013-05-18,8.7
2013-05-19,8.99
2013-05-20,17.11
2013-05-21,18.27
2013-05-22,10.729999999999999
2013-05-23,23.49
2013-05-24,16.24
2013-05-25,8.7
2013-05-26,0.0
2013-05-27,0.0
2013-05-28,26.68
2013-05-29,19.139999999999997
2013-05-30,17.689999999999998
2013-05-31,13.629999999999999
2013-06-01,9.569999999999999
2013-06-02,11.309999999999999
2013-06-03,20.009999999999998
2013-06-04,19.139999999999997
2013-06-05,15.37
2013-06-06,22.33
2013-06-07,27.549999999999997
2013-06-08,10.44
2013-06-09,20.59
2013-06-10,13.629999999999999
2013-06-11,5.8
2013-06-12,7.249999999999999
2013-06-13,9.86
2013-06-14,18.27
2013-06-15,11.6
2013-06-16,9.569999999999999
2013-06-17,15.95
2013-06-18,22.619999999999997
2013-06-19,0.0
2013-06-20,28.999999999999996
2013-06-21,26.099999999999998
2013-06-22,4.93
2013-06-23,0.0
2013-06-24,24.65
2013-06-25,16.529999999999998
2013-06-26,23.779999999999998
2013-06-27,18.849999999999998
2013-06-28,23.779999999999998
2013-06-29,6.09
2013-06-30,8.12
2013-07-01,15.66
2013-07-02,21.330000000000002
2013-07-03,12.690000000000001
2013-07-04,9.18
2013-07-05,0.0
2013-07-06,5.67
2013-07-07,0.0
2013-07-08,11.610000000000001
2013-07-09,16.470000000000002
2013-07-10,8.91
2013-07-11,5.4
2013-07-12,12.15
2013-07-13,4.59
2013-07-14,0.0
2013-07-15,5.130000000000001
2013-07-16,11.34
2013-07-17,27.0
2013-07-18,25.92
2013-07-19,12.96
2013-07-20,0.0
2013-07-21,17.55
2013-07-22,7.5600000000000005
2013-07-23,12.690000000000001
2013-07-24,18.630000000000003
2013-07-25,11.07
2013-07-26,0.0
2013-07-27,9.99
2013-07-28,0.0
2013-07-29,10.8
2013-07-30,14.31
2013-07-31,21.330000000000002
2013-08-01,15.079999999999998
2013-08-02,12.469999999999999
2013-08-03,12.76
2013-08-04,8.41
2013-08-05,20.009999999999998
2013-08-06,16.24
2013-08-07,18.849999999999998
2013-08-08,27.259999999999998
2013-08-09,0.0
2013-08-10,9.28
2013-08-11,0.0
2013-08-12,17.11
2013-08-13,16.529999999999998
2013-08-14,16.24
2013-08-15,21.75
2013-08-16,28.999999999999996
2013-08-17,0.0
2013-08-18,0.0
2013-08-19,23.779999999999998
2013-08-20,23.2
2013-08-21,22.33
2013-08-22,12.18
2013-08-23,22.33
2013-08-24,0.0
2013-08-25,0.0
2013-08-26,7.539999999999999
2013-08-27,13.049999999999999
2013-08-28,26.099999999999998
2013-08-29,13.919999999999998
2013-08-30,12.469999999999999
2013-08-31,0.0
2013-09-01,0.0
2013-09-02,0.0
2013-09-03,11.34
2013-09-04,6.210000000000001
2013-09-05,12.15
2013-09-06,10.8
2013-09-07,0.0
2013-09-08,0.0
2013-09-09,15.39
2013-09-10,13.770000000000001
2013-09-11,19.44
2013-09-12,15.120000000000001
2013-09-13,27.0
2013-09-14,0.0
2013-09-15,9.72
2013-09-16,12.420000000000002
2013-09-17,18.09
2013-09-18,15.66
2013-09-19,12.420000000000002
2013-09-20,5.4
2013-09-21,0.0
2013-09-22,19.98
2013-09-23,8.370000000000001
2013-09-24,16.470000000000002
2013-09-25,14.850000000000001
2013-09-26,23.220000000000002
2013-09-27,19.44
2013-09-28,13.5
2013-09-29,21.330000000000002
2013-09-30,14.580000000000002
2013-10-01,12.09
2013-10-02,17.16
2013-10-03,0.0
2013-10-04,10.530000000000001
2013-10-05,0.0
2013-10-06,0.0
2013-10-07,11.31
2013-10-08,15.600000000000001
2013-10-09,13.26
2013-10-10,25.35
2013-10-11,17.16
2013-10-12,12.09
2013-10-13,0.0
2013-10-14,7.41
2013-10-15,7.0200000000000005
2013-10-16,26.130000000000003
2013-10-17,39.0
2013-10-18,39.0
2013-10-19,19.89
2013-10-20,14.43
2013-10-21,17.55
2013-10-22,12.870000000000001
2013-10-23,14.82
2013-10-24,20.67
2013-10-25,23.01
2013-10-26,0.0
2013-10-27,7.800000000000001
2013-10-28,15.21
2013-10-29,24.57
2013-10-30,20.28
2013-10-31,10.92
2013-11-01,13.44
2013-11-02,10.56
2013-11-03,0.0
2013-11-04,0.0
2013-11-05,14.72
2013-11-06,29.12
2013-11-07,24.0
2013-11-08,11.200000000000001
2013-11-09,0.0
2013-11-10,8.32
2013-11-11,9.92
2013-11-12,24.96
2013-11-13,15.040000000000001
2013-11-14,12.8
2013-11-15,24.64
2013-11-16,5.76
2013-11-17,10.56
2013-11-18,25.6
2013-11-19,32.0
2013-11-20,24.32
2013-11-21,22.72
2013-11-22,27.84
2013-11-23,24.32
2013-11-24,6.4
2013-11-25,10.56
2013-11-26,20.8
2013-11-27,13.76
2013-11-28,13.76
2013-11-29,11.52
2013-11-30,0.0
2013-12-01,13.95
2013-12-02,12.4
2013-12-03,17.05
2013-12-04,8.68
2013-12-05,26.66
2013-12-06,16.12
2013-12-07,0.0
2013-12-08,5.27
2013-12-09,11.16
2013-12-10,17.05
2013-12-11,22.63
2013-12-12,18.6
2013-12-13,15.5
2013-12-14,21.39
2013-12-15,0.0
2013-12-16,22.94
2013-12-17,21.7
2013-12-18,22.01
2013-12-19,27.59
2013-12-20,8.06
2013-12-21,8.06
2013-12-22,7.4399999999999995
2013-12-23,23.87
2013-12-24,19.84
2013-12-25,21.7
2013-12-26,16.43
2013-12-27,28.83
2013-12-28,0.0
2013-12-29,5.58
2013-12-30,14.57
2013-12-31,31.0
2014-01-01,4.68
2014-01-02,15.600000000000001
2014-01-03,23.400000000000002
2014-01-04,14.040000000000001
2014-01-05,4.68
2014-01-06,25.35
2014-01-07,17.94
2014-01-08,17.16
2014-01-09,14.82
2014-01-10,19.11
2014-01-11,5.07
2014-01-12,4.68
2014-01-13,10.14
2014-01-14,10.14
2014-01-15,12.09
2014-01-16,8.97
2014-01-17,14.82
2014-01-18,7.41
2014-01-19,7.800000000000001
2014-01-20,6.63
2014-01-21,13.65
2014-01-22,39.0
2014-01-23,20.67
2014-01-24,25.35
2014-01-25,21.060000000000002
2014-01-26,6.63
2014-01-27,14.040000000000001
2014-01-28,17.94
2014-01-29,17.16
2014-01-30,23.400000000000002
2014-01-31,12.870000000000001
2014-02-01,0.0
2014-02-02,11.34
2014-02-03,13.770000000000001
2014-02-04,18.09
2014-02-05,12.96
2014-02-06,0.0
2014-02-07,26.73
2014-02-08,0.0
2014-02-09,17.01
2014-02-10,15.120000000000001
2014-02-11,20.520000000000003
2014-02-12,8.64
2014-02-13,8.370000000000001
2014-02-14,21.060000000000002
2014-02-15,4.59
2014-02-16,0.0
2014-02-17,14.31
2014-02-18,12.420000000000002
2014-02-19,19.98
2014-02-20,12.15
2014-02-21,18.900000000000002
2014-02-22,19.44
2014-02-23,0.0
2014-02-24,13.770000000000001
2014-02-25,3.5100000000000002
2014-02-26,15.39
2014-02-27,23.490000000000002
2014-02-28,27.0
2014-03-01,9.92
2014-03-02,0.0
2014-03-03,0.0
2014-03-04,20.77
2014-03-05,17.05
2014-03-06,22.94
2014-03-07,18.6
2014-03-08,10.85
2014-03-09,21.08
2014-03-10,18.91
2014-03-11,17.36
2014-03-12,18.6
2014-03-13,21.39
2014-03-14,21.08
2014-03-15,14.879999999999999
2014-03-16,13.02
2014-03-17,31.0
2014-03-18,18.6
2014-03-19,19.22
2014-03-20,21.08
2014-03-21,11.16
2014-03-22,8.99
2014-03-23,8.06
2014-03-24,14.26
2014-03-25,28.52
2014-03-26,28.52
2014-03-27,22.94
2014-03-28,26.97
2014-03-29,16.74
2014-03-30,0.0
2014-03-31,4.96
2014-04-01,20.130000000000003
2014-04-02,17.490000000000002
2014-04-03,7.590000000000001
2014-04-04,8.91
2014-04-05,14.520000000000001
2014-04-06,0.0
2014-04-07,19.14
2014-04-08,13.860000000000001
2014-04-09,28.71
2014-04-10,21.45
2014-04-11,18.810000000000002
2014-04-12,13.530000000000001
2014-04-13,7.590000000000001
2014-04-14,16.17
2014-04-15,22.11
2014-04-16,25.41
2014-04-17,33.0
2014-04-18,30.360000000000003
2014-04-19,8.25
2014-04-20,0.0
2014-04-21,11.22
2014-04-22,14.520000000000001
2014-04-23,18.810000000000002
2014-04-24,17.490000000000002
2014-04-25,9.9
2014-04-26,0.0
2014-04-27,5.94
2014-04-28,8.58
2014-04-29,13.530000000000001
2014-04-30,13.530000000000001
2014-05-01,13.799999999999999
2014-05-02,21.9
2014-05-03,10.799999999999999
2014-05-04,0.0
2014-05-05,16.8
2014-05-06,27.9
2014-05-07,19.2
2014-05-08,12.299999999999999
2014-05-09,24.599999999999998
2014-05-10,6.3
2014-05-11,6.6
2014-05-12,30.0
2014-05-13,16.5
2014-05-14,28.2
2014-05-15,0.0
2014-05-16,16.2
2014-05-17,8.1
2014-05-18,0.0
2014-05-19,16.2
2014-05-20,9.6
2014-05-21,21.0
2014-05-22,16.2
2014-05-23,0.0
2014-05-24,0.0
2014-05-25,10.2
2014-05-26,0.0
2014-05-27,18.9
2014-05-28,17.099999999999998
2014-05-29,18.9
2014-05-30,15.6
2014-05-31,15.899999999999999
2014-06-01,0.0
2014-06-02,12.0
2014-06-03,21.25
2014-06-04,14.5
2014-06-05,11.5
2014-06-06,6.5
2014-06-07,6.0
2014-06-08,0.0
2014-06-09,4.5
2014-06-10,15.5
2014-06-11,10.75
2014-06-12,12.0
2014-06-13,15.0
2014-06-14,5.25
2014-06-15,0.0
2014-06-16,8.25
2014-06-17,25.0
2014-06-18,15.75
2014-06-19,12.5
2014-06-20,15.5
2014-06-21,0.0
2014-06-22,0.0
2014-06-23,13.0
2014-06-24,12.0
2014-06-25,14.5
2014-06-26,5.5
2014-06-27,11.25
2014-06-28,4.75
2014-06-29,0.0
2014-06-30,6.0
2014-07-01,14.35
2014-07-02,10.149999999999999
2014-07-03,14.0
2014-07-04,8.399999999999999
2014-07-05,12.25
2014-07-06,4.199999999999999
2014-07-07,4.8999999999999995
2014-07-08,21.349999999999998
2014-07-09,9.1
2014-07-10,11.2
2014-07-11,0.0
2014-07-12,4.55
2014-07-13,3.8499999999999996
2014-07-14,7.35
2014-07-15,3.5
2014-07-16,17.15
2014-07-17,35.0
2014-07-18,19.599999999999998
2014-07-19,0.0
2014-07-20,4.199999999999999
2014-07-21,16.099999999999998
2014-07-22,13.299999999999999
2014-07-23,9.45
2014-07-24,6.3
2014-07-25,12.6
2014-07-26,0.0
2014-07-27,11.549999999999999
2014-07-28,12.6
2014-07-29,13.649999999999999
2014-07-30,18.9
2014-07-31,8.399999999999999
2014-08-01,18.630000000000003
2014-08-02,6.75
2014-08-03,14.31
2014-08-04,11.610000000000001
2014-08-05,22.14
2014-08-06,5.130000000000001
2014-08-07,27.0
2014-08-08,15.39
2014-08-09,4.59
2014-08-10,0.0
2014-08-11,9.450000000000001
2014-08-12,11.88
2014-08-13,10.530000000000001
2014-08-14,18.630000000000003
2014-08-15,4.050000000000001
2014-08-16,13.770000000000001
2014-08-17,0.0
2014-08-18,25.380000000000003
2014-08-19,7.290000000000001
2014-08-20,9.99
2014-08-21,19.17
2014-08-22,17.82
2014-08-23,0.0
2014-08-24,8.100000000000001
2014-08-25,14.31
2014-08-26,17.28
2014-08-27,18.630000000000003
2014-08-28,10.530000000000001
2014-08-29,16.200000000000003
2014-08-30,8.64
2014-08-31,0.0
2014-09-01,5.2
2014-09-02,0.0
2014-09-03,13.52
2014-09-04,20.54
2014-09-05,11.700000000000001
2014-09-06,10.66
2014-09-07,4.42
2014-09-08,14.040000000000001
2014-09-09,19.240000000000002
2014-09-10,0.0
2014-09-11,5.720000000000001
2014-09-12,8.58
2014-09-13,0.0
2014-09-14,0.0
2014-09-15,10.92
2014-09-16,22.36
2014-09-17,13.780000000000001
2014-09-18,18.72
2014-09-19,26.0
2014-09-20,8.58
2014-09-21,7.28
2014-09-22,16.12
2014-09-23,18.98
2014-09-24,14.82
2014-09-25,11.440000000000001
2014-09-26,8.32
2014-09-27,8.06
2014-09-28,11.440000000000001
2014-09-29,7.28
2014-09-30,9.36
2014-10-01,8.0
2014-10-02,11.5
2014-10-03,14.0
2014-10-04,0.0
2014-10-05,0.0
2014-10-06,10.5
2014-10-07,6.0
2014-10-08,4.0
2014-10-09,13.5
2014-10-10,9.0
2014-10-11,4.0
2014-10-12,5.0
2014-10-13,0.0
2014-10-14,11.5
2014-10-15,15.0
2014-10-16,3.0
2014-10-17,13.5
2014-10-18,0.0
2014-10-19,3.0
2014-10-20,50.0
2014-10-21,46.0
2014-10-22,35.0
2014-10-23,31.5
2014-10-24,19.0
2014-10-25,7.5
2014-10-26,4.0
2014-10-27,22.5
2014-10-28,22.0
2014-10-29,21.0
2014-10-30,17.5
2014-10-31,13.5
2014-11-01,20.52
2014-11-02,12.24
2014-11-03,23.759999999999998
2014-11-04,11.879999999999999
2014-11-05,23.4
2014-11-06,28.08
2014-11-07,19.439999999999998
2014-11-08,11.52
2014-11-09,0.0
2014-11-10,27.0
2014-11-11,25.2
2014-11-12,20.88
2014-11-13,23.759999999999998
2014-11-14,32.76
2014-11-15,20.88
2014-11-16,20.16
2014-11-17,20.88
2014-11-18,12.24
2014-11-19,24.119999999999997
2014-11-20,29.52
2014-11-21,36.0
2014-11-22,11.879999999999999
2014-11-23,12.6
2014-11-24,23.04
2014-11-25,16.2
2014-11-26,15.479999999999999
2014-11-27,23.4
2014-11-28,25.919999999999998
2014-11-29,0.0
2014-11-30,0.0
2014-12-01,16.45
2014-12-02,23.799999999999997
2014-12-03,17.5
2014-12-04,23.099999999999998
2014-12-05,29.4
2014-12-06,0.0
2014-12-07,0.0
2014-12-08,9.799999999999999
2014-12-09,18.2
2014-12-10,17.849999999999998
2014-12-11,20.65
2014-12-12,21.0
2014-12-13,0.0
2014-12-14,7.699999999999999
2014-12-15,11.899999999999999
2014-12-16,33.25
2014-12-17,27.65
2014-12-18,30.799999999999997
2014-12-19,19.95
2014-12-20,14.0
2014-12-21,9.1
2014-12-22,27.299999999999997
2014-12-23,35.0
2014-12-24,26.25
2014-12-25,15.049999999999999
2014-12-26,23.799999999999997
2014-12-27,14.7
2014-12-28,0.0
2014-12-29,18.2
2014-12-30,11.549999999999999
2014-12-31,16.799999999999997
2015-01-01,0.0
2015-01-02,9.36
2015-01-03,17.94
2015-01-04,0.0
2015-01-05,21.45
2015-01-06,16.77
2015-01-07,30.810000000000002
2015-01-08,37.83
2015-01-09,27.69
2015-01-10,22.62
2015-01-11,15.99
2015-01-12,21.060000000000002
2015-01-13,30.42
2015-01-14,18.72
2015-01-15,15.600000000000001
2015-01-16,31.59
2015-01-17,13.65
2015-01-18,13.65
2015-01-19,19.89
2015-01-20,33.15
2015-01-21,38.61
2015-01-22,33.54
2015-01-23,23.400000000000002
2015-01-24,0.0
2015-01-25,0.0
2015-01-26,19.89
2015-01-27,28.470000000000002
2015-01-28,38.22
2015-01-29,35.88
2015-01-30,36.27
2015-01-31,39.0
2015-02-01,10.85
2015-02-02,15.81
2015-02-03,26.66
2015-02-04,31.0
2015-02-05,19.84
2015-02-06,10.85
2015-02-07,5.58
2015-02-08,0.0
2015-02-09,12.09
2015-02-10,14.57
2015-02-11,23.87
2015-02-12,13.33
2015-02-13,23.87
2015-02-14,0.0
2015-02-15,0.0
2015-02-16,10.54
2015-02-17,7.13
2015-02-18,26.04
2015-02-19,19.84
2015-02-20,22.63
2015-02-21,13.33
2015-02-22,6.82
2015-02-23,29.14
2015-02-24,17.98
2015-02-25,17.05
2015-02-26,8.37
2015-02-27,26.97
2015-02-28,0.0
2015-03-01,6.460000000000001
2015-03-02,15.3
2015-03-03,24.82
2015-03-04,4.08
2015-03-05,34.0
2015-03-06,25.16
2015-03-07,7.140000000000001
2015-03-08,0.0
2015-03-09,20.400000000000002
2015-03-10,13.600000000000001
2015-03-11,17.68
2015-03-12,14.280000000000001
2015-03-13,18.02
2015-03-14,7.48
2015-03-15,12.920000000000002
2015-03-16,14.620000000000001
2015-03-17,18.700000000000003
2015-03-18,6.800000000000001
2015-03-19,18.360000000000003
2015-03-20,30.94
2015-03-21,11.22
2015-03-22,5.44
2015-03-23,19.040000000000003
2015-03-24,21.76
2015-03-25,24.48
2015-03-26,27.880000000000003
2015-03-27,6.800000000000001
2015-03-28,22.44
2015-03-29,19.380000000000003
2015-03-30,0.0
2015-03-31,17.0
2015-04-01,18.240000000000002
2015-04-02,9.5
2015-04-03,14.06
2015-04-04,9.5
2015-04-05,0.0
2015-04-06,12.16
2015-04-07,5.32
2015-04-08,30.78
2015-04-09,16.72
2015-04-10,13.68
2015-04-11,0.0
2015-04-12,19.0
2015-04-13,11.4
2015-04-14,13.68
2015-04-15,30.4
2015-04-16,12.92
2015-04-17,16.72
2015-04-18,10.26
2015-04-19,0.0
2015-04-20,36.480000000000004
2015-04-21,38.0
2015-04-22,23.94
2015-04-23,19.0
2015-04-24,28.88
2015-04-25,7.22
2015-04-26,0.0
2015-04-27,20.52
2015-04-28,24.32
2015-04-29,15.2
2015-04-30,26.6
2015-05-01,24.32
2015-05-02,9.88
2015-05-03,0.0
2015-05-04,32.3
2015-05-05,31.16
2015-05-06,30.78
2015-05-07,25.46
2015-05-08,28.88
2015-05-09,19.0
2015-05-10,0.0
2015-05-11,14.44
2015-05-12,25.46
2015-05-13,37.62
2015-05-14,35.72
2015-05-15,29.64
2015-05-16,11.78
2015-05-17,0.0
2015-05-18,26.6
2015-05-19,19.76
2015-05-20,38.0
2015-05-21,30.02
2015-05-22,14.06
2015-05-23,7.98
2015-05-24,0.0
2015-05-25,8.74
2015-05-26,25.84
2015-05-27,18.62
2015-05-28,15.58
2015-05-29,16.34
2015-05-30,6.46
2015-05-31,23.94
2015-06-01,35.1
2015-06-02,28.470000000000002
2015-06-03,23.01
2015-06-04,17.55
2015-06-05,26.52
2015-06-06,10.92
2015-06-07,39.0
2015-06-08,18.330000000000002
2015-06-09,30.810000000000002
2015-06-10,17.94
2015-06-11,31.98
2015-06-12,32.370000000000005
2015-06-13,17.94
2015-06-14,9.75
2015-06-15,21.45
2015-06-16,16.38
2015-06-17,27.3
2015-06-18,33.54
2015-06-19,27.69
2015-06-20,11.700000000000001
2015-06-21,0.0
2015-06-22,26.130000000000003
2015-06-23,24.96
2015-06-24,25.35
2015-06-25,34.71
2015-06-26,21.84
2015-06-27,0.0
2015-06-28,14.82
2015-06-29,29.25
2015-06-30,22.23
2015-07-01,17.16
2015-07-02,8.32
2015-07-03,17.16
2015-07-04,6.76
2015-07-05,0.0
2015-07-06,12.48
2015-07-07,19.76
2015-07-08,22.36
2015-07-09,17.16
2015-07-10,25.48
2015-07-11,14.040000000000001
2015-07-12,9.88
2015-07-13,26.0
2015-07-14,18.72
2015-07-15,21.84
2015-07-16,32.76
2015-07-17,21.32
2015-07-18,14.040000000000001
2015-07-19,11.440000000000001
2015-07-20,34.32
2015-07-21,52.0
2015-07-22,26.52
2015-07-23,19.240000000000002
2015-07-24,15.600000000000001
2015-07-25,9.36
2015-07-26,8.84
2015-07-27,23.400000000000002
2015-07-28,22.880000000000003
2015-07-29,18.72
2015-07-30,18.72
2015-07-31,21.32
2015-08-01,0.0
2015-08-02,9.5
2015-08-03,21.0
2015-08-04,12.0
2015-08-05,20.5
2015-08-06,17.0
2015-08-07,12.5
2015-08-08,0.0
2015-08-09,0.0
2015-08-10,20.0
2015-08-11,20.0
2015-08-12,22.5
2015-08-13,10.5
2015-08-14,17.0
2015-08-15,9.5
2015-08-16,8.0
2015-08-17,8.5
2015-08-18,27.0
2015-08-19,6.5
2015-08-20,19.0
2015-08-21,28.0
2015-08-22,16.5
2015-08-23,12.5
2015-08-24,50.0
2015-08-25,37.0
2015-08-26,20.5
2015-08-27,38.0
2015-08-28,17.0
2015-08-29,14.5
2015-08-30,0.0
2015-08-31,16.0
2015-09-01,36.96
2015-09-02,32.339999999999996
2015-09-03,28.98
2015-09-04,25.619999999999997
2015-09-05,0.0
2015-09-06,0.0
2015-09-07,0.0
2015-09-08,26.459999999999997
2015-09-09,42.0
2015-09-10,31.08
2015-09-11,35.28
2015-09-12,5.88
2015-09-13,10.5
2015-09-14,38.64
2015-09-15,5.88
2015-09-16,27.3
2015-09-17,38.22
2015-09-18,26.459999999999997
2015-09-19,9.24
2015-09-20,9.66
2015-09-21,19.32
2015-09-22,41.58
2015-09-23,23.099999999999998
2015-09-24,9.24
2015-09-25,39.9
2015-09-26,10.5
2015-09-27,5.46
2015-09-28,13.86
2015-09-29,33.18
2015-09-30,15.959999999999999
2015-10-01,24.009999999999998
2015-10-02,14.209999999999999
2015-10-03,17.64
2015-10-04,0.0
2015-10-05,34.79
2015-10-06,24.99
2015-10-07,22.54
2015-10-08,32.83
2015-10-09,19.11
2015-10-10,5.88
2015-10-11,12.74
2015-10-12,31.849999999999998
2015-10-13,40.67
2015-10-14,27.439999999999998
2015-10-15,25.97
2015-10-16,38.71
2015-10-17,0.0
2015-10-18,0.0
2015-10-19,47.04
2015-10-20,49.0
2015-10-21,37.24
2015-10-22,48.51
2015-10-23,48.51
2015-10-24,20.58
2015-10-25,21.56
2015-10-26,20.58
2015-10-27,34.3
2015-10-28,43.61
2015-10-29,23.03
2015-10-30,31.36
2015-10-31,20.09
2015-11-01,13.64
2015-11-02,22.44
2015-11-03,29.48
2015-11-04,21.12
2015-11-05,12.76
2015-11-06,21.56
2015-11-07,9.68
2015-11-08,8.36
2015-11-09,24.64
2015-11-10,22.88
2015-11-11,32.12
2015-11-12,29.04
2015-11-13,44.0
2015-11-14,0.0
2015-11-15,20.24
2015-11-16,16.28
2015-11-17,15.4
2015-11-18,39.160000000000004
2015-11-19,34.76
2015-11-20,30.36
2015-11-21,0.0
2015-11-22,14.08
2015-11-23,18.92
2015-11-24,35.64
2015-11-25,25.080000000000002
2015-11-26,0.0
2015-11-27,14.08
2015-11-28,12.76
2015-11-29,9.24
2015-11-30,37.4
2015-12-01,29.26
2015-12-02,21.66
2015-12-03,30.02
2015-12-04,28.88
2015-12-05,15.2
2015-12-06,6.84
2015-12-07,20.9
2015-12-08,26.22
2015-12-09,16.34
2015-12-10,29.64
2015-12-11,25.080000000000002
2015-12-12,9.88
2015-12-13,8.36
2015-12-14,12.16
2015-12-15,15.96
2015-12-16,16.72
2015-12-17,19.0
2015-12-18,24.32
2015-12-19,17.1
2015-12-20,0.0
2015-12-21,22.42
2015-12-22,22.04
2015-12-23,0.0
2015-12-24,14.06
2015-12-25,6.08
2015-12-26,8.36
2015-12-27,0.0
2015-12-28,11.78
2015-12-29,38.0
2015-12-30,29.64
2015-12-31,31.92
2016-01-01,8.48
2016-01-02,4.24
2016-01-03,0.0
2016-01-04,18.02
2016-01-05,21.73
2016-01-06,17.490000000000002
2016-01-07,23.85
2016-01-08,23.32
2016-01-09,7.95
2016-01-10,7.95
2016-01-11,14.84
2016-01-12,16.43
2016-01-13,19.61
2016-01-14,24.380000000000003
2016-01-15,26.5
2016-01-16,12.72
2016-01-17,4.24
2016-01-18,16.43
2016-01-19,31.8
2016-01-20,53.0
2016-01-21,30.21
2016-01-22,27.03
2016-01-23,11.13
2016-01-24,5.300000000000001
2016-01-25,28.09
2016-01-26,21.73
2016-01-27,26.5
2016-01-28,29.68
2016-01-29,29.150000000000002
2016-01-30,0.0
2016-01-31,4.7700000000000005
2016-02-01,21.0
2016-02-02,26.0
2016-02-03,33.0
2016-02-04,34.5
2016-02-05,30.0
2016-02-06,11.5
2016-02-07,0.0
2016-02-08,29.5
2016-02-09,24.5
2016-02-10,23.0
2016-02-11,29.5
2016-02-12,25.0
2016-02-13,17.5
2016-02-14,10.0
2016-02-15,6.5
2016-02-16,29.0
2016-02-17,18.0
2016-02-18,38.5
2016-02-19,50.0
2016-02-20,17.5
2016-02-21,9.5
2016-02-22,22.5
2016-02-23,31.5
2016-02-24,23.0
2016-02-25,23.0
2016-02-26,38.5
2016-02-27,10.5
2016-02-28,14.5
2016-02-29,17.5
2016-03-01,47.79
2016-03-02,28.32
2016-03-03,38.94
2016-03-04,42.48
2016-03-05,8.26
2016-03-06,0.0
2016-03-07,41.89
2016-03-08,36.58
2016-03-09,35.989999999999995
2016-03-10,40.71
2016-03-11,47.199999999999996
2016-03-12,0.0
2016-03-13,15.34
2016-03-14,44.25
2016-03-15,47.199999999999996
2016-03-16,41.89
2016-03-17,43.07
2016-03-18,27.139999999999997
2016-03-19,20.06
2016-03-20,30.09
2016-03-21,43.66
2016-03-22,59.0
2016-03-23,32.449999999999996
2016-03-24,37.76
2016-03-25,24.189999999999998
2016-03-26,16.52
2016-03-27,0.0
2016-03-28,39.53
2016-03-29,31.86
2016-03-30,50.739999999999995
2016-03-31,57.82
2016-04-01,26.650000000000002
2016-04-02,18.2
2016-04-03,7.800000000000001
2016-04-04,27.3
2016-04-05,20.150000000000002
2016-04-06,26.650000000000002
2016-04-07,24.05
2016-04-08,26.650000000000002
2016-04-09,5.8500000000000005
2016-04-10,3.9000000000000004
2016-04-11,31.200000000000003
2016-04-12,18.2
2016-04-13,30.55
2016-04-14,24.7
2016-04-15,16.25
2016-04-16,6.5
2016-04-17,0.0
2016-04-18,34.45
2016-04-19,65.0
2016-04-20,35.1
2016-04-21,20.150000000000002
2016-04-22,32.5
2016-04-23,6.5
2016-04-24,13.0
2016-04-25,25.35
2016-04-26,20.150000000000002
2016-04-27,20.8
2016-04-28,26.650000000000002
2016-04-29,13.65
2016-04-30,6.5
2016-05-01,4.5
2016-05-02,43.65
2016-05-03,31.05
2016-05-04,29.7
2016-05-05,39.15
2016-05-06,27.0
2016-05-07,0.0
2016-05-08,20.25
2016-05-09,36.0
2016-05-10,27.900000000000002
2016-05-11,30.6
2016-05-12,22.5
2016-05-13,24.3
2016-05-14,16.650000000000002
2016-05-15,0.0
2016-05-16,32.85
2016-05-17,23.85
2016-05-18,34.2
2016-05-19,0.0
2016-05-20,12.15
2016-05-21,0.0
2016-05-22,9.0
2016-05-23,45.0
2016-05-24,26.1
2016-05-25,32.4
2016-05-26,26.55
2016-05-27,22.95
2016-05-28,14.4
2016-05-29,10.8
2016-05-30,12.15
2016-05-31,25.650000000000002
2016-06-01,24.99
2016-06-02,23.03
2016-06-03,24.99
2016-06-04,4.9
2016-06-05,0.0
2016-06-06,22.54
2016-06-07,21.07
2016-06-08,37.24
2016-06-09,25.48
2016-06-10,19.11
2016-06-11,9.8
2016-06-12,4.41
2016-06-13,13.23
2016-06-14,18.13
2016-06-15,20.09
2016-06-16,23.52
2016-06-17,25.48
2016-06-18,6.859999999999999
2016-06-19,0.0
2016-06-20,23.03
2016-06-21,24.009999999999998
2016-06-22,25.48
2016-06-23,25.48
2016-06-24,49.0
2016-06-25,16.169999999999998
2016-06-26,13.719999999999999
2016-06-27,38.22
2016-06-28,29.89
2016-06-29,30.87
2016-06-30,19.11
2016-07-01,33.92
2016-07-02,19.080000000000002
2016-07-03,0.0
2016-07-04,0.0
2016-07-05,28.62
2016-07-06,23.85
2016-07-07,20.67
2016-07-08,31.8
2016-07-09,6.890000000000001
2016-07-10,6.36
2016-07-11,24.380000000000003
2016-07-12,33.39
2016-07-13,34.45
2016-07-14,33.39
2016-07-15,28.62
2016-07-16,19.080000000000002
2016-07-17,4.7700000000000005
2016-07-18,53.0
2016-07-19,50.35
2016-07-20,37.1
2016-07-21,31.8
2016-07-22,51.940000000000005
2016-07-23,6.890000000000001
2016-07-24,9.01
2016-07-25,37.1
2016-07-26,21.73
2016-07-27,29.68
2016-07-28,31.270000000000003
2016-07-29,24.91
2016-07-30,7.42
2016-07-31,6.36
2016-08-01,40.050000000000004
2016-08-02,39.6
2016-08-03,30.150000000000002
2016-08-04,27.0
2016-08-05,40.050000000000004
2016-08-06,8.1
2016-08-07,37.35
2016-08-08,43.2
2016-08-09,31.05
2016-08-10,22.05
2016-08-11,41.85
2016-08-12,28.35
2016-08-13,16.2
2016-08-14,12.15
2016-08-15,45.0
2016-08-16,26.1
2016-08-17,28.8
2016-08-18,34.65
2016-08-19,35.1
2016-08-20,9.450000000000001
2016-08-21,0.0
2016-08-22,24.3
2016-08-23,13.950000000000001
2016-08-24,28.35
2016-08-25,18.45
2016-08-26,40.95
2016-08-27,0.0
2016-08-28,0.0
2016-08-29,36.9
2016-08-30,27.900000000000002
2016-08-31,25.650000000000002
2016-09-01,32.199999999999996
2016-09-02,25.2
2016-09-03,0.0
2016-09-04,9.45
2016-09-05,7.0
2016-09-06,13.649999999999999
2016-09-07,23.799999999999997
2016-09-08,12.95
2016-09-09,28.349999999999998
2016-09-10,10.149999999999999
2016-09-11,0.0
2016-09-12,17.15
2016-09-13,18.9
2016-09-14,19.25
2016-09-15,33.25
2016-09-16,18.2
2016-09-17,0.0
2016-09-18,7.35
2016-09-19,17.15
2016-09-20,20.299999999999997
2016-09-21,35.0
2016-09-22,24.15
2016-09-23,24.849999999999998
2016-09-24,8.75
2016-09-25,0.0
2016-09-26,22.049999999999997
2016-09-27,28.7
2016-09-28,15.049999999999999
2016-09-29,10.5
2016-09-30,11.899999999999999
2016-10-01,8.0
2016-10-02,4.0
2016-10-03,18.400000000000002
2016-10-04,15.600000000000001
2016-10-05,17.6
2016-10-06,18.8
2016-10-07,17.6
2016-10-08,7.2
2016-10-09,6.800000000000001
2016-10-10,23.200000000000003
2016-10-11,14.0
2016-10-12,18.0
2016-10-13,17.2
2016-10-14,16.0
2016-10-15,9.200000000000001
2016-10-16,0.0
2016-10-17,30.0
2016-10-18,40.0
2016-10-19,26.8
2016-10-20,27.6
2016-10-21,17.2
2016-10-22,8.0
2016-10-23,0.0
2016-10-24,30.8
2016-10-25,15.600000000000001
2016-10-26,14.0
2016-10-27,21.200000000000003
2016-10-28,17.6
2016-10-29,10.4
2016-10-30,3.6
2016-10-31,12.8
2016-11-01,13.44
2016-11-02,24.0
2016-11-03,22.08
2016-11-04,22.56
2016-11-05,10.559999999999999
2016-11-06,0.0
2016-11-07,22.08
2016-11-08,15.36
2016-11-09,48.0
2016-11-10,39.36
2016-11-11,35.519999999999996
2016-11-12,8.16
2016-11-13,8.16
2016-11-14,22.56
2016-11-15,39.36
2016-11-16,34.08
2016-11-17,22.08
2016-11-18,20.64
2016-11-19,0.0
2016-11-20,9.12
2016-11-21,27.36
2016-11-22,27.36
2016-11-23,31.68
2016-11-24,7.199999999999999
2016-11-25,21.599999999999998
2016-11-26,10.08
2016-11-27,12.0
2016-11-28,23.04
2016-11-29,29.279999999999998
2016-11-30,18.72
2016-12-01,25.85
2016-12-02,31.35
2016-12-03,8.25
2016-12-04,9.9
2016-12-05,22.55
2016-12-06,12.65
2016-12-07,29.150000000000002
2016-12-08,35.2
2016-12-09,46.2
2016-12-10,8.8
2016-12-11,7.15
2016-12-12,24.200000000000003
2016-12-13,34.1
2016-12-14,55.00000000000001
2016-12-15,31.35
2016-12-16,39.050000000000004
2016-12-17,14.850000000000001
2016-12-18,11.55
2016-12-19,28.6
2016-12-20,52.800000000000004
2016-12-21,31.35
2016-12-22,30.800000000000004
2016-12-23,34.650000000000006
2016-12-24,14.850000000000001
2016-12-25,5.5
2016-12-26,14.3
2016-12-27,29.700000000000003
2016-12-28,22.0
2016-12-29,15.950000000000001
2016-12-30,17.6
2016-12-31,0.0
2017-01-01,0.0
2017-01-02,3.8500000000000005
2017-01-03,15.950000000000001
2017-01-04,29.700000000000003
2017-01-05,35.2
2017-01-06,29.700000000000003
2017-01-07,15.400000000000002
2017-01-08,14.850000000000001
2017-01-09,18.700000000000003
2017-01-10,16.5
2017-01-11,49.50000000000001
2017-01-12,20.35
2017-01-13,23.1
2017-01-14,9.350000000000001
2017-01-15,3.3000000000000003
2017-01-16,5.5
2017-01-17,25.85
2017-01-18,19.8
2017-01-19,39.050000000000004
2017-01-20,41.800000000000004
2017-01-21,14.850000000000001
2017-01-22,6.6000000000000005
2017-01-23,24.200000000000003
2017-01-24,43.45
2017-01-25,55.00000000000001
2017-01-26,40.7
2017-01-27,44.550000000000004
2017-01-28,20.35
2017-01-29,20.35
2017-01-30,20.900000000000002
2017-01-31,31.900000000000002
2017-02-01,38.28
2017-02-02,58.74
2017-02-03,51.480000000000004
2017-02-04,19.14
2017-02-05,11.88
2017-02-06,31.020000000000003
2017-02-07,34.32
2017-02-08,31.020000000000003
2017-02-09,43.56
2017-02-10,36.300000000000004
2017-02-11,18.48
2017-02-12,11.88
2017-02-13,52.14
2017-02-14,54.78
2017-02-15,66.0
2017-02-16,57.42
2017-02-17,52.14
2017-02-18,17.16
2017-02-19,12.540000000000001
2017-02-20,11.22
2017-02-21,45.54
2017-02-22,29.040000000000003
2017-02-23,34.980000000000004
2017-02-24,36.300000000000004
2017-02-25,7.92
2017-02-26,11.22
2017-02-27,24.42
2017-02-28,47.52
2017-03-01,53.4
2017-03-02,57.599999999999994
2017-03-03,49.8
2017-03-04,22.2
2017-03-05,8.4
2017-03-06,37.199999999999996
2017-03-07,39.0
2017-03-08,60.0
2017-03-09,45.6
2017-03-10,43.199999999999996
2017-03-11,32.4
2017-03-12,9.0
2017-03-13,43.8
2017-03-14,37.8
2017-03-15,46.199999999999996
2017-03-16,37.199999999999996
2017-03-17,44.4
2017-03-18,12.0
2017-03-19,15.6
2017-03-20,37.8
2017-03-21,40.199999999999996
2017-03-22,54.0
2017-03-23,34.199999999999996
2017-03-24,39.0
2017-03-25,13.799999999999999
2017-03-26,20.4
2017-03-27,36.0
2017-03-28,38.4
2017-03-29,33.0
2017-03-30,33.6
2017-03-31,32.4
2017-04-01,8.19
2017-04-02,0.0
2017-04-03,17.01
2017-04-04,18.27
2017-04-05,18.27
2017-04-06,14.49
2017-04-07,23.94
2017-04-08,8.19
2017-04-09,6.3
2017-04-10,16.38
2017-04-11,18.27
2017-04-12,15.75
2017-04-13,22.05
2017-04-14,11.97
2017-04-15,7.5600000000000005
2017-04-16,7.5600000000000005
2017-04-17,18.9
2017-04-18,35.28
2017-04-19,63.0
2017-04-20,47.88
2017-04-21,31.5
2017-04-22,9.45
2017-04-23,10.08
2017-04-24,32.76
2017-04-25,42.84
2017-04-26,28.35
2017-04-27,20.16
2017-04-28,20.79
2017-04-29,3.7800000000000002
2017-04-30,7.5600000000000005
2017-05-01,30.09
2017-05-02,40.12
2017-05-03,43.07
2017-05-04,28.91
2017-05-05,59.0
2017-05-06,20.06
2017-05-07,23.009999999999998
2017-05-08,28.32
2017-05-09,43.07
2017-05-10,38.94
2017-05-11,33.629999999999995
2017-05-12,25.369999999999997
2017-05-13,12.389999999999999
2017-05-14,11.799999999999999
2017-05-15,27.139999999999997
2017-05-16,40.12
2017-05-17,37.169999999999995
2017-05-18,51.919999999999995
2017-05-19,42.48
2017-05-20,12.979999999999999
2017-05-21,5.31
2017-05-22,31.27
2017-05-23,33.04
2017-05-24,33.04
2017-05-25,31.86
2017-05-26,30.09
2017-05-27,5.8999999999999995
2017-05-28,6.489999999999999
2017-05-29,17.11
2017-05-30,29.5
2017-05-31,26.549999999999997
2017-06-01,51.85
2017-06-02,50.019999999999996
2017-06-03,21.96
2017-06-04,7.93
2017-06-05,37.21
2017-06-06,31.72
2017-06-07,46.36
2017-06-08,37.21
2017-06-09,61.0
2017-06-10,9.15
2017-06-11,0.0
2017-06-12,32.94
2017-06-13,56.12
2017-06-14,49.41
2017-06-15,35.38
2017-06-16,52.46
2017-06-17,23.18
2017-06-18,10.98
2017-06-19,46.36
2017-06-20,37.82
2017-06-21,50.019999999999996
2017-06-22,48.19
2017-06-23,51.85
2017-06-24,11.59
2017-06-25,26.23
2017-06-26,43.31
2017-06-27,37.21
2017-06-28,36.6
2017-06-29,39.04
2017-06-30,48.8
2017-07-01,17.11
2017-07-02,5.8999999999999995
2017-07-03,10.62
2017-07-04,4.72
2017-07-05,28.91
2017-07-06,31.86
2017-07-07,19.47
2017-07-08,0.0
2017-07-09,14.16
2017-07-10,28.32
2017-07-11,14.16
2017-07-12,35.4
2017-07-13,28.91
2017-07-14,26.549999999999997
2017-07-15,10.62
2017-07-16,5.8999999999999995
2017-07-17,27.139999999999997
2017-07-18,50.15
2017-07-19,59.0
2017-07-20,32.449999999999996
2017-07-21,31.27
2017-07-22,7.67
2017-07-23,0.0
2017-07-24,20.65
2017-07-25,29.5
2017-07-26,31.86
2017-07-27,29.5
2017-07-28,36.58
2017-07-29,5.8999999999999995
2017-07-30,0.0
2017-07-31,24.779999999999998
2017-08-01,52.08
2017-08-02,50.22
2017-08-03,48.98
2017-08-04,57.66
2017-08-05,15.5
2017-08-06,14.26
2017-08-07,55.18
2017-08-08,36.58
2017-08-09,35.339999999999996
2017-08-10,48.36
2017-08-11,40.3
2017-08-12,14.26
2017-08-13,14.879999999999999
2017-08-14,34.72
2017-08-15,60.14
2017-08-16,40.92
2017-08-17,45.26
2017-08-18,34.72
2017-08-19,30.38
2017-08-20,4.96
2017-08-21,25.419999999999998
2017-08-22,62.0
2017-08-23,48.98
2017-08-24,55.8
2017-08-25,44.02
2017-08-26,22.32
2017-08-27,8.68
2017-08-28,30.38
2017-08-29,40.92
2017-08-30,52.08
2017-08-31,50.839999999999996
2017-09-01,41.4
2017-09-02,17.02
2017-09-03,24.84
2017-09-04,14.26
2017-09-05,26.220000000000002
2017-09-06,33.120000000000005
2017-09-07,46.0
2017-09-08,19.32
2017-09-09,4.140000000000001
2017-09-10,0.0
2017-09-11,29.900000000000002
2017-09-12,36.34
2017-09-13,40.480000000000004
2017-09-14,29.44
2017-09-15,41.4
2017-09-16,10.120000000000001
2017-09-17,3.68
2017-09-18,22.540000000000003
2017-09-19,31.740000000000002
2017-09-20,33.58
2017-09-21,28.52
2017-09-22,27.6
2017-09-23,19.32
2017-09-24,11.5
2017-09-25,36.800000000000004
2017-09-26,41.86
2017-09-27,34.04
2017-09-28,24.380000000000003
2017-09-29,36.34
2017-09-30,15.180000000000001
2017-10-01,0.0
2017-10-02,12.24
2017-10-03,17.0
2017-10-04,18.360000000000003
2017-10-05,18.360000000000003
2017-10-06,13.600000000000001
2017-10-07,8.16
2017-10-08,2.72
2017-10-09,13.600000000000001
2017-10-10,14.280000000000001
2017-10-11,14.280000000000001
2017-10-12,15.64
2017-10-13,18.360000000000003
2017-10-14,5.44
2017-10-15,3.4000000000000004
2017-10-16,14.96
2017-10-17,31.96
2017-10-18,68.0
2017-10-19,50.32
2017-10-20,25.16
2017-10-21,17.68
2017-10-22,6.800000000000001
2017-10-23,18.360000000000003
2017-10-24,30.6
2017-10-25,22.44
2017-10-26,19.040000000000003
2017-10-27,23.12
2017-10-28,9.520000000000001
2017-10-29,4.760000000000001
2017-10-30,10.200000000000001
2017-10-31,17.68
2017-11-01,40.28
2017-11-02,34.980000000000004
2017-11-03,44.52
2017-11-04,0.0
2017-11-05,6.36
2017-11-06,27.03
2017-11-07,46.64
2017-11-08,12.72
2017-11-09,35.510000000000005
2017-11-10,22.790000000000003
2017-11-11,0.0
2017-11-12,0.0
2017-11-13,25.44
2017-11-14,28.62
2017-11-15,40.81
2017-11-16,42.400000000000006
2017-11-17,50.88
2017-11-18,12.72
2017-11-19,0.0
2017-11-20,32.33
2017-11-21,19.61
2017-11-22,29.68
2017-11-23,0.0
2017-11-24,7.42
2017-11-25,11.66
2017-11-26,7.95
2017-11-27,21.73
2017-11-28,27.560000000000002
2017-11-29,29.68
2017-11-30,53.0
2017-12-01,34.769999999999996
2017-12-02,25.08
2017-12-03,0.0
2017-12-04,38.19
2017-12-05,33.629999999999995
2017-12-06,25.08
2017-12-07,16.529999999999998
2017-12-08,30.209999999999997
2017-12-09,22.229999999999997
2017-12-10,5.13
2017-12-11,35.339999999999996
2017-12-12,42.18
2017-12-13,56.99999999999999
2017-12-14,44.459999999999994
2017-12-15,29.069999999999997
2017-12-16,21.09
2017-12-17,5.13
2017-12-18,37.62
2017-12-19,24.509999999999998
2017-12-20,29.069999999999997
2017-12-21,43.88999999999999
2017-12-22,30.209999999999997
2017-12-23,25.08
2017-12-24,13.11
2017-12-25,3.9899999999999998
2017-12-26,25.08
2017-12-27,31.919999999999998
2017-12-28,20.52
2017-12-29,43.31999999999999
2017-12-30,21.09
2017-12-31,11.969999999999999
2018-01-01,0.0
2018-01-02,26.970000000000002
2018-01-03,44.64
2018-01-04,53.940000000000005
2018-01-05,52.080000000000005
2018-01-06,20.46
2018-01-07,11.16
2018-01-08,25.110000000000003
2018-01-09,48.36
2018-01-10,37.2
2018-01-11,46.5
2018-01-12,42.78
2018-01-13,10.23
2018-01-14,3.72
2018-01-15,16.740000000000002
2018-01-16,36.27
2018-01-17,53.010000000000005
2018-01-18,87.42
2018-01-19,93.0
2018-01-20,23.25
2018-01-21,17.67
2018-01-22,49.29
2018-01-23,39.99
2018-01-24,51.150000000000006
2018-01-25,49.29
2018-01-26,50.220000000000006
2018-01-27,6.510000000000001
2018-01-28,7.44
2018-01-29,33.480000000000004
2018-01-30,27.900000000000002
2018-01-31,32.550000000000004
2018-02-01,39.5
2018-02-02,54.510000000000005
2018-02-03,17.380000000000003
2018-02-04,0.0
2018-02-05,56.09
2018-02-06,79.0
2018-02-07,63.2
2018-02-08,49.77
2018-02-09,70.31
2018-02-10,20.54
2018-02-11,7.9
2018-02-12,48.190000000000005
2018-02-13,44.24
2018-02-14,47.400000000000006
2018-02-15,49.77
2018-02-16,48.190000000000005
2018-02-17,11.06
2018-02-18,7.11
2018-02-19,14.22
2018-02-20,27.650000000000002
2018-02-21,26.86
2018-02-22,38.71
2018-02-23,35.550000000000004
2018-02-24,14.22
2018-02-25,9.48
2018-02-26,30.020000000000003
2018-02-27,30.020000000000003
2018-02-28,35.550000000000004
2018-03-01,35.75
2018-03-02,47.300000000000004
2018-03-03,12.65
2018-03-04,15.400000000000002
2018-03-05,17.6
2018-03-06,29.150000000000002
2018-03-07,48.400000000000006
2018-03-08,41.800000000000004
2018-03-09,43.45
2018-03-10,15.400000000000002
2018-03-11,5.5
2018-03-12,42.35
2018-03-13,28.6
2018-03-14,55.00000000000001
2018-03-15,45.1
2018-03-16,41.25
2018-03-17,18.150000000000002
2018-03-18,14.3
2018-03-19,35.2
2018-03-20,30.800000000000004
2018-03-21,35.75
2018-03-22,34.650000000000006
2018-03-23,47.300000000000004
2018-03-24,18.150000000000002
2018-03-25,11.0
2018-03-26,35.75
2018-03-27,48.400000000000006
2018-03-28,42.900000000000006
2018-03-29,31.35
2018-03-30,12.65
2018-03-31,9.9
2018-04-01,9.62
2018-04-02,26.64
2018-04-03,34.04
2018-04-04,18.5
2018-04-05,22.94
2018-04-06,27.38
2018-04-07,14.8
2018-04-08,6.66
2018-04-09,25.9
2018-04-10,31.08
2018-04-11,18.5
2018-04-12,31.82
2018-04-13,25.9
2018-04-14,10.36
2018-04-15,9.62
2018-04-16,25.16
2018-04-17,42.92
2018-04-18,74.0
2018-04-19,56.24
2018-04-20,40.7
2018-04-21,17.02
2018-04-22,13.32
2018-04-23,29.6
2018-04-24,32.56
2018-04-25,31.82
2018-04-26,23.68
2018-04-27,21.46
2018-04-28,5.18
2018-04-29,5.18
2018-04-30,22.2
2018-05-01,31.02
2018-05-02,21.15
2018-05-03,27.729999999999997
2018-05-04,40.419999999999995
2018-05-05,14.569999999999999
2018-05-06,11.75
2018-05-07,33.37
2018-05-08,31.49
2018-05-09,29.61
2018-05-10,30.549999999999997
2018-05-11,37.599999999999994
2018-05-12,0.0
2018-05-13,3.76
2018-05-14,31.02
2018-05-15,26.79
2018-05-16,18.33
2018-05-17,24.91
2018-05-18,28.669999999999998
2018-05-19,7.989999999999999
2018-05-20,0.0
2018-05-21,47.0
2018-05-22,27.259999999999998
2018-05-23,35.25
2018-05-24,29.139999999999997
2018-05-25,32.43
2018-05-26,7.52
2018-05-27,0.0
2018-05-28,7.989999999999999
2018-05-29,19.74
2018-05-30,40.89
2018-05-31,23.5
2018-06-01,42.0
2018-06-02,10.0
2018-06-03,7.5
2018-06-04,43.0
2018-06-05,26.0
2018-06-06,35.5
2018-06-07,23.0
2018-06-08,28.0
2018-06-09,18.0
2018-06-10,0.0
2018-06-11,33.5
2018-06-12,39.0
2018-06-13,50.0
2018-06-14,41.5
2018-06-15,21.0
2018-06-16,9.0
2018-06-17,12.5
2018-06-18,34.5
2018-06-19,40.0
2018-06-20,31.5
2018-06-21,27.0
2018-06-22,44.5
2018-06-23,11.5
2018-06-24,0.0
2018-06-25,34.5
2018-06-26,25.0
2018-06-27,44.0
2018-06-28,43.0
2018-06-29,33.0
2018-06-30,13.0
2018-07-01,4.86
2018-07-02,18.900000000000002
2018-07-03,22.68
2018-07-04,5.4
2018-07-05,31.860000000000003
2018-07-06,25.380000000000003
2018-07-07,15.66
2018-07-08,9.18
2018-07-09,17.82
2018-07-10,24.840000000000003
2018-07-11,25.380000000000003
2018-07-12,29.160000000000004
2018-07-13,23.76
2018-07-14,11.34
2018-07-15,4.32
2018-07-16,27.540000000000003
2018-07-17,26.46
2018-07-18,40.5
2018-07-19,54.0
2018-07-20,34.56
2018-07-21,13.5
2018-07-22,10.260000000000002
2018-07-23,29.160000000000004
2018-07-24,33.480000000000004
2018-07-25,33.480000000000004
2018-07-26,35.1
2018-07-27,40.5
2018-07-28,10.8
2018-07-29,7.5600000000000005
2018-07-30,23.76
2018-07-31,13.5
2018-08-01,32.64
2018-08-02,35.19
2018-08-03,51.0
2018-08-04,7.65
2018-08-05,0.0
2018-08-06,36.21
2018-08-07,39.78
2018-08-08,31.11
2018-08-09,22.95
2018-08-10,43.86
2018-08-11,8.67
2018-08-12,8.16
2018-08-13,34.17
2018-08-14,28.05
2018-08-15,24.990000000000002
2018-08-16,38.25
2018-08-17,31.11
2018-08-18,11.73
2018-08-19,13.26
2018-08-20,33.15
2018-08-21,23.46
2018-08-22,32.13
2018-08-23,30.09
2018-08-24,31.62
2018-08-25,13.77
2018-08-26,16.32
2018-08-27,36.21
2018-08-28,33.15
2018-08-29,30.09
2018-08-30,12.75
2018-08-31,15.81
2018-09-01,25.2
2018-09-02,15.75
2018-09-03,9.0
2018-09-04,33.75
2018-09-05,31.05
2018-09-06,27.900000000000002
2018-09-07,23.400000000000002
2018-09-08,12.15
2018-09-09,0.0
2018-09-10,18.0
2018-09-11,26.55
2018-09-12,27.900000000000002
2018-09-13,23.400000000000002
2018-09-14,37.35
2018-09-15,0.0
2018-09-16,0.0
2018-09-17,30.6
2018-09-18,45.0
2018-09-19,18.45
2018-09-20,30.150000000000002
2018-09-21,45.0
2018-09-22,7.65
2018-09-23,7.2
2018-09-24,38.7
2018-09-25,31.5
2018-09-26,42.300000000000004
2018-09-27,41.4
2018-09-28,39.6
2018-09-29,35.1
2018-09-30,4.5
2018-10-01,28.12
2018-10-02,20.72
2018-10-03,17.02
2018-10-04,16.28
2018-10-05,20.72
2018-10-06,8.879999999999999
2018-10-07,0.0
2018-10-08,14.06
2018-10-09,19.98
2018-10-10,17.02
2018-10-11,31.82
2018-10-12,15.54
2018-10-13,10.36
2018-10-14,2.96
2018-10-15,19.24
2018-10-16,37.74
2018-10-17,40.7
2018-10-18,28.12
2018-10-19,19.24
2018-10-20,9.62
2018-10-21,4.4399999999999995
2018-10-22,28.12
2018-10-23,29.6
2018-10-24,27.38
2018-10-25,29.6
2018-10-26,20.72
2018-10-27,11.84
2018-10-28,8.879999999999999
2018-10-29,74.0
2018-10-30,48.839999999999996
2018-10-31,43.66
2018-11-01,64.0
2018-11-02,34.56
2018-11-03,22.400000000000002
2018-11-04,10.24
2018-11-05,37.76
2018-11-06,47.36
2018-11-07,35.2
2018-11-08,28.16
2018-11-09,33.28
2018-11-10,9.6
2018-11-11,5.12
2018-11-12,26.240000000000002
2018-11-13,32.0
2018-11-14,34.56
2018-11-15,28.16
2018-11-16,26.88
2018-11-17,7.04
2018-11-18,11.52
2018-11-19,28.16
2018-11-20,37.12
2018-11-21,45.44
2018-11-22,8.96
2018-11-23,21.12
2018-11-24,8.96
2018-11-25,3.84
2018-11-26,26.240000000000002
2018-11-27,31.36
2018-11-28,28.8
2018-11-29,33.28
2018-11-30,23.68
2018-12-01,21.060000000000002
2018-12-02,8.100000000000001
2018-12-03,37.800000000000004
2018-12-04,36.18
2018-12-05,19.98
2018-12-06,37.260000000000005
2018-12-07,44.28
2018-12-08,8.64
2018-12-09,0.0
2018-12-10,30.78
2018-12-11,27.0
2018-12-12,37.800000000000004
2018-12-13,40.5
2018-12-14,24.840000000000003
2018-12-15,6.48
2018-12-16,6.48
2018-12-17,24.840000000000003
2018-12-18,48.06
2018-12-19,39.96
2018-12-20,42.120000000000005
2018-12-21,54.0
2018-12-22,11.88
2018-12-23,0.0
2018-12-24,43.2
2018-12-25,14.040000000000001
2018-12-26,53.46
2018-12-27,53.46
2018-12-28,48.06
2018-12-29,9.72
2018-12-30,8.100000000000001
2018-12-31,35.1
2019-01-01,17.28
2019-01-02,32.0
2019-01-03,53.120000000000005
2019-01-04,43.52
2019-01-05,17.28
2019-01-06,8.96
2019-01-07,30.080000000000002
2019-01-08,33.92
2019-01-09,40.96
2019-01-10,30.080000000000002
2019-01-11,44.800000000000004
2019-01-12,22.400000000000002
2019-01-13,7.68
2019-01-14,23.68
2019-01-15,26.240000000000002
2019-01-16,24.96
2019-01-17,26.240000000000002
2019-01-18,28.8
2019-01-19,8.96
2019-01-20,7.04
2019-01-21,3.2
2019-01-22,56.32
2019-01-23,64.0
2019-01-24,62.72
2019-01-25,35.84
2019-01-26,8.96
2019-01-27,12.8
2019-01-28,40.32
2019-01-29,41.6
2019-01-30,30.080000000000002
2019-01-31,40.96
2019-02-01,56.00000000000001
2019-02-02,4.48
2019-02-03,8.4
2019-02-04,35.84
2019-02-05,35.28
2019-02-06,46.480000000000004
2019-02-07,37.52
2019-02-08,30.800000000000004
2019-02-09,16.240000000000002
2019-02-10,0.0
2019-02-11,41.440000000000005
2019-02-12,48.160000000000004
2019-02-13,53.760000000000005
2019-02-14,33.6
2019-02-15,44.24
2019-02-16,22.400000000000002
2019-02-17,8.4
2019-02-18,34.160000000000004
2019-02-19,30.240000000000002
2019-02-20,43.68000000000001
2019-02-21,31.92
2019-02-22,56.00000000000001
2019-02-23,15.680000000000001
2019-02-24,7.840000000000001
2019-02-25,44.800000000000004
2019-02-26,29.680000000000003
2019-02-27,35.28
2019-02-28,52.64000000000001
2019-03-01,43.45
2019-03-02,18.700000000000003
2019-03-03,10.450000000000001
2019-03-04,41.25
2019-03-05,48.400000000000006
2019-03-06,36.85
2019-03-07,42.35
2019-03-08,38.5
2019-03-09,18.150000000000002
2019-03-10,7.15
2019-03-11,38.5
2019-03-12,46.2
2019-03-13,52.25000000000001
2019-03-14,45.650000000000006
2019-03-15,55.00000000000001
2019-03-16,8.8
2019-03-17,5.5
2019-03-18,30.250000000000004
2019-03-19,53.35
2019-03-20,42.35
2019-03-21,42.900000000000006
2019-03-22,48.95
2019-03-23,9.350000000000001
2019-03-24,17.05
2019-03-25,46.2
2019-03-26,45.650000000000006
2019-03-27,33.550000000000004
2019-03-28,46.75000000000001
2019-03-29,53.900000000000006
2019-03-30,20.35
2019-03-31,6.6000000000000005
2019-04-01,29.4
2019-04-02,44.4
2019-04-03,44.4
2019-04-04,47.4
2019-04-05,49.199999999999996
2019-04-06,24.0
2019-04-07,16.2
2019-04-08,33.0
2019-04-09,19.2
2019-04-10,30.599999999999998
2019-04-11,34.199999999999996
2019-04-12,34.199999999999996
2019-04-13,12.6
2019-04-14,13.799999999999999
2019-04-15,31.2
2019-04-16,60.0
2019-04-17,37.8
2019-04-18,60.0
2019-04-19,30.0
2019-04-20,17.4
2019-04-21,16.8
2019-04-22,34.199999999999996
2019-04-23,47.4
2019-04-24,40.8
2019-04-25,43.199999999999996
2019-04-26,27.0
2019-04-27,19.8
2019-04-28,18.599999999999998
2019-04-29,38.4
2019-04-30,35.4
2019-05-01,37.24
2019-05-02,31.849999999999998
2019-05-03,33.81
2019-05-04,9.31
2019-05-05,4.9
2019-05-06,35.769999999999996
2019-05-07,34.79
2019-05-08,39.69
2019-05-09,36.26
2019-05-10,20.58
2019-05-11,8.82
2019-05-12,0.0
2019-05-13,39.69
2019-05-14,24.5
2019-05-15,27.439999999999998
2019-05-16,32.339999999999996
2019-05-17,32.339999999999996
2019-05-18,21.56
2019-05-19,0.0
2019-05-20,22.05
2019-05-21,42.14
2019-05-22,49.0
2019-05-23,34.79
2019-05-24,33.81
2019-05-25,14.209999999999999
2019-05-26,0.0
2019-05-27,0.0
2019-05-28,22.05
2019-05-29,25.48
2019-05-30,32.339999999999996
2019-05-31,23.03
2019-06-01,0.0
2019-06-02,8.8
2019-06-03,22.0
2019-06-04,25.080000000000002
2019-06-05,41.36
2019-06-06,25.52
2019-06-07,43.12
2019-06-08,14.96
2019-06-09,0.0
2019-06-10,30.8
2019-06-11,44.0
2019-06-12,29.92
2019-06-13,42.68
2019-06-14,25.52
2019-06-15,9.24
2019-06-16,0.0
2019-06-17,23.76
2019-06-18,37.4
2019-06-19,28.16
2019-06-20,38.72
2019-06-21,33.0
2019-06-22,14.52
2019-06-23,19.8
2019-06-24,28.16
2019-06-25,26.84
2019-06-26,22.88
2019-06-27,28.6
2019-06-28,41.36
2019-06-29,11.0
2019-06-30,14.08
2019-07-01,22.75
2019-07-02,12.35
2019-07-03,23.400000000000002
2019-07-04,11.05
2019-07-05,24.7
2019-07-06,15.600000000000001
2019-07-07,7.15
2019-07-08,29.25
2019-07-09,42.9
2019-07-10,32.5
2019-07-11,35.75
2019-07-12,27.3
2019-07-13,8.450000000000001
2019-07-14,5.2
2019-07-15,26.650000000000002
2019-07-16,33.800000000000004
2019-07-17,62.400000000000006
2019-07-18,65.0
2019-07-19,55.9
2019-07-20,20.150000000000002
2019-07-21,5.2
2019-07-22,36.4
2019-07-23,44.85
2019-07-24,29.900000000000002
2019-07-25,39.65
2019-07-26,23.400000000000002
2019-07-27,11.05
2019-07-28,3.9000000000000004
2019-07-29,33.800000000000004
2019-07-30,44.2
2019-07-31,36.4
2019-08-01,36.85
2019-08-02,41.800000000000004
2019-08-03,10.450000000000001
2019-08-04,0.0
2019-08-05,44.550000000000004
2019-08-06,46.2
2019-08-07,25.3
2019-08-08,55.00000000000001
2019-08-09,37.95
2019-08-10,18.150000000000002
2019-08-11,7.15
2019-08-12,37.400000000000006
2019-08-13,36.85
2019-08-14,41.25
2019-08-15,34.1
2019-08-16,40.150000000000006
2019-08-17,0.0
2019-08-18,3.8500000000000005
2019-08-19,25.85
2019-08-20,26.950000000000003
2019-08-21,40.7
2019-08-22,29.150000000000002
2019-08-23,37.95
2019-08-24,9.9
2019-08-25,6.050000000000001
2019-08-26,29.700000000000003
2019-08-27,24.200000000000003
2019-08-28,25.3
2019-08-29,20.900000000000002
2019-08-30,35.2
2019-08-31,11.55
2019-09-01,7.82
2019-09-02,10.120000000000001
2019-09-03,22.080000000000002
2019-09-04,31.28
2019-09-05,39.1
2019-09-06,34.96
2019-09-07,10.120000000000001
2019-09-08,0.0
2019-09-09,31.28
2019-09-10,28.98
2019-09-11,42.32
2019-09-12,35.88
2019-09-13,46.0
2019-09-14,8.280000000000001
2019-09-15,15.64
2019-09-16,29.44
2019-09-17,27.6
2019-09-18,38.64
2019-09-19,44.160000000000004
2019-09-20,32.660000000000004
2019-09-21,18.400000000000002
2019-09-22,8.74
2019-09-23,17.48
2019-09-24,28.52
2019-09-25,26.220000000000002
2019-09-26,33.120000000000005
2019-09-27,36.800000000000004
2019-09-28,22.540000000000003
2019-09-29,12.88
2019-09-30,31.740000000000002
2019-10-01,29.580000000000002
2019-10-02,21.42
2019-10-03,27.54
2019-10-04,22.95
2019-10-05,10.71
2019-10-06,7.65
2019-10-07,16.830000000000002
2019-10-08,26.01
2019-10-09,23.46
2019-10-10,26.01
2019-10-11,29.580000000000002
2019-10-12,27.03
2019-10-13,0.0
2019-10-14,22.95
2019-10-15,28.05
2019-10-16,45.9
2019-10-17,51.0
2019-10-18,34.17
2019-10-19,10.71
2019-10-20,4.59
2019-10-21,44.37
2019-10-22,31.62
2019-10-23,31.62
2019-10-24,36.21
2019-10-25,31.11
2019-10-26,0.0
2019-10-27,7.65
2019-10-28,37.230000000000004
2019-10-29,34.68
2019-10-30,46.92
2019-10-31,43.86
2019-11-01,25.080000000000002
2019-11-02,20.24
2019-11-03,21.56
2019-11-04,32.12
2019-11-05,44.0
2019-11-06,33.0
2019-11-07,41.8
2019-11-08,33.88
2019-11-09,9.68
2019-11-10,0.0
2019-11-11,26.4
2019-11-12,36.96
2019-11-13,26.4
2019-11-14,30.36
2019-11-15,26.4
2019-11-16,11.44
2019-11-17,10.56
2019-11-18,28.6
2019-11-19,23.76
2019-11-20,25.52
2019-11-21,16.28
2019-11-22,22.88
2019-11-23,8.8
2019-11-24,0.0
2019-11-25,27.72
2019-11-26,25.52
2019-11-27,18.92
2019-11-28,8.8
2019-11-29,6.16
2019-11-30,13.2
2019-12-01,4.7299999999999995
2019-12-02,15.91
2019-12-03,34.83
2019-12-04,29.669999999999998
2019-12-05,30.099999999999998
2019-12-06,25.37
2019-12-07,8.6
2019-12-08,3.01
2019-12-09,7.31
2019-12-10,20.64
2019-12-11,19.78
2019-12-12,20.64
2019-12-13,31.39
2019-12-14,9.459999999999999
2019-12-15,19.78
2019-12-16,24.08
2019-12-17,26.23
2019-12-18,38.7
2019-12-19,30.96
2019-12-20,41.28
2019-12-21,9.459999999999999
2019-12-22,8.17
2019-12-23,33.97
2019-12-24,18.06
2019-12-25,9.459999999999999
2019-12-26,43.0
2019-12-27,30.53
2019-12-28,12.9
2019-12-29,0.0
2019-12-30,34.83
2019-12-31,35.26
2020-01-01,4.34
2020-01-02,27.9
2020-01-03,14.879999999999999
2020-01-04,9.92
2020-01-05,1.8599999999999999
2020-01-06,11.16
2020-01-07,13.02
2020-01-08,26.04
2020-01-09,22.32
2020-01-10,16.74
2020-01-11,13.02
2020-01-12,4.34
2020-01-13,16.74
2020-01-14,19.84
2020-01-15,28.52
2020-01-16,23.56
2020-01-17,20.46
2020-01-18,6.2
2020-01-19,4.96
2020-01-20,8.68
2020-01-21,32.24
2020-01-22,49.6
2020-01-23,34.1
2020-01-24,32.86
2020-01-25,6.82
2020-01-26,3.1
2020-01-27,17.36
2020-01-28,26.04
2020-01-29,24.8
2020-01-30,34.1
2020-01-31,62.0
2020-02-01,23.04
2020-02-02,12.959999999999999
2020-02-03,38.16
2020-02-04,59.04
2020-02-05,72.0
2020-02-06,61.919999999999995
2020-02-07,41.76
2020-02-08,2.88
2020-02-09,13.68
2020-02-10,38.879999999999995
2020-02-11,46.08
2020-02-12,36.0
2020-02-13,50.4
2020-02-14,38.16
2020-02-15,11.52
2020-02-16,10.799999999999999
2020-02-17,15.84
2020-02-18,18.72
2020-02-19,38.879999999999995
2020-02-20,40.32
2020-02-21,34.56
2020-02-22,5.04
2020-02-23,0.0
2020-02-24,43.199999999999996
2020-02-25,48.239999999999995
2020-02-26,53.28
2020-02-27,51.839999999999996
2020-02-28,61.919999999999995
2020-02-29,25.919999999999998
2020-03-01,15.0
2020-03-02,39.0
2020-03-03,48.0
2020-03-04,55.0
2020-03-05,43.0
2020-03-06,50.0
2020-03-07,25.0
2020-03-08,7.0
2020-03-09,80.0
2020-03-10,63.0
2020-03-11,56.0
2020-03-12,78.0
2020-03-13,93.0
2020-03-14,23.0
2020-03-15,7.0
2020-03-16,87.0
2020-03-17,74.0
2020-03-18,67.0
2020-03-19,80.0
2020-03-20,94.0
2020-03-21,24.0
2020-03-22,17.0
2020-03-23,68.0
2020-03-24,100.0
2020-03-25,76.0
2020-03-26,68.0
2020-03-27,55.0
2020-03-28,22.0
2020-03-29,15.0
2020-03-30,57.0
2020-03-31,63.0
2020-04-01,54.6
2020-04-02,57.12
2020-04-03,52.08
2020-04-04,22.68
2020-04-05,26.88
2020-04-06,60.48
2020-04-07,54.6
2020-04-08,56.28
2020-04-09,58.8
2020-04-10,33.6
2020-04-11,15.959999999999999
2020-04-12,11.76
2020-04-13,59.64
2020-04-14,42.0
2020-04-15,44.519999999999996
2020-04-16,58.8
2020-04-17,58.8
2020-04-18,14.28
2020-04-19,12.6
2020-04-20,75.6
2020-04-21,84.0
2020-04-22,53.76
2020-04-23,58.8
2020-04-24,50.4
2020-04-25,7.56
2020-04-26,9.24
2020-04-27,40.32
2020-04-28,47.04
2020-04-29,68.88
2020-04-30,61.32
2020-05-01,53.46
2020-05-02,5.28
2020-05-03,14.520000000000001
2020-05-04,46.2
2020-05-05,54.120000000000005
2020-05-06,66.0
2020-05-07,38.940000000000005
2020-05-08,62.7
2020-05-09,12.540000000000001
2020-05-10,21.12
2020-05-11,42.24
2020-05-12,46.2
2020-05-13,42.9
2020-05-14,41.580000000000005
2020-05-15,33.660000000000004
2020-05-16,18.48
2020-05-17,10.56
2020-05-18,47.52
2020-05-19,48.18
2020-05-20,32.34
2020-05-21,47.52
2020-05-22,46.2
2020-05-23,16.5
2020-05-24,9.9
2020-05-25,5.94
2020-05-26,52.14
2020-05-27,43.56
2020-05-28,43.56
2020-05-29,36.96
2020-05-30,6.6000000000000005
2020-05-31,10.56
2020-06-01,35.42
2020-06-02,44.660000000000004
2020-06-03,42.35
2020-06-04,35.42
2020-06-05,77.0
2020-06-06,20.79
2020-06-07,13.86
2020-06-08,62.370000000000005
2020-06-09,63.910000000000004
2020-06-10,48.51
2020-06-11,59.29
2020-06-12,53.13
2020-06-13,15.4
2020-06-14,10.01
2020-06-15,53.13
2020-06-16,46.2
2020-06-17,55.44
2020-06-18,31.57
2020-06-19,57.75
2020-06-20,14.63
2020-06-21,14.63
2020-06-22,45.43
2020-06-23,42.35
2020-06-24,56.21
2020-06-25,43.120000000000005
2020-06-26,54.67
2020-06-27,8.47
2020-06-28,6.16
2020-06-29,41.58
2020-06-30,50.82
2020-07-01,23.43
2020-07-02,25.56
2020-07-03,17.04
2020-07-04,7.81
2020-07-05,7.81
2020-07-06,29.82
2020-07-07,30.529999999999998
2020-07-08,27.689999999999998
2020-07-09,31.95
2020-07-10,26.979999999999997
2020-07-11,11.36
2020-07-12,4.97
2020-07-13,30.529999999999998
2020-07-14,29.11
2020-07-15,37.629999999999995
2020-07-16,29.11
2020-07-17,28.4
2020-07-18,8.52
2020-07-19,4.26
2020-07-20,50.41
2020-07-21,71.0
2020-07-22,31.95
2020-07-23,37.629999999999995
2020-07-24,25.56
2020-07-25,12.07
2020-07-26,4.97
2020-07-27,27.689999999999998
2020-07-28,27.689999999999998
2020-07-29,22.009999999999998
2020-07-30,29.11
2020-07-31,42.599999999999994
2020-08-01,8.4
2020-08-02,8.4
2020-08-03,60.0
2020-08-04,41.4
2020-08-05,48.6
2020-08-06,44.4
2020-08-07,44.4
2020-08-08,18.599999999999998
2020-08-09,12.6
2020-08-10,52.8
2020-08-11,48.0
2020-08-12,45.0
2020-08-13,41.4
2020-08-14,36.0
2020-08-15,8.4
2020-08-16,10.2
2020-08-17,38.4
2020-08-18,39.6
2020-08-19,54.6
2020-08-20,34.8
2020-08-21,36.6
2020-08-22,16.2
2020-08-23,10.2
2020-08-24,34.8
2020-08-25,42.6
2020-08-26,34.199999999999996
2020-08-27,35.4
2020-08-28,38.4
2020-08-29,18.0
2020-08-30,13.799999999999999
2020-08-31,31.799999999999997
2020-09-01,44.52
2020-09-02,53.0
2020-09-03,47.7
2020-09-04,41.870000000000005
2020-09-05,14.84
2020-09-06,15.370000000000001
2020-09-07,11.66
2020-09-08,23.32
2020-09-09,41.870000000000005
2020-09-10,21.73
2020-09-11,33.39
2020-09-12,15.370000000000001
2020-09-13,6.36
2020-09-14,21.200000000000003
2020-09-15,28.62
2020-09-16,38.160000000000004
2020-09-17,34.45
2020-09-18,29.150000000000002
2020-09-19,5.83
2020-09-20,4.24
2020-09-21,27.560000000000002
2020-09-22,34.45
2020-09-23,27.560000000000002
2020-09-24,22.26
2020-09-25,29.68
2020-09-26,9.01
2020-09-27,6.36
2020-09-28,36.57
2020-09-29,41.34
2020-09-30,24.380000000000003
2020-10-01,21.599999999999998
2020-10-02,31.68
2020-10-03,12.24
2020-10-04,15.84
2020-10-05,24.48
2020-10-06,17.28
2020-10-07,29.52
2020-10-08,56.879999999999995
2020-10-09,72.0
2020-10-10,18.72
2020-10-11,12.959999999999999
2020-10-12,35.28
2020-10-13,36.72
2020-10-14,27.36
2020-10-15,22.32
2020-10-16,34.56
2020-10-17,16.56
2020-10-18,5.04
2020-10-19,34.56
2020-10-20,41.04
2020-10-21,38.16
2020-10-22,43.92
2020-10-23,40.32
2020-10-24,10.799999999999999
2020-10-25,6.4799999999999995
2020-10-26,38.879999999999995
2020-10-27,30.24
2020-10-28,36.0
2020-10-29,61.199999999999996
2020-10-30,28.799999999999997
2020-10-31,7.199999999999999
2020-11-01,0.0
2020-11-02,58.74
2020-11-03,34.32
2020-11-04,30.360000000000003
2020-11-05,29.700000000000003
2020-11-06,34.32
2020-11-07,11.88
2020-11-08,7.260000000000001
2020-11-09,64.02
2020-11-10,40.92
2020-11-11,40.92
2020-11-12,27.720000000000002
2020-11-13,46.86
2020-11-14,21.78
2020-11-15,5.94
2020-11-16,39.6
2020-11-17,48.18
2020-11-18,48.18
2020-11-19,27.060000000000002
2020-11-20,30.360000000000003
2020-11-21,9.9
2020-11-22,3.96
2020-11-23,40.260000000000005
2020-11-24,66.0
2020-11-25,46.86
2020-11-26,9.9
2020-11-27,25.080000000000002
2020-11-28,11.22
2020-11-29,15.180000000000001
2020-11-30,23.1
2020-12-01,53.6
2020-12-02,36.85
2020-12-03,56.95
2020-12-04,63.650000000000006
2020-12-05,32.160000000000004
2020-12-06,24.790000000000003
2020-12-07,57.620000000000005
2020-12-08,64.99000000000001
2020-12-09,66.33
2020-12-10,40.2
2020-12-11,64.99000000000001
2020-12-12,40.870000000000005
2020-12-13,6.7
2020-12-14,60.300000000000004
2020-12-15,54.940000000000005
2020-12-16,66.33
2020-12-17,56.28
2020-12-18,29.48
2020-12-19,18.76
2020-12-20,4.0200000000000005
2020-12-21,48.24
2020-12-22,46.230000000000004
2020-12-23,64.32000000000001
2020-12-24,33.5
2020-12-25,20.1
2020-12-26,16.080000000000002
2020-12-27,7.37
2020-12-28,58.290000000000006
2020-12-29,67.0
2020-12-30,60.970000000000006
2020-12-31,40.2
2021-01-01,7.92
2021-01-02,5.76
2021-01-03,13.68
2021-01-04,21.599999999999998
2021-01-05,24.48
2021-01-06,32.4
2021-01-07,33.839999999999996
2021-01-08,27.36
2021-01-09,10.799999999999999
2021-01-10,3.5999999999999996
2021-01-11,21.599999999999998
2021-01-12,20.88
2021-01-13,24.48
2021-01-14,21.599999999999998
2021-01-15,31.68
2021-01-16,8.64
2021-01-17,5.04
2021-01-18,5.76
2021-01-19,24.48
2021-01-20,36.72
2021-01-21,33.839999999999996
2021-01-22,72.0
2021-01-23,15.84
2021-01-24,10.08
2021-01-25,41.76
2021-01-26,38.16
2021-01-27,43.199999999999996
2021-01-28,28.799999999999997
2021-01-29,33.12
2021-01-30,13.68
2021-01-31,9.36
2021-02-01,69.0
2021-02-02,65.55
2021-02-03,53.129999999999995
2021-02-04,44.16
2021-02-05,35.879999999999995
2021-02-06,15.18
2021-02-07,9.66
2021-02-08,54.51
2021-02-09,47.61
2021-02-10,55.88999999999999
2021-02-11,46.23
2021-02-12,46.23
2021-02-13,20.009999999999998
2021-02-14,13.799999999999999
2021-02-15,21.389999999999997
2021-02-16,43.47
2021-02-17,41.4
2021-02-18,64.86
2021-02-19,44.16
2021-02-20,17.939999999999998
2021-02-21,0.0
2021-02-22,31.74
2021-02-23,62.099999999999994
2021-02-24,46.23
2021-02-25,66.24
2021-02-26,51.059999999999995
2021-02-27,11.04
2021-02-28,8.28
2021-03-01,49.4
2021-03-02,60.8
2021-03-03,76.0
2021-03-04,61.56
2021-03-05,60.8
2021-03-06,11.4
2021-03-07,15.2
2021-03-08,49.4
2021-03-09,50.92
2021-03-10,50.92
2021-03-11,61.56
2021-03-12,56.24
2021-03-13,20.52
2021-03-14,8.36
2021-03-15,41.04
2021-03-16,52.44
2021-03-17,41.04
2021-03-18,47.12
2021-03-19,63.08
2021-03-20,7.6
2021-03-21,0.0
2021-03-22,44.08
2021-03-23,53.96
2021-03-24,52.44
2021-03-25,47.12
2021-03-26,72.2
2021-03-27,26.6
2021-03-28,12.16
2021-03-29,44.08
2021-03-30,45.6
2021-03-31,48.64
2021-04-01,42.400000000000006
2021-04-02,24.8
2021-04-03,8.0
2021-04-04,11.200000000000001
2021-04-05,50.400000000000006
2021-04-06,48.800000000000004
2021-04-07,29.6
2021-04-08,32.0
2021-04-09,49.6
2021-04-10,0.0
2021-04-11,11.200000000000001
2021-04-12,47.2
2021-04-13,39.2
2021-04-14,45.6
2021-04-15,42.400000000000006
2021-04-16,30.400000000000002
2021-04-17,12.8
2021-04-18,12.0
2021-04-19,64.0
2021-04-20,68.8
2021-04-21,76.0
2021-04-22,80.0
2021-04-23,61.6
2021-04-24,13.600000000000001
2021-04-25,13.600000000000001
2021-04-26,40.800000000000004
2021-04-27,55.2
2021-04-28,63.2
2021-04-29,56.800000000000004
2021-04-30,42.400000000000006
2021-05-01,15.96
2021-05-02,5.32
2021-05-03,43.32
2021-05-04,55.480000000000004
2021-05-05,47.88
2021-05-06,68.4
2021-05-07,76.0
2021-05-08,11.4
2021-05-09,9.120000000000001
2021-05-10,57.76
2021-05-11,58.52
2021-05-12,57.76
2021-05-13,62.32
2021-05-14,49.4
2021-05-15,15.2
2021-05-16,10.64
2021-05-17,46.36
2021-05-18,42.56
2021-05-19,38.76
2021-05-20,43.32
2021-05-21,36.480000000000004
2021-05-22,12.92
2021-05-23,7.6
2021-05-24,50.92
2021-05-25,39.52
2021-05-26,26.6
2021-05-27,26.6
2021-05-28,46.36
2021-05-29,8.36
2021-05-30,0.0
2021-05-31,4.5600000000000005
2021-06-01,44.73
2021-06-02,54.669999999999995
2021-06-03,40.47
2021-06-04,67.45
2021-06-05,31.95
2021-06-06,12.78
2021-06-07,50.41
2021-06-08,59.64
2021-06-09,45.44
2021-06-10,60.349999999999994
2021-06-11,66.03
2021-06-12,16.33
2021-06-13,13.489999999999998
2021-06-14,55.379999999999995
2021-06-15,61.769999999999996
2021-06-16,71.0
2021-06-17,51.83
2021-06-18,60.349999999999994
2021-06-19,14.2
2021-06-20,10.649999999999999
2021-06-21,53.959999999999994
2021-06-22,61.769999999999996
2021-06-23,57.51
2021-06-24,55.379999999999995
2021-06-25,44.73
2021-06-26,28.4
2021-06-27,0.0
2021-06-28,49.699999999999996
2021-06-29,47.57
2021-06-30,62.48
2021-07-01,40.120000000000005
2021-07-02,59.84
2021-07-03,24.48
2021-07-04,6.800000000000001
2021-07-05,8.16
2021-07-06,48.96
2021-07-07,42.160000000000004
2021-07-08,38.760000000000005
2021-07-09,37.400000000000006
2021-07-10,6.800000000000001
2021-07-11,6.12
2021-07-12,31.28
2021-07-13,40.120000000000005
2021-07-14,55.080000000000005
2021-07-15,27.880000000000003
2021-07-16,41.480000000000004
2021-07-17,6.800000000000001
2021-07-18,8.84
2021-07-19,55.760000000000005
2021-07-20,68.0
2021-07-21,55.760000000000005
2021-07-22,45.56
2021-07-23,36.04
2021-07-24,9.520000000000001
2021-07-25,8.16
2021-07-26,33.32
2021-07-27,34.0
2021-07-28,39.440000000000005
2021-07-29,55.760000000000005
2021-07-30,32.64
2021-07-31,6.800000000000001
2021-08-01,21.96
2021-08-02,45.75
2021-08-03,37.21
2021-08-04,40.26
2021-08-05,54.9
2021-08-06,42.699999999999996
2021-08-07,15.86
2021-08-08,13.42
2021-08-09,53.07
2021-08-10,44.53
2021-08-11,36.6
2021-08-12,49.41
2021-08-13,43.31
2021-08-14,9.15
2021-08-15,11.59
2021-08-16,54.9
2021-08-17,47.58
2021-08-18,56.73
2021-08-19,45.14
2021-08-20,39.04
2021-08-21,22.57
2021-08-22,0.0
2021-08-23,39.65
2021-08-24,61.0
2021-08-25,52.46
2021-08-26,42.089999999999996
2021-08-27,46.97
2021-08-28,18.3
2021-08-29,0.0
2021-08-30,53.07
2021-08-31,31.72
2021-09-01,36.48
2021-09-02,50.73
2021-09-03,45.029999999999994
2021-09-04,16.529999999999998
2021-09-05,16.529999999999998
2021-09-06,14.249999999999998
2021-09-07,32.489999999999995
2021-09-08,35.91
2021-09-09,33.629999999999995
2021-09-10,35.339999999999996
2021-09-11,23.939999999999998
2021-09-12,0.0
2021-09-13,36.48
2021-09-14,39.33
2021-09-15,49.019999999999996
2021-09-16,51.3
2021-09-17,46.739999999999995
2021-09-18,14.819999999999999
2021-09-19,22.799999999999997
2021-09-20,32.489999999999995
2021-09-21,56.99999999999999
2021-09-22,25.08
2021-09-23,29.639999999999997
2021-09-24,40.47
2021-09-25,7.409999999999999
2021-09-26,5.699999999999999
2021-09-27,34.199999999999996
2021-09-28,47.309999999999995
2021-09-29,56.99999999999999
2021-09-30,36.48
2021-10-01,38.48
2021-10-02,14.06
2021-10-03,9.62
2021-10-04,46.62
2021-10-05,25.9
2021-10-06,28.12
2021-10-07,33.3
2021-10-08,28.86
2021-10-09,10.36
2021-10-10,5.18
2021-10-11,18.5
2021-10-12,28.12
2021-10-13,32.56
2021-10-14,31.08
2021-10-15,42.92
2021-10-16,5.92
2021-10-17,4.4399999999999995
2021-10-18,37.0
2021-10-19,34.78
2021-10-20,50.32
2021-10-21,74.0
2021-10-22,62.16
2021-10-23,19.24
2021-10-24,10.36
2021-10-25,48.839999999999996
2021-10-26,54.019999999999996
2021-10-27,45.14
2021-10-28,46.62
2021-10-29,51.8
2021-10-30,14.06
2021-10-31,8.14
2021-11-01,43.74
2021-11-02,41.31
2021-11-03,45.36
2021-11-04,81.0
2021-11-05,63.18000000000001
2021-11-06,18.630000000000003
2021-11-07,11.34
2021-11-08,61.56
2021-11-09,54.27
2021-11-10,38.07
2021-11-11,42.120000000000005
2021-11-12,42.93
2021-11-13,17.01
2021-11-14,9.72
2021-11-15,46.17
2021-11-16,51.03
2021-11-17,43.74
2021-11-18,49.410000000000004
2021-11-19,42.93
2021-11-20,17.01
2021-11-21,12.15
2021-11-22,41.31
2021-11-23,51.03
2021-11-24,34.02
2021-11-25,8.100000000000001
2021-11-26,36.45
2021-11-27,28.35
2021-11-28,12.96
2021-11-29,56.7
2021-11-30,50.220000000000006
2021-12-01,64.8
2021-12-02,64.8
2021-12-03,59.2
2021-12-04,20.0
2021-12-05,0.0
2021-12-06,48.800000000000004
2021-12-07,72.8
2021-12-08,50.400000000000006
2021-12-09,68.0
2021-12-10,76.80000000000001
2021-12-11,27.200000000000003
2021-12-12,9.600000000000001
2021-12-13,51.2
2021-12-14,55.2
2021-12-15,51.2
2021-12-16,63.2
2021-12-17,74.4
2021-12-18,26.400000000000002
2021-12-19,15.200000000000001
2021-12-20,60.0
2021-12-21,80.0
2021-12-22,72.0
2021-12-23,64.8
2021-12-24,31.200000000000003
2021-12-25,4.800000000000001
2021-12-26,12.8
2021-12-27,62.400000000000006
2021-12-28,71.2
2021-12-29,67.2
2021-12-30,60.800000000000004
2021-12-31,38.400000000000006
2022-01-01,10.27
2022-01-02,4.74
2022-01-03,33.18
2022-01-04,47.400000000000006
2022-01-05,56.09
2022-01-06,31.6
2022-01-07,28.44
2022-01-08,13.43
2022-01-09,0.0
2022-01-10,23.700000000000003
2022-01-11,37.92
2022-01-12,30.020000000000003
2022-01-13,28.44
2022-01-14,27.650000000000002
2022-01-15,8.690000000000001
2022-01-16,7.11
2022-01-17,11.850000000000001
2022-01-18,26.07
2022-01-19,25.28
2022-01-20,23.700000000000003
2022-01-21,32.39
2022-01-22,5.53
2022-01-23,9.48
2022-01-24,79.0
2022-01-25,71.89
2022-01-26,40.29
2022-01-27,33.97
2022-01-28,26.07
2022-01-29,6.32
2022-01-30,7.9
2022-01-31,27.650000000000002
2022-02-01,41.6
2022-02-02,51.35
2022-02-03,39.65
2022-02-04,48.75
2022-02-05,19.5
2022-02-06,5.8500000000000005
2022-02-07,43.550000000000004
2022-02-08,49.4
2022-02-09,45.5
2022-02-10,65.0
2022-02-11,29.900000000000002
2022-02-12,20.8
2022-02-13,5.8500000000000005
2022-02-14,37.7
2022-02-15,50.050000000000004
2022-02-16,42.25
2022-02-17,40.95
2022-02-18,50.050000000000004
2022-02-19,12.35
2022-02-20,10.4
2022-02-21,18.85
2022-02-22,46.800000000000004
2022-02-23,30.55
2022-02-24,53.300000000000004
2022-02-25,52.0
2022-02-26,14.3
2022-02-27,5.2
2022-02-28,50.050000000000004
2022-03-01,58.96
2022-03-02,46.900000000000006
2022-03-03,52.260000000000005
2022-03-04,46.900000000000006
2022-03-05,12.06
2022-03-06,7.37
2022-03-07,54.940000000000005
2022-03-08,50.25
2022-03-09,57.620000000000005
2022-03-10,54.940000000000005
2022-03-11,40.2
2022-03-12,19.43
2022-03-13,9.38
2022-03-14,46.230000000000004
2022-03-15,46.900000000000006
2022-03-16,67.0
2022-03-17,58.96
2022-03-18,53.6
2022-03-19,20.77
2022-03-20,14.07
2022-03-21,46.230000000000004
2022-03-22,53.6
2022-03-23,59.63
2022-03-24,49.580000000000005
2022-03-25,45.56
2022-03-26,16.75
2022-03-27,6.7
2022-03-28,40.2
2022-03-29,58.290000000000006
2022-03-30,44.220000000000006
2022-03-31,36.85
2022-04-01,32.160000000000004
2022-04-02,19.43
2022-04-03,10.05
2022-04-04,39.53
2022-04-05,30.82
2022-04-06,40.870000000000005
2022-04-07,36.85
2022-04-08,37.52
2022-04-09,10.05
2022-04-10,22.110000000000003
2022-04-11,20.1
2022-04-12,40.870000000000005
2022-04-13,33.5
2022-04-14,38.190000000000005
2022-04-15,20.1
2022-04-16,18.09
2022-04-17,4.69
2022-04-18,31.490000000000002
2022-04-19,52.260000000000005
2022-04-20,63.650000000000006
2022-04-21,67.0
2022-04-22,46.230000000000004
2022-04-23,15.41
2022-04-24,10.72
2022-04-25,40.870000000000005
2022-04-26,48.910000000000004
2022-04-27,35.510000000000005
2022-04-28,46.900000000000006
2022-04-29,46.230000000000004
2022-04-30,19.43
2022-05-01,0.0
2022-05-02,44.22
2022-05-03,35.64
2022-05-04,50.82
2022-05-05,54.120000000000005
2022-05-06,65.34
2022-05-07,24.42
2022-05-08,9.24
2022-05-09,44.88
2022-05-10,56.1
2022-05-11,55.440000000000005
2022-05-12,48.18
2022-05-13,53.46
2022-05-14,9.24
2022-05-15,15.84
2022-05-16,48.18
2022-05-17,52.14
2022-05-18,58.74
2022-05-19,66.0
2022-05-20,62.7
2022-05-21,12.540000000000001
2022-05-22,13.200000000000001
2022-05-23,36.96
2022-05-24,50.160000000000004
2022-05-25,44.22
2022-05-26,44.88
2022-05-27,54.78
2022-05-28,22.44
2022-05-29,19.14
2022-05-30,16.5
2022-05-31,59.400000000000006
2022-06-01,44.220000000000006
2022-06-02,38.190000000000005
2022-06-03,50.25
2022-06-04,12.73
2022-06-05,7.37
2022-06-06,58.96
2022-06-07,56.28
2022-06-08,44.220000000000006
2022-06-09,48.24
2022-06-10,46.900000000000006
2022-06-11,11.39
2022-06-12,6.7
2022-06-13,46.230000000000004
2022-06-14,54.27
2022-06-15,67.0
2022-06-16,52.93
2022-06-17,57.620000000000005
2022-06-18,20.1
2022-06-19,10.72
2022-06-20,32.160000000000004
2022-06-21,61.64
2022-06-22,53.6
2022-06-23,46.900000000000006
2022-06-24,59.63
2022-06-25,17.42
2022-06-26,8.71
2022-06-27,64.32000000000001
2022-06-28,60.300000000000004
2022-06-29,50.92
2022-06-30,47.57
2022-07-01,27.880000000000003
2022-07-02,6.800000000000001
2022-07-03,0.0
2022-07-04,8.16
2022-07-05,27.880000000000003
2022-07-06,37.400000000000006
2022-07-07,30.6
2022-07-08,44.2
2022-07-09,6.800000000000001
2022-07-10,0.0
2022-07-11,22.44
2022-07-12,28.560000000000002
2022-07-13,31.96
2022-07-14,38.080000000000005
2022-07-15,34.68
2022-07-16,13.600000000000001
2022-07-17,8.16
2022-07-18,47.6
2022-07-19,68.0
2022-07-20,51.68000000000001
2022-07-21,35.36
2022-07-22,42.160000000000004
2022-07-23,6.12
2022-07-24,3.4000000000000004
2022-07-25,34.68
2022-07-26,37.400000000000006
2022-07-27,34.68
2022-07-28,31.28
2022-07-29,44.2
2022-07-30,6.800000000000001
2022-07-31,10.200000000000001
2022-08-01,45.82
2022-08-02,50.459999999999994
2022-08-03,37.699999999999996
2022-08-04,40.599999999999994
2022-08-05,53.36
2022-08-06,15.079999999999998
2022-08-07,0.0
2022-08-08,40.019999999999996
2022-08-09,38.279999999999994
2022-08-10,40.599999999999994
2022-08-11,41.18
2022-08-12,43.5
2022-08-13,8.7
2022-08-14,16.24
2022-08-15,52.199999999999996
2022-08-16,57.99999999999999
2022-08-17,29.58
2022-08-18,33.64
2022-08-19,26.099999999999998
2022-08-20,12.18
2022-08-21,14.499999999999998
2022-08-22,41.76
2022-08-23,33.64
2022-08-24,36.54
2022-08-25,31.9
2022-08-26,31.319999999999997
2022-08-27,18.56
2022-08-28,5.8
2022-08-29,31.319999999999997
2022-08-30,31.9
2022-08-31,20.88
2022-09-01,44.72
2022-09-02,33.800000000000004
2022-09-03,8.32
2022-09-04,0.0
2022-09-05,6.24
2022-09-06,25.48
2022-09-07,42.64
2022-09-08,30.16
2022-09-09,30.68
2022-09-10,9.88
2022-09-11,9.36
2022-09-12,31.200000000000003
2022-09-13,37.44
2022-09-14,52.0
2022-09-15,34.84
2022-09-16,34.84
2022-09-17,12.48
2022-09-18,10.4
2022-09-19,33.28
2022-09-20,16.64
2022-09-21,35.88
2022-09-22,26.0
2022-09-23,32.24
2022-09-24,7.800000000000001
2022-09-25,6.24
2022-09-26,36.92
2022-09-27,28.6
2022-09-28,35.36
2022-09-29,39.52
2022-09-30,41.6
2022-10-01,15.34
2022-10-02,4.72
2022-10-03,39.53
2022-10-04,38.35
2022-10-05,32.449999999999996
2022-10-06,31.27
2022-10-07,37.76
2022-10-08,11.209999999999999
2022-10-09,8.85
2022-10-10,27.139999999999997
2022-10-11,41.89
2022-10-12,40.12
2022-10-13,38.94
2022-10-14,31.86
2022-10-15,11.209999999999999
2022-10-16,0.0
2022-10-17,30.68
2022-10-18,41.89
2022-10-19,53.099999999999994
2022-10-20,59.0
2022-10-21,50.15
2022-10-22,9.44
2022-10-23,7.67
2022-10-24,51.919999999999995
2022-10-25,34.22
2022-10-26,40.12
2022-10-27,47.199999999999996
2022-10-28,47.79
2022-10-29,13.569999999999999
2022-10-30,2.9499999999999997
2022-10-31,50.739999999999995
2022-11-01,44.0
2022-11-02,36.85
2022-11-03,35.75
2022-11-04,55.00000000000001
2022-11-05,8.8
2022-11-06,4.95
2022-11-07,41.25
2022-11-08,40.150000000000006
2022-11-09,37.400000000000006
2022-11-10,47.300000000000004
2022-11-11,40.7
2022-11-12,14.850000000000001
2022-11-13,11.55
2022-11-14,47.300000000000004
2022-11-15,44.550000000000004
2022-11-16,36.300000000000004
2022-11-17,36.85
2022-11-18,31.35
2022-11-19,14.3
2022-11-20,12.100000000000001
2022-11-21,39.050000000000004
2022-11-22,45.1
2022-11-23,54.45
2022-11-24,12.65
2022-11-25,41.800000000000004
2022-11-26,13.200000000000001
2022-11-27,4.95
2022-11-28,25.85
2022-11-29,43.45
2022-11-30,45.1
2022-12-01,42.120000000000005
2022-12-02,32.76
2022-12-03,21.84
2022-12-04,15.08
2022-12-05,32.76
2022-12-06,44.72
2022-12-07,30.68
2022-12-08,27.04
2022-12-09,36.92
2022-12-10,6.76
2022-12-11,13.0
2022-12-12,44.72
2022-12-13,41.08
2022-12-14,35.88
2022-12-15,20.8
2022-12-16,45.24
2022-12-17,6.76
2022-12-18,0.0
2022-12-19,41.6
2022-12-20,45.760000000000005
2022-12-21,31.720000000000002
2022-12-22,42.64
2022-12-23,47.84
2022-12-24,0.0
2022-12-25,7.28
2022-12-26,10.92
2022-12-27,46.28
2022-12-28,29.12
2022-12-29,52.0
2022-12-30,44.2
2022-12-31,26.0
2023-01-01,6.16
2023-01-02,7.280000000000001
2023-01-03,28.000000000000004
2023-01-04,25.200000000000003
2023-01-05,25.200000000000003
2023-01-06,34.160000000000004
2023-01-07,19.040000000000003
2023-01-08,11.760000000000002
2023-01-09,29.120000000000005
2023-01-10,28.560000000000002
2023-01-11,42.00000000000001
2023-01-12,34.160000000000004
2023-01-13,22.400000000000002
2023-01-14,10.080000000000002
2023-01-15,7.280000000000001
2023-01-16,14.560000000000002
2023-01-17,26.880000000000003
2023-01-18,30.800000000000004
2023-01-19,43.68000000000001
2023-01-20,29.680000000000003
2023-01-21,11.760000000000002
2023-01-22,10.080000000000002
2023-01-23,35.84
2023-01-24,31.92
2023-01-25,48.720000000000006
2023-01-26,56.00000000000001
2023-01-27,49.28
2023-01-28,18.48
2023-01-29,10.64
2023-01-30,38.080000000000005
2023-01-31,33.040000000000006
2023-02-01,46.410000000000004
2023-02-02,51.0
2023-02-03,37.74
2023-02-04,13.77
2023-02-05,11.73
2023-02-06,45.39
2023-02-07,47.94
2023-02-08,39.78
2023-02-09,28.05
2023-02-10,37.74
2023-02-11,12.24
2023-02-12,14.280000000000001
2023-02-13,39.27
2023-02-14,42.33
2023-02-15,44.88
2023-02-16,44.88
2023-02-17,32.64
2023-02-18,11.73
2023-02-19,3.5700000000000003
2023-02-20,18.36
2023-02-21,44.37
2023-02-22,32.13
2023-02-23,33.660000000000004
2023-02-24,33.660000000000004
2023-02-25,11.73
2023-02-26,14.280000000000001
2023-02-27,34.68
2023-02-28,28.05
2023-03-01,26.01
2023-03-02,32.64
2023-03-03,36.72
2023-03-04,0.0
2023-03-05,9.18
2023-03-06,31.62
2023-03-07,34.68
2023-03-08,32.64
2023-03-09,26.52
2023-03-10,34.68
2023-03-11,13.77
2023-03-12,4.08
2023-03-13,21.42
2023-03-14,51.0
2023-03-15,24.990000000000002
2023-03-16,44.37
2023-03-17,32.13
2023-03-18,0.0
2023-03-19,5.61
2023-03-20,33.15
2023-03-21,37.230000000000004
2023-03-22,25.5
2023-03-23,36.72
2023-03-24,29.580000000000002
2023-03-25,18.36
2023-03-26,13.77
2023-03-27,31.62
2023-03-28,29.07
2023-03-29,33.660000000000004
2023-03-30,38.76
2023-03-31,47.43
2023-04-01,14.040000000000001
2023-04-02,15.66
2023-04-03,42.660000000000004
2023-04-04,35.1
2023-04-05,34.56
2023-04-06,31.32
2023-04-07,14.580000000000002
2023-04-08,9.18
2023-04-09,0.0
2023-04-10,28.62
2023-04-11,28.62
2023-04-12,42.120000000000005
2023-04-13,49.68000000000001
2023-04-14,34.56
2023-04-15,14.040000000000001
2023-04-16,0.0
2023-04-17,28.080000000000002
2023-04-18,30.78
2023-04-19,54.0
2023-04-20,49.68000000000001
2023-04-21,35.64
2023-04-22,21.060000000000002
2023-04-23,5.94
2023-04-24,36.72
2023-04-25,42.120000000000005
2023-04-26,48.06
2023-04-27,31.32
2023-04-28,48.06
2023-04-29,13.5
2023-04-30,11.88
2023-05-01,33.15
2023-05-02,29.580000000000002
2023-05-03,29.580000000000002
2023-05-04,28.560000000000002
2023-05-05,37.74
2023-05-06,5.61
2023-05-07,6.12
2023-05-08,34.17
2023-05-09,37.74
2023-05-10,34.68
2023-05-11,31.62
2023-05-12,29.580000000000002
2023-05-13,7.140000000000001
2023-05-14,8.16
2023-05-15,32.64
2023-05-16,29.580000000000002
2023-05-17,33.660000000000004
2023-05-18,33.660000000000004
2023-05-19,26.52
2023-05-20,14.280000000000001
2023-05-21,7.65
2023-05-22,17.85
2023-05-23,34.68
2023-05-24,39.27
2023-05-25,29.580000000000002
2023-05-26,29.07
2023-05-27,22.95
2023-05-28,12.24
2023-05-29,10.2
2023-05-30,28.05
2023-05-31,51.0
2023-06-01,38.43
2023-06-02,46.62
2023-06-03,22.68
2023-06-04,12.6
2023-06-05,37.17
2023-06-06,49.77
2023-06-07,41.58
2023-06-08,51.03
2023-06-09,33.39
2023-06-10,25.830000000000002
2023-06-11,11.34
2023-06-12,59.85
2023-06-13,45.36
2023-06-14,58.59
2023-06-15,63.0
2023-06-16,50.4
2023-06-17,23.94
2023-06-18,10.08
2023-06-19,20.16
2023-06-20,32.13
2023-06-21,39.06
2023-06-22,40.32
2023-06-23,35.910000000000004
2023-06-24,22.68
2023-06-25,8.19
2023-06-26,47.88
2023-06-27,48.51
2023-06-28,41.58
2023-06-29,40.32
2023-06-30,50.4
2023-07-01,18.0
2023-07-02,11.4
2023-07-03,31.2
2023-07-04,13.2
2023-07-05,40.199999999999996
2023-07-06,39.0
2023-07-07,36.6
2023-07-08,10.799999999999999
2023-07-09,16.2
2023-07-10,45.6
2023-07-11,42.6
2023-07-12,51.6
2023-07-13,36.6
2023-07-14,42.0
2023-07-15,0.0
2023-07-16,0.0
2023-07-17,42.0
2023-07-18,48.0
2023-07-19,52.199999999999996
2023-07-20,42.0
2023-07-21,60.0
2023-07-22,9.6
2023-07-23,6.6
2023-07-24,54.6
2023-07-25,53.4
2023-07-26,49.8
2023-07-27,36.0
2023-07-28,44.4
2023-07-29,24.599999999999998
2023-07-30,4.8
2023-07-31,41.4
2023-08-01,39.6
2023-08-02,30.800000000000004
2023-08-03,48.95
2023-08-04,30.800000000000004
2023-08-05,13.750000000000002
2023-08-06,5.5
2023-08-07,43.45
2023-08-08,40.150000000000006
2023-08-09,33.550000000000004
2023-08-10,41.25
2023-08-11,44.550000000000004
2023-08-12,11.55
2023-08-13,4.4
2023-08-14,49.50000000000001
2023-08-15,29.700000000000003
2023-08-16,31.35
2023-08-17,37.400000000000006
2023-08-18,46.75000000000001
2023-08-19,4.95
2023-08-20,7.700000000000001
2023-08-21,28.6
2023-08-22,34.650000000000006
2023-08-23,31.900000000000002
2023-08-24,46.75000000000001
2023-08-25,30.800000000000004
2023-08-26,13.200000000000001
2023-08-27,7.15
2023-08-28,55.00000000000001
2023-08-29,42.35
2023-08-30,43.45
2023-08-31,37.95
2023-09-01,51.0
2023-09-02,5.1
2023-09-03,12.75
2023-09-04,13.26
2023-09-05,40.8
2023-09-06,46.410000000000004
2023-09-07,33.15
2023-09-08,43.86
2023-09-09,10.71
2023-09-10,4.59
2023-09-11,27.03
2023-09-12,50.49
2023-09-13,26.52
2023-09-14,40.29
2023-09-15,39.78
2023-09-16,19.38
2023-09-17,0.0
2023-09-18,32.13
2023-09-19,22.95
2023-09-20,40.29
2023-09-21,49.47
2023-09-22,34.68
2023-09-23,16.32
2023-09-24,0.0
2023-09-25,38.25
2023-09-26,36.72
2023-09-27,39.78
2023-09-28,28.05
2023-09-29,27.54
2023-09-30,18.87
2023-10-01,4.5
2023-10-02,28.0
2023-10-03,31.5
2023-10-04,23.5
2023-10-05,29.5
2023-10-06,43.5
2023-10-07,11.0
2023-10-08,0.0
2023-10-09,15.5
2023-10-10,32.0
2023-10-11,25.0
2023-10-12,25.5
2023-10-13,24.0
2023-10-14,16.5
2023-10-15,0.0
2023-10-16,27.5
2023-10-17,35.5
2023-10-18,31.5
2023-10-19,25.0
2023-10-20,28.0
2023-10-21,14.0
2023-10-22,4.5
2023-10-23,23.0
2023-10-24,28.0
2023-10-25,32.5
2023-10-26,50.0
2023-10-27,33.5
2023-10-28,9.5
2023-10-29,7.0
2023-10-30,35.0
2023-10-31,30.5
2023-11-01,53.4
2023-11-02,38.4
2023-11-03,43.8
2023-11-04,18.0
2023-11-05,4.8
2023-11-06,48.0
2023-11-07,46.8
2023-11-08,46.199999999999996
2023-11-09,30.599999999999998
2023-11-10,48.6
2023-11-11,9.6
2023-11-12,9.0
2023-11-13,40.8
2023-11-14,43.199999999999996
2023-11-15,53.4
2023-11-16,53.4
2023-11-17,48.0
2023-11-18,18.599999999999998
2023-11-19,0.0
2023-11-20,45.6
2023-11-21,40.199999999999996
2023-11-22,60.0
2023-11-23,7.8
2023-11-24,27.0
2023-11-25,10.2
2023-11-26,12.0
2023-11-27,44.4
2023-11-28,42.0
2023-11-29,49.8
2023-11-30,52.8
2023-12-01,43.199999999999996
2023-12-02,21.599999999999998
2023-12-03,21.599999999999998
2023-12-04,72.0
2023-12-05,52.559999999999995
2023-12-06,49.68
2023-12-07,53.28
2023-12-08,54.72
2023-12-09,18.0
2023-12-10,7.92
2023-12-11,31.68
2023-12-12,62.64
2023-12-13,61.199999999999996
2023-12-14,42.48
2023-12-15,53.28
2023-12-16,31.68
2023-12-17,12.959999999999999
2023-12-18,45.36
2023-12-19,58.32
2023-12-20,42.48
2023-12-21,44.64
2023-12-22,43.199999999999996
2023-12-23,15.12
2023-12-24,8.64
2023-12-25,8.64
2023-12-26,51.839999999999996
2023-12-27,43.92
2023-12-28,52.559999999999995
2023-12-29,29.52
2023-12-30,6.4799999999999995
2023-12-31,0.0
