date,INTC
2013-01-01,0.0
2013-01-02,0.0
2013-01-03,9.9
2013-01-04,0.0
2013-01-05,0.0
2013-01-06,0.0
2013-01-07,0.0
2013-01-08,8.25
2013-01-09,7.05
2013-01-10,3.45
2013-01-11,15.0
2013-01-12,8.85
2013-01-13,3.9
2013-01-14,4.5
2013-01-15,5.4
2013-01-16,3.0
2013-01-17,14.25
2013-01-18,14.4
2013-01-19,0.0
2013-01-20,7.649999999999999
2013-01-21,0.0
2013-01-22,0.0
2013-01-23,3.9
2013-01-24,0.0
2013-01-25,0.0
2013-01-26,0.0
2013-01-27,0.0
2013-01-28,3.3
2013-01-29,10.2
2013-01-30,8.549999999999999
2013-01-31,0.0
2013-02-01,8.120000000000001
2013-02-02,6.300000000000001
2013-02-03,0.0
2013-02-04,6.44
2013-02-05,4.62
2013-02-06,0.0
2013-02-07,0.0
2013-02-08,0.0
2013-02-09,0.0
2013-02-10,5.74
2013-02-11,0.0
2013-02-12,7.420000000000001
2013-02-13,0.0
2013-02-14,11.340000000000002
2013-02-15,0.0
2013-02-16,7.840000000000001
2013-02-17,0.0
2013-02-18,0.0
2013-02-19,4.760000000000001
2013-02-20,0.0
2013-02-21,5.460000000000001
2013-02-22,4.62
2013-02-23,7.420000000000001
2013-02-24,0.0
2013-02-25,0.0
2013-02-26,0.0
2013-02-27,0.0
2013-02-28,14.000000000000002
2013-03-01,0.0
2013-03-02,12.45
2013-03-03,0.0
2013-03-04,0.0
2013-03-05,15.0
2013-03-06,13.95
2013-03-07,9.75
2013-03-08,14.25
2013-03-09,10.2
2013-03-10,0.0
2013-03-11,0.0
2013-03-12,10.2
2013-03-13,0.0
2013-03-14,8.549999999999999
2013-03-15,12.15
2013-03-16,9.3
2013-03-17,0.0
2013-03-18,5.7
2013-03-19,0.0
2013-03-20,11.4
2013-03-21,8.4
2013-03-22,10.95
2013-03-23,8.549999999999999
2013-03-24,9.0
2013-03-25,5.55
2013-03-26,0.0
2013-03-27,0.0
2013-03-28,7.8
2013-03-29,0.0
2013-03-30,8.4
2013-03-31,0.0
2013-04-01,8.17
2013-04-02,18.05
2013-04-03,10.26
2013-04-04,13.49
2013-04-05,8.17
2013-04-06,14.44
2013-04-07,0.0
2013-04-08,11.21
2013-04-09,0.0
2013-04-10,7.41
2013-04-11,7.03
2013-04-12,0.0
2013-04-13,9.69
2013-04-14,0.0
2013-04-15,11.4
2013-04-16,18.43
2013-04-17,19.0
2013-04-18,13.68
2013-04-19,0.0
2013-04-20,0.0
2013-04-21,11.59
2013-04-22,0.0
2013-04-23,10.26
2013-04-24,7.41
2013-04-25,9.69
2013-04-26,0.0
2013-04-27,8.93
2013-04-28,16.15
2013-04-29,8.74
2013-04-30,15.39
2013-05-01,8.17
2013-05-02,7.98
2013-05-03,14.82
2013-05-04,0.0
2013-05-05,0.0
2013-05-06,0.0
2013-05-07,15.01
2013-05-08,0.0
2013-05-09,13.49
2013-05-10,19.0
2013-05-11,0.0
2013-05-12,0.0
2013-05-13,4.94
2013-05-14,0.0
2013-05-15,0.0
2013-05-16,0.0
2013-05-17,7.98
2013-05-18,0.0
2013-05-19,0.0
2013-05-20,6.2700000000000005
2013-05-21,4.75
2013-05-22,3.61
2013-05-23,8.17
2013-05-24,5.7
2013-05-25,0.0
2013-05-26,0.0
2013-05-27,12.73
2013-05-28,9.12
2013-05-29,0.0
2013-05-30,0.0
2013-05-31,4.5600000000000005
2013-06-01,0.0
2013-06-02,9.8
2013-06-03,0.0
2013-06-04,7.98
2013-06-05,14.000000000000002
2013-06-06,8.96
2013-06-07,0.0
2013-06-08,0.0
2013-06-09,0.0
2013-06-10,0.0
2013-06-11,0.0
2013-06-12,0.0
2013-06-13,9.1
2013-06-14,0.0
2013-06-15,0.0
2013-06-16,10.64
2013-06-17,0.0
2013-06-18,0.0
2013-06-19,0.0
2013-06-20,8.4
2013-06-21,11.2
2013-06-22,0.0
2013-06-23,0.0
2013-06-24,5.6000000000000005
2013-06-25,0.0
2013-06-26,5.180000000000001
2013-06-27,9.38
2013-06-28,8.680000000000001
2013-06-29,0.0
2013-06-30,0.0
2013-07-01,0.0
2013-07-02,0.0
2013-07-03,0.0
2013-07-04,0.0
2013-07-05,0.0
2013-07-06,0.0
2013-07-07,6.11
2013-07-08,0.0
2013-07-09,0.0
2013-07-10,8.450000000000001
2013-07-11,5.07
2013-07-12,4.55
2013-07-13,0.0
2013-07-14,0.0
2013-07-15,0.0
2013-07-16,0.0
2013-07-17,5.8500000000000005
2013-07-18,0.0
2013-07-19,13.0
2013-07-20,0.0
2013-07-21,0.0
2013-07-22,6.37
2013-07-23,12.35
2013-07-24,0.0
2013-07-25,4.55
2013-07-26,0.0
2013-07-27,0.0
2013-07-28,7.0200000000000005
2013-07-29,5.33
2013-07-30,0.0
2013-07-31,0.0
2013-08-01,7.04
2013-08-02,0.0
2013-08-03,0.0
2013-08-04,0.0
2013-08-05,6.08
2013-08-06,16.0
2013-08-07,0.0
2013-08-08,3.52
2013-08-09,6.72
2013-08-10,8.32
2013-08-11,0.0
2013-08-12,8.32
2013-08-13,8.0
2013-08-14,13.28
2013-08-15,0.0
2013-08-16,0.0
2013-08-17,6.4
2013-08-18,0.0
2013-08-19,0.0
2013-08-20,4.0
2013-08-21,11.2
2013-08-22,10.24
2013-08-23,4.16
2013-08-24,4.64
2013-08-25,4.0
2013-08-26,10.56
2013-08-27,0.0
2013-08-28,0.0
2013-08-29,10.08
2013-08-30,3.84
2013-08-31,7.2
2013-09-01,0.0
2013-09-02,6.44
2013-09-03,6.720000000000001
2013-09-04,0.0
2013-09-05,12.18
2013-09-06,8.4
2013-09-07,0.0
2013-09-08,0.0
2013-09-09,8.680000000000001
2013-09-10,4.48
2013-09-11,0.0
2013-09-12,3.5000000000000004
2013-09-13,14.000000000000002
2013-09-14,0.0
2013-09-15,0.0
2013-09-16,4.62
2013-09-17,0.0
2013-09-18,8.82
2013-09-19,3.5000000000000004
2013-09-20,3.3600000000000003
2013-09-21,8.260000000000002
2013-09-22,0.0
2013-09-23,0.0
2013-09-24,0.0
2013-09-25,0.0
2013-09-26,0.0
2013-09-27,6.44
2013-09-28,0.0
2013-09-29,0.0
2013-09-30,12.32
2013-10-01,5.44
2013-10-02,0.0
2013-10-03,6.4
2013-10-04,16.0
2013-10-05,0.0
2013-10-06,5.6000000000000005
2013-10-07,0.0
2013-10-08,0.0
2013-10-09,6.24
2013-10-10,5.6000000000000005
2013-10-11,8.48
2013-10-12,6.72
2013-10-13,7.04
2013-10-14,5.6000000000000005
2013-10-15,0.0
2013-10-16,3.68
2013-10-17,9.28
2013-10-18,0.0
2013-10-19,0.0
2013-10-20,6.4
2013-10-21,7.2
2013-10-22,7.2
2013-10-23,4.0
2013-10-24,8.96
2013-10-25,5.6000000000000005
2013-10-26,0.0
2013-10-27,13.28
2013-10-28,5.92
2013-10-29,10.72
2013-10-30,5.76
2013-10-31,4.8
2013-11-01,0.0
2013-11-02,0.0
2013-11-03,6.11
2013-11-04,12.35
2013-11-05,5.720000000000001
2013-11-06,0.0
2013-11-07,7.800000000000001
2013-11-08,0.0
2013-11-09,7.28
2013-11-10,0.0
2013-11-11,0.0
2013-11-12,10.79
2013-11-13,0.0
2013-11-14,8.97
2013-11-15,11.44
2013-11-16,0.0
2013-11-17,0.0
2013-11-18,10.14
2013-11-19,8.06
2013-11-20,0.0
2013-11-21,5.8500000000000005
2013-11-22,7.800000000000001
2013-11-23,7.54
2013-11-24,0.0
2013-11-25,3.9
2013-11-26,4.94
2013-11-27,0.0
2013-11-28,13.0
2013-11-29,7.15
2013-11-30,0.0
2013-12-01,0.0
2013-12-02,4.0600000000000005
2013-12-03,0.0
2013-12-04,0.0
2013-12-05,0.0
2013-12-06,9.66
2013-12-07,0.0
2013-12-08,8.96
2013-12-09,6.300000000000001
2013-12-10,6.86
2013-12-11,4.0600000000000005
2013-12-12,11.06
2013-12-13,9.8
2013-12-14,0.0
2013-12-15,4.760000000000001
2013-12-16,6.16
2013-12-17,13.580000000000002
2013-12-18,11.340000000000002
2013-12-19,9.38
2013-12-20,5.6000000000000005
2013-12-21,0.0
2013-12-22,8.120000000000001
2013-12-23,7.56
2013-12-24,0.0
2013-12-25,0.0
2013-12-26,14.000000000000002
2013-12-27,0.0
2013-12-28,5.74
2013-12-29,5.040000000000001
2013-12-30,6.0200000000000005
2013-12-31,8.540000000000001
2014-01-01,5.44
2014-01-02,0.0
2014-01-03,0.0
2014-01-04,4.42
2014-01-05,0.0
2014-01-06,6.630000000000001
2014-01-07,0.0
2014-01-08,3.2300000000000004
2014-01-09,9.52
2014-01-10,0.0
2014-01-11,11.39
2014-01-12,0.0
2014-01-13,0.0
2014-01-14,10.03
2014-01-15,6.800000000000001
2014-01-16,16.490000000000002
2014-01-17,17.0
2014-01-18,0.0
2014-01-19,0.0
2014-01-20,0.0
2014-01-21,11.9
2014-01-22,4.42
2014-01-23,3.74
2014-01-24,14.62
2014-01-25,0.0
2014-01-26,0.0
2014-01-27,3.5700000000000003
2014-01-28,12.58
2014-01-29,12.41
2014-01-30,3.4000000000000004
2014-01-31,4.42
2014-02-01,0.0
2014-02-02,0.0
2014-02-03,0.0
2014-02-04,11.2
2014-02-05,5.74
2014-02-06,8.120000000000001
2014-02-07,0.0
2014-02-08,0.0
2014-02-09,0.0
2014-02-10,4.760000000000001
2014-02-11,0.0
2014-02-12,0.0
2014-02-13,8.260000000000002
2014-02-14,0.0
2014-02-15,0.0
2014-02-16,0.0
2014-02-17,0.0
2014-02-18,6.86
2014-02-19,0.0
2014-02-20,6.16
2014-02-21,3.08
2014-02-22,0.0
2014-02-23,0.0
2014-02-24,14.000000000000002
2014-02-25,0.0
2014-02-26,5.6000000000000005
2014-02-27,0.0
2014-02-28,0.0
2014-03-01,2.52
2014-03-02,0.0
2014-03-03,6.359999999999999
2014-03-04,2.52
2014-03-05,0.0
2014-03-06,2.4
2014-03-07,3.24
2014-03-08,0.0
2014-03-09,2.4
2014-03-10,0.0
2014-03-11,2.76
2014-03-12,1.92
2014-03-13,4.44
2014-03-14,4.8
2014-03-15,0.0
2014-03-16,0.0
2014-03-17,2.28
2014-03-18,0.0
2014-03-19,0.0
2014-03-20,4.8
2014-03-21,0.0
2014-03-22,0.0
2014-03-23,0.0
2014-03-24,3.72
2014-03-25,0.0
2014-03-26,0.0
2014-03-27,7.199999999999999
2014-03-28,2.52
2014-03-29,12.0
2014-03-30,0.0
2014-03-31,3.24
2014-04-01,0.0
2014-04-02,0.0
2014-04-03,5.89
2014-04-04,0.0
2014-04-05,0.0
2014-04-06,0.0
2014-04-07,4.75
2014-04-08,11.4
2014-04-09,17.29
2014-04-10,0.0
2014-04-11,9.31
2014-04-12,0.0
2014-04-13,0.0
2014-04-14,11.78
2014-04-15,19.0
2014-04-16,0.0
2014-04-17,0.0
2014-04-18,0.0
2014-04-19,0.0
2014-04-20,0.0
2014-04-21,8.36
2014-04-22,7.03
2014-04-23,7.98
2014-04-24,6.65
2014-04-25,11.21
2014-04-26,0.0
2014-04-27,9.88
2014-04-28,6.08
2014-04-29,7.03
2014-04-30,8.36
2014-05-01,0.0
2014-05-02,0.0
2014-05-03,12.0
2014-05-04,0.0
2014-05-05,0.0
2014-05-06,2.88
2014-05-07,0.0
2014-05-08,3.0
2014-05-09,3.12
2014-05-10,0.0
2014-05-11,0.0
2014-05-12,9.72
2014-05-13,2.16
2014-05-14,2.64
2014-05-15,0.0
2014-05-16,5.64
2014-05-17,4.32
2014-05-18,3.84
2014-05-19,2.76
2014-05-20,4.92
2014-05-21,0.0
2014-05-22,2.76
2014-05-23,0.0
2014-05-24,7.8
2014-05-25,0.0
2014-05-26,0.0
2014-05-27,5.88
2014-05-28,0.0
2014-05-29,3.0
2014-05-30,0.0
2014-05-31,4.08
2014-06-01,0.0
2014-06-02,0.0
2014-06-03,0.0
2014-06-04,5.800000000000001
2014-06-05,0.0
2014-06-06,9.4
2014-06-07,0.0
2014-06-08,0.0
2014-06-09,11.4
2014-06-10,0.0
2014-06-11,6.6000000000000005
2014-06-12,11.4
2014-06-13,20.0
2014-06-14,0.0
2014-06-15,9.8
2014-06-16,11.4
2014-06-17,0.0
2014-06-18,4.2
2014-06-19,0.0
2014-06-20,0.0
2014-06-21,10.4
2014-06-22,0.0
2014-06-23,4.800000000000001
2014-06-24,4.6000000000000005
2014-06-25,0.0
2014-06-26,7.800000000000001
2014-06-27,16.0
2014-06-28,9.0
2014-06-29,0.0
2014-06-30,4.0
2014-07-01,26.35
2014-07-02,18.91
2014-07-03,0.0
2014-07-04,13.64
2014-07-05,0.0
2014-07-06,14.88
2014-07-07,15.19
2014-07-08,30.07
2014-07-09,7.13
2014-07-10,7.439999999999999
2014-07-11,9.92
2014-07-12,23.25
2014-07-13,0.0
2014-07-14,9.3
2014-07-15,22.63
2014-07-16,31.0
2014-07-17,0.0
2014-07-18,28.21
2014-07-19,0.0
2014-07-20,10.23
2014-07-21,19.84
2014-07-22,0.0
2014-07-23,0.0
2014-07-24,21.08
2014-07-25,31.0
2014-07-26,0.0
2014-07-27,9.3
2014-07-28,10.54
2014-07-29,11.78
2014-07-30,0.0
2014-07-31,12.09
2014-08-01,17.28
2014-08-02,24.0
2014-08-03,13.44
2014-08-04,5.76
2014-08-05,15.84
2014-08-06,9.6
2014-08-07,0.0
2014-08-08,12.48
2014-08-09,0.0
2014-08-10,0.0
2014-08-11,7.439999999999999
2014-08-12,8.64
2014-08-13,7.439999999999999
2014-08-14,11.52
2014-08-15,11.52
2014-08-16,0.0
2014-08-17,0.0
2014-08-18,13.44
2014-08-19,6.24
2014-08-20,0.0
2014-08-21,7.68
2014-08-22,8.64
2014-08-23,8.4
2014-08-24,0.0
2014-08-25,8.64
2014-08-26,14.64
2014-08-27,5.52
2014-08-28,0.0
2014-08-29,4.32
2014-08-30,5.76
2014-08-31,5.279999999999999
2014-09-01,8.28
2014-09-02,0.0
2014-09-03,12.78
2014-09-04,9.36
2014-09-05,0.0
2014-09-06,0.0
2014-09-07,0.0
2014-09-08,8.459999999999999
2014-09-09,16.38
2014-09-10,13.14
2014-09-11,14.76
2014-09-12,13.5
2014-09-13,14.76
2014-09-14,16.38
2014-09-15,9.72
2014-09-16,11.7
2014-09-17,6.84
2014-09-18,0.0
2014-09-19,14.4
2014-09-20,0.0
2014-09-21,0.0
2014-09-22,6.3
2014-09-23,9.36
2014-09-24,14.4
2014-09-25,18.0
2014-09-26,15.84
2014-09-27,0.0
2014-09-28,0.0
2014-09-29,7.56
2014-09-30,7.38
2014-10-01,0.0
2014-10-02,4.84
2014-10-03,0.0
2014-10-04,5.5
2014-10-05,0.0
2014-10-06,0.0
2014-10-07,0.0
2014-10-08,10.78
2014-10-09,5.94
2014-10-10,5.06
2014-10-11,5.5
2014-10-12,0.0
2014-10-13,22.0
2014-10-14,16.94
2014-10-15,17.6
2014-10-16,5.28
2014-10-17,11.0
2014-10-18,0.0
2014-10-19,8.58
2014-10-20,8.36
2014-10-21,0.0
2014-10-22,10.12
2014-10-23,12.54
2014-10-24,0.0
2014-10-25,6.82
2014-10-26,5.06
2014-10-27,7.48
2014-10-28,9.24
2014-10-29,6.16
2014-10-30,3.74
2014-10-31,9.24
2014-11-01,5.2700000000000005
2014-11-02,0.0
2014-11-03,4.590000000000001
2014-11-04,2.72
2014-11-05,10.88
2014-11-06,4.08
2014-11-07,0.0
2014-11-08,0.0
2014-11-09,0.0
2014-11-10,0.0
2014-11-11,2.5500000000000003
2014-11-12,5.1000000000000005
2014-11-13,0.0
2014-11-14,0.0
2014-11-15,7.99
2014-11-16,5.78
2014-11-17,5.44
2014-11-18,5.61
2014-11-19,3.74
2014-11-20,4.590000000000001
2014-11-21,3.2300000000000004
2014-11-22,17.0
2014-11-23,3.4000000000000004
2014-11-24,3.2300000000000004
2014-11-25,3.2300000000000004
2014-11-26,3.2300000000000004
2014-11-27,0.0
2014-11-28,6.630000000000001
2014-11-29,3.2300000000000004
2014-11-30,5.78
2014-12-01,19.36
2014-12-02,9.24
2014-12-03,5.06
2014-12-04,4.84
2014-12-05,14.74
2014-12-06,5.5
2014-12-07,0.0
2014-12-08,11.44
2014-12-09,5.72
2014-12-10,7.7
2014-12-11,10.34
2014-12-12,12.54
2014-12-13,8.14
2014-12-14,0.0
2014-12-15,0.0
2014-12-16,6.38
2014-12-17,16.06
2014-12-18,5.5
2014-12-19,15.84
2014-12-20,0.0
2014-12-21,22.0
2014-12-22,16.28
2014-12-23,13.2
2014-12-24,8.8
2014-12-25,0.0
2014-12-26,0.0
2014-12-27,0.0
2014-12-28,10.56
2014-12-29,13.2
2014-12-30,14.74
2014-12-31,14.3
2015-01-01,0.0
2015-01-02,0.0
2015-01-03,0.0
2015-01-04,0.0
2015-01-05,14.2
2015-01-06,8.8
2015-01-07,8.4
2015-01-08,0.0
2015-01-09,20.0
2015-01-10,13.2
2015-01-11,5.6000000000000005
2015-01-12,4.4
2015-01-13,0.0
2015-01-14,15.4
2015-01-15,8.0
2015-01-16,8.8
2015-01-17,8.8
2015-01-18,0.0
2015-01-19,0.0
2015-01-20,7.2
2015-01-21,7.800000000000001
2015-01-22,18.6
2015-01-23,0.0
2015-01-24,0.0
2015-01-25,7.0
2015-01-26,11.6
2015-01-27,0.0
2015-01-28,14.0
2015-01-29,0.0
2015-01-30,11.2
2015-01-31,7.4
2015-02-01,0.0
2015-02-02,3.6
2015-02-03,0.0
2015-02-04,4.5
2015-02-05,8.1
2015-02-06,6.48
2015-02-07,15.12
2015-02-08,0.0
2015-02-09,0.0
2015-02-10,8.82
2015-02-11,5.4
2015-02-12,8.28
2015-02-13,5.04
2015-02-14,4.68
2015-02-15,0.0
2015-02-16,4.14
2015-02-17,0.0
2015-02-18,14.4
2015-02-19,4.5
2015-02-20,10.62
2015-02-21,6.48
2015-02-22,5.58
2015-02-23,5.22
2015-02-24,9.9
2015-02-25,0.0
2015-02-26,18.0
2015-02-27,6.3
2015-02-28,0.0
2015-03-01,13.26
2015-03-02,10.14
2015-03-03,6.5
2015-03-04,8.58
2015-03-05,7.0200000000000005
2015-03-06,0.0
2015-03-07,0.0
2015-03-08,0.0
2015-03-09,0.0
2015-03-10,14.3
2015-03-11,0.0
2015-03-12,14.56
2015-03-13,0.0
2015-03-14,0.0
2015-03-15,0.0
2015-03-16,26.0
2015-03-17,5.720000000000001
2015-03-18,4.94
2015-03-19,9.1
2015-03-20,7.800000000000001
2015-03-21,5.46
2015-03-22,0.0
2015-03-23,5.46
2015-03-24,0.0
2015-03-25,16.38
2015-03-26,19.76
2015-03-27,10.92
2015-03-28,8.58
2015-03-29,0.0
2015-03-30,16.900000000000002
2015-03-31,17.68
2015-04-01,11.18
2015-04-02,19.5
2015-04-03,21.32
2015-04-04,12.22
2015-04-05,0.0
2015-04-06,5.46
2015-04-07,26.0
2015-04-08,14.82
2015-04-09,6.24
2015-04-10,15.86
2015-04-11,0.0
2015-04-12,0.0
2015-04-13,10.4
2015-04-14,17.42
2015-04-15,8.84
2015-04-16,9.88
2015-04-17,22.880000000000003
2015-04-18,0.0
2015-04-19,6.5
2015-04-20,0.0
2015-04-21,21.58
2015-04-22,0.0
2015-04-23,15.6
2015-04-24,19.76
2015-04-25,0.0
2015-04-26,0.0
2015-04-27,5.2
2015-04-28,10.14
2015-04-29,18.46
2015-04-30,4.94
2015-05-01,16.0
2015-05-02,0.0
2015-05-03,0.0
2015-05-04,4.0
2015-05-05,7.84
2015-05-06,0.0
2015-05-07,4.96
2015-05-08,0.0
2015-05-09,6.24
2015-05-10,0.0
2015-05-11,0.0
2015-05-12,0.0
2015-05-13,8.8
2015-05-14,8.8
2015-05-15,4.96
2015-05-16,10.08
2015-05-17,0.0
2015-05-18,11.52
2015-05-19,12.0
2015-05-20,11.2
2015-05-21,9.92
2015-05-22,6.5600000000000005
2015-05-23,12.64
2015-05-24,0.0
2015-05-25,0.0
2015-05-26,0.0
2015-05-27,6.72
2015-05-28,8.96
2015-05-29,6.4
2015-05-30,0.0
2015-05-31,0.0
2015-06-01,4.6000000000000005
2015-06-02,15.0
2015-06-03,18.8
2015-06-04,9.4
2015-06-05,10.4
2015-06-06,0.0
2015-06-07,0.0
2015-06-08,20.0
2015-06-09,6.800000000000001
2015-06-10,15.2
2015-06-11,0.0
2015-06-12,0.0
2015-06-13,0.0
2015-06-14,0.0
2015-06-15,12.2
2015-06-16,0.0
2015-06-17,5.6000000000000005
2015-06-18,9.4
2015-06-19,5.0
2015-06-20,0.0
2015-06-21,0.0
2015-06-22,0.0
2015-06-23,0.0
2015-06-24,0.0
2015-06-25,0.0
2015-06-26,0.0
2015-06-27,10.4
2015-06-28,0.0
2015-06-29,4.800000000000001
2015-06-30,4.6000000000000005
2015-07-01,8.280000000000001
2015-07-02,5.0600000000000005
2015-07-03,10.81
2015-07-04,12.19
2015-07-05,11.27
2015-07-06,12.19
2015-07-07,3.45
2015-07-08,12.88
2015-07-09,0.0
2015-07-10,8.280000000000001
2015-07-11,0.0
2015-07-12,0.0
2015-07-13,8.97
2015-07-14,3.91
2015-07-15,11.27
2015-07-16,23.0
2015-07-17,6.21
2015-07-18,6.44
2015-07-19,0.0
2015-07-20,4.83
2015-07-21,0.0
2015-07-22,9.89
2015-07-23,9.66
2015-07-24,7.13
2015-07-25,0.0
2015-07-26,7.36
2015-07-27,4.37
2015-07-28,13.11
2015-07-29,7.36
2015-07-30,0.0
2015-07-31,23.0
2015-08-01,3.52
2015-08-02,0.0
2015-08-03,5.5
2015-08-04,0.0
2015-08-05,4.18
2015-08-06,0.0
2015-08-07,5.06
2015-08-08,3.74
2015-08-09,0.0
2015-08-10,3.52
2015-08-11,0.0
2015-08-12,0.0
2015-08-13,0.0
2015-08-14,0.0
2015-08-15,0.0
2015-08-16,0.0
2015-08-17,6.6
2015-08-18,0.0
2015-08-19,4.18
2015-08-20,5.06
2015-08-21,11.0
2015-08-22,0.0
2015-08-23,0.0
2015-08-24,22.0
2015-08-25,14.52
2015-08-26,5.28
2015-08-27,0.0
2015-08-28,5.5
2015-08-29,5.06
2015-08-30,3.3
2015-08-31,4.84
2015-09-01,0.0
2015-09-02,6.29
2015-09-03,0.0
2015-09-04,0.0
2015-09-05,0.0
2015-09-06,0.0
2015-09-07,0.0
2015-09-08,17.0
2015-09-09,3.06
2015-09-10,9.01
2015-09-11,0.0
2015-09-12,8.5
2015-09-13,0.0
2015-09-14,2.89
2015-09-15,4.25
2015-09-16,4.590000000000001
2015-09-17,3.74
2015-09-18,0.0
2015-09-19,0.0
2015-09-20,0.0
2015-09-21,5.78
2015-09-22,7.140000000000001
2015-09-23,0.0
2015-09-24,5.78
2015-09-25,0.0
2015-09-26,5.61
2015-09-27,0.0
2015-09-28,5.2700000000000005
2015-09-29,4.25
2015-09-30,4.590000000000001
2015-10-01,0.0
2015-10-02,6.96
2015-10-03,0.0
2015-10-04,0.0
2015-10-05,8.16
2015-10-06,8.879999999999999
2015-10-07,19.2
2015-10-08,16.8
2015-10-09,24.0
2015-10-10,0.0
2015-10-11,9.36
2015-10-12,0.0
2015-10-13,8.16
2015-10-14,5.279999999999999
2015-10-15,9.36
2015-10-16,0.0
2015-10-17,0.0
2015-10-18,0.0
2015-10-19,5.279999999999999
2015-10-20,0.0
2015-10-21,9.36
2015-10-22,18.48
2015-10-23,9.6
2015-10-24,14.64
2015-10-25,0.0
2015-10-26,7.92
2015-10-27,4.56
2015-10-28,13.92
2015-10-29,23.04
2015-10-30,15.84
2015-10-31,0.0
2015-11-01,0.0
2015-11-02,7.2
2015-11-03,8.0
2015-11-04,0.0
2015-11-05,2.4
2015-11-06,3.04
2015-11-07,0.0
2015-11-08,7.68
2015-11-09,6.4
2015-11-10,4.0
2015-11-11,4.0
2015-11-12,6.88
2015-11-13,7.84
2015-11-14,0.0
2015-11-15,0.0
2015-11-16,3.2
2015-11-17,2.88
2015-11-18,4.96
2015-11-19,4.8
2015-11-20,3.2
2015-11-21,16.0
2015-11-22,5.76
2015-11-23,5.12
2015-11-24,0.0
2015-11-25,4.64
2015-11-26,0.0
2015-11-27,0.0
2015-11-28,5.76
2015-11-29,0.0
2015-11-30,0.0
2015-12-01,9.9
2015-12-02,5.94
2015-12-03,13.5
2015-12-04,10.08
2015-12-05,7.199999999999999
2015-12-06,0.0
2015-12-07,0.0
2015-12-08,10.44
2015-12-09,0.0
2015-12-10,11.7
2015-12-11,4.68
2015-12-12,16.56
2015-12-13,0.0
2015-12-14,4.68
2015-12-15,9.54
2015-12-16,7.199999999999999
2015-12-17,16.2
2015-12-18,6.12
2015-12-19,0.0
2015-12-20,9.0
2015-12-21,9.54
2015-12-22,5.4
2015-12-23,0.0
2015-12-24,8.1
2015-12-25,7.02
2015-12-26,0.0
2015-12-27,18.0
2015-12-28,7.92
2015-12-29,0.0
2015-12-30,0.0
2015-12-31,11.16
2016-01-01,0.0
2016-01-02,0.0
2016-01-03,0.0
2016-01-04,10.0
2016-01-05,9.75
2016-01-06,8.75
2016-01-07,4.25
2016-01-08,11.5
2016-01-09,0.0
2016-01-10,3.75
2016-01-11,4.5
2016-01-12,13.0
2016-01-13,25.0
2016-01-14,11.5
2016-01-15,20.0
2016-01-16,16.0
2016-01-17,4.5
2016-01-18,11.0
2016-01-19,15.75
2016-01-20,0.0
2016-01-21,16.5
2016-01-22,8.25
2016-01-23,0.0
2016-01-24,24.25
2016-01-25,19.0
2016-01-26,9.75
2016-01-27,9.0
2016-01-28,10.75
2016-01-29,5.0
2016-01-30,0.0
2016-01-31,0.0
2016-02-01,15.84
2016-02-02,10.08
2016-02-03,13.92
2016-02-04,16.32
2016-02-05,0.0
2016-02-06,15.84
2016-02-07,10.56
2016-02-08,9.84
2016-02-09,12.48
2016-02-10,7.199999999999999
2016-02-11,7.92
2016-02-12,4.08
2016-02-13,10.08
2016-02-14,0.0
2016-02-15,0.0
2016-02-16,7.68
2016-02-17,6.24
2016-02-18,14.88
2016-02-19,15.36
2016-02-20,0.0
2016-02-21,7.92
2016-02-22,20.4
2016-02-23,0.0
2016-02-24,17.52
2016-02-25,15.6
2016-02-26,24.0
2016-02-27,0.0
2016-02-28,5.279999999999999
2016-02-29,22.56
2016-03-01,0.0
2016-03-02,11.76
2016-03-03,3.99
2016-03-04,14.28
2016-03-05,6.51
2016-03-06,0.0
2016-03-07,21.0
2016-03-08,7.35
2016-03-09,6.51
2016-03-10,13.86
2016-03-11,9.87
2016-03-12,4.62
2016-03-13,0.0
2016-03-14,10.5
2016-03-15,7.979999999999999
2016-03-16,14.28
2016-03-17,0.0
2016-03-18,0.0
2016-03-19,4.41
2016-03-20,0.0
2016-03-21,8.61
2016-03-22,10.29
2016-03-23,7.77
2016-03-24,4.2
2016-03-25,8.82
2016-03-26,0.0
2016-03-27,0.0
2016-03-28,0.0
2016-03-29,3.15
2016-03-30,15.75
2016-03-31,5.46
2016-04-01,0.0
2016-04-02,0.0
2016-04-03,0.0
2016-04-04,13.64
2016-04-05,11.88
2016-04-06,9.46
2016-04-07,11.66
2016-04-08,0.0
2016-04-09,4.62
2016-04-10,0.0
2016-04-11,18.26
2016-04-12,0.0
2016-04-13,9.9
2016-04-14,0.0
2016-04-15,20.68
2016-04-16,5.28
2016-04-17,0.0
2016-04-18,14.74
2016-04-19,14.3
2016-04-20,17.16
2016-04-21,14.74
2016-04-22,15.18
2016-04-23,5.72
2016-04-24,0.0
2016-04-25,14.3
2016-04-26,0.0
2016-04-27,10.12
2016-04-28,22.0
2016-04-29,14.52
2016-04-30,7.92
2016-05-01,5.6000000000000005
2016-05-02,20.0
2016-05-03,8.200000000000001
2016-05-04,4.0
2016-05-05,7.2
2016-05-06,8.8
2016-05-07,0.0
2016-05-08,0.0
2016-05-09,0.0
2016-05-10,10.2
2016-05-11,9.4
2016-05-12,8.0
2016-05-13,5.4
2016-05-14,5.0
2016-05-15,3.8
2016-05-16,10.2
2016-05-17,5.800000000000001
2016-05-18,8.4
2016-05-19,12.2
2016-05-20,8.6
2016-05-21,0.0
2016-05-22,3.8
2016-05-23,3.4000000000000004
2016-05-24,6.0
2016-05-25,12.8
2016-05-26,0.0
2016-05-27,3.0
2016-05-28,0.0
2016-05-29,0.0
2016-05-30,0.0
2016-05-31,6.4
2016-06-01,14.58
2016-06-02,14.22
2016-06-03,0.0
2016-06-04,0.0
2016-06-05,0.0
2016-06-06,0.0
2016-06-07,6.48
2016-06-08,13.32
2016-06-09,12.06
2016-06-10,0.0
2016-06-11,0.0
2016-06-12,0.0
2016-06-13,12.24
2016-06-14,7.02
2016-06-15,7.92
2016-06-16,17.82
2016-06-17,10.26
2016-06-18,9.0
2016-06-19,10.26
2016-06-20,11.7
2016-06-21,11.16
2016-06-22,7.92
2016-06-23,4.32
2016-06-24,18.0
2016-06-25,8.28
2016-06-26,4.859999999999999
2016-06-27,11.88
2016-06-28,6.3
2016-06-29,9.54
2016-06-30,10.44
2016-07-01,13.5
2016-07-02,0.0
2016-07-03,0.0
2016-07-04,0.0
2016-07-05,18.9
2016-07-06,12.96
2016-07-07,7.83
2016-07-08,13.77
2016-07-09,9.45
2016-07-10,0.0
2016-07-11,18.09
2016-07-12,10.260000000000002
2016-07-13,16.470000000000002
2016-07-14,15.12
2016-07-15,11.61
2016-07-16,0.0
2016-07-17,0.0
2016-07-18,16.740000000000002
2016-07-19,24.840000000000003
2016-07-20,27.0
2016-07-21,11.61
2016-07-22,12.15
2016-07-23,6.48
2016-07-24,7.290000000000001
2016-07-25,13.77
2016-07-26,12.15
2016-07-27,10.8
2016-07-28,0.0
2016-07-29,22.41
2016-07-30,6.210000000000001
2016-07-31,5.4
2016-08-01,6.08
2016-08-02,13.68
2016-08-03,0.0
2016-08-04,3.23
2016-08-05,10.45
2016-08-06,5.51
2016-08-07,6.84
2016-08-08,12.16
2016-08-09,0.0
2016-08-10,14.82
2016-08-11,0.0
2016-08-12,10.45
2016-08-13,9.31
2016-08-14,0.0
2016-08-15,5.13
2016-08-16,10.07
2016-08-17,0.0
2016-08-18,0.0
2016-08-19,19.0
2016-08-20,0.0
2016-08-21,0.0
2016-08-22,0.0
2016-08-23,0.0
2016-08-24,0.0
2016-08-25,12.73
2016-08-26,12.73
2016-08-27,0.0
2016-08-28,0.0
2016-08-29,11.78
2016-08-30,10.64
2016-08-31,13.87
2016-09-01,7.4
2016-09-02,5.0
2016-09-03,3.4000000000000004
2016-09-04,0.0
2016-09-05,6.2
2016-09-06,4.0
2016-09-07,10.2
2016-09-08,5.2
2016-09-09,6.0
2016-09-10,0.0
2016-09-11,3.6
2016-09-12,7.2
2016-09-13,4.800000000000001
2016-09-14,6.2
2016-09-15,18.2
2016-09-16,18.6
2016-09-17,0.0
2016-09-18,0.0
2016-09-19,7.0
2016-09-20,9.2
2016-09-21,6.800000000000001
2016-09-22,20.0
2016-09-23,7.0
2016-09-24,9.2
2016-09-25,0.0
2016-09-26,10.6
2016-09-27,6.4
2016-09-28,10.6
2016-09-29,9.2
2016-09-30,11.4
2016-10-01,0.0
2016-10-02,0.0
2016-10-03,0.0
2016-10-04,10.62
2016-10-05,7.56
2016-10-06,5.4
2016-10-07,4.68
2016-10-08,0.0
2016-10-09,0.0
2016-10-10,0.0
2016-10-11,5.22
2016-10-12,3.96
2016-10-13,5.4
2016-10-14,4.32
2016-10-15,0.0
2016-10-16,0.0
2016-10-17,3.6
2016-10-18,18.0
2016-10-19,8.459999999999999
2016-10-20,4.859999999999999
2016-10-21,4.14
2016-10-22,0.0
2016-10-23,5.76
2016-10-24,0.0
2016-10-25,3.78
2016-10-26,8.459999999999999
2016-10-27,5.76
2016-10-28,0.0
2016-10-29,0.0
2016-10-30,0.0
2016-10-31,2.88
2016-11-01,3.2300000000000004
2016-11-02,7.31
2016-11-03,0.0
2016-11-04,2.89
2016-11-05,10.2
2016-11-06,0.0
2016-11-07,5.61
2016-11-08,0.0
2016-11-09,7.82
2016-11-10,6.12
2016-11-11,9.35
2016-11-12,4.42
2016-11-13,0.0
2016-11-14,8.5
2016-11-15,5.61
2016-11-16,0.0
2016-11-17,0.0
2016-11-18,4.590000000000001
2016-11-19,0.0
2016-11-20,12.24
2016-11-21,5.95
2016-11-22,5.78
2016-11-23,17.0
2016-11-24,15.81
2016-11-25,3.74
2016-11-26,0.0
2016-11-27,3.2300000000000004
2016-11-28,3.74
2016-11-29,2.21
2016-11-30,0.0
2016-12-01,7.14
2016-12-02,6.3
2016-12-03,4.62
2016-12-04,0.0
2016-12-05,5.88
2016-12-06,6.3
2016-12-07,10.29
2016-12-08,10.08
2016-12-09,0.0
2016-12-10,0.0
2016-12-11,0.0
2016-12-12,9.45
2016-12-13,0.0
2016-12-14,7.14
2016-12-15,9.03
2016-12-16,0.0
2016-12-17,6.51
2016-12-18,7.35
2016-12-19,5.88
2016-12-20,8.61
2016-12-21,21.0
2016-12-22,0.0
2016-12-23,10.29
2016-12-24,0.0
2016-12-25,3.78
2016-12-26,2.94
2016-12-27,8.19
2016-12-28,11.76
2016-12-29,5.04
2016-12-30,9.24
2016-12-31,12.6
2017-01-01,0.0
2017-01-02,2.73
2017-01-03,3.57
2017-01-04,2.52
2017-01-05,5.88
2017-01-06,3.99
2017-01-07,0.0
2017-01-08,2.73
2017-01-09,4.2
2017-01-10,3.99
2017-01-11,3.57
2017-01-12,6.09
2017-01-13,4.83
2017-01-14,0.0
2017-01-15,3.57
2017-01-16,0.0
2017-01-17,3.36
2017-01-18,2.73
2017-01-19,3.99
2017-01-20,4.83
2017-01-21,2.52
2017-01-22,7.56
2017-01-23,3.78
2017-01-24,6.93
2017-01-25,21.0
2017-01-26,13.02
2017-01-27,9.24
2017-01-28,3.36
2017-01-29,2.1
2017-01-30,5.25
2017-01-31,7.77
2017-02-01,10.08
2017-02-02,11.52
2017-02-03,10.8
2017-02-04,9.0
2017-02-05,7.199999999999999
2017-02-06,14.76
2017-02-07,5.4
2017-02-08,24.48
2017-02-09,18.36
2017-02-10,17.28
2017-02-11,3.96
2017-02-12,7.199999999999999
2017-02-13,26.28
2017-02-14,25.56
2017-02-15,12.24
2017-02-16,11.88
2017-02-17,12.24
2017-02-18,6.12
2017-02-19,4.68
2017-02-20,3.24
2017-02-21,15.12
2017-02-22,36.0
2017-02-23,9.36
2017-02-24,15.84
2017-02-25,6.48
2017-02-26,0.0
2017-02-27,7.199999999999999
2017-02-28,21.24
2017-03-01,27.84
2017-03-02,22.08
2017-03-03,14.4
2017-03-04,0.0
2017-03-05,0.0
2017-03-06,10.88
2017-03-07,15.04
2017-03-08,17.6
2017-03-09,4.48
2017-03-10,11.84
2017-03-11,5.44
2017-03-12,0.0
2017-03-13,32.0
2017-03-14,19.52
2017-03-15,15.68
2017-03-16,13.44
2017-03-17,13.12
2017-03-18,0.0
2017-03-19,5.44
2017-03-20,16.96
2017-03-21,10.88
2017-03-22,8.96
2017-03-23,14.4
2017-03-24,8.32
2017-03-25,5.44
2017-03-26,4.8
2017-03-27,15.36
2017-03-28,16.96
2017-03-29,12.8
2017-03-30,5.44
2017-03-31,13.44
2017-04-01,10.73
2017-04-02,0.0
2017-04-03,13.63
2017-04-04,8.41
2017-04-05,12.47
2017-04-06,22.62
2017-04-07,16.82
2017-04-08,6.38
2017-04-09,8.41
2017-04-10,11.31
2017-04-11,11.6
2017-04-12,17.98
2017-04-13,11.02
2017-04-14,12.18
2017-04-15,8.99
2017-04-16,0.0
2017-04-17,4.35
2017-04-18,8.41
2017-04-19,19.43
2017-04-20,9.86
2017-04-21,8.99
2017-04-22,7.249999999999999
2017-04-23,5.8
2017-04-24,11.6
2017-04-25,22.04
2017-04-26,19.72
2017-04-27,29.0
2017-04-28,7.249999999999999
2017-04-29,0.0
2017-04-30,0.0
2017-05-01,18.81
2017-05-02,33.0
2017-05-03,10.56
2017-05-04,18.48
2017-05-05,15.510000000000002
2017-05-06,13.86
2017-05-07,8.25
2017-05-08,8.91
2017-05-09,0.0
2017-05-10,15.510000000000002
2017-05-11,0.0
2017-05-12,26.73
2017-05-13,8.58
2017-05-14,0.0
2017-05-15,19.47
2017-05-16,17.82
2017-05-17,24.75
2017-05-18,4.95
2017-05-19,11.55
2017-05-20,0.0
2017-05-21,11.55
2017-05-22,9.9
2017-05-23,27.72
2017-05-24,12.87
2017-05-25,21.45
2017-05-26,12.87
2017-05-27,5.28
2017-05-28,8.91
2017-05-29,6.6000000000000005
2017-05-30,26.07
2017-05-31,11.22
2017-06-01,14.72
2017-06-02,18.88
2017-06-03,12.48
2017-06-04,0.0
2017-06-05,19.84
2017-06-06,16.96
2017-06-07,32.0
2017-06-08,16.32
2017-06-09,13.76
2017-06-10,0.0
2017-06-11,16.64
2017-06-12,18.88
2017-06-13,0.0
2017-06-14,14.08
2017-06-15,27.84
2017-06-16,17.92
2017-06-17,10.24
2017-06-18,0.0
2017-06-19,16.0
2017-06-20,14.08
2017-06-21,11.52
2017-06-22,15.68
2017-06-23,30.72
2017-06-24,0.0
2017-06-25,0.0
2017-06-26,20.48
2017-06-27,27.52
2017-06-28,24.32
2017-06-29,22.72
2017-06-30,13.44
2017-07-01,28.000000000000004
2017-07-02,0.0
2017-07-03,12.6
2017-07-04,0.0
2017-07-05,13.72
2017-07-06,13.44
2017-07-07,18.48
2017-07-08,0.0
2017-07-09,8.680000000000001
2017-07-10,22.12
2017-07-11,17.92
2017-07-12,21.28
2017-07-13,11.48
2017-07-14,9.8
2017-07-15,0.0
2017-07-16,15.68
2017-07-17,0.0
2017-07-18,13.44
2017-07-19,9.8
2017-07-20,5.040000000000001
2017-07-21,10.920000000000002
2017-07-22,10.64
2017-07-23,0.0
2017-07-24,7.000000000000001
2017-07-25,8.120000000000001
2017-07-26,7.000000000000001
2017-07-27,20.72
2017-07-28,17.080000000000002
2017-07-29,0.0
2017-07-30,0.0
2017-07-31,16.520000000000003
2017-08-01,31.0
2017-08-02,15.19
2017-08-03,24.8
2017-08-04,17.98
2017-08-05,9.3
2017-08-06,4.96
2017-08-07,20.46
2017-08-08,14.88
2017-08-09,26.97
2017-08-10,5.89
2017-08-11,15.5
2017-08-12,10.54
2017-08-13,0.0
2017-08-14,15.5
2017-08-15,18.91
2017-08-16,10.23
2017-08-17,15.81
2017-08-18,5.58
2017-08-19,0.0
2017-08-20,6.82
2017-08-21,10.54
2017-08-22,28.21
2017-08-23,23.56
2017-08-24,23.25
2017-08-25,0.0
2017-08-26,0.0
2017-08-27,4.65
2017-08-28,20.15
2017-08-29,21.39
2017-08-30,26.66
2017-08-31,19.84
2017-09-01,0.0
2017-09-02,10.85
2017-09-03,15.81
2017-09-04,5.58
2017-09-05,5.89
2017-09-06,16.43
2017-09-07,12.71
2017-09-08,15.81
2017-09-09,14.88
2017-09-10,10.23
2017-09-11,13.33
2017-09-12,20.77
2017-09-13,16.74
2017-09-14,17.05
2017-09-15,20.15
2017-09-16,17.36
2017-09-17,0.0
2017-09-18,19.53
2017-09-19,31.0
2017-09-20,26.66
2017-09-21,26.97
2017-09-22,5.27
2017-09-23,6.2
2017-09-24,0.0
2017-09-25,18.29
2017-09-26,26.04
2017-09-27,17.05
2017-09-28,9.3
2017-09-29,22.94
2017-09-30,27.9
2017-10-01,0.0
2017-10-02,13.02
2017-10-03,38.22
2017-10-04,10.5
2017-10-05,28.98
2017-10-06,23.52
2017-10-07,5.04
2017-10-08,0.0
2017-10-09,4.62
2017-10-10,28.14
2017-10-11,32.34
2017-10-12,19.32
2017-10-13,11.34
2017-10-14,0.0
2017-10-15,13.86
2017-10-16,11.34
2017-10-17,21.0
2017-10-18,24.36
2017-10-19,15.12
2017-10-20,18.48
2017-10-21,10.92
2017-10-22,0.0
2017-10-23,16.38
2017-10-24,39.48
2017-10-25,17.22
2017-10-26,35.28
2017-10-27,39.06
2017-10-28,0.0
2017-10-29,11.76
2017-10-30,28.14
2017-10-31,42.0
2017-11-01,31.200000000000003
2017-11-02,43.68
2017-11-03,52.0
2017-11-04,29.12
2017-11-05,5.720000000000001
2017-11-06,43.68
2017-11-07,28.08
2017-11-08,24.96
2017-11-09,50.96
2017-11-10,30.68
2017-11-11,7.800000000000001
2017-11-12,9.36
2017-11-13,42.64
2017-11-14,25.48
2017-11-15,21.32
2017-11-16,41.6
2017-11-17,24.44
2017-11-18,23.92
2017-11-19,0.0
2017-11-20,23.4
2017-11-21,33.800000000000004
2017-11-22,21.32
2017-11-23,7.800000000000001
2017-11-24,18.2
2017-11-25,0.0
2017-11-26,9.88
2017-11-27,28.6
2017-11-28,36.4
2017-11-29,32.24
2017-11-30,28.08
2017-12-01,20.91
2017-12-02,15.579999999999998
2017-12-03,6.15
2017-12-04,26.24
2017-12-05,26.24
2017-12-06,27.06
2017-12-07,12.3
2017-12-08,18.45
2017-12-09,0.0
2017-12-10,6.56
2017-12-11,21.73
2017-12-12,25.42
2017-12-13,22.14
2017-12-14,11.07
2017-12-15,31.57
2017-12-16,4.92
2017-12-17,0.0
2017-12-18,23.37
2017-12-19,41.0
2017-12-20,25.42
2017-12-21,29.11
2017-12-22,38.13
2017-12-23,0.0
2017-12-24,0.0
2017-12-25,9.84
2017-12-26,15.579999999999998
2017-12-27,15.17
2017-12-28,38.95
2017-12-29,25.01
2017-12-30,0.0
2017-12-31,16.81
2018-01-01,4.0
2018-01-02,20.0
2018-01-03,65.0
2018-01-04,88.0
2018-01-05,100.0
2018-01-06,34.0
2018-01-07,10.0
2018-01-08,37.0
2018-01-09,40.0
2018-01-10,32.0
2018-01-11,21.0
2018-01-12,25.0
2018-01-13,8.0
2018-01-14,5.0
2018-01-15,7.0
2018-01-16,15.0
2018-01-17,24.0
2018-01-18,23.0
2018-01-19,10.0
2018-01-20,8.0
2018-01-21,0.0
2018-01-22,30.0
2018-01-23,22.0
2018-01-24,21.0
2018-01-25,27.0
2018-01-26,37.0
2018-01-27,18.0
2018-01-28,17.0
2018-01-29,21.0
2018-01-30,21.0
2018-01-31,23.0
2018-02-01,54.27
2018-02-02,52.93
2018-02-03,18.09
2018-02-04,16.75
2018-02-05,49.580000000000005
2018-02-06,67.0
2018-02-07,56.28
2018-02-08,58.290000000000006
2018-02-09,60.970000000000006
2018-02-10,12.73
2018-02-11,36.18
2018-02-12,46.900000000000006
2018-02-13,50.92
2018-02-14,36.85
2018-02-15,46.23
2018-02-16,34.84
2018-02-17,19.43
2018-02-18,11.39
2018-02-19,0.0
2018-02-20,41.54
2018-02-21,34.84
2018-02-22,17.42
2018-02-23,10.72
2018-02-24,18.09
2018-02-25,0.0
2018-02-26,28.14
2018-02-27,58.96
2018-02-28,59.63
2018-03-01,24.78
2018-03-02,34.809999999999995
2018-03-03,12.98
2018-03-04,0.0
2018-03-05,38.94
2018-03-06,49.56
2018-03-07,36.58
2018-03-08,46.02
2018-03-09,31.27
2018-03-10,18.29
2018-03-11,5.31
2018-03-12,37.17
2018-03-13,59.0
2018-03-14,53.1
2018-03-15,47.79
2018-03-16,33.629999999999995
2018-03-17,14.16
2018-03-18,8.85
2018-03-19,27.73
2018-03-20,43.66
2018-03-21,35.989999999999995
2018-03-22,36.58
2018-03-23,36.58
2018-03-24,5.31
2018-03-25,6.489999999999999
2018-03-26,31.86
2018-03-27,47.79
2018-03-28,40.12
2018-03-29,37.17
2018-03-30,11.8
2018-03-31,0.0
2018-04-01,0.0
2018-04-02,44.66
2018-04-03,55.1
2018-04-04,41.18
2018-04-05,38.28
2018-04-06,48.13999999999999
2018-04-07,17.98
2018-04-08,5.8
2018-04-09,8.7
2018-04-10,34.22
2018-04-11,25.52
2018-04-12,40.02
2018-04-13,26.68
2018-04-14,10.44
2018-04-15,0.0
2018-04-16,26.1
2018-04-17,39.44
2018-04-18,29.0
2018-04-19,25.52
2018-04-20,21.46
2018-04-21,13.34
2018-04-22,0.0
2018-04-23,24.94
2018-04-24,36.54
2018-04-25,34.22
2018-04-26,57.99999999999999
2018-04-27,48.72
2018-04-28,11.02
2018-04-29,9.28
2018-04-30,28.42
2018-05-01,39.6
2018-05-02,24.3
2018-05-03,25.65
2018-05-04,18.45
2018-05-05,17.55
2018-05-06,9.45
2018-05-07,27.9
2018-05-08,42.75
2018-05-09,45.0
2018-05-10,38.7
2018-05-11,29.25
2018-05-12,0.0
2018-05-13,18.9
2018-05-14,21.15
2018-05-15,23.4
2018-05-16,13.5
2018-05-17,18.0
2018-05-18,23.85
2018-05-19,5.4
2018-05-20,7.65
2018-05-21,36.0
2018-05-22,34.65
2018-05-23,31.05
2018-05-24,20.25
2018-05-25,18.9
2018-05-26,0.0
2018-05-27,0.0
2018-05-28,0.0
2018-05-29,29.7
2018-05-30,34.2
2018-05-31,18.0
2018-06-01,13.44
2018-06-02,0.0
2018-06-03,7.280000000000001
2018-06-04,31.92
2018-06-05,30.800000000000004
2018-06-06,30.24
2018-06-07,32.480000000000004
2018-06-08,41.440000000000005
2018-06-09,19.040000000000003
2018-06-10,0.0
2018-06-11,22.96
2018-06-12,28.000000000000004
2018-06-13,20.160000000000004
2018-06-14,30.24
2018-06-15,29.120000000000005
2018-06-16,0.0
2018-06-17,10.64
2018-06-18,29.120000000000005
2018-06-19,23.520000000000003
2018-06-20,30.24
2018-06-21,56.00000000000001
2018-06-22,48.720000000000006
2018-06-23,12.88
2018-06-24,0.0
2018-06-25,34.720000000000006
2018-06-26,31.360000000000003
2018-06-27,31.360000000000003
2018-06-28,25.200000000000003
2018-06-29,34.160000000000004
2018-06-30,5.6000000000000005
2018-07-01,5.2
2018-07-02,11.44
2018-07-03,10.4
2018-07-04,6.24
2018-07-05,15.08
2018-07-06,10.4
2018-07-07,12.48
2018-07-08,5.2
2018-07-09,16.12
2018-07-10,19.24
2018-07-11,13.0
2018-07-12,16.12
2018-07-13,11.96
2018-07-14,8.84
2018-07-15,0.0
2018-07-16,9.36
2018-07-17,18.72
2018-07-18,11.96
2018-07-19,12.48
2018-07-20,15.6
2018-07-21,2.6
2018-07-22,18.2
2018-07-23,16.12
2018-07-24,17.16
2018-07-25,16.12
2018-07-26,32.24
2018-07-27,52.0
2018-07-28,14.56
2018-07-29,11.96
2018-07-30,21.32
2018-07-31,14.56
2018-08-01,42.3
2018-08-02,16.45
2018-08-03,20.21
2018-08-04,10.34
2018-08-05,0.0
2018-08-06,33.84
2018-08-07,30.55
2018-08-08,32.43
2018-08-09,38.54
2018-08-10,33.84
2018-08-11,0.0
2018-08-12,13.16
2018-08-13,47.0
2018-08-14,32.9
2018-08-15,28.67
2018-08-16,24.44
2018-08-17,38.54
2018-08-18,25.38
2018-08-19,9.4
2018-08-20,24.91
2018-08-21,32.43
2018-08-22,31.96
2018-08-23,31.49
2018-08-24,35.25
2018-08-25,7.989999999999999
2018-08-26,6.58
2018-08-27,22.56
2018-08-28,29.14
2018-08-29,8.459999999999999
2018-08-30,25.85
2018-08-31,23.97
2018-09-01,8.2
2018-09-02,5.33
2018-09-03,0.0
2018-09-04,36.9
2018-09-05,34.03
2018-09-06,29.52
2018-09-07,22.96
2018-09-08,12.3
2018-09-09,0.0
2018-09-10,25.42
2018-09-11,21.73
2018-09-12,38.95
2018-09-13,41.0
2018-09-14,29.93
2018-09-15,0.0
2018-09-16,0.0
2018-09-17,16.81
2018-09-18,25.83
2018-09-19,22.14
2018-09-20,20.91
2018-09-21,35.669999999999995
2018-09-22,5.739999999999999
2018-09-23,4.92
2018-09-24,25.42
2018-09-25,23.78
2018-09-26,21.73
2018-09-27,34.85
2018-09-28,37.72
2018-09-29,20.5
2018-09-30,0.0
2018-10-01,0.0
2018-10-02,52.0
2018-10-03,52.0
2018-10-04,39.52
2018-10-05,49.4
2018-10-06,5.720000000000001
2018-10-07,0.0
2018-10-08,29.12
2018-10-09,25.48
2018-10-10,43.68
2018-10-11,24.96
2018-10-12,30.16
2018-10-13,9.88
2018-10-14,0.0
2018-10-15,26.0
2018-10-16,30.16
2018-10-17,20.28
2018-10-18,20.28
2018-10-19,21.84
2018-10-20,15.08
2018-10-21,0.0
2018-10-22,37.44
2018-10-23,42.120000000000005
2018-10-24,21.32
2018-10-25,48.36
2018-10-26,45.760000000000005
2018-10-27,11.44
2018-10-28,10.4
2018-10-29,29.12
2018-10-30,38.48
2018-10-31,49.92
2018-11-01,30.4
2018-11-02,32.800000000000004
2018-11-03,11.2
2018-11-04,0.0
2018-11-05,22.4
2018-11-06,16.8
2018-11-07,19.6
2018-11-08,36.4
2018-11-09,18.4
2018-11-10,0.0
2018-11-11,0.0
2018-11-12,24.4
2018-11-13,14.4
2018-11-14,0.0
2018-11-15,21.6
2018-11-16,18.4
2018-11-17,0.0
2018-11-18,6.4
2018-11-19,40.0
2018-11-20,27.200000000000003
2018-11-21,18.0
2018-11-22,0.0
2018-11-23,15.2
2018-11-24,12.0
2018-11-25,0.0
2018-11-26,23.200000000000003
2018-11-27,20.8
2018-11-28,23.6
2018-11-29,21.6
2018-11-30,27.6
2018-12-01,7.04
2018-12-02,7.36
2018-12-03,21.44
2018-12-04,32.0
2018-12-05,16.96
2018-12-06,18.88
2018-12-07,16.0
2018-12-08,0.0
2018-12-09,7.04
2018-12-10,17.6
2018-12-11,24.64
2018-12-12,11.84
2018-12-13,20.16
2018-12-14,14.08
2018-12-15,10.24
2018-12-16,0.0
2018-12-17,13.76
2018-12-18,22.4
2018-12-19,11.2
2018-12-20,30.4
2018-12-21,31.36
2018-12-22,6.4
2018-12-23,8.32
2018-12-24,14.08
2018-12-25,0.0
2018-12-26,31.36
2018-12-27,15.36
2018-12-28,15.04
2018-12-29,0.0
2018-12-30,8.64
2018-12-31,30.72
2019-01-01,12.47
2019-01-02,43.0
2019-01-03,30.96
2019-01-04,31.39
2019-01-05,28.81
2019-01-06,9.03
2019-01-07,15.91
2019-01-08,25.8
2019-01-09,27.09
2019-01-10,29.24
2019-01-11,15.91
2019-01-12,7.31
2019-01-13,0.0
2019-01-14,13.76
2019-01-15,26.23
2019-01-16,27.09
2019-01-17,18.06
2019-01-18,27.09
2019-01-19,14.62
2019-01-20,0.0
2019-01-21,9.03
2019-01-22,19.78
2019-01-23,18.92
2019-01-24,37.84
2019-01-25,36.98
2019-01-26,21.5
2019-01-27,18.49
2019-01-28,27.09
2019-01-29,32.68
2019-01-30,22.36
2019-01-31,31.82
2019-02-01,28.44
2019-02-02,10.8
2019-02-03,0.0
2019-02-04,20.16
2019-02-05,25.92
2019-02-06,21.24
2019-02-07,18.0
2019-02-08,19.44
2019-02-09,21.96
2019-02-10,0.0
2019-02-11,11.16
2019-02-12,20.16
2019-02-13,17.64
2019-02-14,36.0
2019-02-15,31.68
2019-02-16,14.4
2019-02-17,10.8
2019-02-18,6.12
2019-02-19,17.64
2019-02-20,26.64
2019-02-21,20.16
2019-02-22,23.76
2019-02-23,15.12
2019-02-24,0.0
2019-02-25,17.28
2019-02-26,25.56
2019-02-27,5.76
2019-02-28,16.2
2019-03-01,15.4
2019-03-02,15.05
2019-03-03,13.3
2019-03-04,17.849999999999998
2019-03-05,29.05
2019-03-06,27.3
2019-03-07,17.849999999999998
2019-03-08,25.9
2019-03-09,17.5
2019-03-10,0.0
2019-03-11,25.9
2019-03-12,35.0
2019-03-13,19.95
2019-03-14,22.4
2019-03-15,21.0
2019-03-16,23.1
2019-03-17,0.0
2019-03-18,15.05
2019-03-19,17.849999999999998
2019-03-20,0.0
2019-03-21,27.65
2019-03-22,22.05
2019-03-23,0.0
2019-03-24,6.65
2019-03-25,16.799999999999997
2019-03-26,25.9
2019-03-27,12.25
2019-03-28,30.1
2019-03-29,26.25
2019-03-30,12.6
2019-03-31,0.0
2019-04-01,10.34
2019-04-02,10.34
2019-04-03,15.98
2019-04-04,28.2
2019-04-05,14.1
2019-04-06,0.0
2019-04-07,0.0
2019-04-08,17.39
2019-04-09,13.16
2019-04-10,12.22
2019-04-11,15.98
2019-04-12,24.91
2019-04-13,0.0
2019-04-14,0.0
2019-04-15,12.69
2019-04-16,21.62
2019-04-17,35.25
2019-04-18,18.8
2019-04-19,14.57
2019-04-20,8.93
2019-04-21,0.0
2019-04-22,16.45
2019-04-23,20.68
2019-04-24,18.8
2019-04-25,23.03
2019-04-26,47.0
2019-04-27,15.51
2019-04-28,15.98
2019-04-29,24.91
2019-04-30,15.51
2019-05-01,34.0
2019-05-02,20.0
2019-05-03,22.0
2019-05-04,8.0
2019-05-05,9.0
2019-05-06,30.5
2019-05-07,38.5
2019-05-08,30.0
2019-05-09,36.0
2019-05-10,44.5
2019-05-11,8.0
2019-05-12,6.5
2019-05-13,36.5
2019-05-14,34.0
2019-05-15,29.0
2019-05-16,26.0
2019-05-17,33.0
2019-05-18,0.0
2019-05-19,6.0
2019-05-20,34.0
2019-05-21,50.0
2019-05-22,25.0
2019-05-23,27.0
2019-05-24,34.5
2019-05-25,21.0
2019-05-26,16.0
2019-05-27,17.0
2019-05-28,25.0
2019-05-29,10.5
2019-05-30,21.5
2019-05-31,39.5
2019-06-01,0.0
2019-06-02,5.76
2019-06-03,19.08
2019-06-04,13.32
2019-06-05,25.56
2019-06-06,36.0
2019-06-07,19.08
2019-06-08,3.6
2019-06-09,11.16
2019-06-10,14.04
2019-06-11,22.32
2019-06-12,20.52
2019-06-13,8.28
2019-06-14,7.56
2019-06-15,6.12
2019-06-16,12.6
2019-06-17,0.0
2019-06-18,25.2
2019-06-19,28.08
2019-06-20,3.6
2019-06-21,18.36
2019-06-22,5.04
2019-06-23,0.0
2019-06-24,0.0
2019-06-25,12.96
2019-06-26,0.0
2019-06-27,25.92
2019-06-28,7.56
2019-06-29,3.96
2019-06-30,5.04
2019-07-01,13.3
2019-07-02,15.58
2019-07-03,14.82
2019-07-04,0.0
2019-07-05,10.26
2019-07-06,3.8
2019-07-07,3.8
2019-07-08,8.74
2019-07-09,3.04
2019-07-10,12.54
2019-07-11,15.2
2019-07-12,19.76
2019-07-13,0.0
2019-07-14,4.18
2019-07-15,9.5
2019-07-16,15.2
2019-07-17,10.26
2019-07-18,15.2
2019-07-19,12.92
2019-07-20,0.0
2019-07-21,6.84
2019-07-22,15.58
2019-07-23,10.26
2019-07-24,25.08
2019-07-25,20.52
2019-07-26,38.0
2019-07-27,9.88
2019-07-28,7.98
2019-07-29,13.3
2019-07-30,8.36
2019-07-31,8.36
2019-08-01,34.0
2019-08-02,0.0
2019-08-03,20.4
2019-08-04,7.82
2019-08-05,23.8
2019-08-06,9.86
2019-08-07,17.34
2019-08-08,18.02
2019-08-09,23.8
2019-08-10,17.0
2019-08-11,13.94
2019-08-12,11.56
2019-08-13,13.6
2019-08-14,19.380000000000003
2019-08-15,18.02
2019-08-16,24.48
2019-08-17,0.0
2019-08-18,0.0
2019-08-19,7.140000000000001
2019-08-20,19.380000000000003
2019-08-21,30.94
2019-08-22,20.74
2019-08-23,10.2
2019-08-24,0.0
2019-08-25,5.1000000000000005
2019-08-26,22.44
2019-08-27,26.520000000000003
2019-08-28,30.6
2019-08-29,21.08
2019-08-30,5.78
2019-08-31,0.0
2019-09-01,0.0
2019-09-02,9.57
2019-09-03,26.97
2019-09-04,18.56
2019-09-05,14.79
2019-09-06,21.75
2019-09-07,0.0
2019-09-08,0.0
2019-09-09,20.59
2019-09-10,29.0
2019-09-11,10.73
2019-09-12,17.11
2019-09-13,25.52
2019-09-14,4.35
2019-09-15,0.0
2019-09-16,17.4
2019-09-17,8.12
2019-09-18,18.85
2019-09-19,19.72
2019-09-20,17.98
2019-09-21,0.0
2019-09-22,5.22
2019-09-23,23.2
2019-09-24,12.76
2019-09-25,17.98
2019-09-26,22.91
2019-09-27,21.46
2019-09-28,0.0
2019-09-29,0.0
2019-09-30,15.079999999999998
2019-10-01,26.520000000000003
2019-10-02,16.66
2019-10-03,16.66
2019-10-04,5.78
2019-10-05,7.82
2019-10-06,0.0
2019-10-07,7.140000000000001
2019-10-08,13.260000000000002
2019-10-09,13.94
2019-10-10,16.66
2019-10-11,18.700000000000003
2019-10-12,0.0
2019-10-13,0.0
2019-10-14,19.040000000000003
2019-10-15,22.78
2019-10-16,4.08
2019-10-17,19.380000000000003
2019-10-18,16.32
2019-10-19,0.0
2019-10-20,0.0
2019-10-21,19.72
2019-10-22,17.34
2019-10-23,27.540000000000003
2019-10-24,33.660000000000004
2019-10-25,34.0
2019-10-26,0.0
2019-10-27,13.260000000000002
2019-10-28,29.58
2019-10-29,28.9
2019-10-30,13.94
2019-10-31,22.78
2019-11-01,19.44
2019-11-02,15.12
2019-11-03,0.0
2019-11-04,24.84
2019-11-05,36.0
2019-11-06,22.68
2019-11-07,19.8
2019-11-08,30.6
2019-11-09,7.92
2019-11-10,0.0
2019-11-11,13.32
2019-11-12,31.68
2019-11-13,21.6
2019-11-14,16.56
2019-11-15,11.88
2019-11-16,0.0
2019-11-17,0.0
2019-11-18,21.6
2019-11-19,16.56
2019-11-20,27.72
2019-11-21,22.68
2019-11-22,13.68
2019-11-23,0.0
2019-11-24,5.76
2019-11-25,20.16
2019-11-26,14.4
2019-11-27,0.0
2019-11-28,7.92
2019-11-29,11.88
2019-11-30,0.0
2019-12-01,9.18
2019-12-02,17.34
2019-12-03,34.0
2019-12-04,22.78
2019-12-05,10.2
2019-12-06,26.520000000000003
2019-12-07,0.0
2019-12-08,0.0
2019-12-09,10.2
2019-12-10,7.82
2019-12-11,9.86
2019-12-12,25.500000000000004
2019-12-13,24.48
2019-12-14,6.460000000000001
2019-12-15,0.0
2019-12-16,7.48
2019-12-17,32.980000000000004
2019-12-18,15.3
2019-12-19,22.44
2019-12-20,15.64
2019-12-21,13.6
2019-12-22,9.52
2019-12-23,16.32
2019-12-24,31.96
2019-12-25,5.1000000000000005
2019-12-26,15.3
2019-12-27,32.980000000000004
2019-12-28,7.82
2019-12-29,5.78
2019-12-30,20.74
2019-12-31,21.76
2020-01-01,8.64
2020-01-02,32.400000000000006
2020-01-03,13.5
2020-01-04,6.48
2020-01-05,0.0
2020-01-06,18.9
2020-01-07,12.420000000000002
2020-01-08,21.06
2020-01-09,11.88
2020-01-10,9.72
2020-01-11,5.94
2020-01-12,0.0
2020-01-13,7.56
2020-01-14,14.580000000000002
2020-01-15,14.04
2020-01-16,14.580000000000002
2020-01-17,9.18
2020-01-18,0.0
2020-01-19,0.0
2020-01-20,3.78
2020-01-21,14.04
2020-01-22,16.740000000000002
2020-01-23,32.940000000000005
2020-01-24,54.0
2020-01-25,21.6
2020-01-26,8.100000000000001
2020-01-27,28.62
2020-01-28,20.520000000000003
2020-01-29,34.02
2020-01-30,21.6
2020-01-31,18.9
2020-02-01,0.0
2020-02-02,13.26
2020-02-03,34.68
2020-02-04,31.11
2020-02-05,49.98
2020-02-06,34.68
2020-02-07,30.09
2020-02-08,16.32
2020-02-09,10.71
2020-02-10,28.05
2020-02-11,43.86
2020-02-12,33.660000000000004
2020-02-13,40.29
2020-02-14,43.35
2020-02-15,9.69
2020-02-16,0.0
2020-02-17,0.0
2020-02-18,31.62
2020-02-19,30.6
2020-02-20,15.3
2020-02-21,32.64
2020-02-22,8.16
2020-02-23,11.22
2020-02-24,23.46
2020-02-25,37.74
2020-02-26,33.660000000000004
2020-02-27,51.0
2020-02-28,42.33
2020-02-29,22.95
2020-03-01,18.630000000000003
2020-03-02,39.690000000000005
2020-03-03,31.590000000000003
2020-03-04,42.93
2020-03-05,46.98
2020-03-06,44.55
2020-03-07,14.580000000000002
2020-03-08,12.96
2020-03-09,61.56
2020-03-10,41.31
2020-03-11,50.220000000000006
2020-03-12,79.38000000000001
2020-03-13,81.0
2020-03-14,42.93
2020-03-15,13.77
2020-03-16,51.03
2020-03-17,65.61
2020-03-18,54.27
2020-03-19,60.75000000000001
2020-03-20,59.13
2020-03-21,12.15
2020-03-22,25.92
2020-03-23,66.42
2020-03-24,53.46
2020-03-25,70.47
2020-03-26,73.71000000000001
2020-03-27,55.89
2020-03-28,25.110000000000003
2020-03-29,21.06
2020-03-30,51.84
2020-03-31,63.18000000000001
2020-04-01,32.830000000000005
2020-04-02,47.57
2020-04-03,40.2
2020-04-04,13.4
2020-04-05,0.0
2020-04-06,54.27
2020-04-07,25.46
2020-04-08,36.85
2020-04-09,60.970000000000006
2020-04-10,22.110000000000003
2020-04-11,5.36
2020-04-12,4.0200000000000005
2020-04-13,37.52
2020-04-14,44.89
2020-04-15,54.27
2020-04-16,17.42
2020-04-17,46.900000000000006
2020-04-18,12.06
2020-04-19,6.7
2020-04-20,31.49
2020-04-21,39.53
2020-04-22,31.49
2020-04-23,67.0
2020-04-24,60.970000000000006
2020-04-25,17.42
2020-04-26,8.040000000000001
2020-04-27,46.23
2020-04-28,33.5
2020-04-29,25.46
2020-04-30,54.27
2020-05-01,37.74
2020-05-02,11.73
2020-05-03,8.67
2020-05-04,47.94
2020-05-05,40.29
2020-05-06,24.48
2020-05-07,18.87
2020-05-08,35.19
2020-05-09,22.95
2020-05-10,15.3
2020-05-11,31.62
2020-05-12,32.13
2020-05-13,25.5
2020-05-14,32.64
2020-05-15,18.87
2020-05-16,18.87
2020-05-17,12.75
2020-05-18,29.07
2020-05-19,51.0
2020-05-20,27.54
2020-05-21,34.17
2020-05-22,30.09
2020-05-23,10.2
2020-05-24,7.140000000000001
2020-05-25,9.69
2020-05-26,23.46
2020-05-27,26.01
2020-05-28,30.6
2020-05-29,24.48
2020-05-30,4.59
2020-05-31,5.61
2020-06-01,28.08
2020-06-02,36.18
2020-06-03,30.78
2020-06-04,26.46
2020-06-05,42.66
2020-06-06,5.94
2020-06-07,5.94
2020-06-08,27.540000000000003
2020-06-09,19.98
2020-06-10,35.64
2020-06-11,35.64
2020-06-12,26.46
2020-06-13,0.0
2020-06-14,5.4
2020-06-15,24.840000000000003
2020-06-16,34.56
2020-06-17,26.46
2020-06-18,18.36
2020-06-19,23.22
2020-06-20,16.200000000000003
2020-06-21,0.0
2020-06-22,52.92
2020-06-23,54.0
2020-06-24,12.96
2020-06-25,27.0
2020-06-26,22.14
2020-06-27,0.0
2020-06-28,4.86
2020-06-29,22.68
2020-06-30,26.46
2020-07-01,10.36
2020-07-02,15.54
2020-07-03,4.44
2020-07-04,3.7
2020-07-05,7.4
2020-07-06,22.94
2020-07-07,14.8
2020-07-08,16.28
2020-07-09,17.759999999999998
2020-07-10,17.759999999999998
2020-07-11,0.0
2020-07-12,2.96
2020-07-13,16.28
2020-07-14,14.8
2020-07-15,16.28
2020-07-16,8.14
2020-07-17,17.02
2020-07-18,8.14
2020-07-19,0.0
2020-07-20,8.14
2020-07-21,14.8
2020-07-22,23.68
2020-07-23,26.64
2020-07-24,74.0
2020-07-25,33.3
2020-07-26,18.5
2020-07-27,44.4
2020-07-28,46.62
2020-07-29,42.92
2020-07-30,40.7
2020-07-31,39.22
2020-08-01,24.3
2020-08-02,29.160000000000004
2020-08-03,81.0
2020-08-04,48.6
2020-08-05,72.09
2020-08-06,73.71000000000001
2020-08-07,62.370000000000005
2020-08-08,18.630000000000003
2020-08-09,13.77
2020-08-10,63.18000000000001
2020-08-11,72.09
2020-08-12,53.46
2020-08-13,57.510000000000005
2020-08-14,34.02
2020-08-15,29.97
2020-08-16,21.06
2020-08-17,42.120000000000005
2020-08-18,48.6
2020-08-19,39.690000000000005
2020-08-20,77.76
2020-08-21,54.27
2020-08-22,21.06
2020-08-23,11.34
2020-08-24,55.080000000000005
2020-08-25,37.260000000000005
2020-08-26,38.88
2020-08-27,35.64
2020-08-28,42.93
2020-08-29,14.580000000000002
2020-08-30,12.15
2020-08-31,45.36
2020-09-01,42.09
2020-09-02,61.0
2020-09-03,55.51
2020-09-04,48.19
2020-09-05,10.37
2020-09-06,5.49
2020-09-07,7.32
2020-09-08,39.04
2020-09-09,37.82
2020-09-10,40.26
2020-09-11,34.77
2020-09-12,10.98
2020-09-13,12.2
2020-09-14,39.04
2020-09-15,34.77
2020-09-16,29.28
2020-09-17,31.72
2020-09-18,25.01
2020-09-19,18.91
2020-09-20,0.0
2020-09-21,37.21
2020-09-22,29.89
2020-09-23,16.47
2020-09-24,22.57
2020-09-25,40.87
2020-09-26,0.0
2020-09-27,0.0
2020-09-28,23.18
2020-09-29,25.62
2020-09-30,32.94
2020-10-01,16.2
2020-10-02,28.8
2020-10-03,7.8
2020-10-04,0.0
2020-10-05,18.0
2020-10-06,18.6
2020-10-07,13.8
2020-10-08,25.2
2020-10-09,28.2
2020-10-10,4.2
2020-10-11,4.2
2020-10-12,37.2
2020-10-13,26.4
2020-10-14,31.2
2020-10-15,12.0
2020-10-16,10.2
2020-10-17,9.0
2020-10-18,3.6
2020-10-19,19.2
2020-10-20,21.6
2020-10-21,21.6
2020-10-22,44.4
2020-10-23,60.0
2020-10-24,18.0
2020-10-25,7.8
2020-10-26,31.8
2020-10-27,30.6
2020-10-28,24.6
2020-10-29,33.6
2020-10-30,14.4
2020-10-31,4.8
2020-11-01,7.15
2020-11-02,27.500000000000004
2020-11-03,41.8
2020-11-04,26.4
2020-11-05,23.65
2020-11-06,33.0
2020-11-07,15.95
2020-11-08,11.55
2020-11-09,40.150000000000006
2020-11-10,46.75000000000001
2020-11-11,36.85
2020-11-12,30.250000000000004
2020-11-13,36.3
2020-11-14,8.25
2020-11-15,6.6000000000000005
2020-11-16,48.400000000000006
2020-11-17,33.550000000000004
2020-11-18,40.150000000000006
2020-11-19,37.400000000000006
2020-11-20,26.4
2020-11-21,12.1
2020-11-22,6.050000000000001
2020-11-23,42.900000000000006
2020-11-24,55.00000000000001
2020-11-25,25.3
2020-11-26,12.1
2020-11-27,19.8
2020-11-28,10.45
2020-11-29,7.15
2020-11-30,33.0
2020-12-01,59.0
2020-12-02,40.71
2020-12-03,40.12
2020-12-04,39.53
2020-12-05,28.91
2020-12-06,15.93
2020-12-07,50.74
2020-12-08,30.09
2020-12-09,43.66
2020-12-10,48.38
2020-12-11,44.84
2020-12-12,20.65
2020-12-13,0.0
2020-12-14,34.22
2020-12-15,43.66
2020-12-16,43.66
2020-12-17,48.97
2020-12-18,54.28
2020-12-19,6.489999999999999
2020-12-20,17.11
2020-12-21,44.25
2020-12-22,47.79
2020-12-23,30.09
2020-12-24,35.989999999999995
2020-12-25,6.489999999999999
2020-12-26,23.6
2020-12-27,8.85
2020-12-28,50.15
2020-12-29,56.05
2020-12-30,32.45
2020-12-31,41.3
2021-01-01,6.16
2021-01-02,16.94
2021-01-03,0.0
2021-01-04,41.58
2021-01-05,38.5
2021-01-06,21.56
2021-01-07,44.66
2021-01-08,30.03
2021-01-09,7.7
2021-01-10,0.0
2021-01-11,25.41
2021-01-12,43.120000000000005
2021-01-13,76.23
2021-01-14,67.76
2021-01-15,38.5
2021-01-16,26.18
2021-01-17,3.85
2021-01-18,11.55
2021-01-19,39.27
2021-01-20,43.120000000000005
2021-01-21,60.06
2021-01-22,77.0
2021-01-23,20.79
2021-01-24,9.24
2021-01-25,65.45
2021-01-26,41.58
2021-01-27,50.05
2021-01-28,50.82
2021-01-29,44.66
2021-01-30,7.7
2021-01-31,11.55
2021-02-01,41.61
2021-02-02,54.75
2021-02-03,58.4
2021-02-04,50.37
2021-02-05,45.26
2021-02-06,21.9
2021-02-07,8.03
2021-02-08,43.8
2021-02-09,51.83
2021-02-10,43.07
2021-02-11,61.32
2021-02-12,62.78
2021-02-13,8.76
2021-02-14,13.14
2021-02-15,21.17
2021-02-16,37.23
2021-02-17,43.8
2021-02-18,40.88
2021-02-19,49.64
2021-02-20,18.25
2021-02-21,8.03
2021-02-22,51.1
2021-02-23,50.37
2021-02-24,73.0
2021-02-25,49.64
2021-02-26,51.83
2021-02-27,21.9
2021-02-28,13.87
2021-03-01,52.5
2021-03-02,40.5
2021-03-03,17.25
2021-03-04,21.0
2021-03-05,27.0
2021-03-06,10.5
2021-03-07,13.5
2021-03-08,37.5
2021-03-09,52.5
2021-03-10,30.75
2021-03-11,36.0
2021-03-12,29.25
2021-03-13,15.0
2021-03-14,9.0
2021-03-15,31.5
2021-03-16,30.75
2021-03-17,45.0
2021-03-18,40.5
2021-03-19,36.0
2021-03-20,6.0
2021-03-21,6.0
2021-03-22,38.25
2021-03-23,39.75
2021-03-24,75.0
2021-03-25,58.5
2021-03-26,38.25
2021-03-27,4.5
2021-03-28,9.75
2021-03-29,26.25
2021-03-30,45.75
2021-03-31,33.0
2021-04-01,35.19
2021-04-02,33.12
2021-04-03,8.969999999999999
2021-04-04,8.969999999999999
2021-04-05,53.13
2021-04-06,33.809999999999995
2021-04-07,45.54
2021-04-08,41.4
2021-04-09,39.33
2021-04-10,17.25
2021-04-11,10.35
2021-04-12,49.67999999999999
2021-04-13,46.92
2021-04-14,64.17
2021-04-15,37.95
2021-04-16,55.2
2021-04-17,0.0
2021-04-18,12.419999999999998
2021-04-19,35.19
2021-04-20,35.19
2021-04-21,37.95
2021-04-22,69.0
2021-04-23,59.34
2021-04-24,26.91
2021-04-25,11.73
2021-04-26,63.48
2021-04-27,48.3
2021-04-28,58.65
2021-04-29,54.51
2021-04-30,28.29
2021-05-01,13.02
2021-05-02,30.38
2021-05-03,35.96
2021-05-04,43.4
2021-05-05,38.44
2021-05-06,55.8
2021-05-07,62.0
2021-05-08,29.76
2021-05-09,5.58
2021-05-10,57.66
2021-05-11,26.04
2021-05-12,22.32
2021-05-13,45.88
2021-05-14,50.84
2021-05-15,13.64
2021-05-16,9.92
2021-05-17,34.1
2021-05-18,48.98
2021-05-19,55.8
2021-05-20,45.26
2021-05-21,35.34
2021-05-22,0.0
2021-05-23,4.96
2021-05-24,38.44
2021-05-25,59.52
2021-05-26,50.22
2021-05-27,20.46
2021-05-28,27.28
2021-05-29,16.12
2021-05-30,0.0
2021-05-31,17.36
2021-06-01,32.13
2021-06-02,22.95
2021-06-03,38.25
2021-06-04,29.07
2021-06-05,5.61
2021-06-06,7.140000000000001
2021-06-07,0.0
2021-06-08,36.72
2021-06-09,43.35
2021-06-10,25.5
2021-06-11,22.95
2021-06-12,0.0
2021-06-13,6.63
2021-06-14,32.13
2021-06-15,36.21
2021-06-16,34.68
2021-06-17,29.07
2021-06-18,30.6
2021-06-19,9.69
2021-06-20,0.0
2021-06-21,41.82
2021-06-22,29.58
2021-06-23,25.5
2021-06-24,32.13
2021-06-25,15.81
2021-06-26,17.34
2021-06-27,0.0
2021-06-28,30.6
2021-06-29,21.42
2021-06-30,51.0
2021-07-01,15.68
2021-07-02,33.81
2021-07-03,6.37
2021-07-04,0.0
2021-07-05,0.0
2021-07-06,17.15
2021-07-07,29.4
2021-07-08,25.48
2021-07-09,25.48
2021-07-10,10.29
2021-07-11,0.0
2021-07-12,36.26
2021-07-13,12.74
2021-07-14,29.89
2021-07-15,17.15
2021-07-16,36.75
2021-07-17,0.0
2021-07-18,12.25
2021-07-19,21.07
2021-07-20,36.26
2021-07-21,33.32
2021-07-22,31.85
2021-07-23,43.12
2021-07-24,11.27
2021-07-25,11.27
2021-07-26,37.73
2021-07-27,29.89
2021-07-28,49.0
2021-07-29,33.32
2021-07-30,46.06
2021-07-31,0.0
2021-08-01,7.700000000000001
2021-08-02,53.900000000000006
2021-08-03,18.15
2021-08-04,47.3
2021-08-05,46.75000000000001
2021-08-06,34.650000000000006
2021-08-07,13.750000000000002
2021-08-08,9.35
2021-08-09,20.35
2021-08-10,46.75000000000001
2021-08-11,43.45
2021-08-12,16.5
2021-08-13,41.25
2021-08-14,16.5
2021-08-15,9.35
2021-08-16,52.8
2021-08-17,29.700000000000003
2021-08-18,34.650000000000006
2021-08-19,48.400000000000006
2021-08-20,29.15
2021-08-21,12.65
2021-08-22,18.700000000000003
2021-08-23,53.35
2021-08-24,55.00000000000001
2021-08-25,35.75
2021-08-26,44.0
2021-08-27,51.7
2021-08-28,20.9
2021-08-29,25.85
2021-08-30,48.95
2021-08-31,53.900000000000006
2021-09-01,24.3
2021-09-02,54.0
2021-09-03,41.040000000000006
2021-09-04,10.260000000000002
2021-09-05,0.0
2021-09-06,6.48
2021-09-07,30.78
2021-09-08,47.52
2021-09-09,32.400000000000006
2021-09-10,29.160000000000004
2021-09-11,6.48
2021-09-12,6.48
2021-09-13,43.2
2021-09-14,23.76
2021-09-15,42.120000000000005
2021-09-16,23.76
2021-09-17,23.22
2021-09-18,20.520000000000003
2021-09-19,8.64
2021-09-20,21.6
2021-09-21,34.02
2021-09-22,11.34
2021-09-23,28.62
2021-09-24,41.580000000000005
2021-09-25,10.8
2021-09-26,10.8
2021-09-27,38.88
2021-09-28,27.0
2021-09-29,44.28
2021-09-30,32.940000000000005
2021-10-01,16.64
2021-10-02,8.32
2021-10-03,0.0
2021-10-04,7.04
2021-10-05,8.96
2021-10-06,15.36
2021-10-07,15.36
2021-10-08,20.48
2021-10-09,8.96
2021-10-10,8.96
2021-10-11,10.88
2021-10-12,15.36
2021-10-13,32.0
2021-10-14,18.56
2021-10-15,13.44
2021-10-16,5.12
2021-10-17,0.0
2021-10-18,19.2
2021-10-19,13.44
2021-10-20,24.96
2021-10-21,23.04
2021-10-22,64.0
2021-10-23,20.48
2021-10-24,3.2
2021-10-25,40.32
2021-10-26,38.4
2021-10-27,46.08
2021-10-28,26.24
2021-10-29,23.68
2021-10-30,2.56
2021-10-31,12.16
2021-11-01,55.48
2021-11-02,45.99
2021-11-03,35.04
2021-11-04,41.61
2021-11-05,73.0
2021-11-06,23.36
2021-11-07,19.71
2021-11-08,55.48
2021-11-09,50.37
2021-11-10,52.56
2021-11-11,41.61
2021-11-12,54.75
2021-11-13,25.55
2021-11-14,5.109999999999999
2021-11-15,46.72
2021-11-16,48.18
2021-11-17,38.69
2021-11-18,37.23
2021-11-19,48.18
2021-11-20,32.12
2021-11-21,16.79
2021-11-22,42.34
2021-11-23,43.8
2021-11-24,29.93
2021-11-25,17.52
2021-11-26,43.07
2021-11-27,19.71
2021-11-28,0.0
2021-11-29,45.99
2021-11-30,27.01
2021-12-01,40.92
2021-12-02,52.8
2021-12-03,23.76
2021-12-04,15.18
2021-12-05,15.84
2021-12-06,40.92
2021-12-07,66.0
2021-12-08,51.48
2021-12-09,55.440000000000005
2021-12-10,64.02
2021-12-11,15.18
2021-12-12,14.52
2021-12-13,29.700000000000003
2021-12-14,40.92
2021-12-15,34.32
2021-12-16,37.620000000000005
2021-12-17,40.260000000000005
2021-12-18,7.92
2021-12-19,0.0
2021-12-20,54.78
2021-12-21,45.54
2021-12-22,53.46
2021-12-23,53.46
2021-12-24,17.82
2021-12-25,0.0
2021-12-26,0.0
2021-12-27,21.78
2021-12-28,40.92
2021-12-29,29.040000000000003
2021-12-30,19.14
2021-12-31,11.88
2022-01-01,25.2
2022-01-02,0.0
2022-01-03,27.9
2022-01-04,44.1
2022-01-05,56.7
2022-01-06,46.8
2022-01-07,47.7
2022-01-08,20.7
2022-01-09,9.9
2022-01-10,42.3
2022-01-11,65.7
2022-01-12,52.2
2022-01-13,54.9
2022-01-14,45.0
2022-01-15,18.9
2022-01-16,21.6
2022-01-17,18.9
2022-01-18,27.0
2022-01-19,28.8
2022-01-20,31.5
2022-01-21,72.9
2022-01-22,39.6
2022-01-23,28.8
2022-01-24,81.9
2022-01-25,90.0
2022-01-26,51.3
2022-01-27,59.4
2022-01-28,70.2
2022-01-29,19.8
2022-01-30,16.2
2022-01-31,45.9
2022-02-01,74.1
2022-02-02,95.0
2022-02-03,78.85
2022-02-04,66.5
2022-02-05,41.8
2022-02-06,24.7
2022-02-07,63.65
2022-02-08,78.85
2022-02-09,83.6
2022-02-10,48.45
2022-02-11,56.05
2022-02-12,25.65
2022-02-13,7.6
2022-02-14,69.35
2022-02-15,82.64999999999999
2022-02-16,66.5
2022-02-17,70.3
2022-02-18,61.75
2022-02-19,35.15
2022-02-20,17.099999999999998
2022-02-21,32.3
2022-02-22,68.39999999999999
2022-02-23,88.35
2022-02-24,91.2
2022-02-25,77.89999999999999
2022-02-26,45.6
2022-02-27,34.2
2022-02-28,82.64999999999999
2022-03-01,38.61
2022-03-02,99.0
2022-03-03,62.37
2022-03-04,47.52
2022-03-05,31.68
2022-03-06,14.85
2022-03-07,77.22
2022-03-08,52.47
2022-03-09,45.54
2022-03-10,59.4
2022-03-11,59.4
2022-03-12,19.8
2022-03-13,18.81
2022-03-14,49.5
2022-03-15,48.51
2022-03-16,44.55
2022-03-17,45.54
2022-03-18,51.48
2022-03-19,24.75
2022-03-20,22.77
2022-03-21,39.6
2022-03-22,48.51
2022-03-23,57.42
2022-03-24,50.49
2022-03-25,63.36
2022-03-26,32.67
2022-03-27,14.85
2022-03-28,45.54
2022-03-29,49.5
2022-03-30,33.66
2022-03-31,42.57
2022-04-01,53.2
2022-04-02,12.92
2022-04-03,34.2
2022-04-04,55.48
2022-04-05,62.32
2022-04-06,55.48
2022-04-07,39.52
2022-04-08,59.28
2022-04-09,27.36
2022-04-10,19.0
2022-04-11,59.28
2022-04-12,48.64
2022-04-13,66.88
2022-04-14,53.2
2022-04-15,35.72
2022-04-16,26.6
2022-04-17,5.32
2022-04-18,66.88
2022-04-19,57.76
2022-04-20,50.92
2022-04-21,59.28
2022-04-22,50.92
2022-04-23,25.08
2022-04-24,14.44
2022-04-25,38.0
2022-04-26,58.52
2022-04-27,53.2
2022-04-28,58.52
2022-04-29,76.0
2022-04-30,42.56
2022-05-01,21.56
2022-05-02,33.88
2022-05-03,42.35
2022-05-04,44.66
2022-05-05,63.14
2022-05-06,77.0
2022-05-07,29.26
2022-05-08,23.1
2022-05-09,56.98
2022-05-10,54.67
2022-05-11,66.99
2022-05-12,54.67
2022-05-13,43.89
2022-05-14,17.71
2022-05-15,16.94
2022-05-16,58.52
2022-05-17,48.51
2022-05-18,39.27
2022-05-19,45.43
2022-05-20,58.52
2022-05-21,10.78
2022-05-22,26.95
2022-05-23,60.06
2022-05-24,73.92
2022-05-25,41.58
2022-05-26,39.27
2022-05-27,49.28
2022-05-28,18.48
2022-05-29,5.390000000000001
2022-05-30,21.56
2022-05-31,46.2
2022-06-01,36.98
2022-06-02,52.46
2022-06-03,59.34
2022-06-04,36.98
2022-06-05,37.84
2022-06-06,49.02
2022-06-07,47.3
2022-06-08,55.04
2022-06-09,52.46
2022-06-10,51.6
2022-06-11,22.36
2022-06-12,28.38
2022-06-13,54.18
2022-06-14,78.26
2022-06-15,74.82
2022-06-16,86.0
2022-06-17,50.74
2022-06-18,22.36
2022-06-19,26.66
2022-06-20,44.72
2022-06-21,49.02
2022-06-22,53.32
2022-06-23,56.76
2022-06-24,55.9
2022-06-25,27.52
2022-06-26,24.94
2022-06-27,51.6
2022-06-28,59.34
2022-06-29,68.8
2022-06-30,54.18
2022-07-01,34.2
2022-07-02,22.8
2022-07-03,13.3
2022-07-04,7.6
2022-07-05,38.0
2022-07-06,28.5
2022-07-07,44.65
2022-07-08,31.35
2022-07-09,28.5
2022-07-10,9.5
2022-07-11,39.9
2022-07-12,31.35
2022-07-13,29.45
2022-07-14,38.0
2022-07-15,29.45
2022-07-16,18.05
2022-07-17,11.4
2022-07-18,29.45
2022-07-19,42.75
2022-07-20,52.25
2022-07-21,31.35
2022-07-22,30.4
2022-07-23,14.25
2022-07-24,0.0
2022-07-25,35.15
2022-07-26,46.55
2022-07-27,54.15
2022-07-28,83.6
2022-07-29,95.0
2022-07-30,25.65
2022-07-31,25.65
2022-08-01,87.4
2022-08-02,63.48
2022-08-03,79.12
2022-08-04,46.92
2022-08-05,53.36
2022-08-06,27.6
2022-08-07,25.76
2022-08-08,65.32000000000001
2022-08-09,88.32000000000001
2022-08-10,50.6
2022-08-11,59.8
2022-08-12,61.64
2022-08-13,33.120000000000005
2022-08-14,18.4
2022-08-15,92.0
2022-08-16,85.56
2022-08-17,48.760000000000005
2022-08-18,56.120000000000005
2022-08-19,48.760000000000005
2022-08-20,18.4
2022-08-21,28.52
2022-08-22,64.4
2022-08-23,58.88
2022-08-24,53.36
2022-08-25,73.60000000000001
2022-08-26,50.6
2022-08-27,36.8
2022-08-28,35.88
2022-08-29,50.6
2022-08-30,69.92
2022-08-31,27.6
2022-09-01,53.29
2022-09-02,62.78
2022-09-03,0.0
2022-09-04,0.0
2022-09-05,5.109999999999999
2022-09-06,44.53
2022-09-07,73.0
2022-09-08,37.23
2022-09-09,56.21
2022-09-10,27.74
2022-09-11,14.6
2022-09-12,54.02
2022-09-13,62.05
2022-09-14,58.4
2022-09-15,62.78
2022-09-16,40.15
2022-09-17,24.82
2022-09-18,0.0
2022-09-19,46.72
2022-09-20,59.86
2022-09-21,40.15
2022-09-22,58.4
2022-09-23,62.78
2022-09-24,16.79
2022-09-25,23.36
2022-09-26,54.75
2022-09-27,48.18
2022-09-28,50.37
2022-09-29,59.13
2022-09-30,61.32
2022-10-01,15.4
2022-10-02,4.62
2022-10-03,59.29
2022-10-04,66.99
2022-10-05,43.89
2022-10-06,45.43
2022-10-07,63.14
2022-10-08,9.24
2022-10-09,23.87
2022-10-10,41.58
2022-10-11,59.29
2022-10-12,64.68
2022-10-13,41.58
2022-10-14,53.13
2022-10-15,13.09
2022-10-16,13.09
2022-10-17,50.05
2022-10-18,44.66
2022-10-19,46.97
2022-10-20,42.35
2022-10-21,50.05
2022-10-22,0.0
2022-10-23,10.01
2022-10-24,64.68
2022-10-25,36.96
2022-10-26,59.29
2022-10-27,62.370000000000005
2022-10-28,77.0
2022-10-29,29.26
2022-10-30,13.09
2022-10-31,52.36
2022-11-01,54.72
2022-11-02,38.19
2022-11-03,43.31999999999999
2022-11-04,45.6
2022-11-05,10.829999999999998
2022-11-06,0.0
2022-11-07,48.45
2022-11-08,49.02
2022-11-09,31.35
2022-11-10,42.18
2022-11-11,56.99999999999999
2022-11-12,18.81
2022-11-13,13.68
2022-11-14,47.88
2022-11-15,41.61
2022-11-16,34.77
2022-11-17,32.489999999999995
2022-11-18,53.01
2022-11-19,12.54
2022-11-20,14.249999999999998
2022-11-21,40.47
2022-11-22,36.48
2022-11-23,22.23
2022-11-24,11.4
2022-11-25,37.05
2022-11-26,25.08
2022-11-27,7.979999999999999
2022-11-28,26.79
2022-11-29,29.07
2022-11-30,34.77
2022-12-01,30.5
2022-12-02,41.0
2022-12-03,16.0
2022-12-04,14.0
2022-12-05,33.5
2022-12-06,30.0
2022-12-07,37.5
2022-12-08,41.5
2022-12-09,32.5
2022-12-10,10.0
2022-12-11,0.0
2022-12-12,23.0
2022-12-13,33.5
2022-12-14,31.0
2022-12-15,13.5
2022-12-16,50.0
2022-12-17,12.5
2022-12-18,10.0
2022-12-19,19.5
2022-12-20,43.0
2022-12-21,39.5
2022-12-22,50.0
2022-12-23,33.5
2022-12-24,14.0
2022-12-25,17.0
2022-12-26,0.0
2022-12-27,32.0
2022-12-28,38.5
2022-12-29,24.5
2022-12-30,36.5
2022-12-31,21.5
2023-01-01,0.0
2023-01-02,8.399999999999999
2023-01-03,18.9
2023-01-04,28.0
2023-01-05,13.3
2023-01-06,17.5
2023-01-07,7.0
2023-01-08,5.6
2023-01-09,13.3
2023-01-10,23.8
2023-01-11,25.9
2023-01-12,22.4
2023-01-13,26.6
2023-01-14,11.2
2023-01-15,5.6
2023-01-16,4.9
2023-01-17,16.799999999999997
2023-01-18,22.4
2023-01-19,21.0
2023-01-20,20.3
2023-01-21,7.0
2023-01-22,2.1
2023-01-23,30.1
2023-01-24,21.0
2023-01-25,27.3
2023-01-26,34.3
2023-01-27,70.0
2023-01-28,27.3
2023-01-29,10.5
2023-01-30,23.8
2023-01-31,27.3
2023-02-01,55.080000000000005
2023-02-02,68.0
2023-02-03,55.760000000000005
2023-02-04,7.48
2023-02-05,16.32
2023-02-06,34.68
2023-02-07,53.040000000000006
2023-02-08,48.96
2023-02-09,25.16
2023-02-10,36.04
2023-02-11,9.52
2023-02-12,6.800000000000001
2023-02-13,40.120000000000005
2023-02-14,31.96
2023-02-15,36.720000000000006
2023-02-16,42.84
2023-02-17,40.8
2023-02-18,0.0
2023-02-19,8.84
2023-02-20,10.2
2023-02-21,45.56
2023-02-22,54.400000000000006
2023-02-23,46.24
2023-02-24,25.840000000000003
2023-02-25,11.56
2023-02-26,14.28
2023-02-27,44.2
2023-02-28,41.48
2023-03-01,34.809999999999995
2023-03-02,25.37
2023-03-03,46.61
2023-03-04,16.52
2023-03-05,14.75
2023-03-06,29.5
2023-03-07,38.94
2023-03-08,39.53
2023-03-09,46.61
2023-03-10,31.86
2023-03-11,16.52
2023-03-12,14.16
2023-03-13,40.12
2023-03-14,41.3
2023-03-15,35.4
2023-03-16,45.43
2023-03-17,33.04
2023-03-18,13.57
2023-03-19,5.9
2023-03-20,37.76
2023-03-21,28.32
2023-03-22,37.17
2023-03-23,21.83
2023-03-24,59.0
2023-03-25,7.67
2023-03-26,0.0
2023-03-27,21.24
2023-03-28,18.29
2023-03-29,46.02
2023-03-30,47.2
2023-03-31,38.35
2023-04-01,6.890000000000001
2023-04-02,0.0
2023-04-03,30.21
2023-04-04,26.5
2023-04-05,38.690000000000005
2023-04-06,42.400000000000006
2023-04-07,22.26
2023-04-08,12.72
2023-04-09,0.0
2023-04-10,24.380000000000003
2023-04-11,30.74
2023-04-12,38.690000000000005
2023-04-13,46.64
2023-04-14,32.33
2023-04-15,15.37
2023-04-16,0.0
2023-04-17,31.8
2023-04-18,53.0
2023-04-19,27.03
2023-04-20,21.73
2023-04-21,32.33
2023-04-22,11.66
2023-04-23,11.13
2023-04-24,30.21
2023-04-25,16.96
2023-04-26,26.5
2023-04-27,35.510000000000005
2023-04-28,52.470000000000006
2023-04-29,6.890000000000001
2023-04-30,11.13
2023-05-01,26.79
2023-05-02,19.95
2023-05-03,29.07
2023-05-04,22.8
2023-05-05,13.68
2023-05-06,9.69
2023-05-07,8.549999999999999
2023-05-08,30.78
2023-05-09,19.95
2023-05-10,22.23
2023-05-11,16.529999999999998
2023-05-12,26.22
2023-05-13,6.84
2023-05-14,5.699999999999999
2023-05-15,46.17
2023-05-16,31.35
2023-05-17,29.64
2023-05-18,31.92
2023-05-19,30.21
2023-05-20,13.68
2023-05-21,0.0
2023-05-22,27.36
2023-05-23,21.09
2023-05-24,23.37
2023-05-25,56.99999999999999
2023-05-26,51.87
2023-05-27,9.12
2023-05-28,15.39
2023-05-29,8.549999999999999
2023-05-30,38.76
2023-05-31,47.88
2023-06-01,59.64
2023-06-02,57.96
2023-06-03,34.44
2023-06-04,0.0
2023-06-05,63.0
2023-06-06,36.96
2023-06-07,45.36
2023-06-08,73.08
2023-06-09,72.24
2023-06-10,23.52
2023-06-11,0.0
2023-06-12,62.16
2023-06-13,84.0
2023-06-14,76.44
2023-06-15,77.28
2023-06-16,80.64
2023-06-17,12.6
2023-06-18,28.56
2023-06-19,42.0
2023-06-20,66.36
2023-06-21,78.96
2023-06-22,60.48
2023-06-23,65.52
2023-06-24,6.72
2023-06-25,9.24
2023-06-26,57.12
2023-06-27,70.56
2023-06-28,61.32
2023-06-29,64.67999999999999
2023-06-30,70.56
2023-07-01,21.6
2023-07-02,12.0
2023-07-03,16.8
2023-07-04,12.0
2023-07-05,40.0
2023-07-06,32.0
2023-07-07,42.400000000000006
2023-07-08,8.8
2023-07-09,16.0
2023-07-10,41.6
2023-07-11,32.0
2023-07-12,49.6
2023-07-13,54.400000000000006
2023-07-14,32.0
2023-07-15,15.2
2023-07-16,12.0
2023-07-17,61.6
2023-07-18,46.400000000000006
2023-07-19,24.0
2023-07-20,41.6
2023-07-21,44.8
2023-07-22,0.0
2023-07-23,9.6
2023-07-24,48.8
2023-07-25,50.400000000000006
2023-07-26,36.8
2023-07-27,61.6
2023-07-28,80.0
2023-07-29,20.0
2023-07-30,19.200000000000003
2023-07-31,67.2
2023-08-01,52.260000000000005
2023-08-02,50.92
2023-08-03,46.900000000000006
2023-08-04,44.89
2023-08-05,12.06
2023-08-06,6.7
2023-08-07,58.290000000000006
2023-08-08,42.21
2023-08-09,36.85
2023-08-10,40.2
2023-08-11,24.790000000000003
2023-08-12,11.39
2023-08-13,19.43
2023-08-14,54.940000000000005
2023-08-15,42.21
2023-08-16,40.2
2023-08-17,67.0
2023-08-18,53.6
2023-08-19,0.0
2023-08-20,8.71
2023-08-21,45.56
2023-08-22,35.510000000000005
2023-08-23,53.6
2023-08-24,36.18
2023-08-25,42.88
2023-08-26,8.040000000000001
2023-08-27,0.0
2023-08-28,35.510000000000005
2023-08-29,30.82
2023-08-30,44.89
2023-08-31,53.6
2023-09-01,63.0
2023-09-02,28.35
2023-09-03,5.67
2023-09-04,8.82
2023-09-05,32.76
2023-09-06,47.88
2023-09-07,40.95
2023-09-08,41.58
2023-09-09,10.08
2023-09-10,10.08
2023-09-11,49.77
2023-09-12,38.43
2023-09-13,32.13
2023-09-14,32.76
2023-09-15,32.13
2023-09-16,6.3
2023-09-17,15.75
2023-09-18,20.79
2023-09-19,35.28
2023-09-20,45.36
2023-09-21,42.84
2023-09-22,25.2
2023-09-23,8.19
2023-09-24,7.56
2023-09-25,40.95
2023-09-26,23.31
2023-09-27,29.61
2023-09-28,30.24
2023-09-29,34.02
2023-09-30,10.08
2023-10-01,0.0
2023-10-02,35.4
2023-10-03,35.4
2023-10-04,32.4
2023-10-05,35.4
2023-10-06,37.2
2023-10-07,16.2
2023-10-08,0.0
2023-10-09,26.4
2023-10-10,59.4
2023-10-11,48.0
2023-10-12,49.8
2023-10-13,42.6
2023-10-14,18.0
2023-10-15,10.2
2023-10-16,39.6
2023-10-17,33.0
2023-10-18,34.8
2023-10-19,43.2
2023-10-20,27.6
2023-10-21,0.0
2023-10-22,7.8
2023-10-23,50.4
2023-10-24,45.0
2023-10-25,29.4
2023-10-26,60.0
2023-10-27,52.8
2023-10-28,0.0
2023-10-29,4.8
2023-10-30,37.2
2023-10-31,52.2
2023-11-01,56.58
2023-11-02,50.02
2023-11-03,77.89999999999999
2023-11-04,0.0
2023-11-05,0.0
2023-11-06,46.74
2023-11-07,63.13999999999999
2023-11-08,63.96
2023-11-09,36.9
2023-11-10,63.13999999999999
2023-11-11,19.68
2023-11-12,27.06
2023-11-13,39.36
2023-11-14,45.92
2023-11-15,76.25999999999999
2023-11-16,73.8
2023-11-17,82.0
2023-11-18,19.68
2023-11-19,27.88
2023-11-20,54.12
2023-11-21,47.56
2023-11-22,49.2
2023-11-23,24.6
2023-11-24,48.38
2023-11-25,25.42
2023-11-26,18.86
2023-11-27,52.48
2023-11-28,54.94
2023-11-29,61.49999999999999
2023-11-30,53.3
2023-12-01,67.76
2023-12-02,31.68
2023-12-03,21.12
2023-12-04,33.44
2023-12-05,45.76
2023-12-06,62.48
2023-12-07,49.28
2023-12-08,66.0
2023-12-09,18.48
2023-12-10,13.2
2023-12-11,61.6
2023-12-12,61.6
2023-12-13,60.72
2023-12-14,88.0
2023-12-15,54.56
2023-12-16,14.96
2023-12-17,0.0
2023-12-18,80.96
2023-12-19,57.2
2023-12-20,63.36
2023-12-21,80.96
2023-12-22,80.08
2023-12-23,13.2
2023-12-24,6.16
2023-12-25,0.0
2023-12-26,80.08
2023-12-27,88.0
2023-12-28,79.2
2023-12-29,82.72
2023-12-30,29.04
2023-12-31,16.72
