date,KO
2013-01-01,0.0
2013-01-02,3.96
2013-01-03,1.2
2013-01-04,0.0
2013-01-05,6.0
2013-01-06,0.0
2013-01-07,0.0
2013-01-08,0.0
2013-01-09,0.0
2013-01-10,0.0
2013-01-11,0.0
2013-01-12,0.0
2013-01-13,0.0
2013-01-14,0.0
2013-01-15,1.92
2013-01-16,0.0
2013-01-17,0.0
2013-01-18,1.26
2013-01-19,2.64
2013-01-20,0.0
2013-01-21,0.0
2013-01-22,0.0
2013-01-23,5.04
2013-01-24,1.74
2013-01-25,0.0
2013-01-26,0.0
2013-01-27,0.0
2013-01-28,1.08
2013-01-29,0.0
2013-01-30,2.1
2013-01-31,0.0
2013-02-01,0.0
2013-02-02,0.0
2013-02-03,0.0
2013-02-04,0.0
2013-02-05,0.0
2013-02-06,0.0
2013-02-07,0.0
2013-02-08,0.0
2013-02-09,0.0
2013-02-10,0.0
2013-02-11,0.0
2013-02-12,7.000000000000001
2013-02-13,0.0
2013-02-14,0.0
2013-02-15,4.2
2013-02-16,6.44
2013-02-17,0.0
2013-02-18,0.0
2013-02-19,0.0
2013-02-20,0.0
2013-02-21,6.44
2013-02-22,3.640000000000001
2013-02-23,0.0
2013-02-24,0.0
2013-02-25,0.0
2013-02-26,0.0
2013-02-27,0.0
2013-02-28,0.0
2013-03-01,0.0
2013-03-02,0.0
2013-03-03,0.0
2013-03-04,6.37
2013-03-05,12.74
2013-03-06,0.0
2013-03-07,0.0
2013-03-08,0.0
2013-03-09,0.0
2013-03-10,0.0
2013-03-11,13.0
2013-03-12,0.0
2013-03-13,0.0
2013-03-14,0.0
2013-03-15,0.0
2013-03-16,0.0
2013-03-17,0.0
2013-03-18,0.0
2013-03-19,0.0
2013-03-20,0.0
2013-03-21,0.0
2013-03-22,0.0
2013-03-23,8.97
2013-03-24,10.14
2013-03-25,0.0
2013-03-26,0.0
2013-03-27,0.0
2013-03-28,0.0
2013-03-29,0.0
2013-03-30,0.0
2013-03-31,0.0
2013-04-01,0.0
2013-04-02,0.0
2013-04-03,0.0
2013-04-04,0.0
2013-04-05,4.800000000000001
2013-04-06,0.0
2013-04-07,0.0
2013-04-08,0.0
2013-04-09,0.0
2013-04-10,0.0
2013-04-11,0.0
2013-04-12,0.0
2013-04-13,0.0
2013-04-14,0.0
2013-04-15,10.0
2013-04-16,0.0
2013-04-17,0.0
2013-04-18,7.2
2013-04-19,0.0
2013-04-20,0.0
2013-04-21,0.0
2013-04-22,0.0
2013-04-23,0.0
2013-04-24,0.0
2013-04-25,0.0
2013-04-26,0.0
2013-04-27,0.0
2013-04-28,0.0
2013-04-29,0.0
2013-04-30,4.800000000000001
2013-05-01,0.0
2013-05-02,0.0
2013-05-03,0.0
2013-05-04,0.0
2013-05-05,0.0
2013-05-06,0.0
2013-05-07,0.0
2013-05-08,0.0
2013-05-09,0.0
2013-05-10,0.0
2013-05-11,0.0
2013-05-12,0.0
2013-05-13,0.0
2013-05-14,0.0
2013-05-15,0.0
2013-05-16,0.0
2013-05-17,0.0
2013-05-18,0.0
2013-05-19,0.0
2013-05-20,0.0
2013-05-21,0.0
2013-05-22,0.0
2013-05-23,0.0
2013-05-24,0.0
2013-05-25,0.0
2013-05-26,0.0
2013-05-27,0.0
2013-05-28,0.0
2013-05-29,0.0
2013-05-30,0.0
2013-05-31,0.0
2013-06-01,0.0
2013-06-02,0.0
2013-06-03,0.0
2013-06-04,2.24
2013-06-05,1.92
2013-06-06,0.0
2013-06-07,0.0
2013-06-08,0.0
2013-06-09,0.0
2013-06-10,0.0
2013-06-11,0.0
2013-06-12,4.0
2013-06-13,0.0
2013-06-14,0.0
2013-06-15,0.0
2013-06-16,0.0
2013-06-17,0.0
2013-06-18,0.0
2013-06-19,0.0
2013-06-20,0.0
2013-06-21,0.0
2013-06-22,0.0
2013-06-23,0.0
2013-06-24,0.0
2013-06-25,0.0
2013-06-26,2.56
2013-06-27,0.0
2013-06-28,0.0
2013-06-29,3.96
2013-06-30,0.0
2013-07-01,0.0
2013-07-02,0.0
2013-07-03,0.0
2013-07-04,1.55
2013-07-05,1.95
2013-07-06,0.0
2013-07-07,0.0
2013-07-08,0.0
2013-07-09,0.0
2013-07-10,1.7000000000000002
2013-07-11,0.0
2013-07-12,0.0
2013-07-13,0.0
2013-07-14,3.45
2013-07-15,0.0
2013-07-16,0.0
2013-07-17,4.2
2013-07-18,0.0
2013-07-19,0.0
2013-07-20,5.0
2013-07-21,0.0
2013-07-22,0.0
2013-07-23,0.0
2013-07-24,0.0
2013-07-25,1.35
2013-07-26,0.0
2013-07-27,0.0
2013-07-28,0.0
2013-07-29,0.0
2013-07-30,1.35
2013-07-31,3.5
2013-08-01,0.0
2013-08-02,0.0
2013-08-03,4.14
2013-08-04,0.0
2013-08-05,4.14
2013-08-06,0.0
2013-08-07,0.0
2013-08-08,0.0
2013-08-09,2.64
2013-08-10,0.0
2013-08-11,6.0
2013-08-12,0.0
2013-08-13,0.0
2013-08-14,0.0
2013-08-15,0.0
2013-08-16,0.0
2013-08-17,0.0
2013-08-18,0.0
2013-08-19,0.0
2013-08-20,0.0
2013-08-21,4.8
2013-08-22,0.0
2013-08-23,0.0
2013-08-24,0.0
2013-08-25,0.0
2013-08-26,0.0
2013-08-27,0.0
2013-08-28,0.0
2013-08-29,0.0
2013-08-30,0.0
2013-08-31,0.0
2013-09-01,0.0
2013-09-02,0.0
2013-09-03,0.0
2013-09-04,0.0
2013-09-05,0.0
2013-09-06,0.0
2013-09-07,0.0
2013-09-08,0.0
2013-09-09,0.0
2013-09-10,0.0
2013-09-11,0.0
2013-09-12,7.000000000000001
2013-09-13,0.0
2013-09-14,5.390000000000001
2013-09-15,0.0
2013-09-16,0.0
2013-09-17,0.0
2013-09-18,0.0
2013-09-19,0.0
2013-09-20,0.0
2013-09-21,0.0
2013-09-22,0.0
2013-09-23,0.0
2013-09-24,0.0
2013-09-25,0.0
2013-09-26,3.5700000000000003
2013-09-27,0.0
2013-09-28,0.0
2013-09-29,0.0
2013-09-30,0.0
2013-10-01,0.0
2013-10-02,0.0
2013-10-03,0.0
2013-10-04,0.0
2013-10-05,0.0
2013-10-06,0.0
2013-10-07,0.0
2013-10-08,0.0
2013-10-09,0.0
2013-10-10,0.0
2013-10-11,1.96
2013-10-12,0.0
2013-10-13,2.8000000000000003
2013-10-14,0.0
2013-10-15,0.0
2013-10-16,0.0
2013-10-17,0.0
2013-10-18,0.0
2013-10-19,0.0
2013-10-20,0.0
2013-10-21,0.0
2013-10-22,2.28
2013-10-23,0.0
2013-10-24,0.0
2013-10-25,0.0
2013-10-26,0.0
2013-10-27,0.0
2013-10-28,0.0
2013-10-29,4.0
2013-10-30,0.0
2013-10-31,1.96
2013-11-01,0.0
2013-11-02,0.0
2013-11-03,0.0
2013-11-04,0.0
2013-11-05,0.0
2013-11-06,0.0
2013-11-07,0.0
2013-11-08,0.0
2013-11-09,2.24
2013-11-10,0.0
2013-11-11,3.12
2013-11-12,3.16
2013-11-13,0.0
2013-11-14,0.0
2013-11-15,0.0
2013-11-16,4.0
2013-11-17,0.0
2013-11-18,0.0
2013-11-19,0.0
2013-11-20,0.0
2013-11-21,0.0
2013-11-22,0.0
2013-11-23,0.0
2013-11-24,0.0
2013-11-25,0.0
2013-11-26,0.0
2013-11-27,0.0
2013-11-28,0.0
2013-11-29,0.0
2013-11-30,2.56
2013-12-01,6.12
2013-12-02,0.0
2013-12-03,0.0
2013-12-04,0.0
2013-12-05,0.0
2013-12-06,0.0
2013-12-07,0.0
2013-12-08,9.0
2013-12-09,0.0
2013-12-10,0.0
2013-12-11,0.0
2013-12-12,0.0
2013-12-13,7.38
2013-12-14,0.0
2013-12-15,0.0
2013-12-16,0.0
2013-12-17,0.0
2013-12-18,0.0
2013-12-19,0.0
2013-12-20,0.0
2013-12-21,0.0
2013-12-22,0.0
2013-12-23,0.0
2013-12-24,7.56
2013-12-25,0.0
2013-12-26,0.0
2013-12-27,0.0
2013-12-28,0.0
2013-12-29,0.0
2013-12-30,0.0
2013-12-31,0.0
2014-01-01,0.0
2014-01-02,0.0
2014-01-03,0.0
2014-01-04,0.0
2014-01-05,0.0
2014-01-06,0.0
2014-01-07,0.0
2014-01-08,0.0
2014-01-09,0.0
2014-01-10,0.0
2014-01-11,0.0
2014-01-12,0.0
2014-01-13,0.0
2014-01-14,0.0
2014-01-15,0.0
2014-01-16,0.0
2014-01-17,0.0
2014-01-18,0.0
2014-01-19,0.0
2014-01-20,0.0
2014-01-21,0.0
2014-01-22,0.0
2014-01-23,0.0
2014-01-24,0.0
2014-01-25,0.0
2014-01-26,0.0
2014-01-27,0.0
2014-01-28,0.0
2014-01-29,0.0
2014-01-30,0.0
2014-01-31,0.0
2014-02-01,0.0
2014-02-02,0.0
2014-02-03,0.0
2014-02-04,0.0
2014-02-05,0.0
2014-02-06,0.0
2014-02-07,0.0
2014-02-08,0.0
2014-02-09,0.0
2014-02-10,0.0
2014-02-11,0.0
2014-02-12,0.0
2014-02-13,0.0
2014-02-14,0.0
2014-02-15,0.0
2014-02-16,0.0
2014-02-17,0.0
2014-02-18,0.0
2014-02-19,0.0
2014-02-20,0.0
2014-02-21,0.0
2014-02-22,0.0
2014-02-23,0.0
2014-02-24,0.0
2014-02-25,0.0
2014-02-26,0.0
2014-02-27,0.0
2014-02-28,0.0
2014-03-01,0.0
2014-03-02,0.0
2014-03-03,0.0
2014-03-04,0.0
2014-03-05,0.0
2014-03-06,0.0
2014-03-07,0.0
2014-03-08,0.0
2014-03-09,0.0
2014-03-10,0.0
2014-03-11,0.0
2014-03-12,0.0
2014-03-13,0.0
2014-03-14,0.0
2014-03-15,0.0
2014-03-16,0.0
2014-03-17,0.0
2014-03-18,0.0
2014-03-19,0.0
2014-03-20,0.0
2014-03-21,0.0
2014-03-22,0.0
2014-03-23,0.0
2014-03-24,0.0
2014-03-25,0.0
2014-03-26,0.0
2014-03-27,0.0
2014-03-28,0.0
2014-03-29,0.0
2014-03-30,0.0
2014-03-31,0.0
2014-04-01,0.0
2014-04-02,0.0
2014-04-03,0.0
2014-04-04,0.0
2014-04-05,0.0
2014-04-06,0.0
2014-04-07,0.0
2014-04-08,0.0
2014-04-09,0.0
2014-04-10,0.0
2014-04-11,0.0
2014-04-12,0.0
2014-04-13,0.0
2014-04-14,0.0
2014-04-15,0.0
2014-04-16,0.0
2014-04-17,0.0
2014-04-18,0.0
2014-04-19,0.0
2014-04-20,0.0
2014-04-21,0.0
2014-04-22,0.0
2014-04-23,0.0
2014-04-24,0.0
2014-04-25,0.0
2014-04-26,0.0
2014-04-27,0.0
2014-04-28,0.0
2014-04-29,0.0
2014-04-30,0.0
2014-05-01,0.0
2014-05-02,0.0
2014-05-03,0.0
2014-05-04,0.0
2014-05-05,6.0
2014-05-06,0.0
2014-05-07,0.0
2014-05-08,0.0
2014-05-09,0.0
2014-05-10,4.8
2014-05-11,0.0
2014-05-12,0.0
2014-05-13,0.0
2014-05-14,0.0
2014-05-15,0.0
2014-05-16,2.16
2014-05-17,0.0
2014-05-18,0.0
2014-05-19,0.0
2014-05-20,2.4
2014-05-21,0.0
2014-05-22,3.42
2014-05-23,0.0
2014-05-24,4.44
2014-05-25,0.0
2014-05-26,0.0
2014-05-27,0.0
2014-05-28,3.6
2014-05-29,0.0
2014-05-30,0.0
2014-05-31,5.04
2014-06-01,0.0
2014-06-02,0.0
2014-06-03,0.0
2014-06-04,0.0
2014-06-05,6.72
2014-06-06,0.0
2014-06-07,0.0
2014-06-08,9.84
2014-06-09,0.0
2014-06-10,6.359999999999999
2014-06-11,0.0
2014-06-12,10.2
2014-06-13,0.0
2014-06-14,12.0
2014-06-15,0.0
2014-06-16,0.0
2014-06-17,0.0
2014-06-18,0.0
2014-06-19,0.0
2014-06-20,0.0
2014-06-21,0.0
2014-06-22,8.16
2014-06-23,0.0
2014-06-24,11.16
2014-06-25,0.0
2014-06-26,0.0
2014-06-27,11.64
2014-06-28,0.0
2014-06-29,0.0
2014-06-30,0.0
2014-07-01,0.0
2014-07-02,0.0
2014-07-03,3.35
2014-07-04,0.0
2014-07-05,1.55
2014-07-06,0.0
2014-07-07,0.0
2014-07-08,0.0
2014-07-09,0.0
2014-07-10,0.0
2014-07-11,0.0
2014-07-12,2.0500000000000003
2014-07-13,5.0
2014-07-14,0.0
2014-07-15,0.0
2014-07-16,0.0
2014-07-17,0.0
2014-07-18,1.95
2014-07-19,0.0
2014-07-20,0.0
2014-07-21,0.0
2014-07-22,0.0
2014-07-23,0.0
2014-07-24,0.0
2014-07-25,0.0
2014-07-26,0.0
2014-07-27,0.0
2014-07-28,0.0
2014-07-29,0.0
2014-07-30,0.0
2014-07-31,0.0
2014-08-01,2.35
2014-08-02,0.0
2014-08-03,0.0
2014-08-04,3.4000000000000004
2014-08-05,0.0
2014-08-06,0.0
2014-08-07,0.0
2014-08-08,5.0
2014-08-09,0.0
2014-08-10,0.0
2014-08-11,0.0
2014-08-12,0.0
2014-08-13,0.0
2014-08-14,4.3500000000000005
2014-08-15,0.0
2014-08-16,0.0
2014-08-17,0.0
2014-08-18,0.0
2014-08-19,0.0
2014-08-20,0.0
2014-08-21,0.0
2014-08-22,2.7
2014-08-23,0.0
2014-08-24,0.0
2014-08-25,0.0
2014-08-26,0.0
2014-08-27,3.2
2014-08-28,0.0
2014-08-29,0.0
2014-08-30,0.0
2014-08-31,0.0
2014-09-01,0.0
2014-09-02,0.0
2014-09-03,0.0
2014-09-04,0.0
2014-09-05,5.5
2014-09-06,0.0
2014-09-07,0.0
2014-09-08,0.0
2014-09-09,0.0
2014-09-10,5.61
2014-09-11,0.0
2014-09-12,0.0
2014-09-13,0.0
2014-09-14,0.0
2014-09-15,8.25
2014-09-16,0.0
2014-09-17,0.0
2014-09-18,0.0
2014-09-19,6.2700000000000005
2014-09-20,0.0
2014-09-21,0.0
2014-09-22,0.0
2014-09-23,11.0
2014-09-24,0.0
2014-09-25,0.0
2014-09-26,7.04
2014-09-27,0.0
2014-09-28,0.0
2014-09-29,0.0
2014-09-30,0.0
2014-10-01,0.0
2014-10-02,0.0
2014-10-03,0.0
2014-10-04,0.0
2014-10-05,0.0
2014-10-06,0.0
2014-10-07,0.0
2014-10-08,0.0
2014-10-09,2.24
2014-10-10,0.0
2014-10-11,0.0
2014-10-12,0.0
2014-10-13,5.460000000000001
2014-10-14,0.0
2014-10-15,7.000000000000001
2014-10-16,0.0
2014-10-17,0.0
2014-10-18,0.0
2014-10-19,0.0
2014-10-20,1.8200000000000005
2014-10-21,0.0
2014-10-22,0.0
2014-10-23,1.8200000000000005
2014-10-24,0.0
2014-10-25,2.5900000000000003
2014-10-26,5.74
2014-10-27,2.7300000000000004
2014-10-28,0.0
2014-10-29,0.0
2014-10-30,5.6000000000000005
2014-10-31,2.24
2014-11-01,4.0
2014-11-02,0.0
2014-11-03,0.0
2014-11-04,0.0
2014-11-05,0.0
2014-11-06,0.0
2014-11-07,0.0
2014-11-08,0.0
2014-11-09,0.0
2014-11-10,0.0
2014-11-11,0.0
2014-11-12,1.0
2014-11-13,0.0
2014-11-14,0.92
2014-11-15,3.48
2014-11-16,0.0
2014-11-17,1.28
2014-11-18,0.0
2014-11-19,0.0
2014-11-20,0.0
2014-11-21,0.0
2014-11-22,0.0
2014-11-23,0.0
2014-11-24,0.0
2014-11-25,1.4
2014-11-26,0.0
2014-11-27,0.0
2014-11-28,0.0
2014-11-29,0.0
2014-11-30,0.0
2014-12-01,0.0
2014-12-02,3.12
2014-12-03,0.0
2014-12-04,0.0
2014-12-05,0.0
2014-12-06,3.9
2014-12-07,0.0
2014-12-08,6.0
2014-12-09,0.0
2014-12-10,0.0
2014-12-11,0.0
2014-12-12,3.72
2014-12-13,0.0
2014-12-14,0.0
2014-12-15,0.0
2014-12-16,0.0
2014-12-17,5.819999999999999
2014-12-18,3.6
2014-12-19,4.26
2014-12-20,0.0
2014-12-21,0.0
2014-12-22,0.0
2014-12-23,0.0
2014-12-24,0.0
2014-12-25,0.0
2014-12-26,0.0
2014-12-27,0.0
2014-12-28,0.0
2014-12-29,0.0
2014-12-30,0.0
2014-12-31,0.0
2015-01-01,0.0
2015-01-02,0.0
2015-01-03,0.0
2015-01-04,0.0
2015-01-05,0.0
2015-01-06,0.0
2015-01-07,0.0
2015-01-08,0.0
2015-01-09,0.0
2015-01-10,0.0
2015-01-11,0.0
2015-01-12,0.0
2015-01-13,0.0
2015-01-14,0.0
2015-01-15,0.0
2015-01-16,0.0
2015-01-17,0.0
2015-01-18,0.0
2015-01-19,0.0
2015-01-20,0.0
2015-01-21,0.0
2015-01-22,0.0
2015-01-23,0.0
2015-01-24,0.0
2015-01-25,0.0
2015-01-26,0.0
2015-01-27,0.0
2015-01-28,0.0
2015-01-29,0.0
2015-01-30,0.0
2015-01-31,0.0
2015-02-01,0.0
2015-02-02,0.0
2015-02-03,2.7300000000000004
2015-02-04,0.0
2015-02-05,0.0
2015-02-06,0.0
2015-02-07,0.0
2015-02-08,0.0
2015-02-09,0.0
2015-02-10,0.0
2015-02-11,0.0
2015-02-12,3.640000000000001
2015-02-13,0.0
2015-02-14,3.3600000000000003
2015-02-15,7.000000000000001
2015-02-16,4.970000000000001
2015-02-17,0.0
2015-02-18,0.0
2015-02-19,0.0
2015-02-20,0.0
2015-02-21,0.0
2015-02-22,2.45
2015-02-23,0.0
2015-02-24,0.0
2015-02-25,0.0
2015-02-26,0.0
2015-02-27,0.0
2015-02-28,2.5900000000000003
2015-03-01,0.0
2015-03-02,0.0
2015-03-03,3.78
2015-03-04,0.0
2015-03-05,0.0
2015-03-06,7.000000000000001
2015-03-07,0.0
2015-03-08,0.0
2015-03-09,0.0
2015-03-10,0.0
2015-03-11,0.0
2015-03-12,0.0
2015-03-13,0.0
2015-03-14,0.0
2015-03-15,0.0
2015-03-16,0.0
2015-03-17,0.0
2015-03-18,0.0
2015-03-19,0.0
2015-03-20,0.0
2015-03-21,0.0
2015-03-22,0.0
2015-03-23,0.0
2015-03-24,0.0
2015-03-25,0.0
2015-03-26,0.0
2015-03-27,0.0
2015-03-28,0.0
2015-03-29,6.720000000000001
2015-03-30,0.0
2015-03-31,0.0
2015-04-01,1.53
2015-04-02,0.0
2015-04-03,3.0
2015-04-04,0.0
2015-04-05,0.0
2015-04-06,0.0
2015-04-07,0.0
2015-04-08,0.0
2015-04-09,0.0
2015-04-10,0.0
2015-04-11,2.28
2015-04-12,0.0
2015-04-13,0.0
2015-04-14,0.0
2015-04-15,0.0
2015-04-16,0.0
2015-04-17,0.0
2015-04-18,0.0
2015-04-19,0.0
2015-04-20,0.0
2015-04-21,0.0
2015-04-22,0.0
2015-04-23,0.0
2015-04-24,0.0
2015-04-25,0.0
2015-04-26,0.0
2015-04-27,0.0
2015-04-28,0.0
2015-04-29,0.0
2015-04-30,0.0
2015-05-01,0.0
2015-05-02,0.0
2015-05-03,0.0
2015-05-04,0.0
2015-05-05,0.0
2015-05-06,0.0
2015-05-07,0.0
2015-05-08,0.0
2015-05-09,0.0
2015-05-10,0.0
2015-05-11,0.0
2015-05-12,0.0
2015-05-13,0.0
2015-05-14,0.0
2015-05-15,0.0
2015-05-16,0.0
2015-05-17,0.0
2015-05-18,5.52
2015-05-19,2.94
2015-05-20,0.0
2015-05-21,0.0
2015-05-22,0.0
2015-05-23,0.0
2015-05-24,0.0
2015-05-25,0.0
2015-05-26,0.0
2015-05-27,0.0
2015-05-28,0.0
2015-05-29,6.0
2015-05-30,0.0
2015-05-31,0.0
2015-06-01,0.0
2015-06-02,0.0
2015-06-03,0.0
2015-06-04,0.0
2015-06-05,0.0
2015-06-06,0.0
2015-06-07,0.0
2015-06-08,0.0
2015-06-09,0.0
2015-06-10,0.0
2015-06-11,0.0
2015-06-12,0.0
2015-06-13,0.0
2015-06-14,0.0
2015-06-15,0.0
2015-06-16,0.0
2015-06-17,0.0
2015-06-18,0.0
2015-06-19,0.0
2015-06-20,0.0
2015-06-21,0.0
2015-06-22,0.0
2015-06-23,0.0
2015-06-24,0.0
2015-06-25,0.0
2015-06-26,0.0
2015-06-27,0.0
2015-06-28,0.0
2015-06-29,0.0
2015-06-30,0.0
2015-07-01,0.0
2015-07-02,0.0
2015-07-03,0.0
2015-07-04,0.0
2015-07-05,1.04
2015-07-06,0.0
2015-07-07,0.0
2015-07-08,3.48
2015-07-09,0.0
2015-07-10,0.0
2015-07-11,0.0
2015-07-12,0.0
2015-07-13,0.0
2015-07-14,0.0
2015-07-15,0.0
2015-07-16,1.04
2015-07-17,0.76
2015-07-18,0.0
2015-07-19,0.0
2015-07-20,0.0
2015-07-21,0.0
2015-07-22,1.08
2015-07-23,0.88
2015-07-24,4.0
2015-07-25,0.92
2015-07-26,0.0
2015-07-27,1.52
2015-07-28,0.0
2015-07-29,1.48
2015-07-30,1.32
2015-07-31,0.0
2015-08-01,8.4
2015-08-02,0.0
2015-08-03,0.0
2015-08-04,0.0
2015-08-05,6.24
2015-08-06,4.08
2015-08-07,0.0
2015-08-08,0.0
2015-08-09,12.0
2015-08-10,0.0
2015-08-11,0.0
2015-08-12,8.76
2015-08-13,11.64
2015-08-14,0.0
2015-08-15,0.0
2015-08-16,4.2
2015-08-17,0.0
2015-08-18,0.0
2015-08-19,0.0
2015-08-20,0.0
2015-08-21,0.0
2015-08-22,4.8
2015-08-23,7.08
2015-08-24,0.0
2015-08-25,0.0
2015-08-26,0.0
2015-08-27,3.96
2015-08-28,0.0
2015-08-29,0.0
2015-08-30,11.64
2015-08-31,0.0
2015-09-01,0.0
2015-09-02,0.0
2015-09-03,0.0
2015-09-04,0.0
2015-09-05,0.0
2015-09-06,0.0
2015-09-07,0.0
2015-09-08,0.0
2015-09-09,0.0
2015-09-10,0.0
2015-09-11,0.0
2015-09-12,0.0
2015-09-13,0.0
2015-09-14,0.0
2015-09-15,0.0
2015-09-16,0.0
2015-09-17,0.0
2015-09-18,0.0
2015-09-19,0.0
2015-09-20,0.0
2015-09-21,0.0
2015-09-22,0.0
2015-09-23,0.0
2015-09-24,0.0
2015-09-25,0.0
2015-09-26,0.0
2015-09-27,0.0
2015-09-28,0.0
2015-09-29,0.0
2015-09-30,0.0
2015-10-01,0.0
2015-10-02,0.0
2015-10-03,8.32
2015-10-04,0.0
2015-10-05,0.0
2015-10-06,0.0
2015-10-07,0.0
2015-10-08,13.0
2015-10-09,0.0
2015-10-10,0.0
2015-10-11,0.0
2015-10-12,0.0
2015-10-13,0.0
2015-10-14,0.0
2015-10-15,0.0
2015-10-16,0.0
2015-10-17,0.0
2015-10-18,0.0
2015-10-19,0.0
2015-10-20,0.0
2015-10-21,0.0
2015-10-22,5.720000000000001
2015-10-23,0.0
2015-10-24,0.0
2015-10-25,0.0
2015-10-26,8.32
2015-10-27,0.0
2015-10-28,0.0
2015-10-29,6.76
2015-10-30,0.0
2015-10-31,8.32
2015-11-01,0.0
2015-11-02,5.6000000000000005
2015-11-03,0.0
2015-11-04,0.0
2015-11-05,0.0
2015-11-06,0.0
2015-11-07,0.0
2015-11-08,0.0
2015-11-09,0.0
2015-11-10,0.0
2015-11-11,0.0
2015-11-12,4.0600000000000005
2015-11-13,0.0
2015-11-14,0.0
2015-11-15,0.0
2015-11-16,5.460000000000001
2015-11-17,3.5000000000000004
2015-11-18,0.0
2015-11-19,0.0
2015-11-20,4.340000000000001
2015-11-21,0.0
2015-11-22,0.0
2015-11-23,14.000000000000002
2015-11-24,0.0
2015-11-25,0.0
2015-11-26,0.0
2015-11-27,0.0
2015-11-28,0.0
2015-11-29,0.0
2015-11-30,2.66
2015-12-01,0.0
2015-12-02,0.0
2015-12-03,0.0
2015-12-04,3.0
2015-12-05,4.2
2015-12-06,0.0
2015-12-07,0.0
2015-12-08,0.0
2015-12-09,1.7999999999999998
2015-12-10,2.55
2015-12-11,0.0
2015-12-12,0.0
2015-12-13,0.0
2015-12-14,0.0
2015-12-15,0.0
2015-12-16,3.15
2015-12-17,4.65
2015-12-18,0.0
2015-12-19,0.0
2015-12-20,8.549999999999999
2015-12-21,0.0
2015-12-22,0.0
2015-12-23,0.0
2015-12-24,0.0
2015-12-25,15.0
2015-12-26,4.2
2015-12-27,0.0
2015-12-28,0.0
2015-12-29,0.0
2015-12-30,5.1
2015-12-31,0.0
2016-01-01,0.0
2016-01-02,0.0
2016-01-03,13.3
2016-01-04,9.24
2016-01-05,0.0
2016-01-06,6.44
2016-01-07,0.0
2016-01-08,0.0
2016-01-09,0.0
2016-01-10,0.0
2016-01-11,9.52
2016-01-12,0.0
2016-01-13,0.0
2016-01-14,7.280000000000001
2016-01-15,0.0
2016-01-16,0.0
2016-01-17,6.44
2016-01-18,10.080000000000002
2016-01-19,0.0
2016-01-20,0.0
2016-01-21,0.0
2016-01-22,6.720000000000001
2016-01-23,14.000000000000002
2016-01-24,0.0
2016-01-25,7.840000000000001
2016-01-26,0.0
2016-01-27,0.0
2016-01-28,0.0
2016-01-29,0.0
2016-01-30,0.0
2016-01-31,0.0
2016-02-01,5.279999999999999
2016-02-02,0.0
2016-02-03,0.0
2016-02-04,0.0
2016-02-05,3.48
2016-02-06,0.0
2016-02-07,0.0
2016-02-08,3.6
2016-02-09,0.0
2016-02-10,0.0
2016-02-11,0.0
2016-02-12,0.0
2016-02-13,0.0
2016-02-14,5.4
2016-02-15,5.279999999999999
2016-02-16,4.92
2016-02-17,4.8
2016-02-18,7.439999999999999
2016-02-19,6.96
2016-02-20,0.0
2016-02-21,0.0
2016-02-22,2.64
2016-02-23,0.0
2016-02-24,7.68
2016-02-25,0.0
2016-02-26,0.0
2016-02-27,12.0
2016-02-28,0.0
2016-02-29,2.76
2016-03-01,5.39
2016-03-02,0.0
2016-03-03,0.0
2016-03-04,0.0
2016-03-05,11.0
2016-03-06,0.0
2016-03-07,0.0
2016-03-08,0.0
2016-03-09,0.0
2016-03-10,0.0
2016-03-11,0.0
2016-03-12,0.0
2016-03-13,0.0
2016-03-14,0.0
2016-03-15,0.0
2016-03-16,0.0
2016-03-17,5.61
2016-03-18,0.0
2016-03-19,0.0
2016-03-20,0.0
2016-03-21,0.0
2016-03-22,0.0
2016-03-23,0.0
2016-03-24,5.06
2016-03-25,0.0
2016-03-26,0.0
2016-03-27,0.0
2016-03-28,0.0
2016-03-29,0.0
2016-03-30,0.0
2016-03-31,0.0
2016-04-01,0.0
2016-04-02,0.0
2016-04-03,0.0
2016-04-04,0.0
2016-04-05,0.0
2016-04-06,0.0
2016-04-07,0.0
2016-04-08,0.0
2016-04-09,0.0
2016-04-10,0.0
2016-04-11,0.0
2016-04-12,0.0
2016-04-13,0.0
2016-04-14,0.0
2016-04-15,0.0
2016-04-16,14.000000000000002
2016-04-17,0.0
2016-04-18,0.0
2016-04-19,0.0
2016-04-20,0.0
2016-04-21,0.0
2016-04-22,0.0
2016-04-23,0.0
2016-04-24,0.0
2016-04-25,5.180000000000001
2016-04-26,0.0
2016-04-27,0.0
2016-04-28,0.0
2016-04-29,0.0
2016-04-30,0.0
2016-05-01,0.0
2016-05-02,3.25
2016-05-03,0.0
2016-05-04,0.0
2016-05-05,0.0
2016-05-06,0.0
2016-05-07,0.0
2016-05-08,0.0
2016-05-09,13.0
2016-05-10,4.42
2016-05-11,0.0
2016-05-12,0.0
2016-05-13,0.0
2016-05-14,0.0
2016-05-15,0.0
2016-05-16,0.0
2016-05-17,3.38
2016-05-18,0.0
2016-05-19,0.0
2016-05-20,0.0
2016-05-21,6.37
2016-05-22,0.0
2016-05-23,0.0
2016-05-24,0.0
2016-05-25,3.9
2016-05-26,0.0
2016-05-27,10.27
2016-05-28,0.0
2016-05-29,0.0
2016-05-30,7.0200000000000005
2016-05-31,0.0
2016-06-01,0.0
2016-06-02,0.0
2016-06-03,1.74
2016-06-04,0.0
2016-06-05,0.0
2016-06-06,0.0
2016-06-07,0.0
2016-06-08,2.58
2016-06-09,2.94
2016-06-10,4.56
2016-06-11,0.0
2016-06-12,0.0
2016-06-13,0.0
2016-06-14,0.0
2016-06-15,0.0
2016-06-16,0.0
2016-06-17,0.0
2016-06-18,0.0
2016-06-19,0.0
2016-06-20,0.0
2016-06-21,0.0
2016-06-22,0.0
2016-06-23,0.0
2016-06-24,0.0
2016-06-25,0.0
2016-06-26,0.0
2016-06-27,0.0
2016-06-28,0.0
2016-06-29,0.0
2016-06-30,6.0
2016-07-01,0.0
2016-07-02,0.0
2016-07-03,6.0
2016-07-04,0.0
2016-07-05,0.0
2016-07-06,0.0
2016-07-07,0.0
2016-07-08,0.0
2016-07-09,0.0
2016-07-10,0.0
2016-07-11,0.0
2016-07-12,2.76
2016-07-13,2.76
2016-07-14,0.0
2016-07-15,1.86
2016-07-16,0.0
2016-07-17,0.0
2016-07-18,0.0
2016-07-19,3.48
2016-07-20,0.0
2016-07-21,0.0
2016-07-22,0.0
2016-07-23,0.0
2016-07-24,0.0
2016-07-25,0.0
2016-07-26,0.0
2016-07-27,0.0
2016-07-28,2.1
2016-07-29,0.0
2016-07-30,0.0
2016-07-31,0.0
2016-08-01,0.0
2016-08-02,0.0
2016-08-03,9.0
2016-08-04,0.0
2016-08-05,0.0
2016-08-06,7.47
2016-08-07,0.0
2016-08-08,0.0
2016-08-09,0.0
2016-08-10,0.0
2016-08-11,0.0
2016-08-12,0.0
2016-08-13,0.0
2016-08-14,0.0
2016-08-15,0.0
2016-08-16,0.0
2016-08-17,0.0
2016-08-18,0.0
2016-08-19,0.0
2016-08-20,0.0
2016-08-21,0.0
2016-08-22,0.0
2016-08-23,0.0
2016-08-24,0.0
2016-08-25,0.0
2016-08-26,0.0
2016-08-27,0.0
2016-08-28,0.0
2016-08-29,0.0
2016-08-30,0.0
2016-08-31,8.01
2016-09-01,0.0
2016-09-02,9.36
2016-09-03,0.0
2016-09-04,0.0
2016-09-05,6.12
2016-09-06,0.0
2016-09-07,0.0
2016-09-08,0.0
2016-09-09,0.0
2016-09-10,12.0
2016-09-11,0.0
2016-09-12,0.0
2016-09-13,0.0
2016-09-14,0.0
2016-09-15,0.0
2016-09-16,0.0
2016-09-17,0.0
2016-09-18,0.0
2016-09-19,0.0
2016-09-20,6.24
2016-09-21,0.0
2016-09-22,0.0
2016-09-23,0.0
2016-09-24,0.0
2016-09-25,0.0
2016-09-26,0.0
2016-09-27,4.8
2016-09-28,0.0
2016-09-29,8.16
2016-09-30,6.72
2016-10-01,0.0
2016-10-02,0.0
2016-10-03,0.0
2016-10-04,0.0
2016-10-05,0.0
2016-10-06,4.29
2016-10-07,0.0
2016-10-08,0.0
2016-10-09,0.0
2016-10-10,11.0
2016-10-11,0.0
2016-10-12,7.26
2016-10-13,0.0
2016-10-14,0.0
2016-10-15,0.0
2016-10-16,0.0
2016-10-17,5.5
2016-10-18,0.0
2016-10-19,0.0
2016-10-20,6.6
2016-10-21,6.16
2016-10-22,0.0
2016-10-23,0.0
2016-10-24,5.94
2016-10-25,8.03
2016-10-26,0.0
2016-10-27,0.0
2016-10-28,0.0
2016-10-29,0.0
2016-10-30,0.0
2016-10-31,0.0
2016-11-01,0.0
2016-11-02,0.0
2016-11-03,5.0
2016-11-04,4.3
2016-11-05,0.0
2016-11-06,0.0
2016-11-07,0.0
2016-11-08,0.0
2016-11-09,0.0
2016-11-10,0.0
2016-11-11,0.0
2016-11-12,4.05
2016-11-13,2.95
2016-11-14,2.3000000000000003
2016-11-15,0.0
2016-11-16,0.0
2016-11-17,0.0
2016-11-18,0.0
2016-11-19,4.15
2016-11-20,0.0
2016-11-21,4.3
2016-11-22,2.2
2016-11-23,3.0
2016-11-24,0.0
2016-11-25,3.1
2016-11-26,0.0
2016-11-27,0.0
2016-11-28,2.5
2016-11-29,1.9
2016-11-30,2.5500000000000003
2016-12-01,0.0
2016-12-02,0.0
2016-12-03,0.0
2016-12-04,0.0
2016-12-05,0.0
2016-12-06,0.0
2016-12-07,10.03
2016-12-08,0.0
2016-12-09,17.0
2016-12-10,0.0
2016-12-11,12.750000000000002
2016-12-12,0.0
2016-12-13,0.0
2016-12-14,0.0
2016-12-15,0.0
2016-12-16,0.0
2016-12-17,0.0
2016-12-18,0.0
2016-12-19,11.73
2016-12-20,0.0
2016-12-21,0.0
2016-12-22,0.0
2016-12-23,15.81
2016-12-24,0.0
2016-12-25,10.2
2016-12-26,0.0
2016-12-27,0.0
2016-12-28,0.0
2016-12-29,0.0
2016-12-30,0.0
2016-12-31,0.0
2017-01-01,0.0
2017-01-02,0.0
2017-01-03,0.0
2017-01-04,4.32
2017-01-05,0.0
2017-01-06,0.0
2017-01-07,8.28
2017-01-08,0.0
2017-01-09,0.0
2017-01-10,2.88
2017-01-11,0.0
2017-01-12,0.0
2017-01-13,0.0
2017-01-14,0.0
2017-01-15,0.0
2017-01-16,0.0
2017-01-17,0.0
2017-01-18,0.0
2017-01-19,2.61
2017-01-20,5.13
2017-01-21,3.42
2017-01-22,0.0
2017-01-23,5.67
2017-01-24,0.0
2017-01-25,0.0
2017-01-26,0.0
2017-01-27,4.859999999999999
2017-01-28,0.0
2017-01-29,9.0
2017-01-30,0.0
2017-01-31,2.79
2017-02-01,0.0
2017-02-02,0.0
2017-02-03,0.0
2017-02-04,0.0
2017-02-05,0.0
2017-02-06,0.0
2017-02-07,0.0
2017-02-08,0.0
2017-02-09,0.0
2017-02-10,0.0
2017-02-11,0.0
2017-02-12,0.0
2017-02-13,0.0
2017-02-14,0.0
2017-02-15,0.0
2017-02-16,8.540000000000001
2017-02-17,0.0
2017-02-18,7.840000000000001
2017-02-19,0.0
2017-02-20,0.0
2017-02-21,0.0
2017-02-22,0.0
2017-02-23,14.000000000000002
2017-02-24,0.0
2017-02-25,10.64
2017-02-26,0.0
2017-02-27,0.0
2017-02-28,6.580000000000001
2017-03-01,0.0
2017-03-02,0.0
2017-03-03,0.0
2017-03-04,0.0
2017-03-05,0.0
2017-03-06,0.0
2017-03-07,0.0
2017-03-08,0.0
2017-03-09,11.7
2017-03-10,0.0
2017-03-11,0.0
2017-03-12,0.0
2017-03-13,0.0
2017-03-14,0.0
2017-03-15,6.3
2017-03-16,7.02
2017-03-17,0.0
2017-03-18,0.0
2017-03-19,0.0
2017-03-20,0.0
2017-03-21,0.0
2017-03-22,0.0
2017-03-23,12.96
2017-03-24,6.48
2017-03-25,0.0
2017-03-26,0.0
2017-03-27,18.0
2017-03-28,0.0
2017-03-29,0.0
2017-03-30,0.0
2017-03-31,6.66
2017-04-01,0.0
2017-04-02,0.0
2017-04-03,0.0
2017-04-04,5.33
2017-04-05,0.0
2017-04-06,0.0
2017-04-07,4.42
2017-04-08,0.0
2017-04-09,0.0
2017-04-10,5.59
2017-04-11,0.0
2017-04-12,0.0
2017-04-13,0.0
2017-04-14,0.0
2017-04-15,0.0
2017-04-16,0.0
2017-04-17,0.0
2017-04-18,0.0
2017-04-19,0.0
2017-04-20,13.0
2017-04-21,0.0
2017-04-22,0.0
2017-04-23,0.0
2017-04-24,7.41
2017-04-25,0.0
2017-04-26,0.0
2017-04-27,6.37
2017-04-28,0.0
2017-04-29,0.0
2017-04-30,0.0
2017-05-01,0.0
2017-05-02,0.0
2017-05-03,0.0
2017-05-04,0.0
2017-05-05,0.0
2017-05-06,0.0
2017-05-07,0.0
2017-05-08,0.0
2017-05-09,0.0
2017-05-10,0.0
2017-05-11,0.0
2017-05-12,5.2
2017-05-13,0.0
2017-05-14,0.0
2017-05-15,0.0
2017-05-16,0.0
2017-05-17,0.0
2017-05-18,0.0
2017-05-19,0.0
2017-05-20,0.0
2017-05-21,0.0
2017-05-22,0.0
2017-05-23,0.0
2017-05-24,0.0
2017-05-25,0.0
2017-05-26,0.0
2017-05-27,4.16
2017-05-28,12.22
2017-05-29,0.0
2017-05-30,13.0
2017-05-31,0.0
2017-06-01,0.0
2017-06-02,13.86
2017-06-03,0.0
2017-06-04,0.0
2017-06-05,0.0
2017-06-06,0.0
2017-06-07,8.58
2017-06-08,13.86
2017-06-09,0.0
2017-06-10,0.0
2017-06-11,0.0
2017-06-12,11.0
2017-06-13,0.0
2017-06-14,16.94
2017-06-15,0.0
2017-06-16,0.0
2017-06-17,0.0
2017-06-18,0.0
2017-06-19,0.0
2017-06-20,0.0
2017-06-21,0.0
2017-06-22,0.0
2017-06-23,0.0
2017-06-24,22.0
2017-06-25,11.44
2017-06-26,0.0
2017-06-27,0.0
2017-06-28,10.34
2017-06-29,0.0
2017-06-30,0.0
2017-07-01,5.17
2017-07-02,0.0
2017-07-03,8.36
2017-07-04,7.37
2017-07-05,0.0
2017-07-06,4.62
2017-07-07,0.0
2017-07-08,0.0
2017-07-09,0.0
2017-07-10,0.0
2017-07-11,0.0
2017-07-12,0.0
2017-07-13,0.0
2017-07-14,0.0
2017-07-15,0.0
2017-07-16,0.0
2017-07-17,0.0
2017-07-18,0.0
2017-07-19,11.0
2017-07-20,0.0
2017-07-21,0.0
2017-07-22,0.0
2017-07-23,0.0
2017-07-24,0.0
2017-07-25,0.0
2017-07-26,4.84
2017-07-27,0.0
2017-07-28,5.17
2017-07-29,0.0
2017-07-30,0.0
2017-07-31,0.0
2017-08-01,4.07
2017-08-02,0.0
2017-08-03,0.0
2017-08-04,3.41
2017-08-05,0.0
2017-08-06,0.0
2017-08-07,0.0
2017-08-08,0.0
2017-08-09,2.64
2017-08-10,0.0
2017-08-11,0.0
2017-08-12,0.0
2017-08-13,0.0
2017-08-14,0.0
2017-08-15,5.94
2017-08-16,0.0
2017-08-17,0.0
2017-08-18,5.39
2017-08-19,0.0
2017-08-20,0.0
2017-08-21,0.0
2017-08-22,0.0
2017-08-23,3.63
2017-08-24,0.0
2017-08-25,0.0
2017-08-26,0.0
2017-08-27,11.0
2017-08-28,0.0
2017-08-29,0.0
2017-08-30,0.0
2017-08-31,0.0
2017-09-01,0.0
2017-09-02,0.0
2017-09-03,0.0
2017-09-04,0.0
2017-09-05,11.05
2017-09-06,0.0
2017-09-07,0.0
2017-09-08,0.0
2017-09-09,0.0
2017-09-10,0.0
2017-09-11,0.0
2017-09-12,0.0
2017-09-13,0.0
2017-09-14,13.6
2017-09-15,0.0
2017-09-16,13.090000000000002
2017-09-17,0.0
2017-09-18,0.0
2017-09-19,0.0
2017-09-20,0.0
2017-09-21,0.0
2017-09-22,0.0
2017-09-23,0.0
2017-09-24,11.05
2017-09-25,0.0
2017-09-26,7.99
2017-09-27,0.0
2017-09-28,17.0
2017-09-29,13.6
2017-09-30,0.0
2017-10-01,0.0
2017-10-02,3.24
2017-10-03,0.0
2017-10-04,0.0
2017-10-05,0.0
2017-10-06,0.0
2017-10-07,6.3
2017-10-08,0.0
2017-10-09,7.56
2017-10-10,5.76
2017-10-11,0.0
2017-10-12,0.0
2017-10-13,0.0
2017-10-14,0.0
2017-10-15,0.0
2017-10-16,0.0
2017-10-17,18.0
2017-10-18,0.0
2017-10-19,0.0
2017-10-20,7.92
2017-10-21,0.0
2017-10-22,0.0
2017-10-23,0.0
2017-10-24,0.0
2017-10-25,0.0
2017-10-26,0.0
2017-10-27,4.14
2017-10-28,0.0
2017-10-29,0.0
2017-10-30,0.0
2017-10-31,0.0
2017-11-01,0.0
2017-11-02,0.0
2017-11-03,0.0
2017-11-04,0.0
2017-11-05,0.0
2017-11-06,0.0
2017-11-07,4.83
2017-11-08,8.82
2017-11-09,0.0
2017-11-10,0.0
2017-11-11,0.0
2017-11-12,0.0
2017-11-13,0.0
2017-11-14,7.14
2017-11-15,0.0
2017-11-16,0.0
2017-11-17,0.0
2017-11-18,0.0
2017-11-19,6.93
2017-11-20,0.0
2017-11-21,6.51
2017-11-22,0.0
2017-11-23,0.0
2017-11-24,21.0
2017-11-25,0.0
2017-11-26,19.11
2017-11-27,0.0
2017-11-28,0.0
2017-11-29,0.0
2017-11-30,0.0
2017-12-01,2.9400000000000004
2017-12-02,0.0
2017-12-03,0.0
2017-12-04,0.0
2017-12-05,0.0
2017-12-06,3.5000000000000004
2017-12-07,0.0
2017-12-08,0.0
2017-12-09,3.3600000000000003
2017-12-10,0.0
2017-12-11,0.0
2017-12-12,0.0
2017-12-13,0.0
2017-12-14,0.0
2017-12-15,0.0
2017-12-16,0.0
2017-12-17,14.000000000000002
2017-12-18,3.3600000000000003
2017-12-19,0.0
2017-12-20,6.0200000000000005
2017-12-21,5.880000000000001
2017-12-22,8.82
2017-12-23,0.0
2017-12-24,6.44
2017-12-25,0.0
2017-12-26,0.0
2017-12-27,0.0
2017-12-28,0.0
2017-12-29,0.0
2017-12-30,3.78
2017-12-31,0.0
2018-01-01,0.0
2018-01-02,0.0
2018-01-03,0.0
2018-01-04,6.24
2018-01-05,0.0
2018-01-06,0.0
2018-01-07,13.44
2018-01-08,0.0
2018-01-09,4.8
2018-01-10,9.6
2018-01-11,0.0
2018-01-12,0.0
2018-01-13,0.0
2018-01-14,0.0
2018-01-15,6.96
2018-01-16,5.279999999999999
2018-01-17,24.0
2018-01-18,6.96
2018-01-19,0.0
2018-01-20,0.0
2018-01-21,0.0
2018-01-22,7.439999999999999
2018-01-23,5.04
2018-01-24,0.0
2018-01-25,0.0
2018-01-26,0.0
2018-01-27,0.0
2018-01-28,7.439999999999999
2018-01-29,0.0
2018-01-30,5.52
2018-01-31,0.0
2018-02-01,9.8
2018-02-02,0.0
2018-02-03,0.0
2018-02-04,0.0
2018-02-05,0.0
2018-02-06,0.0
2018-02-07,0.0
2018-02-08,0.0
2018-02-09,0.0
2018-02-10,0.0
2018-02-11,0.0
2018-02-12,0.0
2018-02-13,10.4
2018-02-14,0.0
2018-02-15,0.0
2018-02-16,0.0
2018-02-17,15.6
2018-02-18,0.0
2018-02-19,0.0
2018-02-20,0.0
2018-02-21,0.0
2018-02-22,0.0
2018-02-23,20.0
2018-02-24,0.0
2018-02-25,0.0
2018-02-26,0.0
2018-02-27,0.0
2018-02-28,0.0
2018-03-01,0.0
2018-03-02,0.0
2018-03-03,0.0
2018-03-04,0.0
2018-03-05,11.88
2018-03-06,0.0
2018-03-07,0.0
2018-03-08,0.0
2018-03-09,0.0
2018-03-10,8.82
2018-03-11,18.0
2018-03-12,6.3
2018-03-13,0.0
2018-03-14,0.0
2018-03-15,0.0
2018-03-16,0.0
2018-03-17,0.0
2018-03-18,0.0
2018-03-19,0.0
2018-03-20,0.0
2018-03-21,0.0
2018-03-22,0.0
2018-03-23,0.0
2018-03-24,0.0
2018-03-25,0.0
2018-03-26,0.0
2018-03-27,0.0
2018-03-28,0.0
2018-03-29,7.38
2018-03-30,8.459999999999999
2018-03-31,9.9
2018-04-01,0.0
2018-04-02,23.0
2018-04-03,0.0
2018-04-04,8.05
2018-04-05,0.0
2018-04-06,13.57
2018-04-07,0.0
2018-04-08,0.0
2018-04-09,4.83
2018-04-10,12.19
2018-04-11,16.79
2018-04-12,0.0
2018-04-13,4.6000000000000005
2018-04-14,0.0
2018-04-15,0.0
2018-04-16,0.0
2018-04-17,19.32
2018-04-18,0.0
2018-04-19,0.0
2018-04-20,0.0
2018-04-21,0.0
2018-04-22,0.0
2018-04-23,0.0
2018-04-24,0.0
2018-04-25,0.0
2018-04-26,0.0
2018-04-27,0.0
2018-04-28,0.0
2018-04-29,0.0
2018-04-30,5.0600000000000005
2018-05-01,8.459999999999999
2018-05-02,0.0
2018-05-03,6.66
2018-05-04,0.0
2018-05-05,0.0
2018-05-06,0.0
2018-05-07,0.0
2018-05-08,8.82
2018-05-09,0.0
2018-05-10,0.0
2018-05-11,5.94
2018-05-12,0.0
2018-05-13,0.0
2018-05-14,9.72
2018-05-15,13.86
2018-05-16,18.0
2018-05-17,0.0
2018-05-18,0.0
2018-05-19,0.0
2018-05-20,0.0
2018-05-21,7.739999999999999
2018-05-22,0.0
2018-05-23,0.0
2018-05-24,12.6
2018-05-25,0.0
2018-05-26,0.0
2018-05-27,0.0
2018-05-28,0.0
2018-05-29,0.0
2018-05-30,0.0
2018-05-31,12.6
2018-06-01,0.0
2018-06-02,0.0
2018-06-03,0.0
2018-06-04,5.040000000000001
2018-06-05,0.0
2018-06-06,0.0
2018-06-07,0.0
2018-06-08,0.0
2018-06-09,0.0
2018-06-10,0.0
2018-06-11,0.0
2018-06-12,0.0
2018-06-13,0.0
2018-06-14,0.0
2018-06-15,0.0
2018-06-16,0.0
2018-06-17,0.0
2018-06-18,0.0
2018-06-19,0.0
2018-06-20,0.0
2018-06-21,0.0
2018-06-22,0.0
2018-06-23,14.000000000000002
2018-06-24,12.18
2018-06-25,0.0
2018-06-26,0.0
2018-06-27,0.0
2018-06-28,8.96
2018-06-29,10.080000000000002
2018-06-30,0.0
2018-07-01,0.0
2018-07-02,0.0
2018-07-03,0.0
2018-07-04,3.96
2018-07-05,4.68
2018-07-06,0.0
2018-07-07,0.0
2018-07-08,0.0
2018-07-09,3.84
2018-07-10,4.2
2018-07-11,0.0
2018-07-12,0.0
2018-07-13,0.0
2018-07-14,0.0
2018-07-15,12.0
2018-07-16,0.0
2018-07-17,0.0
2018-07-18,0.0
2018-07-19,0.0
2018-07-20,5.64
2018-07-21,0.0
2018-07-22,0.0
2018-07-23,0.0
2018-07-24,0.0
2018-07-25,0.0
2018-07-26,3.96
2018-07-27,0.0
2018-07-28,0.0
2018-07-29,5.16
2018-07-30,0.0
2018-07-31,0.0
2018-08-01,0.0
2018-08-02,0.0
2018-08-03,0.0
2018-08-04,0.0
2018-08-05,11.97
2018-08-06,14.07
2018-08-07,0.0
2018-08-08,0.0
2018-08-09,0.0
2018-08-10,21.0
2018-08-11,0.0
2018-08-12,0.0
2018-08-13,9.66
2018-08-14,0.0
2018-08-15,7.56
2018-08-16,0.0
2018-08-17,0.0
2018-08-18,0.0
2018-08-19,0.0
2018-08-20,0.0
2018-08-21,0.0
2018-08-22,14.7
2018-08-23,0.0
2018-08-24,0.0
2018-08-25,9.66
2018-08-26,0.0
2018-08-27,8.61
2018-08-28,10.92
2018-08-29,0.0
2018-08-30,0.0
2018-08-31,7.56
2018-09-01,12.8
2018-09-02,0.0
2018-09-03,0.0
2018-09-04,0.0
2018-09-05,0.0
2018-09-06,12.48
2018-09-07,0.0
2018-09-08,0.0
2018-09-09,0.0
2018-09-10,0.0
2018-09-11,0.0
2018-09-12,0.0
2018-09-13,0.0
2018-09-14,0.0
2018-09-15,0.0
2018-09-16,0.0
2018-09-17,0.0
2018-09-18,4.64
2018-09-19,0.0
2018-09-20,0.0
2018-09-21,0.0
2018-09-22,0.0
2018-09-23,16.0
2018-09-24,0.0
2018-09-25,0.0
2018-09-26,8.64
2018-09-27,6.24
2018-09-28,0.0
2018-09-29,0.0
2018-09-30,0.0
2018-10-01,0.0
2018-10-02,0.0
2018-10-03,0.0
2018-10-04,0.0
2018-10-05,0.0
2018-10-06,0.0
2018-10-07,0.0
2018-10-08,0.0
2018-10-09,0.0
2018-10-10,0.0
2018-10-11,32.0
2018-10-12,0.0
2018-10-13,0.0
2018-10-14,16.0
2018-10-15,13.12
2018-10-16,7.04
2018-10-17,0.0
2018-10-18,0.0
2018-10-19,17.6
2018-10-20,11.2
2018-10-21,0.0
2018-10-22,0.0
2018-10-23,0.0
2018-10-24,7.36
2018-10-25,0.0
2018-10-26,0.0
2018-10-27,0.0
2018-10-28,10.56
2018-10-29,0.0
2018-10-30,12.48
2018-10-31,11.2
2018-11-01,0.0
2018-11-02,0.0
2018-11-03,0.0
2018-11-04,0.0
2018-11-05,15.5
2018-11-06,0.0
2018-11-07,0.0
2018-11-08,0.0
2018-11-09,0.0
2018-11-10,31.0
2018-11-11,0.0
2018-11-12,0.0
2018-11-13,0.0
2018-11-14,0.0
2018-11-15,0.0
2018-11-16,0.0
2018-11-17,0.0
2018-11-18,0.0
2018-11-19,0.0
2018-11-20,0.0
2018-11-21,11.78
2018-11-22,0.0
2018-11-23,0.0
2018-11-24,0.0
2018-11-25,22.94
2018-11-26,0.0
2018-11-27,12.09
2018-11-28,0.0
2018-11-29,0.0
2018-11-30,20.46
2018-12-01,0.0
2018-12-02,0.0
2018-12-03,9.12
2018-12-04,18.24
2018-12-05,0.0
2018-12-06,0.0
2018-12-07,0.0
2018-12-08,0.0
2018-12-09,6.24
2018-12-10,0.0
2018-12-11,0.0
2018-12-12,6.48
2018-12-13,4.32
2018-12-14,0.0
2018-12-15,5.52
2018-12-16,0.0
2018-12-17,0.0
2018-12-18,5.279999999999999
2018-12-19,24.0
2018-12-20,0.0
2018-12-21,0.0
2018-12-22,0.0
2018-12-23,5.04
2018-12-24,0.0
2018-12-25,0.0
2018-12-26,0.0
2018-12-27,0.0
2018-12-28,0.0
2018-12-29,0.0
2018-12-30,0.0
2018-12-31,0.0
2019-01-01,0.0
2019-01-02,0.0
2019-01-03,0.0
2019-01-04,17.7
2019-01-05,21.3
2019-01-06,0.0
2019-01-07,0.0
2019-01-08,8.4
2019-01-09,0.0
2019-01-10,0.0
2019-01-11,0.0
2019-01-12,0.0
2019-01-13,0.0
2019-01-14,0.0
2019-01-15,12.0
2019-01-16,0.0
2019-01-17,13.5
2019-01-18,0.0
2019-01-19,0.0
2019-01-20,17.4
2019-01-21,0.0
2019-01-22,0.0
2019-01-23,0.0
2019-01-24,30.0
2019-01-25,20.1
2019-01-26,0.0
2019-01-27,0.0
2019-01-28,20.4
2019-01-29,23.4
2019-01-30,0.0
2019-01-31,8.4
2019-02-01,0.0
2019-02-02,0.0
2019-02-03,12.920000000000002
2019-02-04,7.48
2019-02-05,8.5
2019-02-06,0.0
2019-02-07,0.0
2019-02-08,11.56
2019-02-09,0.0
2019-02-10,8.16
2019-02-11,0.0
2019-02-12,0.0
2019-02-13,10.2
2019-02-14,0.0
2019-02-15,0.0
2019-02-16,0.0
2019-02-17,0.0
2019-02-18,0.0
2019-02-19,11.22
2019-02-20,8.84
2019-02-21,0.0
2019-02-22,8.16
2019-02-23,34.0
2019-02-24,0.0
2019-02-25,0.0
2019-02-26,0.0
2019-02-27,0.0
2019-02-28,0.0
2019-03-01,18.5
2019-03-02,19.25
2019-03-03,0.0
2019-03-04,13.5
2019-03-05,13.5
2019-03-06,15.0
2019-03-07,0.0
2019-03-08,0.0
2019-03-09,17.5
2019-03-10,25.0
2019-03-11,0.0
2019-03-12,0.0
2019-03-13,0.0
2019-03-14,11.25
2019-03-15,11.5
2019-03-16,0.0
2019-03-17,0.0
2019-03-18,0.0
2019-03-19,0.0
2019-03-20,0.0
2019-03-21,0.0
2019-03-22,14.25
2019-03-23,0.0
2019-03-24,0.0
2019-03-25,0.0
2019-03-26,0.0
2019-03-27,23.5
2019-03-28,0.0
2019-03-29,0.0
2019-03-30,0.0
2019-03-31,0.0
2019-04-01,0.0
2019-04-02,0.0
2019-04-03,0.0
2019-04-04,11.5
2019-04-05,0.0
2019-04-06,23.0
2019-04-07,0.0
2019-04-08,0.0
2019-04-09,0.0
2019-04-10,4.140000000000001
2019-04-11,0.0
2019-04-12,0.0
2019-04-13,0.0
2019-04-14,0.0
2019-04-15,7.13
2019-04-16,6.44
2019-04-17,0.0
2019-04-18,3.68
2019-04-19,0.0
2019-04-20,0.0
2019-04-21,0.0
2019-04-22,7.13
2019-04-23,12.65
2019-04-24,0.0
2019-04-25,8.280000000000001
2019-04-26,0.0
2019-04-27,0.0
2019-04-28,7.590000000000001
2019-04-29,4.6000000000000005
2019-04-30,4.140000000000001
2019-05-01,4.8
2019-05-02,8.4
2019-05-03,16.32
2019-05-04,0.0
2019-05-05,0.0
2019-05-06,0.0
2019-05-07,0.0
2019-05-08,9.36
2019-05-09,0.0
2019-05-10,9.6
2019-05-11,11.28
2019-05-12,13.68
2019-05-13,8.879999999999999
2019-05-14,0.0
2019-05-15,0.0
2019-05-16,0.0
2019-05-17,24.0
2019-05-18,0.0
2019-05-19,5.52
2019-05-20,7.92
2019-05-21,4.56
2019-05-22,0.0
2019-05-23,0.0
2019-05-24,0.0
2019-05-25,0.0
2019-05-26,0.0
2019-05-27,7.439999999999999
2019-05-28,10.08
2019-05-29,0.0
2019-05-30,9.36
2019-05-31,0.0
2019-06-01,7.56
2019-06-02,0.0
2019-06-03,0.0
2019-06-04,0.0
2019-06-05,6.93
2019-06-06,0.0
2019-06-07,0.0
2019-06-08,0.0
2019-06-09,0.0
2019-06-10,0.0
2019-06-11,0.0
2019-06-12,0.0
2019-06-13,0.0
2019-06-14,4.68
2019-06-15,0.0
2019-06-16,0.0
2019-06-17,0.0
2019-06-18,0.0
2019-06-19,0.0
2019-06-20,0.0
2019-06-21,0.0
2019-06-22,0.0
2019-06-23,5.58
2019-06-24,0.0
2019-06-25,3.96
2019-06-26,0.0
2019-06-27,0.0
2019-06-28,0.0
2019-06-29,0.0
2019-06-30,9.0
2019-07-01,0.0
2019-07-02,1.61
2019-07-03,0.0
2019-07-04,0.0
2019-07-05,0.0
2019-07-06,0.0
2019-07-07,0.0
2019-07-08,0.0
2019-07-09,0.0
2019-07-10,0.0
2019-07-11,0.0
2019-07-12,0.0
2019-07-13,0.0
2019-07-14,2.7300000000000004
2019-07-15,0.0
2019-07-16,0.0
2019-07-17,0.0
2019-07-18,1.8200000000000005
2019-07-19,1.61
2019-07-20,0.0
2019-07-21,0.0
2019-07-22,0.0
2019-07-23,0.0
2019-07-24,3.71
2019-07-25,3.1500000000000004
2019-07-26,7.000000000000001
2019-07-27,0.0
2019-07-28,0.0
2019-07-29,0.0
2019-07-30,0.0
2019-07-31,0.0
2019-08-01,0.0
2019-08-02,0.0
2019-08-03,0.0
2019-08-04,0.0
2019-08-05,0.0
2019-08-06,0.0
2019-08-07,0.0
2019-08-08,7.31
2019-08-09,0.0
2019-08-10,17.0
2019-08-11,15.47
2019-08-12,9.52
2019-08-13,0.0
2019-08-14,9.69
2019-08-15,11.22
2019-08-16,0.0
2019-08-17,0.0
2019-08-18,0.0
2019-08-19,0.0
2019-08-20,0.0
2019-08-21,0.0
2019-08-22,10.2
2019-08-23,0.0
2019-08-24,0.0
2019-08-25,0.0
2019-08-26,0.0
2019-08-27,7.65
2019-08-28,0.0
2019-08-29,0.0
2019-08-30,15.3
2019-08-31,13.090000000000002
2019-09-01,0.0
2019-09-02,0.0
2019-09-03,0.0
2019-09-04,9.0
2019-09-05,0.0
2019-09-06,8.91
2019-09-07,0.0
2019-09-08,0.0
2019-09-09,3.42
2019-09-10,0.0
2019-09-11,0.0
2019-09-12,0.0
2019-09-13,0.0
2019-09-14,0.0
2019-09-15,0.0
2019-09-16,0.0
2019-09-17,0.0
2019-09-18,0.0
2019-09-19,0.0
2019-09-20,0.0
2019-09-21,0.0
2019-09-22,4.95
2019-09-23,5.22
2019-09-24,6.029999999999999
2019-09-25,0.0
2019-09-26,0.0
2019-09-27,0.0
2019-09-28,0.0
2019-09-29,0.0
2019-09-30,3.78
2019-10-01,0.0
2019-10-02,5.6000000000000005
2019-10-03,0.0
2019-10-04,16.0
2019-10-05,0.0
2019-10-06,0.0
2019-10-07,0.0
2019-10-08,0.0
2019-10-09,10.0
2019-10-10,5.800000000000001
2019-10-11,20.0
2019-10-12,0.0
2019-10-13,0.0
2019-10-14,0.0
2019-10-15,0.0
2019-10-16,0.0
2019-10-17,0.0
2019-10-18,0.0
2019-10-19,6.800000000000001
2019-10-20,0.0
2019-10-21,0.0
2019-10-22,0.0
2019-10-23,0.0
2019-10-24,7.6
2019-10-25,0.0
2019-10-26,0.0
2019-10-27,7.2
2019-10-28,0.0
2019-10-29,0.0
2019-10-30,0.0
2019-10-31,0.0
2019-11-01,11.66
2019-11-02,9.02
2019-11-03,0.0
2019-11-04,22.0
2019-11-05,0.0
2019-11-06,20.02
2019-11-07,0.0
2019-11-08,0.0
2019-11-09,17.82
2019-11-10,0.0
2019-11-11,0.0
2019-11-12,14.74
2019-11-13,8.36
2019-11-14,6.16
2019-11-15,11.44
2019-11-16,0.0
2019-11-17,0.0
2019-11-18,0.0
2019-11-19,6.6
2019-11-20,0.0
2019-11-21,6.16
2019-11-22,6.6
2019-11-23,0.0
2019-11-24,0.0
2019-11-25,9.46
2019-11-26,0.0
2019-11-27,9.46
2019-11-28,0.0
2019-11-29,8.36
2019-11-30,9.9
2019-12-01,5.12
2019-12-02,0.0
2019-12-03,0.0
2019-12-04,16.0
2019-12-05,10.4
2019-12-06,4.16
2019-12-07,7.68
2019-12-08,14.24
2019-12-09,0.0
2019-12-10,0.0
2019-12-11,0.0
2019-12-12,3.68
2019-12-13,0.0
2019-12-14,0.0
2019-12-15,0.0
2019-12-16,0.0
2019-12-17,6.08
2019-12-18,0.0
2019-12-19,0.0
2019-12-20,0.0
2019-12-21,5.44
2019-12-22,0.0
2019-12-23,7.04
2019-12-24,0.0
2019-12-25,8.0
2019-12-26,0.0
2019-12-27,0.0
2019-12-28,0.0
2019-12-29,9.92
2019-12-30,0.0
2019-12-31,0.0
2020-01-01,0.0
2020-01-02,0.0
2020-01-03,0.0
2020-01-04,0.0
2020-01-05,0.0
2020-01-06,0.0
2020-01-07,0.0
2020-01-08,0.0
2020-01-09,7.25
2020-01-10,25.0
2020-01-11,0.0
2020-01-12,0.0
2020-01-13,0.0
2020-01-14,0.0
2020-01-15,0.0
2020-01-16,0.0
2020-01-17,0.0
2020-01-18,0.0
2020-01-19,0.0
2020-01-20,14.5
2020-01-21,0.0
2020-01-22,0.0
2020-01-23,0.0
2020-01-24,12.25
2020-01-25,0.0
2020-01-26,0.0
2020-01-27,20.5
2020-01-28,0.0
2020-01-29,7.25
2020-01-30,0.0
2020-01-31,0.0
2020-02-01,11.1
2020-02-02,0.0
2020-02-03,0.0
2020-02-04,8.879999999999999
2020-02-05,8.879999999999999
2020-02-06,14.8
2020-02-07,0.0
2020-02-08,0.0
2020-02-09,0.0
2020-02-10,0.0
2020-02-11,0.0
2020-02-12,21.09
2020-02-13,0.0
2020-02-14,0.0
2020-02-15,20.35
2020-02-16,0.0
2020-02-17,0.0
2020-02-18,0.0
2020-02-19,11.47
2020-02-20,0.0
2020-02-21,9.25
2020-02-22,0.0
2020-02-23,0.0
2020-02-24,20.72
2020-02-25,37.0
2020-02-26,0.0
2020-02-27,15.91
2020-02-28,0.0
2020-02-29,19.24
2020-03-01,0.0
2020-03-02,11.05
2020-03-03,0.0
2020-03-04,0.0
2020-03-05,0.0
2020-03-06,0.0
2020-03-07,0.0
2020-03-08,0.0
2020-03-09,0.0
2020-03-10,13.0
2020-03-11,0.0
2020-03-12,0.0
2020-03-13,31.200000000000003
2020-03-14,48.1
2020-03-15,0.0
2020-03-16,0.0
2020-03-17,17.55
2020-03-18,0.0
2020-03-19,25.35
2020-03-20,65.0
2020-03-21,11.05
2020-03-22,16.900000000000002
2020-03-23,11.7
2020-03-24,18.85
2020-03-25,46.8
2020-03-26,22.75
2020-03-27,17.55
2020-03-28,0.0
2020-03-29,0.0
2020-03-30,20.15
2020-03-31,39.65
2020-04-01,0.0
2020-04-02,22.08
2020-04-03,15.18
2020-04-04,23.46
2020-04-05,0.0
2020-04-06,13.11
2020-04-07,28.29
2020-04-08,23.46
2020-04-09,19.32
2020-04-10,11.04
2020-04-11,0.0
2020-04-12,13.8
2020-04-13,14.489999999999998
2020-04-14,17.25
2020-04-15,0.0
2020-04-16,26.22
2020-04-17,24.84
2020-04-18,69.0
2020-04-19,0.0
2020-04-20,10.35
2020-04-21,49.67999999999999
2020-04-22,60.72
2020-04-23,17.939999999999998
2020-04-24,22.08
2020-04-25,0.0
2020-04-26,0.0
2020-04-27,18.63
2020-04-28,0.0
2020-04-29,0.0
2020-04-30,0.0
2020-05-01,57.99999999999999
2020-05-02,37.7
2020-05-03,13.34
2020-05-04,10.44
2020-05-05,19.14
2020-05-06,17.98
2020-05-07,38.86
2020-05-08,0.0
2020-05-09,0.0
2020-05-10,13.34
2020-05-11,0.0
2020-05-12,20.88
2020-05-13,15.659999999999998
2020-05-14,20.88
2020-05-15,24.94
2020-05-16,0.0
2020-05-17,0.0
2020-05-18,19.14
2020-05-19,0.0
2020-05-20,16.24
2020-05-21,0.0
2020-05-22,0.0
2020-05-23,16.82
2020-05-24,0.0
2020-05-25,0.0
2020-05-26,0.0
2020-05-27,22.04
2020-05-28,30.16
2020-05-29,19.72
2020-05-30,0.0
2020-05-31,0.0
2020-06-01,12.9
2020-06-02,43.0
2020-06-03,13.76
2020-06-04,31.82
2020-06-05,15.48
2020-06-06,0.0
2020-06-07,0.0
2020-06-08,27.52
2020-06-09,23.22
2020-06-10,26.23
2020-06-11,9.89
2020-06-12,0.0
2020-06-13,0.0
2020-06-14,0.0
2020-06-15,0.0
2020-06-16,13.76
2020-06-17,29.67
2020-06-18,0.0
2020-06-19,12.9
2020-06-20,18.49
2020-06-21,27.52
2020-06-22,0.0
2020-06-23,0.0
2020-06-24,15.48
2020-06-25,17.63
2020-06-26,22.79
2020-06-27,23.22
2020-06-28,0.0
2020-06-29,20.64
2020-06-30,14.62
2020-07-01,10.44
2020-07-02,14.04
2020-07-03,0.0
2020-07-04,0.0
2020-07-05,0.0
2020-07-06,8.28
2020-07-07,0.0
2020-07-08,0.0
2020-07-09,0.0
2020-07-10,19.8
2020-07-11,0.0
2020-07-12,27.72
2020-07-13,11.52
2020-07-14,15.48
2020-07-15,0.0
2020-07-16,0.0
2020-07-17,15.12
2020-07-18,0.0
2020-07-19,7.199999999999999
2020-07-20,0.0
2020-07-21,9.0
2020-07-22,0.0
2020-07-23,0.0
2020-07-24,0.0
2020-07-25,8.64
2020-07-26,0.0
2020-07-27,11.16
2020-07-28,10.44
2020-07-29,36.0
2020-07-30,0.0
2020-07-31,16.2
2020-08-01,0.0
2020-08-02,0.0
2020-08-03,0.0
2020-08-04,0.0
2020-08-05,14.44
2020-08-06,10.26
2020-08-07,0.0
2020-08-08,17.86
2020-08-09,0.0
2020-08-10,20.14
2020-08-11,0.0
2020-08-12,0.0
2020-08-13,38.0
2020-08-14,19.76
2020-08-15,0.0
2020-08-16,0.0
2020-08-17,22.42
2020-08-18,23.18
2020-08-19,31.16
2020-08-20,0.0
2020-08-21,21.66
2020-08-22,13.3
2020-08-23,0.0
2020-08-24,0.0
2020-08-25,0.0
2020-08-26,0.0
2020-08-27,11.02
2020-08-28,18.24
2020-08-29,12.92
2020-08-30,0.0
2020-08-31,22.8
2020-09-01,0.0
2020-09-02,9.54
2020-09-03,22.26
2020-09-04,0.0
2020-09-05,0.0
2020-09-06,0.0
2020-09-07,15.9
2020-09-08,0.0
2020-09-09,19.08
2020-09-10,0.0
2020-09-11,15.37
2020-09-12,0.0
2020-09-13,13.78
2020-09-14,7.95
2020-09-15,0.0
2020-09-16,0.0
2020-09-17,0.0
2020-09-18,18.02
2020-09-19,0.0
2020-09-20,16.96
2020-09-21,14.84
2020-09-22,12.19
2020-09-23,16.96
2020-09-24,7.42
2020-09-25,11.66
2020-09-26,0.0
2020-09-27,0.0
2020-09-28,53.0
2020-09-29,7.95
2020-09-30,0.0
2020-10-01,0.0
2020-10-02,9.68
2020-10-03,0.0
2020-10-04,8.36
2020-10-05,10.56
2020-10-06,9.68
2020-10-07,0.0
2020-10-08,16.28
2020-10-09,0.0
2020-10-10,28.6
2020-10-11,0.0
2020-10-12,20.68
2020-10-13,7.48
2020-10-14,7.04
2020-10-15,0.0
2020-10-16,8.36
2020-10-17,0.0
2020-10-18,8.8
2020-10-19,13.2
2020-10-20,12.32
2020-10-21,9.24
2020-10-22,7.92
2020-10-23,44.0
2020-10-24,0.0
2020-10-25,0.0
2020-10-26,0.0
2020-10-27,0.0
2020-10-28,0.0
2020-10-29,41.8
2020-10-30,9.68
2020-10-31,0.0
2020-11-01,0.0
2020-11-02,0.0
2020-11-03,13.05
2020-11-04,10.8
2020-11-05,16.650000000000002
2020-11-06,0.0
2020-11-07,0.0
2020-11-08,45.0
2020-11-09,30.6
2020-11-10,20.7
2020-11-11,14.4
2020-11-12,17.1
2020-11-13,0.0
2020-11-14,0.0
2020-11-15,0.0
2020-11-16,24.3
2020-11-17,21.15
2020-11-18,0.0
2020-11-19,37.35
2020-11-20,0.0
2020-11-21,40.05
2020-11-22,0.0
2020-11-23,29.25
2020-11-24,28.8
2020-11-25,0.0
2020-11-26,15.3
2020-11-27,0.0
2020-11-28,0.0
2020-11-29,0.0
2020-11-30,0.0
2020-12-01,11.04
2020-12-02,40.48
2020-12-03,46.0
2020-12-04,16.1
2020-12-05,0.0
2020-12-06,22.08
2020-12-07,0.0
2020-12-08,12.42
2020-12-09,0.0
2020-12-10,0.0
2020-12-11,23.0
2020-12-12,31.28
2020-12-13,0.0
2020-12-14,29.9
2020-12-15,17.48
2020-12-16,27.14
2020-12-17,0.0
2020-12-18,0.0
2020-12-19,0.0
2020-12-20,0.0
2020-12-21,0.0
2020-12-22,13.8
2020-12-23,30.360000000000003
2020-12-24,0.0
2020-12-25,0.0
2020-12-26,0.0
2020-12-27,0.0
2020-12-28,35.42
2020-12-29,16.560000000000002
2020-12-30,18.86
2020-12-31,12.42
2021-01-01,0.0
2021-01-02,0.0
2021-01-03,0.0
2021-01-04,0.0
2021-01-05,15.4
2021-01-06,14.52
2021-01-07,0.0
2021-01-08,0.0
2021-01-09,0.0
2021-01-10,0.0
2021-01-11,0.0
2021-01-12,44.0
2021-01-13,24.2
2021-01-14,0.0
2021-01-15,19.36
2021-01-16,19.36
2021-01-17,0.0
2021-01-18,0.0
2021-01-19,0.0
2021-01-20,17.16
2021-01-21,20.24
2021-01-22,41.8
2021-01-23,0.0
2021-01-24,0.0
2021-01-25,0.0
2021-01-26,0.0
2021-01-27,42.24
2021-01-28,0.0
2021-01-29,0.0
2021-01-30,29.48
2021-01-31,21.56
2021-02-01,0.0
2021-02-02,19.36
2021-02-03,0.0
2021-02-04,27.28
2021-02-05,22.88
2021-02-06,0.0
2021-02-07,0.0
2021-02-08,23.76
2021-02-09,32.56
2021-02-10,0.0
2021-02-11,29.04
2021-02-12,0.0
2021-02-13,16.72
2021-02-14,0.0
2021-02-15,36.96
2021-02-16,36.08
2021-02-17,35.2
2021-02-18,0.0
2021-02-19,0.0
2021-02-20,0.0
2021-02-21,58.96
2021-02-22,24.64
2021-02-23,67.76
2021-02-24,88.0
2021-02-25,16.72
2021-02-26,31.68
2021-02-27,35.2
2021-02-28,0.0
2021-03-01,32.34
2021-03-02,0.0
2021-03-03,0.0
2021-03-04,0.0
2021-03-05,35.64
2021-03-06,36.96
2021-03-07,40.92
2021-03-08,0.0
2021-03-09,31.020000000000003
2021-03-10,0.0
2021-03-11,0.0
2021-03-12,37.620000000000005
2021-03-13,19.14
2021-03-14,0.0
2021-03-15,0.0
2021-03-16,29.700000000000003
2021-03-17,21.78
2021-03-18,0.0
2021-03-19,20.46
2021-03-20,43.56
2021-03-21,28.380000000000003
2021-03-22,33.660000000000004
2021-03-23,25.74
2021-03-24,18.48
2021-03-25,20.46
2021-03-26,38.28
2021-03-27,0.0
2021-03-28,34.32
2021-03-29,66.0
2021-03-30,33.660000000000004
2021-03-31,0.0
2021-04-01,53.96
2021-04-02,0.0
2021-04-03,20.52
2021-04-04,63.08
2021-04-05,0.0
2021-04-06,28.88
2021-04-07,0.0
2021-04-08,19.0
2021-04-09,74.48
2021-04-10,0.0
2021-04-11,33.44
2021-04-12,36.48
2021-04-13,33.44
2021-04-14,51.68
2021-04-15,23.56
2021-04-16,35.72
2021-04-17,0.0
2021-04-18,69.92
2021-04-19,0.0
2021-04-20,0.0
2021-04-21,0.0
2021-04-22,76.0
2021-04-23,0.0
2021-04-24,0.0
2021-04-25,0.0
2021-04-26,31.16
2021-04-27,19.0
2021-04-28,34.96
2021-04-29,60.8
2021-04-30,26.6
2021-05-01,0.0
2021-05-02,0.0
2021-05-03,30.45
2021-05-04,11.55
2021-05-05,0.0
2021-05-06,0.0
2021-05-07,0.0
2021-05-08,35.0
2021-05-09,0.0
2021-05-10,0.0
2021-05-11,17.5
2021-05-12,0.0
2021-05-13,20.3
2021-05-14,0.0
2021-05-15,0.0
2021-05-16,19.6
2021-05-17,0.0
2021-05-18,25.2
2021-05-19,22.05
2021-05-20,9.45
2021-05-21,12.25
2021-05-22,0.0
2021-05-23,0.0
2021-05-24,0.0
2021-05-25,26.25
2021-05-26,23.1
2021-05-27,0.0
2021-05-28,24.5
2021-05-29,0.0
2021-05-30,0.0
2021-05-31,0.0
2021-06-01,0.0
2021-06-02,0.0
2021-06-03,0.0
2021-06-04,0.0
2021-06-05,26.23
2021-06-06,0.0
2021-06-07,13.76
2021-06-08,20.21
2021-06-09,17.2
2021-06-10,0.0
2021-06-11,14.62
2021-06-12,0.0
2021-06-13,0.0
2021-06-14,43.0
2021-06-15,25.8
2021-06-16,17.2
2021-06-17,27.09
2021-06-18,0.0
2021-06-19,0.0
2021-06-20,0.0
2021-06-21,17.2
2021-06-22,0.0
2021-06-23,0.0
2021-06-24,19.78
2021-06-25,0.0
2021-06-26,20.64
2021-06-27,0.0
2021-06-28,0.0
2021-06-29,26.23
2021-06-30,18.06
2021-07-01,0.0
2021-07-02,0.0
2021-07-03,0.0
2021-07-04,0.0
2021-07-05,13.53
2021-07-06,12.3
2021-07-07,41.0
2021-07-08,0.0
2021-07-09,0.0
2021-07-10,22.96
2021-07-11,0.0
2021-07-12,10.25
2021-07-13,25.83
2021-07-14,0.0
2021-07-15,11.07
2021-07-16,0.0
2021-07-17,0.0
2021-07-18,0.0
2021-07-19,35.26
2021-07-20,15.989999999999998
2021-07-21,17.22
2021-07-22,0.0
2021-07-23,0.0
2021-07-24,16.81
2021-07-25,0.0
2021-07-26,11.07
2021-07-27,0.0
2021-07-28,0.0
2021-07-29,0.0
2021-07-30,0.0
2021-07-31,0.0
2021-08-01,0.0
2021-08-02,29.6
2021-08-03,21.46
2021-08-04,17.759999999999998
2021-08-05,12.21
2021-08-06,0.0
2021-08-07,0.0
2021-08-08,0.0
2021-08-09,0.0
2021-08-10,0.0
2021-08-11,0.0
2021-08-12,0.0
2021-08-13,0.0
2021-08-14,0.0
2021-08-15,0.0
2021-08-16,0.0
2021-08-17,19.61
2021-08-18,20.35
2021-08-19,0.0
2021-08-20,0.0
2021-08-21,0.0
2021-08-22,37.0
2021-08-23,0.0
2021-08-24,0.0
2021-08-25,0.0
2021-08-26,18.13
2021-08-27,9.62
2021-08-28,20.35
2021-08-29,0.0
2021-08-30,0.0
2021-08-31,25.9
2021-09-01,0.0
2021-09-02,39.0
2021-09-03,12.09
2021-09-04,0.0
2021-09-05,0.0
2021-09-06,0.0
2021-09-07,19.89
2021-09-08,9.36
2021-09-09,0.0
2021-09-10,0.0
2021-09-11,0.0
2021-09-12,0.0
2021-09-13,7.0200000000000005
2021-09-14,9.75
2021-09-15,0.0
2021-09-16,0.0
2021-09-17,0.0
2021-09-18,0.0
2021-09-19,0.0
2021-09-20,0.0
2021-09-21,8.19
2021-09-22,9.36
2021-09-23,8.19
2021-09-24,7.800000000000001
2021-09-25,0.0
2021-09-26,0.0
2021-09-27,0.0
2021-09-28,0.0
2021-09-29,0.0
2021-09-30,0.0
2021-10-01,0.0
2021-10-02,0.0
2021-10-03,0.0
2021-10-04,0.0
2021-10-05,38.400000000000006
2021-10-06,0.0
2021-10-07,0.0
2021-10-08,28.8
2021-10-09,0.0
2021-10-10,0.0
2021-10-11,0.0
2021-10-12,0.0
2021-10-13,16.8
2021-10-14,23.200000000000003
2021-10-15,18.0
2021-10-16,31.200000000000003
2021-10-17,0.0
2021-10-18,0.0
2021-10-19,0.0
2021-10-20,0.0
2021-10-21,23.6
2021-10-22,40.0
2021-10-23,31.6
2021-10-24,0.0
2021-10-25,0.0
2021-10-26,21.6
2021-10-27,18.4
2021-10-28,15.6
2021-10-29,0.0
2021-10-30,23.200000000000003
2021-10-31,0.0
2021-11-01,18.700000000000003
2021-11-02,31.9
2021-11-03,0.0
2021-11-04,39.05
2021-11-05,34.650000000000006
2021-11-06,0.0
2021-11-07,0.0
2021-11-08,22.55
2021-11-09,0.0
2021-11-10,0.0
2021-11-11,48.95
2021-11-12,45.650000000000006
2021-11-13,0.0
2021-11-14,0.0
2021-11-15,0.0
2021-11-16,46.75000000000001
2021-11-17,20.9
2021-11-18,24.200000000000003
2021-11-19,55.00000000000001
2021-11-20,0.0
2021-11-21,0.0
2021-11-22,25.85
2021-11-23,22.0
2021-11-24,0.0
2021-11-25,41.25
2021-11-26,0.0
2021-11-27,0.0
2021-11-28,0.0
2021-11-29,45.1
2021-11-30,0.0
2021-12-01,0.0
2021-12-02,0.0
2021-12-03,16.5
2021-12-04,0.0
2021-12-05,0.0
2021-12-06,0.0
2021-12-07,27.5
2021-12-08,9.5
2021-12-09,0.0
2021-12-10,0.0
2021-12-11,0.0
2021-12-12,0.0
2021-12-13,0.0
2021-12-14,0.0
2021-12-15,12.0
2021-12-16,0.0
2021-12-17,12.5
2021-12-18,0.0
2021-12-19,0.0
2021-12-20,0.0
2021-12-21,11.0
2021-12-22,19.5
2021-12-23,23.5
2021-12-24,0.0
2021-12-25,11.0
2021-12-26,50.0
2021-12-27,19.0
2021-12-28,23.0
2021-12-29,0.0
2021-12-30,0.0
2021-12-31,0.0
2022-01-01,19.84
2022-01-02,0.0
2022-01-03,0.0
2022-01-04,21.7
2022-01-05,24.18
2022-01-06,0.0
2022-01-07,24.8
2022-01-08,0.0
2022-01-09,0.0
2022-01-10,0.0
2022-01-11,9.92
2022-01-12,11.16
2022-01-13,0.0
2022-01-14,15.5
2022-01-15,0.0
2022-01-16,0.0
2022-01-17,24.8
2022-01-18,0.0
2022-01-19,17.36
2022-01-20,13.02
2022-01-21,10.54
2022-01-22,9.3
2022-01-23,0.0
2022-01-24,27.28
2022-01-25,19.22
2022-01-26,11.16
2022-01-27,62.0
2022-01-28,0.0
2022-01-29,11.16
2022-01-30,0.0
2022-01-31,9.3
2022-02-01,0.0
2022-02-02,0.0
2022-02-03,0.0
2022-02-04,0.0
2022-02-05,0.0
2022-02-06,18.36
2022-02-07,16.740000000000002
2022-02-08,0.0
2022-02-09,0.0
2022-02-10,23.22
2022-02-11,41.040000000000006
2022-02-12,27.0
2022-02-13,28.62
2022-02-14,0.0
2022-02-15,14.580000000000002
2022-02-16,0.0
2022-02-17,0.0
2022-02-18,54.0
2022-02-19,15.12
2022-02-20,21.06
2022-02-21,14.04
2022-02-22,0.0
2022-02-23,0.0
2022-02-24,0.0
2022-02-25,25.380000000000003
2022-02-26,0.0
2022-02-27,0.0
2022-02-28,24.840000000000003
2022-03-01,0.0
2022-03-02,35.64
2022-03-03,0.0
2022-03-04,15.66
2022-03-05,0.0
2022-03-06,0.0
2022-03-07,24.3
2022-03-08,0.0
2022-03-09,36.18
2022-03-10,0.0
2022-03-11,24.3
2022-03-12,38.88
2022-03-13,0.0
2022-03-14,23.76
2022-03-15,36.72
2022-03-16,34.56
2022-03-17,54.0
2022-03-18,0.0
2022-03-19,28.62
2022-03-20,0.0
2022-03-21,0.0
2022-03-22,20.520000000000003
2022-03-23,0.0
2022-03-24,43.74
2022-03-25,15.66
2022-03-26,0.0
2022-03-27,0.0
2022-03-28,0.0
2022-03-29,41.580000000000005
2022-03-30,14.580000000000002
2022-03-31,0.0
2022-04-01,0.0
2022-04-02,23.79
2022-04-03,0.0
2022-04-04,0.0
2022-04-05,0.0
2022-04-06,53.68
2022-04-07,0.0
2022-04-08,13.42
2022-04-09,15.86
2022-04-10,0.0
2022-04-11,0.0
2022-04-12,0.0
2022-04-13,0.0
2022-04-14,23.79
2022-04-15,17.69
2022-04-16,15.86
2022-04-17,35.99
2022-04-18,18.91
2022-04-19,13.42
2022-04-20,0.0
2022-04-21,0.0
2022-04-22,26.23
2022-04-23,21.96
2022-04-24,0.0
2022-04-25,0.0
2022-04-26,18.91
2022-04-27,24.4
2022-04-28,61.0
2022-04-29,42.7
2022-04-30,21.96
2022-05-01,0.0
2022-05-02,29.14
2022-05-03,16.12
2022-05-04,26.66
2022-05-05,62.0
2022-05-06,24.8
2022-05-07,0.0
2022-05-08,0.0
2022-05-09,0.0
2022-05-10,26.04
2022-05-11,16.12
2022-05-12,21.08
2022-05-13,0.0
2022-05-14,27.9
2022-05-15,0.0
2022-05-16,12.4
2022-05-17,0.0
2022-05-18,0.0
2022-05-19,0.0
2022-05-20,0.0
2022-05-21,44.64
2022-05-22,0.0
2022-05-23,24.18
2022-05-24,9.92
2022-05-25,0.0
2022-05-26,0.0
2022-05-27,0.0
2022-05-28,0.0
2022-05-29,0.0
2022-05-30,0.0
2022-05-31,9.92
2022-06-01,0.0
2022-06-02,40.870000000000005
2022-06-03,34.17
2022-06-04,0.0
2022-06-05,16.75
2022-06-06,25.46
2022-06-07,0.0
2022-06-08,45.56
2022-06-09,0.0
2022-06-10,0.0
2022-06-11,0.0
2022-06-12,0.0
2022-06-13,12.06
2022-06-14,32.830000000000005
2022-06-15,30.15
2022-06-16,0.0
2022-06-17,67.0
2022-06-18,51.59
2022-06-19,32.160000000000004
2022-06-20,0.0
2022-06-21,0.0
2022-06-22,18.76
2022-06-23,45.56
2022-06-24,24.12
2022-06-25,23.450000000000003
2022-06-26,0.0
2022-06-27,42.21
2022-06-28,0.0
2022-06-29,26.130000000000003
2022-06-30,14.07
2022-07-01,0.0
2022-07-02,0.0
2022-07-03,0.0
2022-07-04,0.0
2022-07-05,55.00000000000001
2022-07-06,18.700000000000003
2022-07-07,22.55
2022-07-08,35.75
2022-07-09,0.0
2022-07-10,0.0
2022-07-11,34.650000000000006
2022-07-12,31.35
2022-07-13,27.500000000000004
2022-07-14,31.9
2022-07-15,0.0
2022-07-16,0.0
2022-07-17,0.0
2022-07-18,15.95
2022-07-19,27.500000000000004
2022-07-20,36.85
2022-07-21,0.0
2022-07-22,34.1
2022-07-23,0.0
2022-07-24,0.0
2022-07-25,0.0
2022-07-26,27.500000000000004
2022-07-27,37.95
2022-07-28,46.2
2022-07-29,0.0
2022-07-30,40.7
2022-07-31,0.0
2022-08-01,0.0
2022-08-02,0.0
2022-08-03,0.0
2022-08-04,0.0
2022-08-05,0.0
2022-08-06,0.0
2022-08-07,0.0
2022-08-08,14.7
2022-08-09,11.27
2022-08-10,49.0
2022-08-11,11.76
2022-08-12,0.0
2022-08-13,0.0
2022-08-14,0.0
2022-08-15,0.0
2022-08-16,11.76
2022-08-17,16.66
2022-08-18,40.18
2022-08-19,22.54
2022-08-20,13.72
2022-08-21,34.79
2022-08-22,0.0
2022-08-23,0.0
2022-08-24,0.0
2022-08-25,13.23
2022-08-26,16.169999999999998
2022-08-27,0.0
2022-08-28,0.0
2022-08-29,35.28
2022-08-30,15.19
2022-08-31,0.0
2022-09-01,10.92
2022-09-02,8.97
2022-09-03,0.0
2022-09-04,0.0
2022-09-05,0.0
2022-09-06,39.0
2022-09-07,0.0
2022-09-08,0.0
2022-09-09,0.0
2022-09-10,0.0
2022-09-11,22.62
2022-09-12,0.0
2022-09-13,0.0
2022-09-14,10.53
2022-09-15,23.79
2022-09-16,0.0
2022-09-17,0.0
2022-09-18,19.5
2022-09-19,9.75
2022-09-20,8.58
2022-09-21,0.0
2022-09-22,0.0
2022-09-23,18.33
2022-09-24,0.0
2022-09-25,19.11
2022-09-26,0.0
2022-09-27,20.67
2022-09-28,0.0
2022-09-29,8.58
2022-09-30,10.92
2022-10-01,30.55
2022-10-02,0.0
2022-10-03,0.0
2022-10-04,24.91
2022-10-05,0.0
2022-10-06,15.98
2022-10-07,17.39
2022-10-08,17.39
2022-10-09,0.0
2022-10-10,47.0
2022-10-11,0.0
2022-10-12,36.19
2022-10-13,0.0
2022-10-14,0.0
2022-10-15,0.0
2022-10-16,38.07
2022-10-17,0.0
2022-10-18,0.0
2022-10-19,18.8
2022-10-20,18.8
2022-10-21,0.0
2022-10-22,0.0
2022-10-23,0.0
2022-10-24,33.84
2022-10-25,20.68
2022-10-26,27.73
2022-10-27,0.0
2022-10-28,0.0
2022-10-29,0.0
2022-10-30,0.0
2022-10-31,39.01
2022-11-01,30.02
2022-11-02,0.0
2022-11-03,0.0
2022-11-04,15.2
2022-11-05,0.0
2022-11-06,17.48
2022-11-07,20.14
2022-11-08,31.16
2022-11-09,28.88
2022-11-10,24.32
2022-11-11,22.04
2022-11-12,0.0
2022-11-13,0.0
2022-11-14,0.0
2022-11-15,15.96
2022-11-16,38.0
2022-11-17,12.92
2022-11-18,0.0
2022-11-19,0.0
2022-11-20,0.0
2022-11-21,0.0
2022-11-22,0.0
2022-11-23,30.4
2022-11-24,0.0
2022-11-25,0.0
2022-11-26,0.0
2022-11-27,0.0
2022-11-28,0.0
2022-11-29,17.48
2022-11-30,17.48
2022-12-01,23.200000000000003
2022-12-02,0.0
2022-12-03,0.0
2022-12-04,0.0
2022-12-05,0.0
2022-12-06,0.0
2022-12-07,15.2
2022-12-08,26.8
2022-12-09,29.200000000000003
2022-12-10,0.0
2022-12-11,0.0
2022-12-12,12.4
2022-12-13,0.0
2022-12-14,20.8
2022-12-15,0.0
2022-12-16,0.0
2022-12-17,0.0
2022-12-18,21.200000000000003
2022-12-19,0.0
2022-12-20,0.0
2022-12-21,0.0
2022-12-22,0.0
2022-12-23,0.0
2022-12-24,23.200000000000003
2022-12-25,0.0
2022-12-26,0.0
2022-12-27,24.0
2022-12-28,40.0
2022-12-29,0.0
2022-12-30,0.0
2022-12-31,14.0
2023-01-01,15.0
2023-01-02,0.0
2023-01-03,24.0
2023-01-04,0.0
2023-01-05,0.0
2023-01-06,9.9
2023-01-07,0.0
2023-01-08,0.0
2023-01-09,0.0
2023-01-10,0.0
2023-01-11,7.5
2023-01-12,0.0
2023-01-13,20.4
2023-01-14,0.0
2023-01-15,18.3
2023-01-16,0.0
2023-01-17,20.4
2023-01-18,0.0
2023-01-19,7.5
2023-01-20,0.0
2023-01-21,0.0
2023-01-22,0.0
2023-01-23,25.8
2023-01-24,30.0
2023-01-25,18.3
2023-01-26,0.0
2023-01-27,0.0
2023-01-28,0.0
2023-01-29,0.0
2023-01-30,16.2
2023-01-31,0.0
2023-02-01,0.0
2023-02-02,11.34
2023-02-03,0.0
2023-02-04,0.0
2023-02-05,0.0
2023-02-06,0.0
2023-02-07,0.0
2023-02-08,9.66
2023-02-09,16.8
2023-02-10,0.0
2023-02-11,0.0
2023-02-12,13.44
2023-02-13,0.0
2023-02-14,0.0
2023-02-15,0.0
2023-02-16,0.0
2023-02-17,7.14
2023-02-18,42.0
2023-02-19,0.0
2023-02-20,0.0
2023-02-21,0.0
2023-02-22,7.14
2023-02-23,15.12
2023-02-24,13.86
2023-02-25,0.0
2023-02-26,0.0
2023-02-27,7.979999999999999
2023-02-28,0.0
2023-03-01,6.930000000000001
2023-03-02,7.260000000000001
2023-03-03,0.0
2023-03-04,0.0
2023-03-05,10.56
2023-03-06,5.61
2023-03-07,0.0
2023-03-08,0.0
2023-03-09,7.590000000000001
2023-03-10,0.0
2023-03-11,0.0
2023-03-12,0.0
2023-03-13,0.0
2023-03-14,0.0
2023-03-15,10.23
2023-03-16,0.0
2023-03-17,0.0
2023-03-18,33.0
2023-03-19,0.0
2023-03-20,0.0
2023-03-21,0.0
2023-03-22,7.260000000000001
2023-03-23,0.0
2023-03-24,0.0
2023-03-25,9.9
2023-03-26,0.0
2023-03-27,0.0
2023-03-28,13.53
2023-03-29,0.0
2023-03-30,0.0
2023-03-31,5.94
2023-04-01,0.0
2023-04-02,0.0
2023-04-03,0.0
2023-04-04,19.8
2023-04-05,22.44
2023-04-06,11.88
2023-04-07,19.36
2023-04-08,0.0
2023-04-09,0.0
2023-04-10,0.0
2023-04-11,0.0
2023-04-12,0.0
2023-04-13,0.0
2023-04-14,0.0
2023-04-15,0.0
2023-04-16,0.0
2023-04-17,12.32
2023-04-18,29.92
2023-04-19,9.68
2023-04-20,8.8
2023-04-21,12.32
2023-04-22,44.0
2023-04-23,0.0
2023-04-24,12.32
2023-04-25,21.56
2023-04-26,0.0
2023-04-27,0.0
2023-04-28,8.36
2023-04-29,22.0
2023-04-30,0.0
2023-05-01,0.0
2023-05-02,10.15
2023-05-03,16.45
2023-05-04,10.15
2023-05-05,0.0
2023-05-06,0.0
2023-05-07,9.8
2023-05-08,0.0
2023-05-09,0.0
2023-05-10,0.0
2023-05-11,0.0
2023-05-12,12.6
2023-05-13,15.4
2023-05-14,0.0
2023-05-15,17.5
2023-05-16,0.0
2023-05-17,7.35
2023-05-18,0.0
2023-05-19,0.0
2023-05-20,0.0
2023-05-21,0.0
2023-05-22,0.0
2023-05-23,0.0
2023-05-24,0.0
2023-05-25,14.0
2023-05-26,35.0
2023-05-27,22.4
2023-05-28,0.0
2023-05-29,0.0
2023-05-30,0.0
2023-05-31,0.0
2023-06-01,8.64
2023-06-02,0.0
2023-06-03,0.0
2023-06-04,0.0
2023-06-05,19.8
2023-06-06,0.0
2023-06-07,0.0
2023-06-08,9.0
2023-06-09,0.0
2023-06-10,0.0
2023-06-11,0.0
2023-06-12,11.88
2023-06-13,0.0
2023-06-14,0.0
2023-06-15,0.0
2023-06-16,9.0
2023-06-17,0.0
2023-06-18,0.0
2023-06-19,27.36
2023-06-20,10.08
2023-06-21,11.16
2023-06-22,0.0
2023-06-23,0.0
2023-06-24,19.08
2023-06-25,0.0
2023-06-26,0.0
2023-06-27,36.0
2023-06-28,31.32
2023-06-29,27.0
2023-06-30,7.92
2023-07-01,0.0
2023-07-02,0.0
2023-07-03,0.0
2023-07-04,0.0
2023-07-05,0.0
2023-07-06,0.0
2023-07-07,0.0
2023-07-08,0.0
2023-07-09,0.0
2023-07-10,8.19
2023-07-11,0.0
2023-07-12,0.0
2023-07-13,0.0
2023-07-14,10.92
2023-07-15,0.0
2023-07-16,0.0
2023-07-17,30.81
2023-07-18,0.0
2023-07-19,20.67
2023-07-20,0.0
2023-07-21,0.0
2023-07-22,0.0
2023-07-23,0.0
2023-07-24,11.7
2023-07-25,0.0
2023-07-26,13.26
2023-07-27,9.36
2023-07-28,39.0
2023-07-29,9.75
2023-07-30,19.89
2023-07-31,0.0
2023-08-01,17.64
2023-08-02,0.0
2023-08-03,0.0
2023-08-04,0.0
2023-08-05,0.0
2023-08-06,0.0
2023-08-07,26.6
2023-08-08,0.0
2023-08-09,16.8
2023-08-10,14.28
2023-08-11,28.000000000000004
2023-08-12,0.0
2023-08-13,0.0
2023-08-14,0.0
2023-08-15,0.0
2023-08-16,0.0
2023-08-17,0.0
2023-08-18,0.0
2023-08-19,0.0
2023-08-20,0.0
2023-08-21,0.0
2023-08-22,13.44
2023-08-23,0.0
2023-08-24,0.0
2023-08-25,0.0
2023-08-26,0.0
2023-08-27,0.0
2023-08-28,0.0
2023-08-29,0.0
2023-08-30,13.72
2023-08-31,0.0
2023-09-01,10.78
2023-09-02,0.0
2023-09-03,17.82
2023-09-04,0.0
2023-09-05,18.92
2023-09-06,9.9
2023-09-07,0.0
2023-09-08,14.52
2023-09-09,20.9
2023-09-10,0.0
2023-09-11,0.0
2023-09-12,18.7
2023-09-13,19.58
2023-09-14,0.0
2023-09-15,0.0
2023-09-16,0.0
2023-09-17,13.86
2023-09-18,16.06
2023-09-19,0.0
2023-09-20,0.0
2023-09-21,22.0
2023-09-22,11.22
2023-09-23,0.0
2023-09-24,0.0
2023-09-25,15.84
2023-09-26,19.58
2023-09-27,17.82
2023-09-28,0.0
2023-09-29,14.74
2023-09-30,0.0
2023-10-01,0.0
2023-10-02,9.86
2023-10-03,0.0
2023-10-04,0.0
2023-10-05,0.0
2023-10-06,0.0
2023-10-07,0.0
2023-10-08,0.0
2023-10-09,17.34
2023-10-10,15.64
2023-10-11,18.700000000000003
2023-10-12,6.800000000000001
2023-10-13,11.22
2023-10-14,31.96
2023-10-15,0.0
2023-10-16,19.380000000000003
2023-10-17,10.2
2023-10-18,0.0
2023-10-19,0.0
2023-10-20,0.0
2023-10-21,0.0
2023-10-22,0.0
2023-10-23,10.2
2023-10-24,34.0
2023-10-25,0.0
2023-10-26,0.0
2023-10-27,0.0
2023-10-28,0.0
2023-10-29,0.0
2023-10-30,14.28
2023-10-31,0.0
2023-11-01,0.0
2023-11-02,0.0
2023-11-03,0.0
2023-11-04,0.0
2023-11-05,0.0
2023-11-06,0.0
2023-11-07,0.0
2023-11-08,0.0
2023-11-09,9.9
2023-11-10,0.0
2023-11-11,0.0
2023-11-12,0.0
2023-11-13,19.14
2023-11-14,0.0
2023-11-15,0.0
2023-11-16,0.0
2023-11-17,0.0
2023-11-18,0.0
2023-11-19,0.0
2023-11-20,0.0
2023-11-21,0.0
2023-11-22,33.0
2023-11-23,7.92
2023-11-24,0.0
2023-11-25,0.0
2023-11-26,0.0
2023-11-27,0.0
2023-11-28,6.6000000000000005
2023-11-29,7.260000000000001
2023-11-30,6.2700000000000005
2023-12-01,8.93
2023-12-02,0.0
2023-12-03,0.0
2023-12-04,25.38
2023-12-05,0.0
2023-12-06,25.85
2023-12-07,21.15
2023-12-08,0.0
2023-12-09,0.0
2023-12-10,0.0
2023-12-11,18.8
2023-12-12,12.69
2023-12-13,16.45
2023-12-14,43.71
2023-12-15,0.0
2023-12-16,14.57
2023-12-17,47.0
2023-12-18,14.1
2023-12-19,30.55
2023-12-20,0.0
2023-12-21,0.0
2023-12-22,0.0
2023-12-23,0.0
2023-12-24,0.0
2023-12-25,0.0
2023-12-26,0.0
2023-12-27,0.0
2023-12-28,0.0
2023-12-29,0.0
2023-12-30,14.57
2023-12-31,0.0
