date,GS
2013-01-01,50.7
2013-01-02,65.0
2013-01-03,52.65
2013-01-04,60.45
2013-01-05,48.75
2013-01-06,49.4
2013-01-07,56.55
2013-01-08,53.95
2013-01-09,57.85
2013-01-10,57.85
2013-01-11,53.95
2013-01-12,50.05
2013-01-13,48.75
2013-01-14,56.55
2013-01-15,55.25
2013-01-16,61.75
2013-01-17,58.5
2013-01-18,61.75
2013-01-19,53.95
2013-01-20,56.55
2013-01-21,48.75
2013-01-22,50.05
2013-01-23,55.25
2013-01-24,56.55
2013-01-25,51.35
2013-01-26,48.1
2013-01-27,48.75
2013-01-28,51.35
2013-01-29,53.3
2013-01-30,53.95
2013-01-31,52.65
2013-02-01,58.9
2013-02-02,57.04
2013-02-03,50.84
2013-02-04,53.32
2013-02-05,56.42
2013-02-06,61.38
2013-02-07,58.28
2013-02-08,58.9
2013-02-09,57.04
2013-02-10,58.28
2013-02-11,52.7
2013-02-12,58.9
2013-02-13,55.8
2013-02-14,53.32
2013-02-15,57.66
2013-02-16,58.9
2013-02-17,55.8
2013-02-18,50.84
2013-02-19,58.9
2013-02-20,57.66
2013-02-21,60.76
2013-02-22,55.8
2013-02-23,55.18
2013-02-24,53.94
2013-02-25,56.42
2013-02-26,58.9
2013-02-27,62.0
2013-02-28,60.76
2013-03-01,53.07
2013-03-02,47.58
2013-03-03,50.02
2013-03-04,52.46
2013-03-05,53.68
2013-03-06,53.68
2013-03-07,52.46
2013-03-08,54.9
2013-03-09,50.63
2013-03-10,53.07
2013-03-11,56.73
2013-03-12,61.0
2013-03-13,52.46
2013-03-14,59.78
2013-03-15,57.34
2013-03-16,51.85
2013-03-17,51.85
2013-03-18,56.12
2013-03-19,58.56
2013-03-20,59.78
2013-03-21,60.39
2013-03-22,51.24
2013-03-23,57.34
2013-03-24,53.07
2013-03-25,51.85
2013-03-26,53.07
2013-03-27,58.56
2013-03-28,61.0
2013-03-29,51.85
2013-03-30,51.24
2013-03-31,46.36
2013-04-01,51.85
2013-04-02,53.07
2013-04-03,59.78
2013-04-04,59.78
2013-04-05,56.73
2013-04-06,51.85
2013-04-07,55.51
2013-04-08,50.02
2013-04-09,54.29
2013-04-10,56.12
2013-04-11,49.41
2013-04-12,56.12
2013-04-13,51.85
2013-04-14,49.41
2013-04-15,51.24
2013-04-16,61.0
2013-04-17,56.73
2013-04-18,46.36
2013-04-19,53.68
2013-04-20,54.9
2013-04-21,54.9
2013-04-22,55.51
2013-04-23,53.07
2013-04-24,58.56
2013-04-25,56.12
2013-04-26,50.02
2013-04-27,53.07
2013-04-28,53.68
2013-04-29,56.12
2013-04-30,54.29
2013-05-01,55.04
2013-05-02,52.48
2013-05-03,58.88
2013-05-04,47.36
2013-05-05,51.2
2013-05-06,51.2
2013-05-07,64.0
2013-05-08,45.44
2013-05-09,58.88
2013-05-10,49.92
2013-05-11,58.24
2013-05-12,51.84
2013-05-13,47.36
2013-05-14,60.16
2013-05-15,50.56
2013-05-16,50.56
2013-05-17,55.68
2013-05-18,43.52
2013-05-19,48.0
2013-05-20,49.28
2013-05-21,49.28
2013-05-22,51.2
2013-05-23,56.96
2013-05-24,55.68
2013-05-25,46.72
2013-05-26,46.72
2013-05-27,43.52
2013-05-28,46.08
2013-05-29,49.28
2013-05-30,49.92
2013-05-31,49.92
2013-06-01,66.0
2013-06-02,58.74
2013-06-03,62.7
2013-06-04,64.68
2013-06-05,64.68
2013-06-06,62.040000000000006
2013-06-07,59.400000000000006
2013-06-08,57.42
2013-06-09,52.8
2013-06-10,62.7
2013-06-11,61.38
2013-06-12,60.720000000000006
2013-06-13,60.720000000000006
2013-06-14,58.080000000000005
2013-06-15,56.1
2013-06-16,55.440000000000005
2013-06-17,64.02
2013-06-18,62.040000000000006
2013-06-19,58.080000000000005
2013-06-20,48.84
2013-06-21,56.1
2013-06-22,54.120000000000005
2013-06-23,49.5
2013-06-24,58.080000000000005
2013-06-25,59.400000000000006
2013-06-26,54.120000000000005
2013-06-27,58.080000000000005
2013-06-28,61.38
2013-06-29,49.5
2013-06-30,53.46
2013-07-01,56.7
2013-07-02,52.92
2013-07-03,55.44
2013-07-04,51.66
2013-07-05,49.14
2013-07-06,51.66
2013-07-07,46.62
2013-07-08,51.03
2013-07-09,55.44
2013-07-10,52.29
2013-07-11,53.55
2013-07-12,54.18
2013-07-13,52.92
2013-07-14,47.25
2013-07-15,51.03
2013-07-16,59.22
2013-07-17,63.0
2013-07-18,54.18
2013-07-19,50.4
2013-07-20,57.96
2013-07-21,51.66
2013-07-22,51.03
2013-07-23,54.18
2013-07-24,56.7
2013-07-25,52.29
2013-07-26,54.81
2013-07-27,51.66
2013-07-28,49.14
2013-07-29,51.03
2013-07-30,50.4
2013-07-31,57.33
2013-08-01,59.22
2013-08-02,51.03
2013-08-03,59.22
2013-08-04,53.55
2013-08-05,57.33
2013-08-06,57.33
2013-08-07,52.92
2013-08-08,54.18
2013-08-09,53.55
2013-08-10,50.4
2013-08-11,49.14
2013-08-12,59.22
2013-08-13,53.55
2013-08-14,59.22
2013-08-15,52.92
2013-08-16,51.03
2013-08-17,57.96
2013-08-18,58.59
2013-08-19,52.29
2013-08-20,56.7
2013-08-21,54.81
2013-08-22,63.0
2013-08-23,57.96
2013-08-24,51.66
2013-08-25,50.4
2013-08-26,54.18
2013-08-27,57.96
2013-08-28,54.81
2013-08-29,54.81
2013-08-30,55.44
2013-08-31,55.44
2013-09-01,52.2
2013-09-02,55.67999999999999
2013-09-03,55.1
2013-09-04,57.42
2013-09-05,51.62
2013-09-06,57.99999999999999
2013-09-07,52.2
2013-09-08,48.13999999999999
2013-09-09,53.36
2013-09-10,57.42
2013-09-11,55.1
2013-09-12,55.1
2013-09-13,56.84
2013-09-14,57.42
2013-09-15,46.98
2013-09-16,55.1
2013-09-17,57.42
2013-09-18,55.67999999999999
2013-09-19,57.42
2013-09-20,55.1
2013-09-21,49.3
2013-09-22,52.78
2013-09-23,51.04
2013-09-24,56.26
2013-09-25,52.78
2013-09-26,56.26
2013-09-27,49.88
2013-09-28,55.67999999999999
2013-09-29,52.2
2013-09-30,52.78
2013-10-01,56.4
2013-10-02,56.4
2013-10-03,57.6
2013-10-04,45.6
2013-10-05,54.0
2013-10-06,48.6
2013-10-07,48.0
2013-10-08,54.0
2013-10-09,49.2
2013-10-10,55.8
2013-10-11,49.8
2013-10-12,46.2
2013-10-13,52.8
2013-10-14,46.2
2013-10-15,51.0
2013-10-16,48.0
2013-10-17,60.0
2013-10-18,55.2
2013-10-19,52.8
2013-10-20,52.8
2013-10-21,55.8
2013-10-22,55.8
2013-10-23,57.0
2013-10-24,54.0
2013-10-25,56.4
2013-10-26,51.6
2013-10-27,46.8
2013-10-28,52.2
2013-10-29,51.6
2013-10-30,54.0
2013-10-31,51.0
2013-11-01,51.0
2013-11-02,49.8
2013-11-03,42.6
2013-11-04,48.6
2013-11-05,57.0
2013-11-06,53.4
2013-11-07,53.4
2013-11-08,51.6
2013-11-09,46.2
2013-11-10,47.4
2013-11-11,47.4
2013-11-12,51.0
2013-11-13,55.2
2013-11-14,55.2
2013-11-15,60.0
2013-11-16,53.4
2013-11-17,48.6
2013-11-18,56.4
2013-11-19,51.0
2013-11-20,52.2
2013-11-21,52.8
2013-11-22,51.0
2013-11-23,57.0
2013-11-24,48.6
2013-11-25,51.0
2013-11-26,52.8
2013-11-27,51.0
2013-11-28,45.6
2013-11-29,55.2
2013-11-30,49.8
2013-12-01,46.23
2013-12-02,53.13
2013-12-03,57.96
2013-12-04,60.72
2013-12-05,53.81999999999999
2013-12-06,60.03
2013-12-07,53.13
2013-12-08,53.81999999999999
2013-12-09,51.06
2013-12-10,57.27
2013-12-11,60.72
2013-12-12,53.81999999999999
2013-12-13,54.51
2013-12-14,57.96
2013-12-15,53.13
2013-12-16,69.0
2013-12-17,56.58
2013-12-18,66.92999999999999
2013-12-19,60.72
2013-12-20,61.41
2013-12-21,58.65
2013-12-22,61.41
2013-12-23,64.86
2013-12-24,66.92999999999999
2013-12-25,54.51
2013-12-26,69.0
2013-12-27,60.72
2013-12-28,59.34
2013-12-29,58.65
2013-12-30,62.78999999999999
2013-12-31,67.61999999999999
2014-01-01,44.8
2014-01-02,70.0
2014-01-03,63.7
2014-01-04,57.4
2014-01-05,42.7
2014-01-06,56.0
2014-01-07,53.2
2014-01-08,57.4
2014-01-09,57.4
2014-01-10,53.2
2014-01-11,48.3
2014-01-12,47.6
2014-01-13,57.4
2014-01-14,56.0
2014-01-15,54.6
2014-01-16,56.0
2014-01-17,56.0
2014-01-18,51.8
2014-01-19,50.4
2014-01-20,46.9
2014-01-21,49.7
2014-01-22,50.4
2014-01-23,53.2
2014-01-24,54.6
2014-01-25,44.8
2014-01-26,51.8
2014-01-27,49.7
2014-01-28,50.4
2014-01-29,51.8
2014-01-30,51.8
2014-01-31,53.2
2014-02-01,49.5
2014-02-02,50.82
2014-02-03,50.82
2014-02-04,53.46
2014-02-05,58.080000000000005
2014-02-06,56.760000000000005
2014-02-07,59.400000000000006
2014-02-08,55.440000000000005
2014-02-09,46.86
2014-02-10,54.120000000000005
2014-02-11,52.14
2014-02-12,54.78
2014-02-13,49.5
2014-02-14,50.16
2014-02-15,55.440000000000005
2014-02-16,51.48
2014-02-17,53.46
2014-02-18,60.720000000000006
2014-02-19,57.42
2014-02-20,58.74
2014-02-21,59.400000000000006
2014-02-22,54.120000000000005
2014-02-23,53.46
2014-02-24,64.02
2014-02-25,66.0
2014-02-26,65.34
2014-02-27,60.06
2014-02-28,60.06
2014-03-01,61.41
2014-03-02,59.34
2014-03-03,60.03
2014-03-04,61.41
2014-03-05,63.48
2014-03-06,58.65
2014-03-07,68.30999999999999
2014-03-08,61.41
2014-03-09,61.41
2014-03-10,59.34
2014-03-11,62.78999999999999
2014-03-12,68.30999999999999
2014-03-13,62.78999999999999
2014-03-14,69.0
2014-03-15,59.34
2014-03-16,56.58
2014-03-17,56.58
2014-03-18,64.17
2014-03-19,61.41
2014-03-20,59.34
2014-03-21,64.86
2014-03-22,62.1
2014-03-23,62.78999999999999
2014-03-24,63.48
2014-03-25,58.65
2014-03-26,58.65
2014-03-27,62.1
2014-03-28,63.48
2014-03-29,63.48
2014-03-30,60.72
2014-03-31,57.27
2014-04-01,58.46
2014-04-02,63.64
2014-04-03,59.2
2014-04-04,59.2
2014-04-05,48.1
2014-04-06,56.98
2014-04-07,57.72
2014-04-08,62.16
2014-04-09,59.94
2014-04-10,59.94
2014-04-11,57.72
2014-04-12,59.94
2014-04-13,62.9
2014-04-14,56.24
2014-04-15,56.98
2014-04-16,60.68
2014-04-17,62.9
2014-04-18,58.46
2014-04-19,74.0
2014-04-20,62.9
2014-04-21,60.68
2014-04-22,57.72
2014-04-23,55.5
2014-04-24,60.68
2014-04-25,62.16
2014-04-26,59.94
2014-04-27,61.42
2014-04-28,56.98
2014-04-29,52.54
2014-04-30,57.72
2014-05-01,62.9
2014-05-02,64.38
2014-05-03,65.12
2014-05-04,74.0
2014-05-05,64.38
2014-05-06,59.94
2014-05-07,57.72
2014-05-08,59.2
2014-05-09,61.42
2014-05-10,57.72
2014-05-11,56.98
2014-05-12,67.34
2014-05-13,59.2
2014-05-14,56.98
2014-05-15,63.64
2014-05-16,62.9
2014-05-17,60.68
2014-05-18,57.72
2014-05-19,65.12
2014-05-20,63.64
2014-05-21,65.12
2014-05-22,62.16
2014-05-23,65.86
2014-05-24,67.34
2014-05-25,59.2
2014-05-26,68.82
2014-05-27,59.94
2014-05-28,62.16
2014-05-29,65.86
2014-05-30,57.72
2014-05-31,57.72
2014-06-01,56.58
2014-06-02,62.78999999999999
2014-06-03,69.0
2014-06-04,60.72
2014-06-05,68.30999999999999
2014-06-06,66.24
2014-06-07,57.27
2014-06-08,55.88999999999999
2014-06-09,68.30999999999999
2014-06-10,64.86
2014-06-11,60.72
2014-06-12,62.78999999999999
2014-06-13,66.24
2014-06-14,64.17
2014-06-15,51.06
2014-06-16,66.24
2014-06-17,66.24
2014-06-18,65.55
2014-06-19,66.24
2014-06-20,63.48
2014-06-21,60.03
2014-06-22,57.96
2014-06-23,64.86
2014-06-24,66.24
2014-06-25,60.72
2014-06-26,62.1
2014-06-27,57.96
2014-06-28,60.03
2014-06-29,57.96
2014-06-30,60.72
2014-07-01,69.75
2014-07-02,71.25
2014-07-03,68.25
2014-07-04,57.75
2014-07-05,53.25
2014-07-06,55.5
2014-07-07,71.25
2014-07-08,60.75
2014-07-09,65.25
2014-07-10,63.75
2014-07-11,65.25
2014-07-12,62.25
2014-07-13,56.25
2014-07-14,72.75
2014-07-15,72.0
2014-07-16,65.25
2014-07-17,75.0
2014-07-18,69.0
2014-07-19,61.5
2014-07-20,56.25
2014-07-21,69.75
2014-07-22,71.25
2014-07-23,65.25
2014-07-24,64.5
2014-07-25,72.0
2014-07-26,66.0
2014-07-27,74.25
2014-07-28,63.0
2014-07-29,66.75
2014-07-30,63.75
2014-07-31,71.25
2014-08-01,65.52
2014-08-02,60.48
2014-08-03,56.88
2014-08-04,59.04
2014-08-05,66.24
2014-08-06,69.12
2014-08-07,63.36
2014-08-08,67.67999999999999
2014-08-09,57.6
2014-08-10,61.92
2014-08-11,56.88
2014-08-12,63.36
2014-08-13,63.36
2014-08-14,62.64
2014-08-15,56.88
2014-08-16,58.32
2014-08-17,61.92
2014-08-18,55.44
2014-08-19,64.8
2014-08-20,59.76
2014-08-21,65.52
2014-08-22,56.88
2014-08-23,56.88
2014-08-24,58.32
2014-08-25,72.0
2014-08-26,65.52
2014-08-27,58.32
2014-08-28,63.36
2014-08-29,59.76
2014-08-30,59.76
2014-08-31,51.84
2014-09-01,56.7
2014-09-02,57.33
2014-09-03,54.18
2014-09-04,61.11
2014-09-05,56.07
2014-09-06,54.18
2014-09-07,48.51
2014-09-08,51.66
2014-09-09,55.44
2014-09-10,52.29
2014-09-11,50.4
2014-09-12,63.0
2014-09-13,56.07
2014-09-14,47.88
2014-09-15,52.92
2014-09-16,59.85
2014-09-17,54.18
2014-09-18,56.07
2014-09-19,53.55
2014-09-20,47.88
2014-09-21,44.1
2014-09-22,57.33
2014-09-23,61.11
2014-09-24,59.22
2014-09-25,59.22
2014-09-26,60.48
2014-09-27,54.18
2014-09-28,47.88
2014-09-29,59.22
2014-09-30,59.22
2014-10-01,62.0
2014-10-02,59.52
2014-10-03,53.94
2014-10-04,51.46
2014-10-05,45.88
2014-10-06,45.26
2014-10-07,53.32
2014-10-08,53.32
2014-10-09,51.46
2014-10-10,54.56
2014-10-11,48.98
2014-10-12,50.84
2014-10-13,37.2
2014-10-14,53.94
2014-10-15,52.7
2014-10-16,55.8
2014-10-17,49.6
2014-10-18,56.42
2014-10-19,49.6
2014-10-20,48.98
2014-10-21,53.32
2014-10-22,60.76
2014-10-23,53.32
2014-10-24,51.46
2014-10-25,51.46
2014-10-26,48.98
2014-10-27,52.08
2014-10-28,52.7
2014-10-29,52.7
2014-10-30,55.8
2014-10-31,52.08
2014-11-01,50.4
2014-11-02,59.85
2014-11-03,55.44
2014-11-04,63.0
2014-11-05,58.59
2014-11-06,57.33
2014-11-07,53.55
2014-11-08,51.66
2014-11-09,58.59
2014-11-10,55.44
2014-11-11,52.29
2014-11-12,57.33
2014-11-13,59.22
2014-11-14,61.74
2014-11-15,55.44
2014-11-16,51.03
2014-11-17,56.7
2014-11-18,52.92
2014-11-19,55.44
2014-11-20,57.33
2014-11-21,56.07
2014-11-22,59.85
2014-11-23,51.66
2014-11-24,54.81
2014-11-25,61.74
2014-11-26,56.7
2014-11-27,55.44
2014-11-28,57.96
2014-11-29,60.48
2014-11-30,53.55
2014-12-01,59.34
2014-12-02,59.34
2014-12-03,58.65
2014-12-04,60.03
2014-12-05,57.96
2014-12-06,55.2
2014-12-07,53.13
2014-12-08,57.27
2014-12-09,53.81999999999999
2014-12-10,60.72
2014-12-11,53.81999999999999
2014-12-12,58.65
2014-12-13,59.34
2014-12-14,57.96
2014-12-15,64.86
2014-12-16,64.17
2014-12-17,65.55
2014-12-18,69.0
2014-12-19,58.65
2014-12-20,66.92999999999999
2014-12-21,57.27
2014-12-22,66.24
2014-12-23,66.92999999999999
2014-12-24,62.78999999999999
2014-12-25,52.44
2014-12-26,55.88999999999999
2014-12-27,55.88999999999999
2014-12-28,51.06
2014-12-29,66.92999999999999
2014-12-30,65.55
2014-12-31,65.55
2015-01-01,51.8
2015-01-02,62.16
2015-01-03,59.2
2015-01-04,59.2
2015-01-05,68.82
2015-01-06,69.56
2015-01-07,68.82
2015-01-08,63.64
2015-01-09,62.16
2015-01-10,60.68
2015-01-11,54.02
2015-01-12,57.72
2015-01-13,63.64
2015-01-14,74.0
2015-01-15,65.86
2015-01-16,72.52
2015-01-17,61.42
2015-01-18,62.9
2015-01-19,55.5
2015-01-20,70.3
2015-01-21,59.2
2015-01-22,62.16
2015-01-23,65.86
2015-01-24,61.42
2015-01-25,57.72
2015-01-26,65.86
2015-01-27,59.2
2015-01-28,62.16
2015-01-29,68.08
2015-01-30,62.9
2015-01-31,62.16
2015-02-01,55.44
2015-02-02,44.73
2015-02-03,57.33
2015-02-04,53.55
2015-02-05,56.07
2015-02-06,63.0
2015-02-07,51.03
2015-02-08,55.44
2015-02-09,57.96
2015-02-10,58.59
2015-02-11,52.92
2015-02-12,59.85
2015-02-13,57.33
2015-02-14,51.66
2015-02-15,52.29
2015-02-16,50.4
2015-02-17,52.92
2015-02-18,57.33
2015-02-19,55.44
2015-02-20,56.07
2015-02-21,52.92
2015-02-22,48.51
2015-02-23,51.66
2015-02-24,53.55
2015-02-25,57.96
2015-02-26,55.44
2015-02-27,60.48
2015-02-28,54.18
2015-03-01,49.7
2015-03-02,48.3
2015-03-03,53.9
2015-03-04,56.7
2015-03-05,50.4
2015-03-06,56.0
2015-03-07,59.49999999999999
2015-03-08,70.0
2015-03-09,61.6
2015-03-10,57.4
2015-03-11,57.4
2015-03-12,56.7
2015-03-13,56.7
2015-03-14,58.1
2015-03-15,50.4
2015-03-16,56.0
2015-03-17,59.49999999999999
2015-03-18,56.0
2015-03-19,56.7
2015-03-20,52.5
2015-03-21,59.49999999999999
2015-03-22,53.9
2015-03-23,58.1
2015-03-24,60.9
2015-03-25,58.1
2015-03-26,60.9
2015-03-27,57.4
2015-03-28,53.9
2015-03-29,46.2
2015-03-30,55.3
2015-03-31,51.8
2015-04-01,62.78
2015-04-02,61.32
2015-04-03,62.78
2015-04-04,52.56
2015-04-05,70.08
2015-04-06,56.94
2015-04-07,66.42999999999999
2015-04-08,59.86
2015-04-09,64.97
2015-04-10,61.32
2015-04-11,57.67
2015-04-12,52.56
2015-04-13,55.48
2015-04-14,64.24
2015-04-15,62.05
2015-04-16,66.42999999999999
2015-04-17,59.86
2015-04-18,64.24
2015-04-19,70.81
2015-04-20,73.0
2015-04-21,63.51
2015-04-22,64.24
2015-04-23,58.4
2015-04-24,67.16
2015-04-25,57.67
2015-04-26,65.7
2015-04-27,58.4
2015-04-28,59.13
2015-04-29,60.59
2015-04-30,64.24
2015-05-01,47.52
2015-05-02,48.24
2015-05-03,41.04
2015-05-04,51.84
2015-05-05,54.0
2015-05-06,55.44
2015-05-07,51.84
2015-05-08,53.28
2015-05-09,46.8
2015-05-10,57.6
2015-05-11,55.44
2015-05-12,56.16
2015-05-13,51.84
2015-05-14,63.36
2015-05-15,55.44
2015-05-16,66.24
2015-05-17,59.04
2015-05-18,54.72
2015-05-19,55.44
2015-05-20,61.92
2015-05-21,50.4
2015-05-22,64.08
2015-05-23,54.72
2015-05-24,66.24
2015-05-25,57.6
2015-05-26,61.92
2015-05-27,55.44
2015-05-28,72.0
2015-05-29,51.12
2015-05-30,51.84
2015-05-31,49.68
2015-06-01,35.25
2015-06-02,38.25
2015-06-03,43.5
2015-06-04,42.75
2015-06-05,53.25
2015-06-06,39.75
2015-06-07,39.75
2015-06-08,51.0
2015-06-09,36.0
2015-06-10,51.75
2015-06-11,42.0
2015-06-12,60.0
2015-06-13,37.5
2015-06-14,41.25
2015-06-15,52.5
2015-06-16,42.0
2015-06-17,75.0
2015-06-18,42.75
2015-06-19,36.75
2015-06-20,35.25
2015-06-21,32.25
2015-06-22,39.75
2015-06-23,39.0
2015-06-24,40.5
2015-06-25,38.25
2015-06-26,36.75
2015-06-27,33.75
2015-06-28,32.25
2015-06-29,36.0
2015-06-30,36.75
2015-07-01,58.65
2015-07-02,59.34
2015-07-03,54.51
2015-07-04,54.51
2015-07-05,53.81999999999999
2015-07-06,64.86
2015-07-07,57.96
2015-07-08,66.92999999999999
2015-07-09,61.41
2015-07-10,55.88999999999999
2015-07-11,57.27
2015-07-12,55.88999999999999
2015-07-13,51.06
2015-07-14,62.1
2015-07-15,62.78999999999999
2015-07-16,64.86
2015-07-17,58.65
2015-07-18,62.78999999999999
2015-07-19,55.88999999999999
2015-07-20,64.86
2015-07-21,68.30999999999999
2015-07-22,61.41
2015-07-23,65.55
2015-07-24,67.61999999999999
2015-07-25,57.27
2015-07-26,58.65
2015-07-27,58.65
2015-07-28,62.78999999999999
2015-07-29,59.34
2015-07-30,66.24
2015-07-31,69.0
2015-08-01,57.4
2015-08-02,56.7
2015-08-03,63.7
2015-08-04,70.0
2015-08-05,65.1
2015-08-06,66.5
2015-08-07,61.6
2015-08-08,67.19999999999999
2015-08-09,59.49999999999999
2015-08-10,65.1
2015-08-11,65.8
2015-08-12,65.1
2015-08-13,66.5
2015-08-14,64.39999999999999
2015-08-15,57.4
2015-08-16,54.6
2015-08-17,55.3
2015-08-18,68.6
2015-08-19,68.6
2015-08-20,59.49999999999999
2015-08-21,68.6
2015-08-22,57.4
2015-08-23,59.49999999999999
2015-08-24,65.1
2015-08-25,62.3
2015-08-26,62.99999999999999
2015-08-27,66.5
2015-08-28,66.5
2015-08-29,60.2
2015-08-30,59.49999999999999
2015-08-31,63.7
2015-09-01,63.7
2015-09-02,63.7
2015-09-03,65.0
2015-09-04,61.1
2015-09-05,58.5
2015-09-06,53.3
2015-09-07,52.0
2015-09-08,61.1
2015-09-09,60.45
2015-09-10,59.15
2015-09-11,61.1
2015-09-12,56.55
2015-09-13,51.35
2015-09-14,53.3
2015-09-15,62.400000000000006
2015-09-16,64.35000000000001
2015-09-17,61.1
2015-09-18,61.75
2015-09-19,65.0
2015-09-20,47.45
2015-09-21,59.15
2015-09-22,58.5
2015-09-23,60.45
2015-09-24,59.15
2015-09-25,62.400000000000006
2015-09-26,61.75
2015-09-27,51.35
2015-09-28,55.9
2015-09-29,55.9
2015-09-30,61.75
2015-10-01,53.76
2015-10-02,56.32
2015-10-03,50.56
2015-10-04,51.84
2015-10-05,60.16
2015-10-06,52.48
2015-10-07,55.68
2015-10-08,62.72
2015-10-09,53.76
2015-10-10,53.76
2015-10-11,46.72
2015-10-12,51.84
2015-10-13,55.04
2015-10-14,51.84
2015-10-15,59.52
2015-10-16,64.0
2015-10-17,52.48
2015-10-18,54.4
2015-10-19,60.8
2015-10-20,60.16
2015-10-21,64.0
2015-10-22,60.8
2015-10-23,57.6
2015-10-24,54.4
2015-10-25,62.72
2015-10-26,55.04
2015-10-27,59.52
2015-10-28,61.44
2015-10-29,59.52
2015-10-30,59.52
2015-10-31,53.120000000000005
2015-11-01,48.99
2015-11-02,41.89
2015-11-03,58.93
2015-11-04,54.67
2015-11-05,58.93
2015-11-06,56.8
2015-11-07,56.8
2015-11-08,58.93
2015-11-09,58.22
2015-11-10,56.09
2015-11-11,49.7
2015-11-12,57.51
2015-11-13,54.67
2015-11-14,49.7
2015-11-15,50.41
2015-11-16,52.54
2015-11-17,61.06
2015-11-18,54.67
2015-11-19,58.93
2015-11-20,58.22
2015-11-21,55.38
2015-11-22,48.99
2015-11-23,62.48
2015-11-24,63.19
2015-11-25,71.0
2015-11-26,55.38
2015-11-27,56.09
2015-11-28,65.32
2015-11-29,61.77
2015-11-30,58.22
2015-12-01,61.5
2015-12-02,63.0
2015-12-03,67.5
2015-12-04,57.0
2015-12-05,59.25
2015-12-06,66.0
2015-12-07,66.0
2015-12-08,66.0
2015-12-09,69.75
2015-12-10,66.0
2015-12-11,59.25
2015-12-12,75.0
2015-12-13,73.5
2015-12-14,64.5
2015-12-15,63.75
2015-12-16,60.75
2015-12-17,66.75
2015-12-18,66.0
2015-12-19,68.25
2015-12-20,56.25
2015-12-21,73.5
2015-12-22,69.0
2015-12-23,63.75
2015-12-24,62.25
2015-12-25,67.5
2015-12-26,64.5
2015-12-27,57.0
2015-12-28,66.75
2015-12-29,71.25
2015-12-30,66.75
2015-12-31,66.0
2016-01-01,56.8
2016-01-02,56.09
2016-01-03,63.19
2016-01-04,64.61
2016-01-05,67.45
2016-01-06,66.74
2016-01-07,61.06
2016-01-08,61.06
2016-01-09,63.9
2016-01-10,58.22
2016-01-11,55.38
2016-01-12,63.9
2016-01-13,66.03
2016-01-14,62.48
2016-01-15,68.86999999999999
2016-01-16,56.09
2016-01-17,63.9
2016-01-18,56.09
2016-01-19,67.45
2016-01-20,65.32
2016-01-21,63.19
2016-01-22,65.32
2016-01-23,61.77
2016-01-24,53.96
2016-01-25,62.48
2016-01-26,63.9
2016-01-27,63.19
2016-01-28,70.28999999999999
2016-01-29,66.03
2016-01-30,71.0
2016-01-31,63.19
2016-02-01,41.18
2016-02-02,46.15
2016-02-03,46.86
2016-02-04,51.12
2016-02-05,43.31
2016-02-06,48.99
2016-02-07,50.41
2016-02-08,41.89
2016-02-09,44.73
2016-02-10,48.28
2016-02-11,50.41
2016-02-12,49.7
2016-02-13,45.44
2016-02-14,39.76
2016-02-15,38.34
2016-02-16,41.89
2016-02-17,48.99
2016-02-18,48.28
2016-02-19,48.28
2016-02-20,53.25
2016-02-21,51.12
2016-02-22,47.57
2016-02-23,45.44
2016-02-24,47.57
2016-02-25,55.38
2016-02-26,51.83
2016-02-27,48.99
2016-02-28,71.0
2016-02-29,48.99
2016-03-01,68.25
2016-03-02,65.25
2016-03-03,62.25
2016-03-04,71.25
2016-03-05,71.25
2016-03-06,68.25
2016-03-07,60.75
2016-03-08,64.5
2016-03-09,62.25
2016-03-10,69.0
2016-03-11,62.25
2016-03-12,72.75
2016-03-13,61.5
2016-03-14,60.75
2016-03-15,66.75
2016-03-16,61.5
2016-03-17,64.5
2016-03-18,59.25
2016-03-19,69.75
2016-03-20,75.0
2016-03-21,63.75
2016-03-22,63.75
2016-03-23,60.75
2016-03-24,69.0
2016-03-25,59.25
2016-03-26,66.75
2016-03-27,63.75
2016-03-28,65.25
2016-03-29,65.25
2016-03-30,65.25
2016-03-31,69.0
2016-04-01,59.76
2016-04-02,73.03999999999999
2016-04-03,57.27
2016-04-04,66.39999999999999
2016-04-05,62.25
2016-04-06,68.06
2016-04-07,58.1
2016-04-08,67.22999999999999
2016-04-09,61.42
2016-04-10,77.19
2016-04-11,78.02
2016-04-12,59.76
2016-04-13,63.08
2016-04-14,83.0
2016-04-15,54.78
2016-04-16,70.55
2016-04-17,58.93
2016-04-18,57.27
2016-04-19,83.0
2016-04-20,57.27
2016-04-21,54.78
2016-04-22,70.55
2016-04-23,62.25
2016-04-24,65.57
2016-04-25,63.08
2016-04-26,66.39999999999999
2016-04-27,59.76
2016-04-28,61.42
2016-04-29,58.1
2016-04-30,55.61
2016-05-01,53.4
2016-05-02,46.28
2016-05-03,44.5
2016-05-04,50.73
2016-05-05,40.94
2016-05-06,44.5
2016-05-07,43.61
2016-05-08,51.62
2016-05-09,46.28
2016-05-10,56.96
2016-05-11,50.73
2016-05-12,54.29
2016-05-13,48.95
2016-05-14,40.94
2016-05-15,43.61
2016-05-16,48.95
2016-05-17,60.52
2016-05-18,43.61
2016-05-19,62.3
2016-05-20,46.28
2016-05-21,51.62
2016-05-22,48.95
2016-05-23,64.97
2016-05-24,45.39
2016-05-25,65.86
2016-05-26,48.95
2016-05-27,72.09
2016-05-28,51.62
2016-05-29,76.54
2016-05-30,52.51
2016-05-31,89.0
2016-06-01,44.2
2016-06-02,42.5
2016-06-03,68.85
2016-06-04,44.2
2016-06-05,46.75
2016-06-06,64.6
2016-06-07,44.2
2016-06-08,50.15
2016-06-09,72.25
2016-06-10,48.45
2016-06-11,75.64999999999999
2016-06-12,42.5
2016-06-13,45.9
2016-06-14,79.05
2016-06-15,45.9
2016-06-16,48.45
2016-06-17,77.35
2016-06-18,46.75
2016-06-19,48.45
2016-06-20,85.0
2016-06-21,39.95
2016-06-22,43.35
2016-06-23,39.1
2016-06-24,45.9
2016-06-25,37.4
2016-06-26,37.4
2016-06-27,41.65
2016-06-28,41.65
2016-06-29,48.45
2016-06-30,41.65
2016-07-01,53.2
2016-07-02,56.0
2016-07-03,55.3
2016-07-04,68.6
2016-07-05,62.3
2016-07-06,70.0
2016-07-07,53.2
2016-07-08,56.7
2016-07-09,53.2
2016-07-10,50.4
2016-07-11,52.5
2016-07-12,58.1
2016-07-13,65.8
2016-07-14,60.2
2016-07-15,56.7
2016-07-16,59.49999999999999
2016-07-17,56.7
2016-07-18,58.1
2016-07-19,62.99999999999999
2016-07-20,60.9
2016-07-21,61.6
2016-07-22,58.1
2016-07-23,57.4
2016-07-24,60.2
2016-07-25,57.4
2016-07-26,58.1
2016-07-27,56.7
2016-07-28,58.1
2016-07-29,62.3
2016-07-30,56.7
2016-07-31,57.4
2016-08-01,58.96
2016-08-02,64.99000000000001
2016-08-03,65.66000000000001
2016-08-04,60.970000000000006
2016-08-05,62.98
2016-08-06,56.95
2016-08-07,54.940000000000005
2016-08-08,59.63
2016-08-09,60.970000000000006
2016-08-10,56.95
2016-08-11,59.63
2016-08-12,55.61000000000001
2016-08-13,60.3
2016-08-14,50.25
2016-08-15,56.28
2016-08-16,62.31
2016-08-17,57.620000000000005
2016-08-18,58.96
2016-08-19,67.0
2016-08-20,56.28
2016-08-21,48.91
2016-08-22,61.64
2016-08-23,57.620000000000005
2016-08-24,58.290000000000006
2016-08-25,52.93
2016-08-26,63.650000000000006
2016-08-27,60.970000000000006
2016-08-28,59.63
2016-08-29,58.290000000000006
2016-08-30,54.27
2016-08-31,57.620000000000005
2016-09-01,56.32
2016-09-02,59.52
2016-09-03,55.68
2016-09-04,63.36
2016-09-05,56.32
2016-09-06,60.8
2016-09-07,56.32
2016-09-08,58.24
2016-09-09,61.44
2016-09-10,56.32
2016-09-11,51.2
2016-09-12,56.32
2016-09-13,58.88
2016-09-14,53.76
2016-09-15,64.0
2016-09-16,56.96
2016-09-17,53.120000000000005
2016-09-18,52.48
2016-09-19,55.04
2016-09-20,58.88
2016-09-21,57.6
2016-09-22,59.52
2016-09-23,58.88
2016-09-24,56.32
2016-09-25,56.32
2016-09-26,50.56
2016-09-27,52.48
2016-09-28,56.96
2016-09-29,62.08
2016-09-30,59.52
2016-10-01,56.96
2016-10-02,51.84
2016-10-03,51.84
2016-10-04,59.52
2016-10-05,60.16
2016-10-06,55.68
2016-10-07,54.4
2016-10-08,53.120000000000005
2016-10-09,48.64
2016-10-10,48.64
2016-10-11,53.120000000000005
2016-10-12,55.68
2016-10-13,55.04
2016-10-14,60.16
2016-10-15,62.08
2016-10-16,53.120000000000005
2016-10-17,58.88
2016-10-18,64.0
2016-10-19,54.4
2016-10-20,59.52
2016-10-21,60.8
2016-10-22,58.24
2016-10-23,48.64
2016-10-24,56.96
2016-10-25,54.4
2016-10-26,62.08
2016-10-27,57.6
2016-10-28,58.24
2016-10-29,59.52
2016-10-30,55.04
2016-10-31,55.68
2016-11-01,51.59
2016-11-02,54.940000000000005
2016-11-03,53.6
2016-11-04,67.0
2016-11-05,60.3
2016-11-06,52.93
2016-11-07,46.900000000000006
2016-11-08,54.940000000000005
2016-11-09,35.510000000000005
2016-11-10,56.28
2016-11-11,50.92
2016-11-12,48.24
2016-11-13,46.23
2016-11-14,56.28
2016-11-15,48.24
2016-11-16,56.95
2016-11-17,60.970000000000006
2016-11-18,60.3
2016-11-19,60.3
2016-11-20,54.27
2016-11-21,60.3
2016-11-22,58.96
2016-11-23,55.61000000000001
2016-11-24,50.92
2016-11-25,46.900000000000006
2016-11-26,56.95
2016-11-27,50.92
2016-11-28,46.900000000000006
2016-11-29,55.61000000000001
2016-11-30,60.970000000000006
2016-12-01,62.25
2016-12-02,63.0
2016-12-03,63.0
2016-12-04,53.25
2016-12-05,57.0
2016-12-06,67.5
2016-12-07,58.5
2016-12-08,71.25
2016-12-09,72.75
2016-12-10,66.0
2016-12-11,66.0
2016-12-12,72.75
2016-12-13,66.75
2016-12-14,72.75
2016-12-15,68.25
2016-12-16,69.75
2016-12-17,67.5
2016-12-18,60.0
2016-12-19,60.75
2016-12-20,63.75
2016-12-21,69.75
2016-12-22,65.25
2016-12-23,67.5
2016-12-24,57.0
2016-12-25,62.25
2016-12-26,61.5
2016-12-27,63.0
2016-12-28,75.0
2016-12-29,69.0
2016-12-30,65.25
2016-12-31,60.75
2017-01-01,46.2
2017-01-02,49.0
2017-01-03,70.0
2017-01-04,59.49999999999999
2017-01-05,60.9
2017-01-06,56.7
2017-01-07,52.5
2017-01-08,52.5
2017-01-09,62.99999999999999
2017-01-10,59.49999999999999
2017-01-11,56.0
2017-01-12,60.2
2017-01-13,57.4
2017-01-14,56.0
2017-01-15,46.9
2017-01-16,49.0
2017-01-17,63.7
2017-01-18,58.8
2017-01-19,67.19999999999999
2017-01-20,51.1
2017-01-21,51.1
2017-01-22,55.3
2017-01-23,53.2
2017-01-24,56.7
2017-01-25,53.9
2017-01-26,58.1
2017-01-27,51.1
2017-01-28,57.4
2017-01-29,52.5
2017-01-30,53.2
2017-01-31,52.5
2017-02-01,54.120000000000005
2017-02-02,51.48
2017-02-03,56.760000000000005
2017-02-04,52.8
2017-02-05,54.78
2017-02-06,47.52
2017-02-07,51.48
2017-02-08,54.120000000000005
2017-02-09,48.84
2017-02-10,49.5
2017-02-11,60.720000000000006
2017-02-12,66.0
2017-02-13,48.18
2017-02-14,54.120000000000005
2017-02-15,51.48
2017-02-16,59.400000000000006
2017-02-17,52.14
2017-02-18,51.48
2017-02-19,48.18
2017-02-20,45.54
2017-02-21,52.8
2017-02-22,49.5
2017-02-23,54.120000000000005
2017-02-24,58.74
2017-02-25,54.78
2017-02-26,54.78
2017-02-27,52.14
2017-02-28,53.46
2017-03-01,65.8
2017-03-02,61.6
2017-03-03,70.0
2017-03-04,64.39999999999999
2017-03-05,64.39999999999999
2017-03-06,60.2
2017-03-07,62.99999999999999
2017-03-08,63.7
2017-03-09,64.39999999999999
2017-03-10,65.8
2017-03-11,67.89999999999999
2017-03-12,64.39999999999999
2017-03-13,62.99999999999999
2017-03-14,55.3
2017-03-15,68.6
2017-03-16,60.2
2017-03-17,58.8
2017-03-18,58.8
2017-03-19,63.7
2017-03-20,63.7
2017-03-21,70.0
2017-03-22,63.7
2017-03-23,64.39999999999999
2017-03-24,67.19999999999999
2017-03-25,62.99999999999999
2017-03-26,60.2
2017-03-27,66.5
2017-03-28,62.99999999999999
2017-03-29,66.5
2017-03-30,64.39999999999999
2017-03-31,58.8
2017-04-01,58.32
2017-04-02,55.44
2017-04-03,54.72
2017-04-04,54.0
2017-04-05,52.56
2017-04-06,56.16
2017-04-07,49.68
2017-04-08,54.72
2017-04-09,56.88
2017-04-10,54.0
2017-04-11,55.44
2017-04-12,57.6
2017-04-13,59.04
2017-04-14,54.0
2017-04-15,59.04
2017-04-16,60.48
2017-04-17,54.72
2017-04-18,66.96
2017-04-19,58.32
2017-04-20,61.92
2017-04-21,54.0
2017-04-22,59.04
2017-04-23,67.67999999999999
2017-04-24,59.04
2017-04-25,72.0
2017-04-26,52.56
2017-04-27,51.12
2017-04-28,56.88
2017-04-29,58.32
2017-04-30,55.44
2017-05-01,52.36000000000001
2017-05-02,54.400000000000006
2017-05-03,57.8
2017-05-04,50.32
2017-05-05,54.400000000000006
2017-05-06,51.00000000000001
2017-05-07,55.760000000000005
2017-05-08,54.400000000000006
2017-05-09,56.440000000000005
2017-05-10,48.28
2017-05-11,46.92
2017-05-12,52.36000000000001
2017-05-13,53.040000000000006
2017-05-14,68.0
2017-05-15,53.720000000000006
2017-05-16,51.68000000000001
2017-05-17,63.92
2017-05-18,50.32
2017-05-19,54.400000000000006
2017-05-20,55.080000000000005
2017-05-21,65.28
2017-05-22,53.040000000000006
2017-05-23,61.88
2017-05-24,54.400000000000006
2017-05-25,51.00000000000001
2017-05-26,56.440000000000005
2017-05-27,51.68000000000001
2017-05-28,53.720000000000006
2017-05-29,52.36000000000001
2017-05-30,48.28
2017-05-31,55.760000000000005
2017-06-01,35.52
2017-06-02,53.28
2017-06-03,39.22
2017-06-04,36.26
2017-06-05,54.02
2017-06-06,34.78
2017-06-07,37.74
2017-06-08,63.64
2017-06-09,42.92
2017-06-10,74.0
2017-06-11,37.74
2017-06-12,41.44
2017-06-13,71.03999999999999
2017-06-14,35.52
2017-06-15,42.18
2017-06-16,37.0
2017-06-17,37.74
2017-06-18,35.52
2017-06-19,34.04
2017-06-20,37.0
2017-06-21,34.04
2017-06-22,34.78
2017-06-23,36.26
2017-06-24,33.3
2017-06-25,34.04
2017-06-26,33.3
2017-06-27,38.48
2017-06-28,37.0
2017-06-29,37.74
2017-06-30,33.3
2017-07-01,67.89999999999999
2017-07-02,58.8
2017-07-03,62.3
2017-07-04,57.4
2017-07-05,67.89999999999999
2017-07-06,67.19999999999999
2017-07-07,67.89999999999999
2017-07-08,61.6
2017-07-09,69.3
2017-07-10,64.39999999999999
2017-07-11,65.1
2017-07-12,68.6
2017-07-13,65.8
2017-07-14,66.5
2017-07-15,61.6
2017-07-16,58.8
2017-07-17,60.9
2017-07-18,69.3
2017-07-19,70.0
2017-07-20,70.0
2017-07-21,64.39999999999999
2017-07-22,61.6
2017-07-23,59.49999999999999
2017-07-24,58.8
2017-07-25,65.8
2017-07-26,68.6
2017-07-27,63.7
2017-07-28,62.3
2017-07-29,59.49999999999999
2017-07-30,63.7
2017-07-31,63.7
2017-08-01,59.85
2017-08-02,63.0
2017-08-03,57.33
2017-08-04,60.48
2017-08-05,59.22
2017-08-06,52.92
2017-08-07,55.44
2017-08-08,59.22
2017-08-09,56.7
2017-08-10,60.48
2017-08-11,53.55
2017-08-12,52.29
2017-08-13,48.51
2017-08-14,53.55
2017-08-15,53.55
2017-08-16,57.33
2017-08-17,57.96
2017-08-18,50.4
2017-08-19,54.81
2017-08-20,47.25
2017-08-21,51.66
2017-08-22,57.96
2017-08-23,50.4
2017-08-24,53.55
2017-08-25,52.29
2017-08-26,51.66
2017-08-27,45.36
2017-08-28,54.81
2017-08-29,52.29
2017-08-30,57.96
2017-08-31,51.66
2017-09-01,63.0
2017-09-02,59.22
2017-09-03,53.55
2017-09-04,57.96
2017-09-05,55.44
2017-09-06,57.33
2017-09-07,55.44
2017-09-08,56.7
2017-09-09,48.51
2017-09-10,54.81
2017-09-11,54.81
2017-09-12,57.96
2017-09-13,57.96
2017-09-14,59.22
2017-09-15,58.59
2017-09-16,61.11
2017-09-17,57.96
2017-09-18,56.7
2017-09-19,61.11
2017-09-20,57.96
2017-09-21,57.33
2017-09-22,53.55
2017-09-23,60.48
2017-09-24,60.48
2017-09-25,59.22
2017-09-26,60.48
2017-09-27,61.11
2017-09-28,61.74
2017-09-29,59.85
2017-09-30,61.74
2017-10-01,62.78
2017-10-02,58.4
2017-10-03,60.59
2017-10-04,61.32
2017-10-05,61.32
2017-10-06,57.67
2017-10-07,63.51
2017-10-08,52.56
2017-10-09,54.75
2017-10-10,62.05
2017-10-11,54.75
2017-10-12,57.67
2017-10-13,57.67
2017-10-14,64.97
2017-10-15,62.05
2017-10-16,62.05
2017-10-17,66.42999999999999
2017-10-18,73.0
2017-10-19,64.97
2017-10-20,62.78
2017-10-21,69.35
2017-10-22,64.97
2017-10-23,66.42999999999999
2017-10-24,65.7
2017-10-25,70.81
2017-10-26,64.97
2017-10-27,62.05
2017-10-28,67.16
2017-10-29,64.24
2017-10-30,60.59
2017-10-31,65.7
2017-11-01,58.290000000000006
2017-11-02,59.63
2017-11-03,63.650000000000006
2017-11-04,61.64
2017-11-05,59.63
2017-11-06,54.27
2017-11-07,60.3
2017-11-08,64.32000000000001
2017-11-09,64.32000000000001
2017-11-10,58.96
2017-11-11,59.63
2017-11-12,67.0
2017-11-13,56.95
2017-11-14,60.970000000000006
2017-11-15,61.64
2017-11-16,65.66000000000001
2017-11-17,64.99000000000001
2017-11-18,60.3
2017-11-19,59.63
2017-11-20,61.64
2017-11-21,60.3
2017-11-22,62.98
2017-11-23,64.99000000000001
2017-11-24,58.96
2017-11-25,62.98
2017-11-26,61.64
2017-11-27,58.96
2017-11-28,58.96
2017-11-29,59.63
2017-11-30,67.0
2017-12-01,59.04
2017-12-02,63.36
2017-12-03,56.16
2017-12-04,68.39999999999999
2017-12-05,54.0
2017-12-06,55.44
2017-12-07,59.04
2017-12-08,60.48
2017-12-09,58.32
2017-12-10,52.56
2017-12-11,56.88
2017-12-12,59.76
2017-12-13,57.6
2017-12-14,53.28
2017-12-15,57.6
2017-12-16,59.04
2017-12-17,56.88
2017-12-18,60.48
2017-12-19,63.36
2017-12-20,61.92
2017-12-21,60.48
2017-12-22,60.48
2017-12-23,63.36
2017-12-24,59.76
2017-12-25,60.48
2017-12-26,72.0
2017-12-27,68.39999999999999
2017-12-28,70.56
2017-12-29,61.92
2017-12-30,59.04
2017-12-31,55.44
2018-01-01,54.75
2018-01-02,63.51
2018-01-03,67.89
2018-01-04,64.24
2018-01-05,68.62
2018-01-06,61.32
2018-01-07,56.94
2018-01-08,56.94
2018-01-09,70.08
2018-01-10,62.78
2018-01-11,67.16
2018-01-12,65.7
2018-01-13,64.97
2018-01-14,64.24
2018-01-15,59.86
2018-01-16,70.81
2018-01-17,71.53999999999999
2018-01-18,67.16
2018-01-19,61.32
2018-01-20,69.35
2018-01-21,64.97
2018-01-22,60.59
2018-01-23,62.78
2018-01-24,62.78
2018-01-25,59.13
2018-01-26,66.42999999999999
2018-01-27,65.7
2018-01-28,73.0
2018-01-29,66.42999999999999
2018-01-30,62.78
2018-01-31,58.4
2018-02-01,49.0
2018-02-02,49.7
2018-02-03,50.4
2018-02-04,52.5
2018-02-05,48.3
2018-02-06,51.8
2018-02-07,53.9
2018-02-08,54.6
2018-02-09,52.5
2018-02-10,50.4
2018-02-11,51.8
2018-02-12,46.9
2018-02-13,52.5
2018-02-14,51.1
2018-02-15,70.0
2018-02-16,53.2
2018-02-17,55.3
2018-02-18,54.6
2018-02-19,45.5
2018-02-20,49.0
2018-02-21,48.3
2018-02-22,50.4
2018-02-23,60.2
2018-02-24,54.6
2018-02-25,58.1
2018-02-26,50.4
2018-02-27,58.8
2018-02-28,49.0
2018-03-01,60.52
2018-03-02,62.56
2018-03-03,68.0
2018-03-04,63.92
2018-03-05,59.84
2018-03-06,63.24
2018-03-07,62.56
2018-03-08,64.60000000000001
2018-03-09,67.32000000000001
2018-03-10,67.32000000000001
2018-03-11,63.92
2018-03-12,64.60000000000001
2018-03-13,60.52
2018-03-14,64.60000000000001
2018-03-15,63.24
2018-03-16,57.120000000000005
2018-03-17,65.28
2018-03-18,61.88
2018-03-19,63.92
2018-03-20,59.16
2018-03-21,61.2
2018-03-22,58.48
2018-03-23,61.2
2018-03-24,66.64
2018-03-25,63.92
2018-03-26,64.60000000000001
2018-03-27,62.56
2018-03-28,66.64
2018-03-29,57.8
2018-03-30,66.64
2018-03-31,62.56
2018-04-01,63.0
2018-04-02,57.0
2018-04-03,57.0
2018-04-04,57.75
2018-04-05,59.25
2018-04-06,60.0
2018-04-07,57.75
2018-04-08,60.0
2018-04-09,57.75
2018-04-10,57.75
2018-04-11,54.75
2018-04-12,59.25
2018-04-13,57.75
2018-04-14,63.0
2018-04-15,54.0
2018-04-16,62.25
2018-04-17,75.0
2018-04-18,61.5
2018-04-19,63.75
2018-04-20,61.5
2018-04-21,59.25
2018-04-22,63.0
2018-04-23,57.75
2018-04-24,54.75
2018-04-25,64.5
2018-04-26,57.0
2018-04-27,55.5
2018-04-28,55.5
2018-04-29,66.75
2018-04-30,57.75
2018-05-01,50.7
2018-05-02,52.260000000000005
2018-05-03,51.48
2018-05-04,49.14
2018-05-05,55.38
2018-05-06,61.620000000000005
2018-05-07,53.04
2018-05-08,47.58
2018-05-09,60.84
2018-05-10,49.92
2018-05-11,53.82
2018-05-12,54.6
2018-05-13,46.8
2018-05-14,56.940000000000005
2018-05-15,62.400000000000006
2018-05-16,53.04
2018-05-17,60.06
2018-05-18,52.260000000000005
2018-05-19,54.6
2018-05-20,56.940000000000005
2018-05-21,60.84
2018-05-22,48.36
2018-05-23,61.620000000000005
2018-05-24,55.38
2018-05-25,63.18
2018-05-26,56.16
2018-05-27,60.06
2018-05-28,54.6
2018-05-29,78.0
2018-05-30,55.38
2018-05-31,57.72
2018-06-01,69.42
2018-06-02,47.58
2018-06-03,49.14
2018-06-04,62.400000000000006
2018-06-05,47.58
2018-06-06,47.58
2018-06-07,72.54
2018-06-08,49.92
2018-06-09,78.0
2018-06-10,49.14
2018-06-11,47.58
2018-06-12,46.02
2018-06-13,49.14
2018-06-14,47.58
2018-06-15,44.46
2018-06-16,39.0
2018-06-17,42.9
2018-06-18,44.46
2018-06-19,43.68
2018-06-20,44.46
2018-06-21,42.120000000000005
2018-06-22,47.58
2018-06-23,46.8
2018-06-24,45.24
2018-06-25,43.68
2018-06-26,45.24
2018-06-27,45.24
2018-06-28,50.7
2018-06-29,47.58
2018-06-30,38.22
2018-07-01,51.68000000000001
2018-07-02,56.440000000000005
2018-07-03,64.60000000000001
2018-07-04,52.36000000000001
2018-07-05,59.84
2018-07-06,55.080000000000005
2018-07-07,57.120000000000005
2018-07-08,61.2
2018-07-09,59.84
2018-07-10,55.760000000000005
2018-07-11,68.0
2018-07-12,60.52
2018-07-13,58.48
2018-07-14,59.16
2018-07-15,53.720000000000006
2018-07-16,57.8
2018-07-17,63.92
2018-07-18,61.2
2018-07-19,60.52
2018-07-20,57.120000000000005
2018-07-21,55.760000000000005
2018-07-22,57.120000000000005
2018-07-23,58.48
2018-07-24,59.16
2018-07-25,58.48
2018-07-26,59.84
2018-07-27,60.52
2018-07-28,57.8
2018-07-29,57.120000000000005
2018-07-30,59.84
2018-07-31,58.48
2018-08-01,64.99000000000001
2018-08-02,61.64
2018-08-03,60.970000000000006
2018-08-04,64.99000000000001
2018-08-05,58.290000000000006
2018-08-06,63.650000000000006
2018-08-07,62.98
2018-08-08,60.3
2018-08-09,57.620000000000005
2018-08-10,60.3
2018-08-11,55.61000000000001
2018-08-12,60.3
2018-08-13,62.98
2018-08-14,59.63
2018-08-15,62.98
2018-08-16,61.64
2018-08-17,64.32000000000001
2018-08-18,62.31
2018-08-19,57.620000000000005
2018-08-20,60.970000000000006
2018-08-21,58.290000000000006
2018-08-22,57.620000000000005
2018-08-23,60.3
2018-08-24,60.3
2018-08-25,63.650000000000006
2018-08-26,57.620000000000005
2018-08-27,58.290000000000006
2018-08-28,67.0
2018-08-29,57.620000000000005
2018-08-30,53.6
2018-08-31,56.28
2018-09-01,59.400000000000006
2018-09-02,60.720000000000006
2018-09-03,56.760000000000005
2018-09-04,60.06
2018-09-05,63.36
2018-09-06,56.760000000000005
2018-09-07,58.74
2018-09-08,60.720000000000006
2018-09-09,61.38
2018-09-10,56.1
2018-09-11,60.720000000000006
2018-09-12,54.78
2018-09-13,63.36
2018-09-14,58.74
2018-09-15,60.06
2018-09-16,56.1
2018-09-17,62.040000000000006
2018-09-18,62.040000000000006
2018-09-19,60.720000000000006
2018-09-20,65.34
2018-09-21,58.74
2018-09-22,66.0
2018-09-23,58.74
2018-09-24,59.400000000000006
2018-09-25,57.42
2018-09-26,56.1
2018-09-27,56.1
2018-09-28,64.02
2018-09-29,62.7
2018-09-30,53.46
2018-10-01,57.120000000000005
2018-10-02,65.28
2018-10-03,58.48
2018-10-04,61.88
2018-10-05,59.16
2018-10-06,63.92
2018-10-07,58.48
2018-10-08,51.68000000000001
2018-10-09,57.8
2018-10-10,63.24
2018-10-11,64.60000000000001
2018-10-12,65.28
2018-10-13,62.56
2018-10-14,58.48
2018-10-15,61.2
2018-10-16,68.0
2018-10-17,66.64
2018-10-18,63.92
2018-10-19,64.60000000000001
2018-10-20,68.0
2018-10-21,59.84
2018-10-22,59.84
2018-10-23,61.2
2018-10-24,53.720000000000006
2018-10-25,63.24
2018-10-26,61.2
2018-10-27,68.0
2018-10-28,57.8
2018-10-29,58.48
2018-10-30,62.56
2018-10-31,60.52
2018-11-01,65.0
2018-11-02,63.7
2018-11-03,63.05
2018-11-04,57.85
2018-11-05,53.3
2018-11-06,61.75
2018-11-07,51.35
2018-11-08,59.8
2018-11-09,63.05
2018-11-10,57.2
2018-11-11,56.55
2018-11-12,58.5
2018-11-13,63.7
2018-11-14,65.0
2018-11-15,60.45
2018-11-16,60.45
2018-11-17,61.1
2018-11-18,53.3
2018-11-19,59.8
2018-11-20,61.75
2018-11-21,57.85
2018-11-22,50.05
2018-11-23,55.25
2018-11-24,57.2
2018-11-25,55.9
2018-11-26,57.2
2018-11-27,61.1
2018-11-28,59.15
2018-11-29,63.7
2018-11-30,62.400000000000006
2018-12-01,53.6
2018-12-02,50.92
2018-12-03,50.92
2018-12-04,54.940000000000005
2018-12-05,42.88
2018-12-06,58.290000000000006
2018-12-07,50.92
2018-12-08,56.28
2018-12-09,48.91
2018-12-10,52.93
2018-12-11,60.3
2018-12-12,50.92
2018-12-13,52.260000000000005
2018-12-14,54.27
2018-12-15,55.61000000000001
2018-12-16,51.59
2018-12-17,58.290000000000006
2018-12-18,55.61000000000001
2018-12-19,60.3
2018-12-20,57.620000000000005
2018-12-21,58.96
2018-12-22,50.92
2018-12-23,51.59
2018-12-24,56.28
2018-12-25,47.57
2018-12-26,67.0
2018-12-27,60.970000000000006
2018-12-28,57.620000000000005
2018-12-29,54.940000000000005
2018-12-30,52.260000000000005
2018-12-31,52.93
2019-01-01,57.0
2019-01-02,55.5
2019-01-03,62.25
2019-01-04,64.5
2019-01-05,58.5
2019-01-06,54.0
2019-01-07,58.5
2019-01-08,58.5
2019-01-09,66.0
2019-01-10,54.0
2019-01-11,58.5
2019-01-12,64.5
2019-01-13,58.5
2019-01-14,56.25
2019-01-15,56.25
2019-01-16,75.0
2019-01-17,61.5
2019-01-18,59.25
2019-01-19,60.0
2019-01-20,51.0
2019-01-21,50.25
2019-01-22,57.0
2019-01-23,60.0
2019-01-24,59.25
2019-01-25,57.0
2019-01-26,57.0
2019-01-27,63.75
2019-01-28,55.5
2019-01-29,60.75
2019-01-30,58.5
2019-01-31,57.75
2019-02-01,58.5
2019-02-02,60.06
2019-02-03,59.28
2019-02-04,52.260000000000005
2019-02-05,56.16
2019-02-06,60.06
2019-02-07,61.620000000000005
2019-02-08,60.84
2019-02-09,63.18
2019-02-10,57.72
2019-02-11,62.400000000000006
2019-02-12,53.04
2019-02-13,57.72
2019-02-14,63.96
2019-02-15,78.0
2019-02-16,70.2
2019-02-17,67.08
2019-02-18,58.5
2019-02-19,71.76
2019-02-20,70.98
2019-02-21,68.64
2019-02-22,71.76
2019-02-23,61.620000000000005
2019-02-24,67.86
2019-02-25,67.86
2019-02-26,60.84
2019-02-27,68.64
2019-02-28,60.84
2019-03-01,56.7
2019-03-02,59.13
2019-03-03,55.080000000000005
2019-03-04,52.650000000000006
2019-03-05,48.6
2019-03-06,62.370000000000005
2019-03-07,54.27
2019-03-08,55.080000000000005
2019-03-09,61.56
2019-03-10,49.41
2019-03-11,62.370000000000005
2019-03-12,54.27
2019-03-13,51.84
2019-03-14,56.7
2019-03-15,51.84
2019-03-16,61.56
2019-03-17,55.080000000000005
2019-03-18,55.89
2019-03-19,61.56
2019-03-20,55.080000000000005
2019-03-21,55.080000000000005
2019-03-22,59.940000000000005
2019-03-23,57.510000000000005
2019-03-24,55.080000000000005
2019-03-25,63.99
2019-03-26,57.510000000000005
2019-03-27,55.89
2019-03-28,63.18000000000001
2019-03-29,81.0
2019-03-30,59.940000000000005
2019-03-31,57.510000000000005
2019-04-01,77.76
2019-04-02,67.23
2019-04-03,76.14
2019-04-04,68.85000000000001
2019-04-05,68.85000000000001
2019-04-06,69.66000000000001
2019-04-07,62.370000000000005
2019-04-08,68.04
2019-04-09,63.99
2019-04-10,74.52000000000001
2019-04-11,68.85000000000001
2019-04-12,68.04
2019-04-13,65.61
2019-04-14,72.09
2019-04-15,79.38000000000001
2019-04-16,79.38000000000001
2019-04-17,80.19000000000001
2019-04-18,63.99
2019-04-19,68.04
2019-04-20,65.61
2019-04-21,76.95
2019-04-22,72.09
2019-04-23,63.99
2019-04-24,72.09
2019-04-25,72.09
2019-04-26,65.61
2019-04-27,81.0
2019-04-28,76.14
2019-04-29,62.370000000000005
2019-04-30,68.04
2019-05-01,56.24
2019-05-02,51.06
2019-05-03,49.58
2019-05-04,53.28
2019-05-05,61.42
2019-05-06,51.8
2019-05-07,56.98
2019-05-08,52.54
2019-05-09,63.64
2019-05-10,51.8
2019-05-11,74.0
2019-05-12,52.54
2019-05-13,51.06
2019-05-14,53.28
2019-05-15,59.2
2019-05-16,50.32
2019-05-17,62.9
2019-05-18,53.28
2019-05-19,59.94
2019-05-20,45.88
2019-05-21,64.38
2019-05-22,51.8
2019-05-23,46.62
2019-05-24,48.1
2019-05-25,49.58
2019-05-26,53.28
2019-05-27,46.62
2019-05-28,48.1
2019-05-29,49.58
2019-05-30,52.54
2019-05-31,69.56
2019-06-01,46.5
2019-06-02,54.0
2019-06-03,62.25
2019-06-04,49.5
2019-06-05,57.75
2019-06-06,64.5
2019-06-07,51.75
2019-06-08,68.25
2019-06-09,45.75
2019-06-10,51.75
2019-06-11,74.25
2019-06-12,54.0
2019-06-13,51.0
2019-06-14,75.0
2019-06-15,45.0
2019-06-16,45.0
2019-06-17,47.25
2019-06-18,48.0
2019-06-19,47.25
2019-06-20,47.25
2019-06-21,47.25
2019-06-22,44.25
2019-06-23,45.75
2019-06-24,45.0
2019-06-25,47.25
2019-06-26,45.75
2019-06-27,49.5
2019-06-28,48.75
2019-06-29,45.0
2019-06-30,46.5
2019-07-01,68.6
2019-07-02,61.6
2019-07-03,61.6
2019-07-04,65.1
2019-07-05,59.49999999999999
2019-07-06,61.6
2019-07-07,59.49999999999999
2019-07-08,57.4
2019-07-09,60.9
2019-07-10,62.99999999999999
2019-07-11,59.49999999999999
2019-07-12,62.3
2019-07-13,60.2
2019-07-14,56.7
2019-07-15,65.1
2019-07-16,70.0
2019-07-17,65.1
2019-07-18,61.6
2019-07-19,61.6
2019-07-20,62.3
2019-07-21,53.2
2019-07-22,61.6
2019-07-23,65.1
2019-07-24,64.39999999999999
2019-07-25,66.5
2019-07-26,64.39999999999999
2019-07-27,60.2
2019-07-28,58.1
2019-07-29,64.39999999999999
2019-07-30,66.5
2019-07-31,60.2
2019-08-01,66.24
2019-08-02,64.17
2019-08-03,62.78999999999999
2019-08-04,66.24
2019-08-05,66.24
2019-08-06,66.92999999999999
2019-08-07,67.61999999999999
2019-08-08,66.92999999999999
2019-08-09,63.48
2019-08-10,64.17
2019-08-11,63.48
2019-08-12,69.0
2019-08-13,67.61999999999999
2019-08-14,68.30999999999999
2019-08-15,67.61999999999999
2019-08-16,64.17
2019-08-17,59.34
2019-08-18,66.92999999999999
2019-08-19,64.86
2019-08-20,62.1
2019-08-21,68.30999999999999
2019-08-22,64.86
2019-08-23,62.1
2019-08-24,63.48
2019-08-25,66.92999999999999
2019-08-26,60.72
2019-08-27,60.72
2019-08-28,64.17
2019-08-29,58.65
2019-08-30,60.72
2019-08-31,57.27
2019-09-01,51.66
2019-09-02,54.81
2019-09-03,56.7
2019-09-04,57.96
2019-09-05,54.18
2019-09-06,58.59
2019-09-07,55.44
2019-09-08,50.4
2019-09-09,52.92
2019-09-10,54.81
2019-09-11,56.7
2019-09-12,55.44
2019-09-13,56.7
2019-09-14,57.33
2019-09-15,54.81
2019-09-16,52.29
2019-09-17,52.92
2019-09-18,57.33
2019-09-19,51.03
2019-09-20,54.18
2019-09-21,57.96
2019-09-22,53.55
2019-09-23,54.18
2019-09-24,55.44
2019-09-25,53.55
2019-09-26,55.44
2019-09-27,57.96
2019-09-28,63.0
2019-09-29,52.29
2019-09-30,49.77
2019-10-01,56.07
2019-10-02,56.07
2019-10-03,56.07
2019-10-04,56.07
2019-10-05,52.92
2019-10-06,56.7
2019-10-07,48.51
2019-10-08,53.55
2019-10-09,53.55
2019-10-10,51.66
2019-10-11,54.81
2019-10-12,49.14
2019-10-13,49.77
2019-10-14,52.29
2019-10-15,63.0
2019-10-16,49.14
2019-10-17,56.07
2019-10-18,53.55
2019-10-19,57.33
2019-10-20,56.07
2019-10-21,52.92
2019-10-22,54.18
2019-10-23,54.18
2019-10-24,54.81
2019-10-25,59.22
2019-10-26,55.44
2019-10-27,51.03
2019-10-28,55.44
2019-10-29,54.81
2019-10-30,54.81
2019-10-31,51.03
2019-11-01,57.85
2019-11-02,59.8
2019-11-03,58.5
2019-11-04,55.25
2019-11-05,57.85
2019-11-06,64.35000000000001
2019-11-07,65.0
2019-11-08,61.1
2019-11-09,62.400000000000006
2019-11-10,56.55
2019-11-11,53.3
2019-11-12,56.55
2019-11-13,56.55
2019-11-14,61.75
2019-11-15,57.2
2019-11-16,56.55
2019-11-17,53.95
2019-11-18,57.2
2019-11-19,62.400000000000006
2019-11-20,59.8
2019-11-21,59.15
2019-11-22,59.15
2019-11-23,61.1
2019-11-24,55.25
2019-11-25,56.55
2019-11-26,63.7
2019-11-27,59.8
2019-11-28,50.05
2019-11-29,53.3
2019-11-30,53.95
2019-12-01,39.0
2019-12-02,41.25
2019-12-03,47.25
2019-12-04,48.0
2019-12-05,47.25
2019-12-06,45.0
2019-12-07,43.5
2019-12-08,45.0
2019-12-09,46.5
2019-12-10,46.5
2019-12-11,45.0
2019-12-12,45.75
2019-12-13,49.5
2019-12-14,48.75
2019-12-15,46.5
2019-12-16,50.25
2019-12-17,60.0
2019-12-18,66.75
2019-12-19,57.0
2019-12-20,52.5
2019-12-21,57.0
2019-12-22,49.5
2019-12-23,67.5
2019-12-24,52.5
2019-12-25,51.75
2019-12-26,66.75
2019-12-27,75.0
2019-12-28,57.75
2019-12-29,53.25
2019-12-30,65.25
2019-12-31,54.0
2020-01-01,55.3
2020-01-02,68.6
2020-01-03,67.19999999999999
2020-01-04,51.1
2020-01-05,54.6
2020-01-06,64.39999999999999
2020-01-07,65.8
2020-01-08,62.99999999999999
2020-01-09,69.3
2020-01-10,70.0
2020-01-11,63.7
2020-01-12,53.9
2020-01-13,56.7
2020-01-14,60.9
2020-01-15,67.89999999999999
2020-01-16,66.5
2020-01-17,62.3
2020-01-18,59.49999999999999
2020-01-19,54.6
2020-01-20,51.8
2020-01-21,55.3
2020-01-22,60.2
2020-01-23,53.9
2020-01-24,54.6
2020-01-25,58.1
2020-01-26,55.3
2020-01-27,50.4
2020-01-28,57.4
2020-01-29,62.3
2020-01-30,54.6
2020-01-31,60.9
2020-02-01,60.35
2020-02-02,57.51
2020-02-03,49.7
2020-02-04,63.9
2020-02-05,58.22
2020-02-06,61.06
2020-02-07,58.22
2020-02-08,61.06
2020-02-09,62.48
2020-02-10,59.64
2020-02-11,56.8
2020-02-12,58.22
2020-02-13,59.64
2020-02-14,60.35
2020-02-15,59.64
2020-02-16,63.19
2020-02-17,56.09
2020-02-18,63.19
2020-02-19,63.19
2020-02-20,56.8
2020-02-21,64.61
2020-02-22,56.8
2020-02-23,63.9
2020-02-24,62.48
2020-02-25,60.35
2020-02-26,54.67
2020-02-27,62.48
2020-02-28,71.0
2020-02-29,62.48
2020-03-01,61.0
2020-03-02,59.17
2020-03-03,57.34
2020-03-04,57.34
2020-03-05,60.39
2020-03-06,59.17
2020-03-07,57.34
2020-03-08,57.34
2020-03-09,56.12
2020-03-10,56.73
2020-03-11,53.68
2020-03-12,48.19
2020-03-13,49.41
2020-03-14,48.8
2020-03-15,44.53
2020-03-16,50.63
2020-03-17,44.53
2020-03-18,48.8
2020-03-19,46.36
2020-03-20,46.97
2020-03-21,45.75
2020-03-22,42.7
2020-03-23,45.14
2020-03-24,44.53
2020-03-25,45.75
2020-03-26,46.97
2020-03-27,46.97
2020-03-28,49.41
2020-03-29,43.92
2020-03-30,45.14
2020-03-31,43.31
2020-04-01,48.98
2020-04-02,49.6
2020-04-03,50.22
2020-04-04,48.98
2020-04-05,50.22
2020-04-06,49.6
2020-04-07,52.7
2020-04-08,54.56
2020-04-09,52.7
2020-04-10,53.94
2020-04-11,56.42
2020-04-12,50.22
2020-04-13,52.08
2020-04-14,59.52
2020-04-15,61.38
2020-04-16,58.9
2020-04-17,59.52
2020-04-18,57.66
2020-04-19,55.18
2020-04-20,55.18
2020-04-21,59.52
2020-04-22,58.28
2020-04-23,58.9
2020-04-24,58.9
2020-04-25,55.8
2020-04-26,52.08
2020-04-27,52.7
2020-04-28,58.9
2020-04-29,57.66
2020-04-30,62.0
2020-05-01,55.88999999999999
2020-05-02,51.74999999999999
2020-05-03,56.58
2020-05-04,54.51
2020-05-05,60.72
2020-05-06,56.58
2020-05-07,53.81999999999999
2020-05-08,59.34
2020-05-09,69.0
2020-05-10,57.27
2020-05-11,60.03
2020-05-12,61.41
2020-05-13,60.03
2020-05-14,63.48
2020-05-15,64.17
2020-05-16,62.78999999999999
2020-05-17,55.2
2020-05-18,61.41
2020-05-19,61.41
2020-05-20,63.48
2020-05-21,60.03
2020-05-22,60.03
2020-05-23,53.13
2020-05-24,60.03
2020-05-25,55.2
2020-05-26,61.41
2020-05-27,65.55
2020-05-28,61.41
2020-05-29,58.65
2020-05-30,68.30999999999999
2020-05-31,51.06
2020-06-01,50.41
2020-06-02,58.22
2020-06-03,61.77
2020-06-04,60.35
2020-06-05,60.35
2020-06-06,58.22
2020-06-07,63.9
2020-06-08,64.61
2020-06-09,65.32
2020-06-10,64.61
2020-06-11,59.64
2020-06-12,66.03
2020-06-13,58.93
2020-06-14,60.35
2020-06-15,69.58
2020-06-16,63.19
2020-06-17,68.86999999999999
2020-06-18,66.03
2020-06-19,59.64
2020-06-20,57.51
2020-06-21,65.32
2020-06-22,56.8
2020-06-23,63.19
2020-06-24,63.19
2020-06-25,67.45
2020-06-26,68.16
2020-06-27,63.19
2020-06-28,60.35
2020-06-29,71.0
2020-06-30,63.19
2020-07-01,57.0
2020-07-02,57.75
2020-07-03,52.5
2020-07-04,57.75
2020-07-05,54.0
2020-07-06,56.25
2020-07-07,51.75
2020-07-08,50.25
2020-07-09,59.25
2020-07-10,61.5
2020-07-11,54.75
2020-07-12,52.5
2020-07-13,55.5
2020-07-14,59.25
2020-07-15,75.0
2020-07-16,67.5
2020-07-17,58.5
2020-07-18,57.0
2020-07-19,47.25
2020-07-20,57.75
2020-07-21,58.5
2020-07-22,60.75
2020-07-23,62.25
2020-07-24,63.0
2020-07-25,57.75
2020-07-26,53.25
2020-07-27,62.25
2020-07-28,57.0
2020-07-29,64.5
2020-07-30,60.0
2020-07-31,62.25
2020-08-01,58.88
2020-08-02,56.32
2020-08-03,63.36
2020-08-04,59.52
2020-08-05,61.44
2020-08-06,64.0
2020-08-07,61.44
2020-08-08,55.04
2020-08-09,58.88
2020-08-10,54.4
2020-08-11,60.16
2020-08-12,55.04
2020-08-13,61.44
2020-08-14,61.44
2020-08-15,56.96
2020-08-16,62.72
2020-08-17,60.16
2020-08-18,54.4
2020-08-19,55.04
2020-08-20,58.24
2020-08-21,54.4
2020-08-22,59.52
2020-08-23,53.76
2020-08-24,55.04
2020-08-25,63.36
2020-08-26,49.28
2020-08-27,51.2
2020-08-28,48.64
2020-08-29,50.56
2020-08-30,55.04
2020-08-31,56.96
2020-09-01,55.04
2020-09-02,60.16
2020-09-03,62.08
2020-09-04,64.0
2020-09-05,60.16
2020-09-06,59.52
2020-09-07,57.6
2020-09-08,61.44
2020-09-09,62.08
2020-09-10,53.76
2020-09-11,56.32
2020-09-12,56.96
2020-09-13,55.68
2020-09-14,57.6
2020-09-15,62.72
2020-09-16,62.08
2020-09-17,60.16
2020-09-18,53.120000000000005
2020-09-19,58.88
2020-09-20,55.04
2020-09-21,54.4
2020-09-22,53.120000000000005
2020-09-23,55.68
2020-09-24,60.16
2020-09-25,56.32
2020-09-26,59.52
2020-09-27,58.88
2020-09-28,56.96
2020-09-29,59.52
2020-09-30,56.32
2020-10-01,54.4
2020-10-02,51.2
2020-10-03,51.2
2020-10-04,54.4
2020-10-05,51.2
2020-10-06,54.4
2020-10-07,53.120000000000005
2020-10-08,50.56
2020-10-09,58.24
2020-10-10,54.4
2020-10-11,53.76
2020-10-12,46.72
2020-10-13,50.56
2020-10-14,64.0
2020-10-15,55.68
2020-10-16,57.6
2020-10-17,51.84
2020-10-18,49.92
2020-10-19,52.48
2020-10-20,62.08
2020-10-21,53.76
2020-10-22,56.96
2020-10-23,58.88
2020-10-24,54.4
2020-10-25,52.48
2020-10-26,56.32
2020-10-27,52.48
2020-10-28,55.68
2020-10-29,59.52
2020-10-30,55.68
2020-10-31,57.6
2020-11-01,50.84
2020-11-02,52.08
2020-11-03,54.56
2020-11-04,32.24
2020-11-05,39.06
2020-11-06,41.54
2020-11-07,53.94
2020-11-08,49.6
2020-11-09,53.32
2020-11-10,50.84
2020-11-11,49.6
2020-11-12,47.74
2020-11-13,54.56
2020-11-14,53.94
2020-11-15,50.84
2020-11-16,57.04
2020-11-17,52.7
2020-11-18,62.0
2020-11-19,55.18
2020-11-20,55.18
2020-11-21,55.18
2020-11-22,55.18
2020-11-23,52.7
2020-11-24,57.66
2020-11-25,55.8
2020-11-26,46.5
2020-11-27,48.36
2020-11-28,51.46
2020-11-29,49.6
2020-11-30,58.28
2020-12-01,47.6
2020-12-02,59.16
2020-12-03,52.36000000000001
2020-12-04,57.120000000000005
2020-12-05,53.040000000000006
2020-12-06,48.28
2020-12-07,54.400000000000006
2020-12-08,48.96
2020-12-09,53.040000000000006
2020-12-10,51.68000000000001
2020-12-11,50.32
2020-12-12,54.400000000000006
2020-12-13,51.00000000000001
2020-12-14,53.720000000000006
2020-12-15,55.760000000000005
2020-12-16,58.48
2020-12-17,57.120000000000005
2020-12-18,53.040000000000006
2020-12-19,51.68000000000001
2020-12-20,51.68000000000001
2020-12-21,60.52
2020-12-22,60.52
2020-12-23,58.48
2020-12-24,55.080000000000005
2020-12-25,51.68000000000001
2020-12-26,57.8
2020-12-27,50.32
2020-12-28,68.0
2020-12-29,65.28
2020-12-30,66.64
2020-12-31,57.8
2021-01-01,65.12
2021-01-02,68.08
2021-01-03,59.2
2021-01-04,70.3
2021-01-05,69.56
2021-01-06,65.12
2021-01-07,56.98
2021-01-08,58.46
2021-01-09,58.46
2021-01-10,54.76
2021-01-11,57.72
2021-01-12,67.34
2021-01-13,67.34
2021-01-14,70.3
2021-01-15,66.6
2021-01-16,55.5
2021-01-17,54.76
2021-01-18,53.28
2021-01-19,72.52
2021-01-20,56.24
2021-01-21,58.46
2021-01-22,74.0
2021-01-23,58.46
2021-01-24,58.46
2021-01-25,56.24
2021-01-26,62.9
2021-01-27,59.94
2021-01-28,55.5
2021-01-29,54.76
2021-01-30,59.2
2021-01-31,55.5
2021-02-01,58.24
2021-02-02,62.72
2021-02-03,63.36
2021-02-04,60.8
2021-02-05,60.8
2021-02-06,62.08
2021-02-07,59.52
2021-02-08,54.4
2021-02-09,54.4
2021-02-10,62.08
2021-02-11,58.24
2021-02-12,56.96
2021-02-13,60.16
2021-02-14,55.68
2021-02-15,56.96
2021-02-16,57.6
2021-02-17,58.24
2021-02-18,62.72
2021-02-19,60.8
2021-02-20,60.8
2021-02-21,60.8
2021-02-22,63.36
2021-02-23,55.68
2021-02-24,55.04
2021-02-25,58.24
2021-02-26,58.24
2021-02-27,64.0
2021-02-28,59.52
2021-03-01,68.4
2021-03-02,69.16
2021-03-03,66.12
2021-03-04,66.12
2021-03-05,66.88
2021-03-06,75.24
2021-03-07,72.96000000000001
2021-03-08,71.44
2021-03-09,70.68
2021-03-10,76.0
2021-03-11,69.92
2021-03-12,70.68
2021-03-13,69.92
2021-03-14,71.44
2021-03-15,68.4
2021-03-16,73.72
2021-03-17,66.88
2021-03-18,76.0
2021-03-19,71.44
2021-03-20,68.4
2021-03-21,71.44
2021-03-22,66.88
2021-03-23,72.96000000000001
2021-03-24,75.24
2021-03-25,69.16
2021-03-26,71.44
2021-03-27,68.4
2021-03-28,70.68
2021-03-29,72.2
2021-03-30,69.16
2021-03-31,68.4
2021-04-01,57.72
2021-04-02,62.9
2021-04-03,62.16
2021-04-04,54.02
2021-04-05,56.98
2021-04-06,59.2
2021-04-07,56.24
2021-04-08,56.24
2021-04-09,59.94
2021-04-10,63.64
2021-04-11,63.64
2021-04-12,62.16
2021-04-13,66.6
2021-04-14,74.0
2021-04-15,63.64
2021-04-16,67.34
2021-04-17,62.16
2021-04-18,68.82
2021-04-19,61.42
2021-04-20,68.08
2021-04-21,55.5
2021-04-22,68.82
2021-04-23,58.46
2021-04-24,65.86
2021-04-25,58.46
2021-04-26,60.68
2021-04-27,60.68
2021-04-28,69.56
2021-04-29,58.46
2021-04-30,55.5
2021-05-01,55.88999999999999
2021-05-02,57.96
2021-05-03,57.96
2021-05-04,61.41
2021-05-05,56.58
2021-05-06,55.88999999999999
2021-05-07,62.78999999999999
2021-05-08,55.88999999999999
2021-05-09,60.03
2021-05-10,57.96
2021-05-11,69.0
2021-05-12,61.41
2021-05-13,62.78999999999999
2021-05-14,63.48
2021-05-15,62.78999999999999
2021-05-16,62.78999999999999
2021-05-17,64.86
2021-05-18,60.03
2021-05-19,57.27
2021-05-20,69.0
2021-05-21,58.65
2021-05-22,65.55
2021-05-23,52.44
2021-05-24,60.72
2021-05-25,57.96
2021-05-26,55.88999999999999
2021-05-27,57.27
2021-05-28,57.27
2021-05-29,57.27
2021-05-30,59.34
2021-05-31,53.13
2021-06-01,67.16
2021-06-02,67.16
2021-06-03,67.16
2021-06-04,64.24
2021-06-05,65.7
2021-06-06,56.94
2021-06-07,63.51
2021-06-08,69.35
2021-06-09,64.24
2021-06-10,72.27
2021-06-11,68.62
2021-06-12,64.24
2021-06-13,57.67
2021-06-14,67.16
2021-06-15,66.42999999999999
2021-06-16,64.24
2021-06-17,73.0
2021-06-18,63.51
2021-06-19,61.32
2021-06-20,66.42999999999999
2021-06-21,66.42999999999999
2021-06-22,64.97
2021-06-23,64.97
2021-06-24,67.16
2021-06-25,70.81
2021-06-26,67.16
2021-06-27,64.24
2021-06-28,71.53999999999999
2021-06-29,67.89
2021-06-30,60.59
2021-07-01,57.75
2021-07-02,53.25
2021-07-03,54.0
2021-07-04,48.75
2021-07-05,49.5
2021-07-06,56.25
2021-07-07,56.25
2021-07-08,55.5
2021-07-09,54.75
2021-07-10,54.75
2021-07-11,49.5
2021-07-12,54.0
2021-07-13,75.0
2021-07-14,63.75
2021-07-15,55.5
2021-07-16,54.0
2021-07-17,54.0
2021-07-18,56.25
2021-07-19,64.5
2021-07-20,57.75
2021-07-21,56.25
2021-07-22,57.0
2021-07-23,58.5
2021-07-24,54.0
2021-07-25,51.75
2021-07-26,56.25
2021-07-27,56.25
2021-07-28,58.5
2021-07-29,55.5
2021-07-30,53.25
2021-07-31,53.25
2021-08-01,60.48
2021-08-02,62.64
2021-08-03,56.16
2021-08-04,61.92
2021-08-05,61.92
2021-08-06,69.12
2021-08-07,59.04
2021-08-08,57.6
2021-08-09,60.48
2021-08-10,59.76
2021-08-11,66.96
2021-08-12,70.56
2021-08-13,63.36
2021-08-14,64.8
2021-08-15,56.88
2021-08-16,63.36
2021-08-17,61.2
2021-08-18,66.24
2021-08-19,69.84
2021-08-20,56.16
2021-08-21,61.2
2021-08-22,54.0
2021-08-23,56.88
2021-08-24,62.64
2021-08-25,68.39999999999999
2021-08-26,60.48
2021-08-27,72.0
2021-08-28,63.36
2021-08-29,56.88
2021-08-30,48.24
2021-08-31,61.92
2021-09-01,54.0
2021-09-02,57.0
2021-09-03,52.5
2021-09-04,57.0
2021-09-05,57.0
2021-09-06,57.75
2021-09-07,54.0
2021-09-08,57.0
2021-09-09,52.5
2021-09-10,58.5
2021-09-11,57.0
2021-09-12,55.5
2021-09-13,61.5
2021-09-14,54.75
2021-09-15,56.25
2021-09-16,65.25
2021-09-17,75.0
2021-09-18,57.75
2021-09-19,59.25
2021-09-20,57.0
2021-09-21,60.0
2021-09-22,67.5
2021-09-23,55.5
2021-09-24,56.25
2021-09-25,54.75
2021-09-26,53.25
2021-09-27,57.75
2021-09-28,67.5
2021-09-29,59.25
2021-09-30,58.5
2021-10-01,62.370000000000005
2021-10-02,56.98
2021-10-03,51.59
2021-10-04,56.21
2021-10-05,70.07000000000001
2021-10-06,66.99
2021-10-07,63.14
2021-10-08,57.75
2021-10-09,56.98
2021-10-10,56.21
2021-10-11,53.13
2021-10-12,58.52
2021-10-13,71.61
2021-10-14,63.91
2021-10-15,77.0
2021-10-16,60.83
2021-10-17,59.29
2021-10-18,64.68
2021-10-19,62.370000000000005
2021-10-20,73.92
2021-10-21,61.6
2021-10-22,67.76
2021-10-23,62.370000000000005
2021-10-24,58.52
2021-10-25,63.14
2021-10-26,64.68
2021-10-27,64.68
2021-10-28,64.68
2021-10-29,64.68
2021-10-30,58.52
2021-10-31,53.13
2021-11-01,69.7
2021-11-02,68.0
2021-11-03,70.55
2021-11-04,72.25
2021-11-05,70.55
2021-11-06,76.5
2021-11-07,69.7
2021-11-08,76.5
2021-11-09,73.1
2021-11-10,75.64999999999999
2021-11-11,71.39999999999999
2021-11-12,78.2
2021-11-13,70.55
2021-11-14,72.25
2021-11-15,85.0
2021-11-16,73.1
2021-11-17,79.05
2021-11-18,68.0
2021-11-19,73.1
2021-11-20,70.55
2021-11-21,70.55
2021-11-22,83.3
2021-11-23,69.7
2021-11-24,73.1
2021-11-25,67.14999999999999
2021-11-26,63.75
2021-11-27,76.5
2021-11-28,67.14999999999999
2021-11-29,77.35
2021-11-30,80.75
2021-12-01,63.51
2021-12-02,61.77
2021-12-03,60.9
2021-12-04,67.86
2021-12-05,52.2
2021-12-06,60.9
2021-12-07,56.55
2021-12-08,63.51
2021-12-09,64.38
2021-12-10,56.55
2021-12-11,59.16
2021-12-12,54.81
2021-12-13,57.42
2021-12-14,66.12
2021-12-15,69.6
2021-12-16,60.03
2021-12-17,66.99
2021-12-18,59.16
2021-12-19,53.94
2021-12-20,61.77
2021-12-21,66.12
2021-12-22,73.08
2021-12-23,87.0
2021-12-24,72.21
2021-12-25,58.29
2021-12-26,60.03
2021-12-27,71.34
2021-12-28,75.69
2021-12-29,72.21
2021-12-30,73.08
2021-12-31,59.16
2022-01-01,50.0
2022-01-02,54.0
2022-01-03,67.0
2022-01-04,100.0
2022-01-05,88.0
2022-01-06,78.0
2022-01-07,63.0
2022-01-08,54.0
2022-01-09,52.0
2022-01-10,69.0
2022-01-11,61.0
2022-01-12,70.0
2022-01-13,79.0
2022-01-14,61.0
2022-01-15,56.0
2022-01-16,61.0
2022-01-17,51.0
2022-01-18,68.0
2022-01-19,65.0
2022-01-20,58.0
2022-01-21,61.0
2022-01-22,54.0
2022-01-23,48.0
2022-01-24,80.0
2022-01-25,59.0
2022-01-26,59.0
2022-01-27,52.0
2022-01-28,56.0
2022-01-29,43.0
2022-01-30,51.0
2022-01-31,48.0
2022-02-01,66.4
2022-02-02,72.0
2022-02-03,71.2
2022-02-04,66.4
2022-02-05,56.8
2022-02-06,56.8
2022-02-07,79.2
2022-02-08,77.60000000000001
2022-02-09,68.0
2022-02-10,80.0
2022-02-11,72.0
2022-02-12,69.60000000000001
2022-02-13,64.8
2022-02-14,60.8
2022-02-15,69.60000000000001
2022-02-16,68.8
2022-02-17,67.2
2022-02-18,66.4
2022-02-19,67.2
2022-02-20,64.0
2022-02-21,51.2
2022-02-22,65.60000000000001
2022-02-23,67.2
2022-02-24,60.8
2022-02-25,57.6
2022-02-26,60.0
2022-02-27,60.8
2022-02-28,64.8
2022-03-01,72.68
2022-03-02,76.63000000000001
2022-03-03,69.52000000000001
2022-03-04,73.47
2022-03-05,71.89
2022-03-06,67.94
2022-03-07,67.15
2022-03-08,72.68
2022-03-09,71.89
2022-03-10,79.0
2022-03-11,76.63000000000001
2022-03-12,68.73
2022-03-13,60.040000000000006
2022-03-14,71.89
2022-03-15,74.26
2022-03-16,73.47
2022-03-17,77.42
2022-03-18,73.47
2022-03-19,67.94
2022-03-20,64.78
2022-03-21,73.47
2022-03-22,73.47
2022-03-23,76.63000000000001
2022-03-24,75.05
2022-03-25,65.57000000000001
2022-03-26,71.10000000000001
2022-03-27,60.830000000000005
2022-03-28,64.78
2022-03-29,66.36
2022-03-30,73.47
2022-03-31,71.10000000000001
2022-04-01,68.25
2022-04-02,67.5
2022-04-03,63.75
2022-04-04,67.5
2022-04-05,59.25
2022-04-06,69.75
2022-04-07,70.5
2022-04-08,67.5
2022-04-09,66.0
2022-04-10,69.0
2022-04-11,71.25
2022-04-12,65.25
2022-04-13,66.0
2022-04-14,71.25
2022-04-15,70.5
2022-04-16,64.5
2022-04-17,66.75
2022-04-18,66.75
2022-04-19,70.5
2022-04-20,66.0
2022-04-21,66.75
2022-04-22,75.0
2022-04-23,69.0
2022-04-24,70.5
2022-04-25,72.0
2022-04-26,69.0
2022-04-27,73.5
2022-04-28,72.0
2022-04-29,65.25
2022-04-30,63.0
2022-05-01,70.31
2022-05-02,67.15
2022-05-03,63.2
2022-05-04,71.89
2022-05-05,65.57000000000001
2022-05-06,63.99
2022-05-07,67.94
2022-05-08,69.52000000000001
2022-05-09,61.620000000000005
2022-05-10,70.31
2022-05-11,68.73
2022-05-12,71.89
2022-05-13,62.41
2022-05-14,79.0
2022-05-15,59.25
2022-05-16,67.94
2022-05-17,63.99
2022-05-18,64.78
2022-05-19,67.94
2022-05-20,64.78
2022-05-21,70.31
2022-05-22,59.25
2022-05-23,70.31
2022-05-24,68.73
2022-05-25,73.47
2022-05-26,62.41
2022-05-27,77.42
2022-05-28,65.57000000000001
2022-05-29,64.78
2022-05-30,67.15
2022-05-31,70.31
2022-06-01,68.73
2022-06-02,66.99
2022-06-03,80.04
2022-06-04,71.34
2022-06-05,62.64
2022-06-06,69.6
2022-06-07,64.38
2022-06-08,67.86
2022-06-09,73.95
2022-06-10,65.25
2022-06-11,77.42999999999999
2022-06-12,62.64
2022-06-13,67.86
2022-06-14,84.39
2022-06-15,68.73
2022-06-16,68.73
2022-06-17,87.0
2022-06-18,58.29
2022-06-19,53.94
2022-06-20,62.64
2022-06-21,68.73
2022-06-22,67.86
2022-06-23,66.12
2022-06-24,72.21
2022-06-25,59.16
2022-06-26,58.29
2022-06-27,65.25
2022-06-28,63.51
2022-06-29,67.86
2022-06-30,60.03
2022-07-01,72.16
2022-07-02,64.78
2022-07-03,67.24
2022-07-04,65.6
2022-07-05,59.86
2022-07-06,68.88
2022-07-07,70.52
2022-07-08,76.25999999999999
2022-07-09,63.96
2022-07-10,59.04
2022-07-11,69.7
2022-07-12,71.33999999999999
2022-07-13,72.16
2022-07-14,72.97999999999999
2022-07-15,70.52
2022-07-16,68.88
2022-07-17,68.06
2022-07-18,82.0
2022-07-19,72.16
2022-07-20,76.25999999999999
2022-07-21,74.61999999999999
2022-07-22,74.61999999999999
2022-07-23,65.6
2022-07-24,64.78
2022-07-25,69.7
2022-07-26,71.33999999999999
2022-07-27,70.52
2022-07-28,68.88
2022-07-29,69.7
2022-07-30,66.42
2022-07-31,63.13999999999999
2022-08-01,65.1
2022-08-02,65.1
2022-08-03,69.3
2022-08-04,70.0
2022-08-05,67.89999999999999
2022-08-06,60.2
2022-08-07,62.99999999999999
2022-08-08,63.7
2022-08-09,63.7
2022-08-10,68.6
2022-08-11,69.3
2022-08-12,65.8
2022-08-13,59.49999999999999
2022-08-14,58.8
2022-08-15,67.19999999999999
2022-08-16,62.99999999999999
2022-08-17,65.1
2022-08-18,65.8
2022-08-19,68.6
2022-08-20,60.2
2022-08-21,58.8
2022-08-22,60.2
2022-08-23,65.8
2022-08-24,67.89999999999999
2022-08-25,64.39999999999999
2022-08-26,66.5
2022-08-27,58.8
2022-08-28,58.1
2022-08-29,58.8
2022-08-30,61.6
2022-08-31,58.1
2022-09-01,68.0
2022-09-02,62.56
2022-09-03,59.84
2022-09-04,59.84
2022-09-05,55.080000000000005
2022-09-06,65.96000000000001
2022-09-07,63.24
2022-09-08,61.88
2022-09-09,61.88
2022-09-10,61.2
2022-09-11,52.36000000000001
2022-09-12,63.92
2022-09-13,62.56
2022-09-14,60.52
2022-09-15,63.92
2022-09-16,63.24
2022-09-17,61.2
2022-09-18,55.080000000000005
2022-09-19,61.2
2022-09-20,63.24
2022-09-21,64.60000000000001
2022-09-22,62.56
2022-09-23,64.60000000000001
2022-09-24,60.52
2022-09-25,57.120000000000005
2022-09-26,61.88
2022-09-27,67.32000000000001
2022-09-28,63.92
2022-09-29,53.720000000000006
2022-09-30,63.92
2022-10-01,46.8
2022-10-02,46.15
2022-10-03,48.1
2022-10-04,50.7
2022-10-05,50.7
2022-10-06,53.3
2022-10-07,47.45
2022-10-08,46.15
2022-10-09,46.15
2022-10-10,43.55
2022-10-11,52.0
2022-10-12,52.65
2022-10-13,54.6
2022-10-14,52.65
2022-10-15,50.05
2022-10-16,47.45
2022-10-17,53.3
2022-10-18,56.55
2022-10-19,65.0
2022-10-20,58.5
2022-10-21,46.8
2022-10-22,51.35
2022-10-23,42.25
2022-10-24,50.05
2022-10-25,59.15
2022-10-26,50.7
2022-10-27,50.7
2022-10-28,52.65
2022-10-29,44.85
2022-10-30,44.2
2022-10-31,48.75
2022-11-01,53.720000000000006
2022-11-02,64.60000000000001
2022-11-03,60.52
2022-11-04,63.92
2022-11-05,57.8
2022-11-06,55.760000000000005
2022-11-07,62.56
2022-11-08,63.92
2022-11-09,56.440000000000005
2022-11-10,53.040000000000006
2022-11-11,52.36000000000001
2022-11-12,54.400000000000006
2022-11-13,52.36000000000001
2022-11-14,61.2
2022-11-15,61.88
2022-11-16,63.24
2022-11-17,66.64
2022-11-18,55.080000000000005
2022-11-19,57.8
2022-11-20,56.440000000000005
2022-11-21,64.60000000000001
2022-11-22,63.24
2022-11-23,55.760000000000005
2022-11-24,52.36000000000001
2022-11-25,58.48
2022-11-26,60.52
2022-11-27,55.080000000000005
2022-11-28,59.16
2022-11-29,68.0
2022-11-30,64.60000000000001
2022-12-01,54.6
2022-12-02,56.42
2022-12-03,49.14
2022-12-04,50.96
2022-12-05,54.6
2022-12-06,62.79
2022-12-07,65.52
2022-12-08,59.15
2022-12-09,56.42
2022-12-10,57.330000000000005
2022-12-11,56.42
2022-12-12,53.690000000000005
2022-12-13,60.97
2022-12-14,58.24
2022-12-15,60.06
2022-12-16,60.06
2022-12-17,53.690000000000005
2022-12-18,50.05
2022-12-19,60.06
2022-12-20,61.88
2022-12-21,66.43
2022-12-22,60.06
2022-12-23,74.62
2022-12-24,91.0
2022-12-25,68.25
2022-12-26,63.7
2022-12-27,71.89
2022-12-28,66.43
2022-12-29,64.61
2022-12-30,59.15
2022-12-31,55.510000000000005
2023-01-01,62.16
2023-01-02,59.64
2023-01-03,78.96
2023-01-04,76.44
2023-01-05,78.96
2023-01-06,68.03999999999999
2023-01-07,68.88
2023-01-08,67.2
2023-01-09,68.88
2023-01-10,74.75999999999999
2023-01-11,73.92
2023-01-12,68.88
2023-01-13,68.88
2023-01-14,69.72
2023-01-15,61.32
2023-01-16,52.92
2023-01-17,84.0
2023-01-18,75.6
2023-01-19,67.2
2023-01-20,69.72
2023-01-21,70.56
2023-01-22,59.64
2023-01-23,62.16
2023-01-24,67.2
2023-01-25,63.84
2023-01-26,66.36
2023-01-27,70.56
2023-01-28,61.32
2023-01-29,60.48
2023-01-30,62.16
2023-01-31,66.36
