date,JNJ_unscaled,JNJ_monthly,isPartial,scale,JNJ
2018-01-01,9,39.0,False,0.39,3.5100000000000002
2018-01-02,35,39.0,,0.39,13.65
2018-01-03,43,39.0,,0.39,16.77
2018-01-04,35,39.0,,0.39,13.65
2018-01-05,48,39.0,,0.39,18.72
2018-01-06,17,39.0,,0.39,6.63
2018-01-07,15,39.0,,0.39,5.8500000000000005
2018-01-08,39,39.0,,0.39,15.21
2018-01-09,49,39.0,,0.39,19.11
2018-01-10,46,39.0,,0.39,17.94
2018-01-11,44,39.0,,0.39,17.16
2018-01-12,50,39.0,,0.39,19.5
2018-01-13,19,39.0,,0.39,7.41
2018-01-14,14,39.0,,0.39,5.46
2018-01-15,26,39.0,,0.39,10.14
2018-01-16,41,39.0,,0.39,15.99
2018-01-17,42,39.0,,0.39,16.38
2018-01-18,47,39.0,,0.39,18.330000000000002
2018-01-19,41,39.0,,0.39,15.99
2018-01-20,13,39.0,,0.39,5.07
2018-01-21,12,39.0,,0.39,4.68
2018-01-22,41,39.0,,0.39,15.99
2018-01-23,100,39.0,,0.39,39.0
2018-01-24,84,39.0,,0.39,32.76
2018-01-25,58,39.0,,0.39,22.62
2018-01-26,66,39.0,,0.39,25.740000000000002
2018-01-27,25,39.0,,0.39,9.75
2018-01-28,17,39.0,,0.39,6.63
2018-01-29,41,39.0,,0.39,15.99
2018-01-30,51,39.0,,0.39,19.89
2018-01-31,55,39.0,,0.39,21.45
2018-02-01,60,43.0,False,0.43,25.8
2018-02-02,64,43.0,,0.43,27.52
2018-02-03,26,43.0,,0.43,11.18
2018-02-04,13,43.0,,0.43,5.59
2018-02-05,57,43.0,,0.43,24.509999999999998
2018-02-06,100,43.0,,0.43,43.0
2018-02-07,61,43.0,,0.43,26.23
2018-02-08,68,43.0,,0.43,29.24
2018-02-09,67,43.0,,0.43,28.81
2018-02-10,32,43.0,,0.43,13.76
2018-02-11,17,43.0,,0.43,7.31
2018-02-12,59,43.0,,0.43,25.37
2018-02-13,44,43.0,,0.43,18.919999999999998
2018-02-14,48,43.0,,0.43,20.64
2018-02-15,61,43.0,,0.43,26.23
2018-02-16,53,43.0,,0.43,22.79
2018-02-17,26,43.0,,0.43,11.18
2018-02-18,13,43.0,,0.43,5.59
2018-02-19,32,43.0,,0.43,13.76
2018-02-20,51,43.0,,0.43,21.93
2018-02-21,48,43.0,,0.43,20.64
2018-02-22,48,43.0,,0.43,20.64
2018-02-23,55,43.0,,0.43,23.65
2018-02-24,14,43.0,,0.43,6.02
2018-02-25,17,43.0,,0.43,7.31
2018-02-26,51,43.0,,0.43,21.93
2018-02-27,52,43.0,,0.43,22.36
2018-02-28,49,43.0,,0.43,21.07
2018-03-01,77,32.0,False,0.32,24.64
2018-03-02,92,32.0,,0.32,29.44
2018-03-03,42,32.0,,0.32,13.44
2018-03-04,31,32.0,,0.32,9.92
2018-03-05,85,32.0,,0.32,27.2
2018-03-06,80,32.0,,0.32,25.6
2018-03-07,97,32.0,,0.32,31.04
2018-03-08,93,32.0,,0.32,29.76
2018-03-09,100,32.0,,0.32,32.0
2018-03-10,36,32.0,,0.32,11.52
2018-03-11,31,32.0,,0.32,9.92
2018-03-12,81,32.0,,0.32,25.92
2018-03-13,88,32.0,,0.32,28.16
2018-03-14,67,32.0,,0.32,21.44
2018-03-15,89,32.0,,0.32,28.48
2018-03-16,90,32.0,,0.32,28.8
2018-03-17,29,32.0,,0.32,9.28
2018-03-18,30,32.0,,0.32,9.6
2018-03-19,69,32.0,,0.32,22.080000000000002
2018-03-20,74,32.0,,0.32,23.68
2018-03-21,71,32.0,,0.32,22.72
2018-03-22,78,32.0,,0.32,24.96
2018-03-23,91,32.0,,0.32,29.12
2018-03-24,36,32.0,,0.32,11.52
2018-03-25,35,32.0,,0.32,11.200000000000001
2018-03-26,75,32.0,,0.32,24.0
2018-03-27,76,32.0,,0.32,24.32
2018-03-28,69,32.0,,0.32,22.080000000000002
2018-03-29,74,32.0,,0.32,23.68
2018-03-30,53,32.0,,0.32,16.96
2018-03-31,16,32.0,,0.32,5.12
2018-04-01,13,32.0,False,0.32,4.16
2018-04-02,56,32.0,,0.32,17.92
2018-04-03,65,32.0,,0.32,20.8
2018-04-04,64,32.0,,0.32,20.48
2018-04-05,56,32.0,,0.32,17.92
2018-04-06,53,32.0,,0.32,16.96
2018-04-07,28,32.0,,0.32,8.96
2018-04-08,20,32.0,,0.32,6.4
2018-04-09,62,32.0,,0.32,19.84
2018-04-10,67,32.0,,0.32,21.44
2018-04-11,44,32.0,,0.32,14.08
2018-04-12,64,32.0,,0.32,20.48
2018-04-13,57,32.0,,0.32,18.240000000000002
2018-04-14,27,32.0,,0.32,8.64
2018-04-15,19,32.0,,0.32,6.08
2018-04-16,64,32.0,,0.32,20.48
2018-04-17,100,32.0,,0.32,32.0
2018-04-18,88,32.0,,0.32,28.16
2018-04-19,59,32.0,,0.32,18.88
2018-04-20,59,32.0,,0.32,18.88
2018-04-21,30,32.0,,0.32,9.6
2018-04-22,25,32.0,,0.32,8.0
2018-04-23,48,32.0,,0.32,15.36
2018-04-24,57,32.0,,0.32,18.240000000000002
2018-04-25,56,32.0,,0.32,17.92
2018-04-26,70,32.0,,0.32,22.400000000000002
2018-04-27,61,32.0,,0.32,19.52
2018-04-28,25,32.0,,0.32,8.0
2018-04-29,24,32.0,,0.32,7.68
2018-04-30,40,32.0,,0.32,12.8
2018-05-01,64,27.0,False,0.27,17.28
2018-05-02,72,27.0,,0.27,19.44
2018-05-03,82,27.0,,0.27,22.14
2018-05-04,71,27.0,,0.27,19.17
2018-05-05,19,27.0,,0.27,5.130000000000001
2018-05-06,32,27.0,,0.27,8.64
2018-05-07,78,27.0,,0.27,21.060000000000002
2018-05-08,64,27.0,,0.27,17.28
2018-05-09,67,27.0,,0.27,18.09
2018-05-10,64,27.0,,0.27,17.28
2018-05-11,99,27.0,,0.27,26.73
2018-05-12,31,27.0,,0.27,8.370000000000001
2018-05-13,27,27.0,,0.27,7.290000000000001
2018-05-14,70,27.0,,0.27,18.900000000000002
2018-05-15,60,27.0,,0.27,16.200000000000003
2018-05-16,68,27.0,,0.27,18.36
2018-05-17,69,27.0,,0.27,18.630000000000003
2018-05-18,78,27.0,,0.27,21.060000000000002
2018-05-19,34,27.0,,0.27,9.18
2018-05-20,19,27.0,,0.27,5.130000000000001
2018-05-21,82,27.0,,0.27,22.14
2018-05-22,66,27.0,,0.27,17.82
2018-05-23,53,27.0,,0.27,14.31
2018-05-24,64,27.0,,0.27,17.28
2018-05-25,100,27.0,,0.27,27.0
2018-05-26,30,27.0,,0.27,8.100000000000001
2018-05-27,25,27.0,,0.27,6.75
2018-05-28,24,27.0,,0.27,6.48
2018-05-29,68,27.0,,0.27,18.36
2018-05-30,77,27.0,,0.27,20.790000000000003
2018-05-31,72,27.0,,0.27,19.44
2018-06-01,98,27.0,False,0.27,26.46
2018-06-02,38,27.0,,0.27,10.260000000000002
2018-06-03,27,27.0,,0.27,7.290000000000001
2018-06-04,77,27.0,,0.27,20.790000000000003
2018-06-05,74,27.0,,0.27,19.98
2018-06-06,85,27.0,,0.27,22.950000000000003
2018-06-07,82,27.0,,0.27,22.14
2018-06-08,85,27.0,,0.27,22.950000000000003
2018-06-09,40,27.0,,0.27,10.8
2018-06-10,29,27.0,,0.27,7.83
2018-06-11,84,27.0,,0.27,22.68
2018-06-12,77,27.0,,0.27,20.790000000000003
2018-06-13,99,27.0,,0.27,26.73
2018-06-14,60,27.0,,0.27,16.200000000000003
2018-06-15,91,27.0,,0.27,24.57
2018-06-16,27,27.0,,0.27,7.290000000000001
2018-06-17,23,27.0,,0.27,6.210000000000001
2018-06-18,69,27.0,,0.27,18.630000000000003
2018-06-19,100,27.0,,0.27,27.0
2018-06-20,68,27.0,,0.27,18.36
2018-06-21,92,27.0,,0.27,24.840000000000003
2018-06-22,79,27.0,,0.27,21.330000000000002
2018-06-23,37,27.0,,0.27,9.99
2018-06-24,19,27.0,,0.27,5.130000000000001
2018-06-25,79,27.0,,0.27,21.330000000000002
2018-06-26,75,27.0,,0.27,20.25
2018-06-27,84,27.0,,0.27,22.68
2018-06-28,67,27.0,,0.27,18.09
2018-06-29,71,27.0,,0.27,19.17
2018-06-30,35,27.0,,0.27,9.450000000000001
2018-07-01,24,34.0,False,0.34,8.16
2018-07-02,28,34.0,,0.34,9.520000000000001
2018-07-03,42,34.0,,0.34,14.280000000000001
2018-07-04,17,34.0,,0.34,5.78
2018-07-05,41,34.0,,0.34,13.940000000000001
2018-07-06,49,34.0,,0.34,16.66
2018-07-07,19,34.0,,0.34,6.460000000000001
2018-07-08,14,34.0,,0.34,4.760000000000001
2018-07-09,44,34.0,,0.34,14.96
2018-07-10,45,34.0,,0.34,15.3
2018-07-11,45,34.0,,0.34,15.3
2018-07-12,58,34.0,,0.34,19.720000000000002
2018-07-13,100,34.0,,0.34,34.0
2018-07-14,29,34.0,,0.34,9.860000000000001
2018-07-15,10,34.0,,0.34,3.4000000000000004
2018-07-16,59,34.0,,0.34,20.060000000000002
2018-07-17,95,34.0,,0.34,32.300000000000004
2018-07-18,66,34.0,,0.34,22.44
2018-07-19,53,34.0,,0.34,18.02
2018-07-20,43,34.0,,0.34,14.620000000000001
2018-07-21,25,34.0,,0.34,8.5
2018-07-22,12,34.0,,0.34,4.08
2018-07-23,40,34.0,,0.34,13.600000000000001
2018-07-24,48,34.0,,0.34,16.32
2018-07-25,51,34.0,,0.34,17.34
2018-07-26,58,34.0,,0.34,19.720000000000002
2018-07-27,54,34.0,,0.34,18.360000000000003
2018-07-28,21,34.0,,0.34,7.140000000000001
2018-07-29,10,34.0,,0.34,3.4000000000000004
2018-07-30,34,34.0,,0.34,11.56
2018-07-31,54,34.0,,0.34,18.360000000000003
2018-08-01,94,28.0,False,0.28,26.320000000000004
2018-08-02,83,28.0,,0.28,23.240000000000002
2018-08-03,87,28.0,,0.28,24.360000000000003
2018-08-04,33,28.0,,0.28,9.24
2018-08-05,29,28.0,,0.28,8.120000000000001
2018-08-06,93,28.0,,0.28,26.040000000000003
2018-08-07,88,28.0,,0.28,24.64
2018-08-08,80,28.0,,0.28,22.400000000000002
2018-08-09,63,28.0,,0.28,17.64
2018-08-10,76,28.0,,0.28,21.28
2018-08-11,29,28.0,,0.28,8.120000000000001
2018-08-12,24,28.0,,0.28,6.720000000000001
2018-08-13,51,28.0,,0.28,14.280000000000001
2018-08-14,69,28.0,,0.28,19.32
2018-08-15,72,28.0,,0.28,20.160000000000004
2018-08-16,87,28.0,,0.28,24.360000000000003
2018-08-17,85,28.0,,0.28,23.8
2018-08-18,31,28.0,,0.28,8.680000000000001
2018-08-19,37,28.0,,0.28,10.360000000000001
2018-08-20,84,28.0,,0.28,23.520000000000003
2018-08-21,89,28.0,,0.28,24.92
2018-08-22,83,28.0,,0.28,23.240000000000002
2018-08-23,100,28.0,,0.28,28.000000000000004
2018-08-24,92,28.0,,0.28,25.76
2018-08-25,36,28.0,,0.28,10.080000000000002
2018-08-26,19,28.0,,0.28,5.32
2018-08-27,83,28.0,,0.28,23.240000000000002
2018-08-28,93,28.0,,0.28,26.040000000000003
2018-08-29,81,28.0,,0.28,22.680000000000003
2018-08-30,74,28.0,,0.28,20.720000000000002
2018-08-31,60,28.0,,0.28,16.8
2018-09-01,24,28.0,False,0.28,6.720000000000001
2018-09-02,21,28.0,,0.28,5.880000000000001
2018-09-03,19,28.0,,0.28,5.32
2018-09-04,67,28.0,,0.28,18.76
2018-09-05,77,28.0,,0.28,21.560000000000002
2018-09-06,69,28.0,,0.28,19.32
2018-09-07,73,28.0,,0.28,20.44
2018-09-08,35,28.0,,0.28,9.8
2018-09-09,14,28.0,,0.28,3.9200000000000004
2018-09-10,62,28.0,,0.28,17.360000000000003
2018-09-11,73,28.0,,0.28,20.44
2018-09-12,79,28.0,,0.28,22.12
2018-09-13,100,28.0,,0.28,28.000000000000004
2018-09-14,76,28.0,,0.28,21.28
2018-09-15,29,28.0,,0.28,8.120000000000001
2018-09-16,25,28.0,,0.28,7.000000000000001
2018-09-17,64,28.0,,0.28,17.92
2018-09-18,68,28.0,,0.28,19.040000000000003
2018-09-19,79,28.0,,0.28,22.12
2018-09-20,80,28.0,,0.28,22.400000000000002
2018-09-21,84,28.0,,0.28,23.520000000000003
2018-09-22,40,28.0,,0.28,11.200000000000001
2018-09-23,23,28.0,,0.28,6.44
2018-09-24,69,28.0,,0.28,19.32
2018-09-25,82,28.0,,0.28,22.96
2018-09-26,69,28.0,,0.28,19.32
2018-09-27,81,28.0,,0.28,22.680000000000003
2018-09-28,69,28.0,,0.28,19.32
2018-09-29,28,28.0,,0.28,7.840000000000001
2018-09-30,30,28.0,,0.28,8.4
2018-10-01,54,32.0,False,0.32,17.28
2018-10-02,67,32.0,,0.32,21.44
2018-10-03,58,32.0,,0.32,18.56
2018-10-04,55,32.0,,0.32,17.6
2018-10-05,55,32.0,,0.32,17.6
2018-10-06,21,32.0,,0.32,6.72
2018-10-07,17,32.0,,0.32,5.44
2018-10-08,47,32.0,,0.32,15.040000000000001
2018-10-09,47,32.0,,0.32,15.040000000000001
2018-10-10,53,32.0,,0.32,16.96
2018-10-11,57,32.0,,0.32,18.240000000000002
2018-10-12,74,32.0,,0.32,23.68
2018-10-13,21,32.0,,0.32,6.72
2018-10-14,11,32.0,,0.32,3.52
2018-10-15,49,32.0,,0.32,15.68
2018-10-16,100,32.0,,0.32,32.0
2018-10-17,80,32.0,,0.32,25.6
2018-10-18,70,32.0,,0.32,22.400000000000002
2018-10-19,54,32.0,,0.32,17.28
2018-10-20,23,32.0,,0.32,7.36
2018-10-21,18,32.0,,0.32,5.76
2018-10-22,47,32.0,,0.32,15.040000000000001
2018-10-23,61,32.0,,0.32,19.52
2018-10-24,48,32.0,,0.32,15.36
2018-10-25,62,32.0,,0.32,19.84
2018-10-26,52,32.0,,0.32,16.64
2018-10-27,15,32.0,,0.32,4.8
2018-10-28,14,32.0,,0.32,4.48
2018-10-29,49,32.0,,0.32,15.68
2018-10-30,52,32.0,,0.32,16.64
2018-10-31,59,32.0,,0.32,18.88
2018-11-01,86,26.0,False,0.26,22.36
2018-11-02,80,26.0,,0.26,20.8
2018-11-03,21,26.0,,0.26,5.46
2018-11-04,24,26.0,,0.26,6.24
2018-11-05,54,26.0,,0.26,14.040000000000001
2018-11-06,63,26.0,,0.26,16.38
2018-11-07,62,26.0,,0.26,16.12
2018-11-08,82,26.0,,0.26,21.32
2018-11-09,72,26.0,,0.26,18.72
2018-11-10,33,26.0,,0.26,8.58
2018-11-11,19,26.0,,0.26,4.94
2018-11-12,60,26.0,,0.26,15.600000000000001
2018-11-13,72,26.0,,0.26,18.72
2018-11-14,70,26.0,,0.26,18.2
2018-11-15,74,26.0,,0.26,19.240000000000002
2018-11-16,82,26.0,,0.26,21.32
2018-11-17,27,26.0,,0.26,7.0200000000000005
2018-11-18,30,26.0,,0.26,7.800000000000001
2018-11-19,71,26.0,,0.26,18.46
2018-11-20,96,26.0,,0.26,24.96
2018-11-21,100,26.0,,0.26,26.0
2018-11-22,24,26.0,,0.26,6.24
2018-11-23,40,26.0,,0.26,10.4
2018-11-24,31,26.0,,0.26,8.06
2018-11-25,26,26.0,,0.26,6.76
2018-11-26,53,26.0,,0.26,13.780000000000001
2018-11-27,64,26.0,,0.26,16.64
2018-11-28,87,26.0,,0.26,22.62
2018-11-29,81,26.0,,0.26,21.060000000000002
2018-11-30,70,26.0,,0.26,18.2
2018-12-01,7,53.0,False,0.53,3.71
2018-12-02,6,53.0,,0.53,3.18
2018-12-03,18,53.0,,0.53,9.540000000000001
2018-12-04,24,53.0,,0.53,12.72
2018-12-05,11,53.0,,0.53,5.83
2018-12-06,17,53.0,,0.53,9.01
2018-12-07,22,53.0,,0.53,11.66
2018-12-08,9,53.0,,0.53,4.7700000000000005
2018-12-09,3,53.0,,0.53,1.59
2018-12-10,15,53.0,,0.53,7.95
2018-12-11,20,53.0,,0.53,10.600000000000001
2018-12-12,18,53.0,,0.53,9.540000000000001
2018-12-13,20,53.0,,0.53,10.600000000000001
2018-12-14,100,53.0,,0.53,53.0
2018-12-15,40,53.0,,0.53,21.200000000000003
2018-12-16,12,53.0,,0.53,6.36
2018-12-17,70,53.0,,0.53,37.1
2018-12-18,54,53.0,,0.53,28.62
2018-12-19,42,53.0,,0.53,22.26
2018-12-20,39,53.0,,0.53,20.67
2018-12-21,29,53.0,,0.53,15.370000000000001
2018-12-22,9,53.0,,0.53,4.7700000000000005
2018-12-23,6,53.0,,0.53,3.18
2018-12-24,22,53.0,,0.53,11.66
2018-12-25,9,53.0,,0.53,4.7700000000000005
2018-12-26,25,53.0,,0.53,13.25
2018-12-27,29,53.0,,0.53,15.370000000000001
2018-12-28,22,53.0,,0.53,11.66
2018-12-29,7,53.0,,0.53,3.71
2018-12-30,6,53.0,,0.53,3.18
2018-12-31,19,53.0,,0.53,10.07
2019-01-01,27,39.0,False,0.39,10.530000000000001
2019-01-02,64,39.0,,0.39,24.96
2019-01-03,72,39.0,,0.39,28.080000000000002
2019-01-04,48,39.0,,0.39,18.72
2019-01-05,22,39.0,,0.39,8.58
2019-01-06,15,39.0,,0.39,5.8500000000000005
2019-01-07,54,39.0,,0.39,21.060000000000002
2019-01-08,48,39.0,,0.39,18.72
2019-01-09,67,39.0,,0.39,26.130000000000003
2019-01-10,60,39.0,,0.39,23.400000000000002
2019-01-11,43,39.0,,0.39,16.77
2019-01-12,15,39.0,,0.39,5.8500000000000005
2019-01-13,15,39.0,,0.39,5.8500000000000005
2019-01-14,44,39.0,,0.39,17.16
2019-01-15,37,39.0,,0.39,14.43
2019-01-16,48,39.0,,0.39,18.72
2019-01-17,53,39.0,,0.39,20.67
2019-01-18,55,39.0,,0.39,21.45
2019-01-19,22,39.0,,0.39,8.58
2019-01-20,15,39.0,,0.39,5.8500000000000005
2019-01-21,27,39.0,,0.39,10.530000000000001
2019-01-22,100,39.0,,0.39,39.0
2019-01-23,63,39.0,,0.39,24.57
2019-01-24,53,39.0,,0.39,20.67
2019-01-25,63,39.0,,0.39,24.57
2019-01-26,22,39.0,,0.39,8.58
2019-01-27,16,39.0,,0.39,6.24
2019-01-28,45,39.0,,0.39,17.55
2019-01-29,51,39.0,,0.39,19.89
2019-01-30,50,39.0,,0.39,19.5
2019-01-31,59,39.0,,0.39,23.01
2019-02-01,79,34.0,False,0.34,26.860000000000003
2019-02-02,33,34.0,,0.34,11.22
2019-02-03,26,34.0,,0.34,8.84
2019-02-04,56,34.0,,0.34,19.040000000000003
2019-02-05,78,34.0,,0.34,26.520000000000003
2019-02-06,71,34.0,,0.34,24.14
2019-02-07,63,34.0,,0.34,21.42
2019-02-08,74,34.0,,0.34,25.16
2019-02-09,33,34.0,,0.34,11.22
2019-02-10,28,34.0,,0.34,9.520000000000001
2019-02-11,59,34.0,,0.34,20.060000000000002
2019-02-12,84,34.0,,0.34,28.560000000000002
2019-02-13,100,34.0,,0.34,34.0
2019-02-14,90,34.0,,0.34,30.6
2019-02-15,83,34.0,,0.34,28.220000000000002
2019-02-16,35,34.0,,0.34,11.9
2019-02-17,24,34.0,,0.34,8.16
2019-02-18,35,34.0,,0.34,11.9
2019-02-19,75,34.0,,0.34,25.500000000000004
2019-02-20,73,34.0,,0.34,24.82
2019-02-21,83,34.0,,0.34,28.220000000000002
2019-02-22,88,34.0,,0.34,29.92
2019-02-23,23,34.0,,0.34,7.82
2019-02-24,28,34.0,,0.34,9.520000000000001
2019-02-25,66,34.0,,0.34,22.44
2019-02-26,77,34.0,,0.34,26.180000000000003
2019-02-27,78,34.0,,0.34,26.520000000000003
2019-02-28,68,34.0,,0.34,23.12
2019-03-01,50,32.0,False,0.32,16.0
2019-03-02,30,32.0,,0.32,9.6
2019-03-03,26,32.0,,0.32,8.32
2019-03-04,55,32.0,,0.32,17.6
2019-03-05,63,32.0,,0.32,20.16
2019-03-06,100,32.0,,0.32,32.0
2019-03-07,66,32.0,,0.32,21.12
2019-03-08,71,32.0,,0.32,22.72
2019-03-09,30,32.0,,0.32,9.6
2019-03-10,29,32.0,,0.32,9.28
2019-03-11,57,32.0,,0.32,18.240000000000002
2019-03-12,62,32.0,,0.32,19.84
2019-03-13,65,32.0,,0.32,20.8
2019-03-14,72,32.0,,0.32,23.04
2019-03-15,67,32.0,,0.32,21.44
2019-03-16,27,32.0,,0.32,8.64
2019-03-17,11,32.0,,0.32,3.52
2019-03-18,51,32.0,,0.32,16.32
2019-03-19,58,32.0,,0.32,18.56
2019-03-20,56,32.0,,0.32,17.92
2019-03-21,51,32.0,,0.32,16.32
2019-03-22,63,32.0,,0.32,20.16
2019-03-23,26,32.0,,0.32,8.32
2019-03-24,24,32.0,,0.32,7.68
2019-03-25,47,32.0,,0.32,15.040000000000001
2019-03-26,50,32.0,,0.32,16.0
2019-03-27,68,32.0,,0.32,21.76
2019-03-28,59,32.0,,0.32,18.88
2019-03-29,64,32.0,,0.32,20.48
2019-03-30,21,32.0,,0.32,6.72
2019-03-31,21,32.0,,0.32,6.72
2019-04-01,51,30.0,False,0.3,15.299999999999999
2019-04-02,60,30.0,,0.3,18.0
2019-04-03,55,30.0,,0.3,16.5
2019-04-04,54,30.0,,0.3,16.2
2019-04-05,53,30.0,,0.3,15.899999999999999
2019-04-06,21,30.0,,0.3,6.3
2019-04-07,17,30.0,,0.3,5.1
2019-04-08,52,30.0,,0.3,15.6
2019-04-09,53,30.0,,0.3,15.899999999999999
2019-04-10,56,30.0,,0.3,16.8
2019-04-11,54,30.0,,0.3,16.2
2019-04-12,50,30.0,,0.3,15.0
2019-04-13,19,30.0,,0.3,5.7
2019-04-14,23,30.0,,0.3,6.8999999999999995
2019-04-15,55,30.0,,0.3,16.5
2019-04-16,100,30.0,,0.3,30.0
2019-04-17,77,30.0,,0.3,23.099999999999998
2019-04-18,66,30.0,,0.3,19.8
2019-04-19,29,30.0,,0.3,8.7
2019-04-20,24,30.0,,0.3,7.199999999999999
2019-04-21,21,30.0,,0.3,6.3
2019-04-22,53,30.0,,0.3,15.899999999999999
2019-04-23,48,30.0,,0.3,14.399999999999999
2019-04-24,56,30.0,,0.3,16.8
2019-04-25,53,30.0,,0.3,15.899999999999999
2019-04-26,52,30.0,,0.3,15.6
2019-04-27,17,30.0,,0.3,5.1
2019-04-28,17,30.0,,0.3,5.1
2019-04-29,52,30.0,,0.3,15.6
2019-04-30,61,30.0,,0.3,18.3
2019-05-01,59,30.0,False,0.3,17.7
2019-05-02,47,30.0,,0.3,14.1
2019-05-03,66,30.0,,0.3,19.8
2019-05-04,31,30.0,,0.3,9.299999999999999
2019-05-05,20,30.0,,0.3,6.0
2019-05-06,47,30.0,,0.3,14.1
2019-05-07,57,30.0,,0.3,17.099999999999998
2019-05-08,56,30.0,,0.3,16.8
2019-05-09,44,30.0,,0.3,13.2
2019-05-10,54,30.0,,0.3,16.2
2019-05-11,24,30.0,,0.3,7.199999999999999
2019-05-12,13,30.0,,0.3,3.9
2019-05-13,61,30.0,,0.3,18.3
2019-05-14,49,30.0,,0.3,14.7
2019-05-15,64,30.0,,0.3,19.2
2019-05-16,56,30.0,,0.3,16.8
2019-05-17,63,30.0,,0.3,18.9
2019-05-18,31,30.0,,0.3,9.299999999999999
2019-05-19,14,30.0,,0.3,4.2
2019-05-20,50,30.0,,0.3,15.0
2019-05-21,48,30.0,,0.3,14.399999999999999
2019-05-22,52,30.0,,0.3,15.6
2019-05-23,57,30.0,,0.3,17.099999999999998
2019-05-24,52,30.0,,0.3,15.6
2019-05-25,14,30.0,,0.3,4.2
2019-05-26,12,30.0,,0.3,3.5999999999999996
2019-05-27,15,30.0,,0.3,4.5
2019-05-28,73,30.0,,0.3,21.9
2019-05-29,100,30.0,,0.3,30.0
2019-05-30,86,30.0,,0.3,25.8
2019-05-31,68,30.0,,0.3,20.4
2019-06-01,35,29.0,False,0.29,10.149999999999999
2019-06-02,32,29.0,,0.29,9.28
2019-06-03,78,29.0,,0.29,22.619999999999997
2019-06-04,83,29.0,,0.29,24.069999999999997
2019-06-05,91,29.0,,0.29,26.389999999999997
2019-06-06,97,29.0,,0.29,28.13
2019-06-07,100,29.0,,0.29,28.999999999999996
2019-06-08,33,29.0,,0.29,9.569999999999999
2019-06-09,20,29.0,,0.29,5.8
2019-06-10,84,29.0,,0.29,24.36
2019-06-11,76,29.0,,0.29,22.04
2019-06-12,90,29.0,,0.29,26.099999999999998
2019-06-13,90,29.0,,0.29,26.099999999999998
2019-06-14,65,29.0,,0.29,18.849999999999998
2019-06-15,31,29.0,,0.29,8.99
2019-06-16,12,29.0,,0.29,3.4799999999999995
2019-06-17,66,29.0,,0.29,19.139999999999997
2019-06-18,80,29.0,,0.29,23.2
2019-06-19,99,29.0,,0.29,28.709999999999997
2019-06-20,83,29.0,,0.29,24.069999999999997
2019-06-21,98,29.0,,0.29,28.419999999999998
2019-06-22,32,29.0,,0.29,9.28
2019-06-23,26,29.0,,0.29,7.539999999999999
2019-06-24,91,29.0,,0.29,26.389999999999997
2019-06-25,85,29.0,,0.29,24.65
2019-06-26,73,29.0,,0.29,21.169999999999998
2019-06-27,96,29.0,,0.29,27.839999999999996
2019-06-28,74,29.0,,0.29,21.459999999999997
2019-06-29,31,29.0,,0.29,8.99
2019-06-30,15,29.0,,0.29,4.35
2019-07-01,46,40.0,False,0.4,18.400000000000002
2019-07-02,31,40.0,,0.4,12.4
2019-07-03,31,40.0,,0.4,12.4
2019-07-04,22,40.0,,0.4,8.8
2019-07-05,33,40.0,,0.4,13.200000000000001
2019-07-06,16,40.0,,0.4,6.4
2019-07-07,10,40.0,,0.4,4.0
2019-07-08,40,40.0,,0.4,16.0
2019-07-09,38,40.0,,0.4,15.200000000000001
2019-07-10,40,40.0,,0.4,16.0
2019-07-11,43,40.0,,0.4,17.2
2019-07-12,100,40.0,,0.4,40.0
2019-07-13,26,40.0,,0.4,10.4
2019-07-14,13,40.0,,0.4,5.2
2019-07-15,62,40.0,,0.4,24.8
2019-07-16,86,40.0,,0.4,34.4
2019-07-17,59,40.0,,0.4,23.6
2019-07-18,42,40.0,,0.4,16.8
2019-07-19,44,40.0,,0.4,17.6
2019-07-20,16,40.0,,0.4,6.4
2019-07-21,8,40.0,,0.4,3.2
2019-07-22,60,40.0,,0.4,24.0
2019-07-23,55,40.0,,0.4,22.0
2019-07-24,36,40.0,,0.4,14.4
2019-07-25,46,40.0,,0.4,18.400000000000002
2019-07-26,50,40.0,,0.4,20.0
2019-07-27,16,40.0,,0.4,6.4
2019-07-28,11,40.0,,0.4,4.4
2019-07-29,44,40.0,,0.4,17.6
2019-07-30,45,40.0,,0.4,18.0
2019-07-31,43,40.0,,0.4,17.2
2019-08-01,29,45.0,False,0.45,13.05
2019-08-02,26,45.0,,0.45,11.700000000000001
2019-08-03,10,45.0,,0.45,4.5
2019-08-04,10,45.0,,0.45,4.5
2019-08-05,30,45.0,,0.45,13.5
2019-08-06,31,45.0,,0.45,13.950000000000001
2019-08-07,23,45.0,,0.45,10.35
2019-08-08,22,45.0,,0.45,9.9
2019-08-09,27,45.0,,0.45,12.15
2019-08-10,10,45.0,,0.45,4.5
2019-08-11,7,45.0,,0.45,3.15
2019-08-12,20,45.0,,0.45,9.0
2019-08-13,31,45.0,,0.45,13.950000000000001
2019-08-14,25,45.0,,0.45,11.25
2019-08-15,26,45.0,,0.45,11.700000000000001
2019-08-16,28,45.0,,0.45,12.6
2019-08-17,7,45.0,,0.45,3.15
2019-08-18,7,45.0,,0.45,3.15
2019-08-19,22,45.0,,0.45,9.9
2019-08-20,25,45.0,,0.45,11.25
2019-08-21,26,45.0,,0.45,11.700000000000001
2019-08-22,29,45.0,,0.45,13.05
2019-08-23,23,45.0,,0.45,10.35
2019-08-24,9,45.0,,0.45,4.05
2019-08-25,7,45.0,,0.45,3.15
2019-08-26,100,45.0,,0.45,45.0
2019-08-27,95,45.0,,0.45,42.75
2019-08-28,58,45.0,,0.45,26.1
2019-08-29,38,45.0,,0.45,17.1
2019-08-30,30,45.0,,0.45,13.5
2019-08-31,10,45.0,,0.45,4.5
2019-09-01,22,28.0,False,0.28,6.16
2019-09-02,16,28.0,,0.28,4.48
2019-09-03,62,28.0,,0.28,17.360000000000003
2019-09-04,77,28.0,,0.28,21.560000000000002
2019-09-05,87,28.0,,0.28,24.360000000000003
2019-09-06,72,28.0,,0.28,20.160000000000004
2019-09-07,31,28.0,,0.28,8.680000000000001
2019-09-08,18,28.0,,0.28,5.040000000000001
2019-09-09,84,28.0,,0.28,23.520000000000003
2019-09-10,80,28.0,,0.28,22.400000000000002
2019-09-11,100,28.0,,0.28,28.000000000000004
2019-09-12,95,28.0,,0.28,26.6
2019-09-13,85,28.0,,0.28,23.8
2019-09-14,30,28.0,,0.28,8.4
2019-09-15,24,28.0,,0.28,6.720000000000001
2019-09-16,68,28.0,,0.28,19.040000000000003
2019-09-17,64,28.0,,0.28,17.92
2019-09-18,79,28.0,,0.28,22.12
2019-09-19,61,28.0,,0.28,17.080000000000002
2019-09-20,74,28.0,,0.28,20.720000000000002
2019-09-21,20,28.0,,0.28,5.6000000000000005
2019-09-22,30,28.0,,0.28,8.4
2019-09-23,54,28.0,,0.28,15.120000000000001
2019-09-24,60,28.0,,0.28,16.8
2019-09-25,64,28.0,,0.28,17.92
2019-09-26,86,28.0,,0.28,24.080000000000002
2019-09-27,64,28.0,,0.28,17.92
2019-09-28,30,28.0,,0.28,8.4
2019-09-29,17,28.0,,0.28,4.760000000000001
2019-09-30,70,28.0,,0.28,19.6
2019-10-01,35,47.0,False,0.47,16.45
2019-10-02,46,47.0,,0.47,21.619999999999997
2019-10-03,32,47.0,,0.47,15.04
2019-10-04,39,47.0,,0.47,18.33
2019-10-05,17,47.0,,0.47,7.989999999999999
2019-10-06,14,47.0,,0.47,6.58
2019-10-07,32,47.0,,0.47,15.04
2019-10-08,40,47.0,,0.47,18.799999999999997
2019-10-09,73,47.0,,0.47,34.309999999999995
2019-10-10,44,47.0,,0.47,20.68
2019-10-11,47,47.0,,0.47,22.09
2019-10-12,23,47.0,,0.47,10.809999999999999
2019-10-13,16,47.0,,0.47,7.52
2019-10-14,33,47.0,,0.47,15.51
2019-10-15,69,47.0,,0.47,32.43
2019-10-16,60,47.0,,0.47,28.2
2019-10-17,55,47.0,,0.47,25.849999999999998
2019-10-18,100,47.0,,0.47,47.0
2019-10-19,37,47.0,,0.47,17.39
2019-10-20,25,47.0,,0.47,11.75
2019-10-21,77,47.0,,0.47,36.19
2019-10-22,62,47.0,,0.47,29.139999999999997
2019-10-23,56,47.0,,0.47,26.32
2019-10-24,53,47.0,,0.47,24.91
2019-10-25,50,47.0,,0.47,23.5
2019-10-26,19,47.0,,0.47,8.93
2019-10-27,13,47.0,,0.47,6.109999999999999
2019-10-28,44,47.0,,0.47,20.68
2019-10-29,60,47.0,,0.47,28.2
2019-10-30,67,47.0,,0.47,31.49
2019-10-31,50,47.0,,0.47,23.5
2019-11-01,65,29.0,False,0.29,18.849999999999998
2019-11-02,24,29.0,,0.29,6.959999999999999
2019-11-03,21,29.0,,0.29,6.09
2019-11-04,81,29.0,,0.29,23.49
2019-11-05,81,29.0,,0.29,23.49
2019-11-06,83,29.0,,0.29,24.069999999999997
2019-11-07,92,29.0,,0.29,26.68
2019-11-08,63,29.0,,0.29,18.27
2019-11-09,32,29.0,,0.29,9.28
2019-11-10,23,29.0,,0.29,6.67
2019-11-11,55,29.0,,0.29,15.95
2019-11-12,71,29.0,,0.29,20.59
2019-11-13,62,29.0,,0.29,17.98
2019-11-14,69,29.0,,0.29,20.009999999999998
2019-11-15,73,29.0,,0.29,21.169999999999998
2019-11-16,30,29.0,,0.29,8.7
2019-11-17,20,29.0,,0.29,5.8
2019-11-18,60,29.0,,0.29,17.4
2019-11-19,68,29.0,,0.29,19.72
2019-11-20,84,29.0,,0.29,24.36
2019-11-21,82,29.0,,0.29,23.779999999999998
2019-11-22,100,29.0,,0.29,28.999999999999996
2019-11-23,36,29.0,,0.29,10.44
2019-11-24,19,29.0,,0.29,5.51
2019-11-25,69,29.0,,0.29,20.009999999999998
2019-11-26,65,29.0,,0.29,18.849999999999998
2019-11-27,58,29.0,,0.29,16.82
2019-11-28,19,29.0,,0.29,5.51
2019-11-29,28,29.0,,0.29,8.12
2019-11-30,20,29.0,,0.29,5.8
2019-12-01,17,30.0,False,0.3,5.1
2019-12-02,50,30.0,,0.3,15.0
2019-12-03,66,30.0,,0.3,19.8
2019-12-04,72,30.0,,0.3,21.599999999999998
2019-12-05,66,30.0,,0.3,19.8
2019-12-06,93,30.0,,0.3,27.9
2019-12-07,38,30.0,,0.3,11.4
2019-12-08,20,30.0,,0.3,6.0
2019-12-09,62,30.0,,0.3,18.599999999999998
2019-12-10,72,30.0,,0.3,21.599999999999998
2019-12-11,66,30.0,,0.3,19.8
2019-12-12,77,30.0,,0.3,23.099999999999998
2019-12-13,66,30.0,,0.3,19.8
2019-12-14,33,30.0,,0.3,9.9
2019-12-15,16,30.0,,0.3,4.8
2019-12-16,79,30.0,,0.3,23.7
2019-12-17,98,30.0,,0.3,29.4
2019-12-18,66,30.0,,0.3,19.8
2019-12-19,81,30.0,,0.3,24.3
2019-12-20,100,30.0,,0.3,30.0
2019-12-21,40,30.0,,0.3,12.0
2019-12-22,18,30.0,,0.3,5.3999999999999995
2019-12-23,78,30.0,,0.3,23.4
2019-12-24,67,30.0,,0.3,20.099999999999998
2019-12-25,30,30.0,,0.3,9.0
2019-12-26,70,30.0,,0.3,21.0
2019-12-27,55,30.0,,0.3,16.5
2019-12-28,34,30.0,,0.3,10.2
2019-12-29,26,30.0,,0.3,7.8
2019-12-30,45,30.0,,0.3,13.5
2019-12-31,71,30.0,,0.3,21.3
2020-01-01,27,34.0,False,0.34,9.180000000000001
2020-01-02,67,34.0,,0.34,22.78
2020-01-03,63,34.0,,0.34,21.42
2020-01-04,16,34.0,,0.34,5.44
2020-01-05,14,34.0,,0.34,4.760000000000001
2020-01-06,45,34.0,,0.34,15.3
2020-01-07,48,34.0,,0.34,16.32
2020-01-08,69,34.0,,0.34,23.46
2020-01-09,52,34.0,,0.34,17.68
2020-01-10,55,34.0,,0.34,18.700000000000003
2020-01-11,34,34.0,,0.34,11.56
2020-01-12,22,34.0,,0.34,7.48
2020-01-13,56,34.0,,0.34,19.040000000000003
2020-01-14,58,34.0,,0.34,19.720000000000002
2020-01-15,71,34.0,,0.34,24.14
2020-01-16,61,34.0,,0.34,20.740000000000002
2020-01-17,70,34.0,,0.34,23.8
2020-01-18,30,34.0,,0.34,10.200000000000001
2020-01-19,22,34.0,,0.34,7.48
2020-01-20,29,34.0,,0.34,9.860000000000001
2020-01-21,58,34.0,,0.34,19.720000000000002
2020-01-22,100,34.0,,0.34,34.0
2020-01-23,83,34.0,,0.34,28.220000000000002
2020-01-24,53,34.0,,0.34,18.02
2020-01-25,36,34.0,,0.34,12.24
2020-01-26,13,34.0,,0.34,4.42
2020-01-27,56,34.0,,0.34,19.040000000000003
2020-01-28,72,34.0,,0.34,24.48
2020-01-29,75,34.0,,0.34,25.500000000000004
2020-01-30,80,34.0,,0.34,27.200000000000003
2020-01-31,64,34.0,,0.34,21.76
2020-02-01,25,36.0,False,0.36,9.0
2020-02-02,15,36.0,,0.36,5.3999999999999995
2020-02-03,48,36.0,,0.36,17.28
2020-02-04,71,36.0,,0.36,25.56
2020-02-05,69,36.0,,0.36,24.84
2020-02-06,67,36.0,,0.36,24.119999999999997
2020-02-07,61,36.0,,0.36,21.96
2020-02-08,19,36.0,,0.36,6.84
2020-02-09,14,36.0,,0.36,5.04
2020-02-10,48,36.0,,0.36,17.28
2020-02-11,48,36.0,,0.36,17.28
2020-02-12,56,36.0,,0.36,20.16
2020-02-13,52,36.0,,0.36,18.72
2020-02-14,60,36.0,,0.36,21.599999999999998
2020-02-15,20,36.0,,0.36,7.199999999999999
2020-02-16,15,36.0,,0.36,5.3999999999999995
2020-02-17,23,36.0,,0.36,8.28
2020-02-18,42,36.0,,0.36,15.12
2020-02-19,54,36.0,,0.36,19.439999999999998
2020-02-20,54,36.0,,0.36,19.439999999999998
2020-02-21,54,36.0,,0.36,19.439999999999998
2020-02-22,24,36.0,,0.36,8.64
2020-02-23,19,36.0,,0.36,6.84
2020-02-24,69,36.0,,0.36,24.84
2020-02-25,62,36.0,,0.36,22.32
2020-02-26,51,36.0,,0.36,18.36
2020-02-27,63,36.0,,0.36,22.68
2020-02-28,100,36.0,,0.36,36.0
2020-02-29,44,36.0,,0.36,15.84
2020-03-01,13,64.0,False,0.64,8.32
2020-03-02,30,64.0,,0.64,19.2
2020-03-03,34,64.0,,0.64,21.76
2020-03-04,32,64.0,,0.64,20.48
2020-03-05,30,64.0,,0.64,19.2
2020-03-06,26,64.0,,0.64,16.64
2020-03-07,11,64.0,,0.64,7.04
2020-03-08,12,64.0,,0.64,7.68
2020-03-09,36,64.0,,0.64,23.04
2020-03-10,36,64.0,,0.64,23.04
2020-03-11,36,64.0,,0.64,23.04
2020-03-12,44,64.0,,0.64,28.16
2020-03-13,49,64.0,,0.64,31.36
2020-03-14,17,64.0,,0.64,10.88
2020-03-15,12,64.0,,0.64,7.68
2020-03-16,47,64.0,,0.64,30.080000000000002
2020-03-17,37,64.0,,0.64,23.68
2020-03-18,47,64.0,,0.64,30.080000000000002
2020-03-19,44,64.0,,0.64,28.16
2020-03-20,45,64.0,,0.64,28.8
2020-03-21,14,64.0,,0.64,8.96
2020-03-22,19,64.0,,0.64,12.16
2020-03-23,48,64.0,,0.64,30.72
2020-03-24,46,64.0,,0.64,29.44
2020-03-25,51,64.0,,0.64,32.64
2020-03-26,44,64.0,,0.64,28.16
2020-03-27,36,64.0,,0.64,23.04
2020-03-28,16,64.0,,0.64,10.24
2020-03-29,11,64.0,,0.64,7.04
2020-03-30,100,64.0,,0.64,64.0
2020-03-31,77,64.0,,0.64,49.28
2020-04-01,59,72.0,False,0.72,42.48
2020-04-02,46,72.0,,0.72,33.12
2020-04-03,42,72.0,,0.72,30.24
2020-04-04,20,72.0,,0.72,14.399999999999999
2020-04-05,14,72.0,,0.72,10.08
2020-04-06,49,72.0,,0.72,35.28
2020-04-07,44,72.0,,0.72,31.68
2020-04-08,44,72.0,,0.72,31.68
2020-04-09,47,72.0,,0.72,33.839999999999996
2020-04-10,25,72.0,,0.72,18.0
2020-04-11,13,72.0,,0.72,9.36
2020-04-12,12,72.0,,0.72,8.64
2020-04-13,48,72.0,,0.72,34.56
2020-04-14,100,72.0,,0.72,72.0
2020-04-15,65,72.0,,0.72,46.8
2020-04-16,51,72.0,,0.72,36.72
2020-04-17,56,72.0,,0.72,40.32
2020-04-18,17,72.0,,0.72,12.24
2020-04-19,14,72.0,,0.72,10.08
2020-04-20,43,72.0,,0.72,30.959999999999997
2020-04-21,42,72.0,,0.72,30.24
2020-04-22,40,72.0,,0.72,28.799999999999997
2020-04-23,55,72.0,,0.72,39.6
2020-04-24,41,72.0,,0.72,29.52
2020-04-25,15,72.0,,0.72,10.799999999999999
2020-04-26,11,72.0,,0.72,7.92
2020-04-27,40,72.0,,0.72,28.799999999999997
2020-04-28,37,72.0,,0.72,26.64
2020-04-29,44,72.0,,0.72,31.68
2020-04-30,35,72.0,,0.72,25.2
2020-05-01,76,43.0,False,0.43,32.68
2020-05-02,37,43.0,,0.43,15.91
2020-05-03,21,43.0,,0.43,9.03
2020-05-04,82,43.0,,0.43,35.26
2020-05-05,82,43.0,,0.43,35.26
2020-05-06,73,43.0,,0.43,31.39
2020-05-07,66,43.0,,0.43,28.38
2020-05-08,82,43.0,,0.43,35.26
2020-05-09,26,43.0,,0.43,11.18
2020-05-10,31,43.0,,0.43,13.33
2020-05-11,69,43.0,,0.43,29.669999999999998
2020-05-12,71,43.0,,0.43,30.53
2020-05-13,70,43.0,,0.43,30.099999999999998
2020-05-14,67,43.0,,0.43,28.81
2020-05-15,74,43.0,,0.43,31.82
2020-05-16,29,43.0,,0.43,12.47
2020-05-17,18,43.0,,0.43,7.74
2020-05-18,92,43.0,,0.43,39.56
2020-05-19,83,43.0,,0.43,35.69
2020-05-20,100,43.0,,0.43,43.0
2020-05-21,80,43.0,,0.43,34.4
2020-05-22,60,43.0,,0.43,25.8
2020-05-23,26,43.0,,0.43,11.18
2020-05-24,14,43.0,,0.43,6.02
2020-05-25,19,43.0,,0.43,8.17
2020-05-26,74,43.0,,0.43,31.82
2020-05-27,71,43.0,,0.43,30.53
2020-05-28,67,43.0,,0.43,28.81
2020-05-29,65,43.0,,0.43,27.95
2020-05-30,22,43.0,,0.43,9.459999999999999
2020-05-31,16,43.0,,0.43,6.88
2020-06-01,68,46.0,False,0.46,31.28
2020-06-02,74,46.0,,0.46,34.04
2020-06-03,74,46.0,,0.46,34.04
2020-06-04,67,46.0,,0.46,30.82
2020-06-05,89,46.0,,0.46,40.940000000000005
2020-06-06,36,46.0,,0.46,16.560000000000002
2020-06-07,21,46.0,,0.46,9.66
2020-06-08,77,46.0,,0.46,35.42
2020-06-09,85,46.0,,0.46,39.1
2020-06-10,91,46.0,,0.46,41.86
2020-06-11,95,46.0,,0.46,43.7
2020-06-12,100,46.0,,0.46,46.0
2020-06-13,34,46.0,,0.46,15.64
2020-06-14,20,46.0,,0.46,9.200000000000001
2020-06-15,88,46.0,,0.46,40.480000000000004
2020-06-16,85,46.0,,0.46,39.1
2020-06-17,76,46.0,,0.46,34.96
2020-06-18,63,46.0,,0.46,28.98
2020-06-19,81,46.0,,0.46,37.260000000000005
2020-06-20,24,46.0,,0.46,11.040000000000001
2020-06-21,23,46.0,,0.46,10.58
2020-06-22,71,46.0,,0.46,32.660000000000004
2020-06-23,65,46.0,,0.46,29.900000000000002
2020-06-24,70,46.0,,0.46,32.2
2020-06-25,70,46.0,,0.46,32.2
2020-06-26,70,46.0,,0.46,32.2
2020-06-27,33,46.0,,0.46,15.180000000000001
2020-06-28,28,46.0,,0.46,12.88
2020-06-29,77,46.0,,0.46,35.42
2020-06-30,74,46.0,,0.46,34.04
2020-07-01,39,47.0,False,0.47,18.33
2020-07-02,42,47.0,,0.47,19.74
2020-07-03,31,47.0,,0.47,14.569999999999999
2020-07-04,12,47.0,,0.47,5.64
2020-07-05,14,47.0,,0.47,6.58
2020-07-06,46,47.0,,0.47,21.619999999999997
2020-07-07,41,47.0,,0.47,19.27
2020-07-08,43,47.0,,0.47,20.209999999999997
2020-07-09,45,47.0,,0.47,21.15
2020-07-10,31,47.0,,0.47,14.569999999999999
2020-07-11,19,47.0,,0.47,8.93
2020-07-12,15,47.0,,0.47,7.05
2020-07-13,51,47.0,,0.47,23.97
2020-07-14,53,47.0,,0.47,24.91
2020-07-15,67,47.0,,0.47,31.49
2020-07-16,100,47.0,,0.47,47.0
2020-07-17,63,47.0,,0.47,29.61
2020-07-18,26,47.0,,0.47,12.219999999999999
2020-07-19,15,47.0,,0.47,7.05
2020-07-20,50,47.0,,0.47,23.5
2020-07-21,61,47.0,,0.47,28.669999999999998
2020-07-22,55,47.0,,0.47,25.849999999999998
2020-07-23,50,47.0,,0.47,23.5
2020-07-24,47,47.0,,0.47,22.09
2020-07-25,18,47.0,,0.47,8.459999999999999
2020-07-26,14,47.0,,0.47,6.58
2020-07-27,48,47.0,,0.47,22.56
2020-07-28,46,47.0,,0.47,21.619999999999997
2020-07-29,48,47.0,,0.47,22.56
2020-07-30,72,47.0,,0.47,33.839999999999996
2020-07-31,55,47.0,,0.47,25.849999999999998
2020-08-01,25,49.0,False,0.49,12.25
2020-08-02,16,49.0,,0.49,7.84
2020-08-03,53,49.0,,0.49,25.97
2020-08-04,59,49.0,,0.49,28.91
2020-08-05,100,49.0,,0.49,49.0
2020-08-06,75,49.0,,0.49,36.75
2020-08-07,71,49.0,,0.49,34.79
2020-08-08,21,49.0,,0.49,10.29
2020-08-09,23,49.0,,0.49,11.27
2020-08-10,61,49.0,,0.49,29.89
2020-08-11,71,49.0,,0.49,34.79
2020-08-12,66,49.0,,0.49,32.339999999999996
2020-08-13,68,49.0,,0.49,33.32
2020-08-14,59,49.0,,0.49,28.91
2020-08-15,17,49.0,,0.49,8.33
2020-08-16,17,49.0,,0.49,8.33
2020-08-17,51,49.0,,0.49,24.99
2020-08-18,57,49.0,,0.49,27.93
2020-08-19,73,49.0,,0.49,35.769999999999996
2020-08-20,61,49.0,,0.49,29.89
2020-08-21,72,49.0,,0.49,35.28
2020-08-22,31,49.0,,0.49,15.19
2020-08-23,23,49.0,,0.49,11.27
2020-08-24,59,49.0,,0.49,28.91
2020-08-25,57,49.0,,0.49,27.93
2020-08-26,61,49.0,,0.49,29.89
2020-08-27,52,49.0,,0.49,25.48
2020-08-28,57,49.0,,0.49,27.93
2020-08-29,16,49.0,,0.49,7.84
2020-08-30,21,49.0,,0.49,10.29
2020-08-31,53,49.0,,0.49,25.97
2020-09-01,59,44.0,False,0.44,25.96
2020-09-02,56,44.0,,0.44,24.64
2020-09-03,62,44.0,,0.44,27.28
2020-09-04,54,44.0,,0.44,23.76
2020-09-05,26,44.0,,0.44,11.44
2020-09-06,17,44.0,,0.44,7.48
2020-09-07,12,44.0,,0.44,5.28
2020-09-08,59,44.0,,0.44,25.96
2020-09-09,59,44.0,,0.44,25.96
2020-09-10,55,44.0,,0.44,24.2
2020-09-11,47,44.0,,0.44,20.68
2020-09-12,22,44.0,,0.44,9.68
2020-09-13,16,44.0,,0.44,7.04
2020-09-14,49,44.0,,0.44,21.56
2020-09-15,49,44.0,,0.44,21.56
2020-09-16,51,44.0,,0.44,22.44
2020-09-17,51,44.0,,0.44,22.44
2020-09-18,51,44.0,,0.44,22.44
2020-09-19,17,44.0,,0.44,7.48
2020-09-20,18,44.0,,0.44,7.92
2020-09-21,46,44.0,,0.44,20.24
2020-09-22,49,44.0,,0.44,21.56
2020-09-23,100,44.0,,0.44,44.0
2020-09-24,76,44.0,,0.44,33.44
2020-09-25,67,44.0,,0.44,29.48
2020-09-26,34,44.0,,0.44,14.96
2020-09-27,25,44.0,,0.44,11.0
2020-09-28,52,44.0,,0.44,22.88
2020-09-29,56,44.0,,0.44,24.64
2020-09-30,57,44.0,,0.44,25.080000000000002
2020-10-01,27,47.0,False,0.47,12.69
2020-10-02,29,47.0,,0.47,13.629999999999999
2020-10-03,8,47.0,,0.47,3.76
2020-10-04,7,47.0,,0.47,3.29
2020-10-05,26,47.0,,0.47,12.219999999999999
2020-10-06,24,47.0,,0.47,11.28
2020-10-07,28,47.0,,0.47,13.16
2020-10-08,38,47.0,,0.47,17.86
2020-10-09,33,47.0,,0.47,15.51
2020-10-10,14,47.0,,0.47,6.58
2020-10-11,12,47.0,,0.47,5.64
2020-10-12,35,47.0,,0.47,16.45
2020-10-13,100,47.0,,0.47,47.0
2020-10-14,41,47.0,,0.47,19.27
2020-10-15,36,47.0,,0.47,16.919999999999998
2020-10-16,27,47.0,,0.47,12.69
2020-10-17,8,47.0,,0.47,3.76
2020-10-18,7,47.0,,0.47,3.29
2020-10-19,29,47.0,,0.47,13.629999999999999
2020-10-20,30,47.0,,0.47,14.1
2020-10-21,28,47.0,,0.47,13.16
2020-10-22,30,47.0,,0.47,14.1
2020-10-23,35,47.0,,0.47,16.45
2020-10-24,13,47.0,,0.47,6.109999999999999
2020-10-25,12,47.0,,0.47,5.64
2020-10-26,25,47.0,,0.47,11.75
2020-10-27,30,47.0,,0.47,14.1
2020-10-28,35,47.0,,0.47,16.45
2020-10-29,33,47.0,,0.47,15.51
2020-10-30,35,47.0,,0.47,16.45
2020-10-31,11,47.0,,0.47,5.17
2020-11-01,22,41.0,False,0.41,9.02
2020-11-02,75,41.0,,0.41,30.749999999999996
2020-11-03,75,41.0,,0.41,30.749999999999996
2020-11-04,46,41.0,,0.41,18.86
2020-11-05,66,41.0,,0.41,27.06
2020-11-06,51,41.0,,0.41,20.91
2020-11-07,19,41.0,,0.41,7.789999999999999
2020-11-08,19,41.0,,0.41,7.789999999999999
2020-11-09,100,41.0,,0.41,41.0
2020-11-10,76,41.0,,0.41,31.159999999999997
2020-11-11,79,41.0,,0.41,32.39
2020-11-12,68,41.0,,0.41,27.88
2020-11-13,89,41.0,,0.41,36.489999999999995
2020-11-14,36,41.0,,0.41,14.76
2020-11-15,32,41.0,,0.41,13.12
2020-11-16,95,41.0,,0.41,38.949999999999996
2020-11-17,72,41.0,,0.41,29.52
2020-11-18,88,41.0,,0.41,36.08
2020-11-19,94,41.0,,0.41,38.54
2020-11-20,86,41.0,,0.41,35.26
2020-11-21,48,41.0,,0.41,19.68
2020-11-22,30,41.0,,0.41,12.299999999999999
2020-11-23,74,41.0,,0.41,30.34
2020-11-24,91,41.0,,0.41,37.309999999999995
2020-11-25,86,41.0,,0.41,35.26
2020-11-26,26,41.0,,0.41,10.66
2020-11-27,54,41.0,,0.41,22.139999999999997
2020-11-28,29,41.0,,0.41,11.889999999999999
2020-11-29,33,41.0,,0.41,13.53
2020-11-30,64,41.0,,0.41,26.24
2020-12-01,74,55.0,False,0.55,40.7
2020-12-02,80,55.0,,0.55,44.0
2020-12-03,75,55.0,,0.55,41.25
2020-12-04,86,55.0,,0.55,47.300000000000004
2020-12-05,33,55.0,,0.55,18.150000000000002
2020-12-06,21,55.0,,0.55,11.55
2020-12-07,72,55.0,,0.55,39.6
2020-12-08,91,55.0,,0.55,50.050000000000004
2020-12-09,91,55.0,,0.55,50.050000000000004
2020-12-10,73,55.0,,0.55,40.150000000000006
2020-12-11,88,55.0,,0.55,48.400000000000006
2020-12-12,46,55.0,,0.55,25.3
2020-12-13,29,55.0,,0.55,15.950000000000001
2020-12-14,83,55.0,,0.55,45.650000000000006
2020-12-15,77,55.0,,0.55,42.35
2020-12-16,85,55.0,,0.55,46.75000000000001
2020-12-17,99,55.0,,0.55,54.45
2020-12-18,100,55.0,,0.55,55.00000000000001
2020-12-19,40,55.0,,0.55,22.0
2020-12-20,20,55.0,,0.55,11.0
2020-12-21,89,55.0,,0.55,48.95
2020-12-22,82,55.0,,0.55,45.1
2020-12-23,73,55.0,,0.55,40.150000000000006
2020-12-24,59,55.0,,0.55,32.45
2020-12-25,31,55.0,,0.55,17.05
2020-12-26,20,55.0,,0.55,11.0
2020-12-27,25,55.0,,0.55,13.750000000000002
2020-12-28,77,55.0,,0.55,42.35
2020-12-29,69,55.0,,0.55,37.95
2020-12-30,84,55.0,,0.55,46.2
2020-12-31,68,55.0,,0.55,37.400000000000006
2021-01-01,11,88.0,False,0.88,9.68
2021-01-02,9,88.0,,0.88,7.92
2021-01-03,11,88.0,,0.88,9.68
2021-01-04,22,88.0,,0.88,19.36
2021-01-05,26,88.0,,0.88,22.88
2021-01-06,25,88.0,,0.88,22.0
2021-01-07,26,88.0,,0.88,22.88
2021-01-08,25,88.0,,0.88,22.0
2021-01-09,12,88.0,,0.88,10.56
2021-01-10,9,88.0,,0.88,7.92
2021-01-11,24,88.0,,0.88,21.12
2021-01-12,25,88.0,,0.88,22.0
2021-01-13,36,88.0,,0.88,31.68
2021-01-14,53,88.0,,0.88,46.64
2021-01-15,39,88.0,,0.88,34.32
2021-01-16,13,88.0,,0.88,11.44
2021-01-17,11,88.0,,0.88,9.68
2021-01-18,17,88.0,,0.88,14.96
2021-01-19,33,88.0,,0.88,29.04
2021-01-20,31,88.0,,0.88,27.28
2021-01-21,34,88.0,,0.88,29.92
2021-01-22,35,88.0,,0.88,30.8
2021-01-23,19,88.0,,0.88,16.72
2021-01-24,21,88.0,,0.88,18.48
2021-01-25,51,88.0,,0.88,44.88
2021-01-26,79,88.0,,0.88,69.52
2021-01-27,57,88.0,,0.88,50.160000000000004
2021-01-28,49,88.0,,0.88,43.12
2021-01-29,100,88.0,,0.88,88.0
2021-01-30,35,88.0,,0.88,30.8
2021-01-31,18,88.0,,0.88,15.84
2021-02-01,69,91.0,False,0.91,62.79
2021-02-02,63,91.0,,0.91,57.330000000000005
2021-02-03,56,91.0,,0.91,50.96
2021-02-04,66,91.0,,0.91,60.06
2021-02-05,90,91.0,,0.91,81.9
2021-02-06,30,91.0,,0.91,27.3
2021-02-07,21,91.0,,0.91,19.11
2021-02-08,49,91.0,,0.91,44.59
2021-02-09,52,91.0,,0.91,47.32
2021-02-10,51,91.0,,0.91,46.410000000000004
2021-02-11,46,91.0,,0.91,41.86
2021-02-12,46,91.0,,0.91,41.86
2021-02-13,17,91.0,,0.91,15.47
2021-02-14,12,91.0,,0.91,10.92
2021-02-15,22,91.0,,0.91,20.02
2021-02-16,47,91.0,,0.91,42.77
2021-02-17,41,91.0,,0.91,37.31
2021-02-18,46,91.0,,0.91,41.86
2021-02-19,36,91.0,,0.91,32.76
2021-02-20,16,91.0,,0.91,14.56
2021-02-21,14,91.0,,0.91,12.74
2021-02-22,39,91.0,,0.91,35.49
2021-02-23,50,91.0,,0.91,45.5
2021-02-24,97,91.0,,0.91,88.27
2021-02-25,72,91.0,,0.91,65.52
2021-02-26,100,91.0,,0.91,91.0
2021-02-27,64,91.0,,0.91,58.24
2021-02-28,69,91.0,,0.91,62.79
2021-03-01,100,92.0,False,0.92,92.0
2021-03-02,79,92.0,,0.92,72.68
2021-03-03,68,92.0,,0.92,62.56
2021-03-04,68,92.0,,0.92,62.56
2021-03-05,58,92.0,,0.92,53.36
2021-03-06,25,92.0,,0.92,23.0
2021-03-07,21,92.0,,0.92,19.32
2021-03-08,46,92.0,,0.92,42.32
2021-03-09,57,92.0,,0.92,52.440000000000005
2021-03-10,52,92.0,,0.92,47.84
2021-03-11,52,92.0,,0.92,47.84
2021-03-12,48,92.0,,0.92,44.160000000000004
2021-03-13,23,92.0,,0.92,21.16
2021-03-14,17,92.0,,0.92,15.64
2021-03-15,41,92.0,,0.92,37.72
2021-03-16,42,92.0,,0.92,38.64
2021-03-17,35,92.0,,0.92,32.2
2021-03-18,33,92.0,,0.92,30.360000000000003
2021-03-19,40,92.0,,0.92,36.800000000000004
2021-03-20,18,92.0,,0.92,16.560000000000002
2021-03-21,19,92.0,,0.92,17.48
2021-03-22,35,92.0,,0.92,32.2
2021-03-23,35,92.0,,0.92,32.2
2021-03-24,35,92.0,,0.92,32.2
2021-03-25,37,92.0,,0.92,34.04
2021-03-26,37,92.0,,0.92,34.04
2021-03-27,19,92.0,,0.92,17.48
2021-03-28,16,92.0,,0.92,14.72
2021-03-29,41,92.0,,0.92,37.72
2021-03-30,42,92.0,,0.92,38.64
2021-03-31,44,92.0,,0.92,40.480000000000004
2021-04-01,23,100.0,False,1.0,23.0
2021-04-02,14,100.0,,1.0,14.0
2021-04-03,10,100.0,,1.0,10.0
2021-04-04,6,100.0,,1.0,6.0
2021-04-05,21,100.0,,1.0,21.0
2021-04-06,19,100.0,,1.0,19.0
2021-04-07,20,100.0,,1.0,20.0
2021-04-08,21,100.0,,1.0,21.0
2021-04-09,25,100.0,,1.0,25.0
2021-04-10,16,100.0,,1.0,16.0
2021-04-11,15,100.0,,1.0,15.0
2021-04-12,18,100.0,,1.0,18.0
2021-04-13,100,100.0,,1.0,100.0
2021-04-14,41,100.0,,1.0,41.0
2021-04-15,26,100.0,,1.0,26.0
2021-04-16,20,100.0,,1.0,20.0
2021-04-17,11,100.0,,1.0,11.0
2021-04-18,10,100.0,,1.0,10.0
2021-04-19,19,100.0,,1.0,19.0
2021-04-20,26,100.0,,1.0,26.0
2021-04-21,23,100.0,,1.0,23.0
2021-04-22,17,100.0,,1.0,17.0
2021-04-23,21,100.0,,1.0,21.0
2021-04-24,10,100.0,,1.0,10.0
2021-04-25,7,100.0,,1.0,7.0
2021-04-26,17,100.0,,1.0,17.0
2021-04-27,17,100.0,,1.0,17.0
2021-04-28,13,100.0,,1.0,13.0
2021-04-29,13,100.0,,1.0,13.0
2021-04-30,13,100.0,,1.0,13.0
2021-05-01,30,51.0,False,0.51,15.3
2021-05-02,28,51.0,,0.51,14.280000000000001
2021-05-03,80,51.0,,0.51,40.8
2021-05-04,85,51.0,,0.51,43.35
2021-05-05,84,51.0,,0.51,42.84
2021-05-06,89,51.0,,0.51,45.39
2021-05-07,100,51.0,,0.51,51.0
2021-05-08,37,51.0,,0.51,18.87
2021-05-09,29,51.0,,0.51,14.790000000000001
2021-05-10,84,51.0,,0.51,42.84
2021-05-11,81,51.0,,0.51,41.31
2021-05-12,78,51.0,,0.51,39.78
2021-05-13,79,51.0,,0.51,40.29
2021-05-14,81,51.0,,0.51,41.31
2021-05-15,43,51.0,,0.51,21.93
2021-05-16,25,51.0,,0.51,12.75
2021-05-17,72,51.0,,0.51,36.72
2021-05-18,67,51.0,,0.51,34.17
2021-05-19,93,51.0,,0.51,47.43
2021-05-20,68,51.0,,0.51,34.68
2021-05-21,62,51.0,,0.51,31.62
2021-05-22,40,51.0,,0.51,20.4
2021-05-23,23,51.0,,0.51,11.73
2021-05-24,77,51.0,,0.51,39.27
2021-05-25,67,51.0,,0.51,34.17
2021-05-26,62,51.0,,0.51,31.62
2021-05-27,70,51.0,,0.51,35.7
2021-05-28,65,51.0,,0.51,33.15
2021-05-29,28,51.0,,0.51,14.280000000000001
2021-05-30,26,51.0,,0.51,13.26
2021-05-31,19,51.0,,0.51,9.69
2021-06-01,91,45.0,False,0.45,40.95
2021-06-02,100,45.0,,0.45,45.0
2021-06-03,72,45.0,,0.45,32.4
2021-06-04,68,45.0,,0.45,30.6
2021-06-05,43,45.0,,0.45,19.35
2021-06-06,29,45.0,,0.45,13.05
2021-06-07,84,45.0,,0.45,37.800000000000004
2021-06-08,76,45.0,,0.45,34.2
2021-06-09,89,45.0,,0.45,40.050000000000004
2021-06-10,87,45.0,,0.45,39.15
2021-06-11,86,45.0,,0.45,38.7
2021-06-12,34,45.0,,0.45,15.3
2021-06-13,27,45.0,,0.45,12.15
2021-06-14,85,45.0,,0.45,38.25
2021-06-15,88,45.0,,0.45,39.6
2021-06-16,65,45.0,,0.45,29.25
2021-06-17,67,45.0,,0.45,30.150000000000002
2021-06-18,67,45.0,,0.45,30.150000000000002
2021-06-19,28,45.0,,0.45,12.6
2021-06-20,30,45.0,,0.45,13.5
2021-06-21,75,45.0,,0.45,33.75
2021-06-22,71,45.0,,0.45,31.95
2021-06-23,75,45.0,,0.45,33.75
2021-06-24,72,45.0,,0.45,32.4
2021-06-25,63,45.0,,0.45,28.35
2021-06-26,48,45.0,,0.45,21.6
2021-06-27,32,45.0,,0.45,14.4
2021-06-28,80,45.0,,0.45,36.0
2021-06-29,82,45.0,,0.45,36.9
2021-06-30,78,45.0,,0.45,35.1
2021-07-01,55,44.0,False,0.44,24.2
2021-07-02,61,44.0,,0.44,26.84
2021-07-03,22,44.0,,0.44,9.68
2021-07-04,11,44.0,,0.44,4.84
2021-07-05,19,44.0,,0.44,8.36
2021-07-06,57,44.0,,0.44,25.080000000000002
2021-07-07,56,44.0,,0.44,24.64
2021-07-08,59,44.0,,0.44,25.96
2021-07-09,56,44.0,,0.44,24.64
2021-07-10,24,44.0,,0.44,10.56
2021-07-11,25,44.0,,0.44,11.0
2021-07-12,76,44.0,,0.44,33.44
2021-07-13,81,44.0,,0.44,35.64
2021-07-14,62,44.0,,0.44,27.28
2021-07-15,84,44.0,,0.44,36.96
2021-07-16,70,44.0,,0.44,30.8
2021-07-17,29,44.0,,0.44,12.76
2021-07-18,22,44.0,,0.44,9.68
2021-07-19,66,44.0,,0.44,29.04
2021-07-20,71,44.0,,0.44,31.24
2021-07-21,100,44.0,,0.44,44.0
2021-07-22,73,44.0,,0.44,32.12
2021-07-23,60,44.0,,0.44,26.4
2021-07-24,30,44.0,,0.44,13.2
2021-07-25,23,44.0,,0.44,10.12
2021-07-26,58,44.0,,0.44,25.52
2021-07-27,58,44.0,,0.44,25.52
2021-07-28,61,44.0,,0.44,26.84
2021-07-29,64,44.0,,0.44,28.16
2021-07-30,59,44.0,,0.44,25.96
2021-07-31,24,44.0,,0.44,10.56
2021-08-01,19,52.0,False,0.52,9.88
2021-08-02,56,52.0,,0.52,29.12
2021-08-03,71,52.0,,0.52,36.92
2021-08-04,70,52.0,,0.52,36.4
2021-08-05,64,52.0,,0.52,33.28
2021-08-06,64,52.0,,0.52,33.28
2021-08-07,38,52.0,,0.52,19.76
2021-08-08,29,52.0,,0.52,15.08
2021-08-09,58,52.0,,0.52,30.16
2021-08-10,55,52.0,,0.52,28.6
2021-08-11,58,52.0,,0.52,30.16
2021-08-12,68,52.0,,0.52,35.36
2021-08-13,58,52.0,,0.52,30.16
2021-08-14,33,52.0,,0.52,17.16
2021-08-15,19,52.0,,0.52,9.88
2021-08-16,52,52.0,,0.52,27.04
2021-08-17,76,52.0,,0.52,39.52
2021-08-18,80,52.0,,0.52,41.6
2021-08-19,95,52.0,,0.52,49.4
2021-08-20,82,52.0,,0.52,42.64
2021-08-21,29,52.0,,0.52,15.08
2021-08-22,31,52.0,,0.52,16.12
2021-08-23,71,52.0,,0.52,36.92
2021-08-24,66,52.0,,0.52,34.32
2021-08-25,100,52.0,,0.52,52.0
2021-08-26,76,52.0,,0.52,39.52
2021-08-27,59,52.0,,0.52,30.68
2021-08-28,32,52.0,,0.52,16.64
2021-08-29,15,52.0,,0.52,7.800000000000001
2021-08-30,62,52.0,,0.52,32.24
2021-08-31,49,52.0,,0.52,25.48
2021-09-01,80,38.0,False,0.38,30.4
2021-09-02,69,38.0,,0.38,26.22
2021-09-03,75,38.0,,0.38,28.5
2021-09-04,28,38.0,,0.38,10.64
2021-09-05,29,38.0,,0.38,11.02
2021-09-06,26,38.0,,0.38,9.88
2021-09-07,85,38.0,,0.38,32.3
2021-09-08,79,38.0,,0.38,30.02
2021-09-09,100,38.0,,0.38,38.0
2021-09-10,85,38.0,,0.38,32.3
2021-09-11,35,38.0,,0.38,13.3
2021-09-12,32,38.0,,0.38,12.16
2021-09-13,81,38.0,,0.38,30.78
2021-09-14,75,38.0,,0.38,28.5
2021-09-15,67,38.0,,0.38,25.46
2021-09-16,72,38.0,,0.38,27.36
2021-09-17,75,38.0,,0.38,28.5
2021-09-18,40,38.0,,0.38,15.2
2021-09-19,28,38.0,,0.38,10.64
2021-09-20,76,38.0,,0.38,28.88
2021-09-21,99,38.0,,0.38,37.62
2021-09-22,70,38.0,,0.38,26.6
2021-09-23,86,38.0,,0.38,32.68
2021-09-24,76,38.0,,0.38,28.88
2021-09-25,37,38.0,,0.38,14.06
2021-09-26,19,38.0,,0.38,7.22
2021-09-27,68,38.0,,0.38,25.84
2021-09-28,75,38.0,,0.38,28.5
2021-09-29,71,38.0,,0.38,26.98
2021-09-30,77,38.0,,0.38,29.26
2021-10-01,62,43.0,False,0.43,26.66
2021-10-02,29,43.0,,0.43,12.47
2021-10-03,20,43.0,,0.43,8.6
2021-10-04,48,43.0,,0.43,20.64
2021-10-05,52,43.0,,0.43,22.36
2021-10-06,49,43.0,,0.43,21.07
2021-10-07,54,43.0,,0.43,23.22
2021-10-08,46,43.0,,0.43,19.78
2021-10-09,14,43.0,,0.43,6.02
2021-10-10,20,43.0,,0.43,8.6
2021-10-11,47,43.0,,0.43,20.21
2021-10-12,43,43.0,,0.43,18.49
2021-10-13,47,43.0,,0.43,20.21
2021-10-14,65,43.0,,0.43,27.95
2021-10-15,70,43.0,,0.43,30.099999999999998
2021-10-16,30,43.0,,0.43,12.9
2021-10-17,22,43.0,,0.43,9.459999999999999
2021-10-18,61,43.0,,0.43,26.23
2021-10-19,100,43.0,,0.43,43.0
2021-10-20,73,43.0,,0.43,31.39
2021-10-21,75,43.0,,0.43,32.25
2021-10-22,60,43.0,,0.43,25.8
2021-10-23,26,43.0,,0.43,11.18
2021-10-24,20,43.0,,0.43,8.6
2021-10-25,65,43.0,,0.43,27.95
2021-10-26,60,43.0,,0.43,25.8
2021-10-27,58,43.0,,0.43,24.94
2021-10-28,59,43.0,,0.43,25.37
2021-10-29,44,43.0,,0.43,18.919999999999998
2021-10-30,19,43.0,,0.43,8.17
2021-10-31,22,43.0,,0.43,9.459999999999999
2021-11-01,27,39.0,False,0.39,10.530000000000001
2021-11-02,34,39.0,,0.39,13.26
2021-11-03,30,39.0,,0.39,11.700000000000001
2021-11-04,27,39.0,,0.39,10.530000000000001
2021-11-05,30,39.0,,0.39,11.700000000000001
2021-11-06,11,39.0,,0.39,4.29
2021-11-07,8,39.0,,0.39,3.12
2021-11-08,30,39.0,,0.39,11.700000000000001
2021-11-09,29,39.0,,0.39,11.31
2021-11-10,32,39.0,,0.39,12.48
2021-11-11,26,39.0,,0.39,10.14
2021-11-12,100,39.0,,0.39,39.0
2021-11-13,27,39.0,,0.39,10.530000000000001
2021-11-14,16,39.0,,0.39,6.24
2021-11-15,39,39.0,,0.39,15.21
2021-11-16,33,39.0,,0.39,12.870000000000001
2021-11-17,30,39.0,,0.39,11.700000000000001
2021-11-18,37,39.0,,0.39,14.43
2021-11-19,30,39.0,,0.39,11.700000000000001
2021-11-20,16,39.0,,0.39,6.24
2021-11-21,6,39.0,,0.39,2.34
2021-11-22,25,39.0,,0.39,9.75
2021-11-23,29,39.0,,0.39,11.31
2021-11-24,25,39.0,,0.39,9.75
2021-11-25,10,39.0,,0.39,3.9000000000000004
2021-11-26,23,39.0,,0.39,8.97
2021-11-27,12,39.0,,0.39,4.68
2021-11-28,13,39.0,,0.39,5.07
2021-11-29,23,39.0,,0.39,8.97
2021-11-30,32,39.0,,0.39,12.48
2021-12-01,60,42.0,False,0.42,25.2
2021-12-02,65,42.0,,0.42,27.3
2021-12-03,52,42.0,,0.42,21.84
2021-12-04,17,42.0,,0.42,7.14
2021-12-05,19,42.0,,0.42,7.9799999999999995
2021-12-06,52,42.0,,0.42,21.84
2021-12-07,69,42.0,,0.42,28.98
2021-12-08,62,42.0,,0.42,26.04
2021-12-09,59,42.0,,0.42,24.779999999999998
2021-12-10,65,42.0,,0.42,27.3
2021-12-11,25,42.0,,0.42,10.5
2021-12-12,17,42.0,,0.42,7.14
2021-12-13,57,42.0,,0.42,23.939999999999998
2021-12-14,76,42.0,,0.42,31.919999999999998
2021-12-15,64,42.0,,0.42,26.88
2021-12-16,85,42.0,,0.42,35.699999999999996
2021-12-17,100,42.0,,0.42,42.0
2021-12-18,36,42.0,,0.42,15.12
2021-12-19,29,42.0,,0.42,12.18
2021-12-20,84,42.0,,0.42,35.28
2021-12-21,56,42.0,,0.42,23.52
2021-12-22,63,42.0,,0.42,26.459999999999997
2021-12-23,54,42.0,,0.42,22.68
2021-12-24,29,42.0,,0.42,12.18
2021-12-25,14,42.0,,0.42,5.88
2021-12-26,23,42.0,,0.42,9.66
2021-12-27,58,42.0,,0.42,24.36
2021-12-28,55,42.0,,0.42,23.099999999999998
2021-12-29,55,42.0,,0.42,23.099999999999998
2021-12-30,61,42.0,,0.42,25.619999999999997
2021-12-31,44,42.0,,0.42,18.48
2022-01-01,22,36.0,False,0.36,7.92
2022-01-02,19,36.0,,0.36,6.84
2022-01-03,47,36.0,,0.36,16.919999999999998
2022-01-04,76,36.0,,0.36,27.36
2022-01-05,75,36.0,,0.36,27.0
2022-01-06,47,36.0,,0.36,16.919999999999998
2022-01-07,51,36.0,,0.36,18.36
2022-01-08,27,36.0,,0.36,9.719999999999999
2022-01-09,14,36.0,,0.36,5.04
2022-01-10,44,36.0,,0.36,15.84
2022-01-11,46,36.0,,0.36,16.56
2022-01-12,43,36.0,,0.36,15.479999999999999
2022-01-13,53,36.0,,0.36,19.08
2022-01-14,48,36.0,,0.36,17.28
2022-01-15,16,36.0,,0.36,5.76
2022-01-16,24,36.0,,0.36,8.64
2022-01-17,29,36.0,,0.36,10.44
2022-01-18,36,36.0,,0.36,12.959999999999999
2022-01-19,45,36.0,,0.36,16.2
2022-01-20,55,36.0,,0.36,19.8
2022-01-21,55,36.0,,0.36,19.8
2022-01-22,27,36.0,,0.36,9.719999999999999
2022-01-23,19,36.0,,0.36,6.84
2022-01-24,71,36.0,,0.36,25.56
2022-01-25,100,36.0,,0.36,36.0
2022-01-26,67,36.0,,0.36,24.119999999999997
2022-01-27,46,36.0,,0.36,16.56
2022-01-28,45,36.0,,0.36,16.2
2022-01-29,20,36.0,,0.36,7.199999999999999
2022-01-30,10,36.0,,0.36,3.5999999999999996
2022-01-31,49,36.0,,0.36,17.64
2022-02-01,81,33.0,False,0.33,26.73
2022-02-02,74,33.0,,0.33,24.42
2022-02-03,90,33.0,,0.33,29.700000000000003
2022-02-04,71,33.0,,0.33,23.43
2022-02-05,32,33.0,,0.33,10.56
2022-02-06,19,33.0,,0.33,6.2700000000000005
2022-02-07,79,33.0,,0.33,26.07
2022-02-08,74,33.0,,0.33,24.42
2022-02-09,85,33.0,,0.33,28.05
2022-02-10,100,33.0,,0.33,33.0
2022-02-11,76,33.0,,0.33,25.080000000000002
2022-02-12,23,33.0,,0.33,7.590000000000001
2022-02-13,20,33.0,,0.33,6.6000000000000005
2022-02-14,72,33.0,,0.33,23.76
2022-02-15,88,33.0,,0.33,29.040000000000003
2022-02-16,56,33.0,,0.33,18.48
2022-02-17,67,33.0,,0.33,22.11
2022-02-18,77,33.0,,0.33,25.41
2022-02-19,36,33.0,,0.33,11.88
2022-02-20,24,33.0,,0.33,7.92
2022-02-21,31,33.0,,0.33,10.23
2022-02-22,75,33.0,,0.33,24.75
2022-02-23,69,33.0,,0.33,22.77
2022-02-24,89,33.0,,0.33,29.37
2022-02-25,100,33.0,,0.33,33.0
2022-02-26,46,33.0,,0.33,15.180000000000001
2022-02-27,27,33.0,,0.33,8.91
2022-02-28,84,33.0,,0.33,27.720000000000002
2022-03-01,85,34.0,False,0.34,28.900000000000002
2022-03-02,78,34.0,,0.34,26.520000000000003
2022-03-03,79,34.0,,0.34,26.860000000000003
2022-03-04,70,34.0,,0.34,23.8
2022-03-05,25,34.0,,0.34,8.5
2022-03-06,20,34.0,,0.34,6.800000000000001
2022-03-07,100,34.0,,0.34,34.0
2022-03-08,94,34.0,,0.34,31.96
2022-03-09,87,34.0,,0.34,29.580000000000002
2022-03-10,77,34.0,,0.34,26.180000000000003
2022-03-11,71,34.0,,0.34,24.14
2022-03-12,42,34.0,,0.34,14.280000000000001
2022-03-13,33,34.0,,0.34,11.22
2022-03-14,90,34.0,,0.34,30.6
2022-03-15,82,34.0,,0.34,27.880000000000003
2022-03-16,80,34.0,,0.34,27.200000000000003
2022-03-17,81,34.0,,0.34,27.540000000000003
2022-03-18,67,34.0,,0.34,22.78
2022-03-19,37,34.0,,0.34,12.58
2022-03-20,30,34.0,,0.34,10.200000000000001
2022-03-21,80,34.0,,0.34,27.200000000000003
2022-03-22,76,34.0,,0.34,25.840000000000003
2022-03-23,78,34.0,,0.34,26.520000000000003
2022-03-24,72,34.0,,0.34,24.48
2022-03-25,81,34.0,,0.34,27.540000000000003
2022-03-26,27,34.0,,0.34,9.180000000000001
2022-03-27,23,34.0,,0.34,7.82
2022-03-28,68,34.0,,0.34,23.12
2022-03-29,81,34.0,,0.34,27.540000000000003
2022-03-30,81,34.0,,0.34,27.540000000000003
2022-03-31,75,34.0,,0.34,25.500000000000004
2022-04-01,55,36.0,False,0.36,19.8
2022-04-02,20,36.0,,0.36,7.199999999999999
2022-04-03,20,36.0,,0.36,7.199999999999999
2022-04-04,42,36.0,,0.36,15.12
2022-04-05,46,36.0,,0.36,16.56
2022-04-06,57,36.0,,0.36,20.52
2022-04-07,48,36.0,,0.36,17.28
2022-04-08,46,36.0,,0.36,16.56
2022-04-09,23,36.0,,0.36,8.28
2022-04-10,18,36.0,,0.36,6.4799999999999995
2022-04-11,48,36.0,,0.36,17.28
2022-04-12,50,36.0,,0.36,18.0
2022-04-13,51,36.0,,0.36,18.36
2022-04-14,47,36.0,,0.36,16.919999999999998
2022-04-15,22,36.0,,0.36,7.92
2022-04-16,14,36.0,,0.36,5.04
2022-04-17,19,36.0,,0.36,6.84
2022-04-18,54,36.0,,0.36,19.439999999999998
2022-04-19,100,36.0,,0.36,36.0
2022-04-20,68,36.0,,0.36,24.48
2022-04-21,62,36.0,,0.36,22.32
2022-04-22,43,36.0,,0.36,15.479999999999999
2022-04-23,26,36.0,,0.36,9.36
2022-04-24,20,36.0,,0.36,7.199999999999999
2022-04-25,45,36.0,,0.36,16.2
2022-04-26,55,36.0,,0.36,19.8
2022-04-27,47,36.0,,0.36,16.919999999999998
2022-04-28,54,36.0,,0.36,19.439999999999998
2022-04-29,46,36.0,,0.36,16.56
2022-04-30,22,36.0,,0.36,7.92
2022-05-01,24,32.0,False,0.32,7.68
2022-05-02,65,32.0,,0.32,20.8
2022-05-03,62,32.0,,0.32,19.84
2022-05-04,66,32.0,,0.32,21.12
2022-05-05,84,32.0,,0.32,26.88
2022-05-06,100,32.0,,0.32,32.0
2022-05-07,42,32.0,,0.32,13.44
2022-05-08,21,32.0,,0.32,6.72
2022-05-09,65,32.0,,0.32,20.8
2022-05-10,72,32.0,,0.32,23.04
2022-05-11,69,32.0,,0.32,22.080000000000002
2022-05-12,57,32.0,,0.32,18.240000000000002
2022-05-13,58,32.0,,0.32,18.56
2022-05-14,22,32.0,,0.32,7.04
2022-05-15,23,32.0,,0.32,7.36
2022-05-16,64,32.0,,0.32,20.48
2022-05-17,63,32.0,,0.32,20.16
2022-05-18,69,32.0,,0.32,22.080000000000002
2022-05-19,72,32.0,,0.32,23.04
2022-05-20,54,32.0,,0.32,17.28
2022-05-21,23,32.0,,0.32,7.36
2022-05-22,25,32.0,,0.32,8.0
2022-05-23,67,32.0,,0.32,21.44
2022-05-24,67,32.0,,0.32,21.44
2022-05-25,74,32.0,,0.32,23.68
2022-05-26,64,32.0,,0.32,20.48
2022-05-27,51,32.0,,0.32,16.32
2022-05-28,36,32.0,,0.32,11.52
2022-05-29,23,32.0,,0.32,7.36
2022-05-30,19,32.0,,0.32,6.08
2022-05-31,54,32.0,,0.32,17.28
2022-06-01,100,29.0,False,0.29,28.999999999999996
2022-06-02,68,29.0,,0.29,19.72
2022-06-03,74,29.0,,0.29,21.459999999999997
2022-06-04,36,29.0,,0.29,10.44
2022-06-05,29,29.0,,0.29,8.41
2022-06-06,58,29.0,,0.29,16.82
2022-06-07,76,29.0,,0.29,22.04
2022-06-08,74,29.0,,0.29,21.459999999999997
2022-06-09,63,29.0,,0.29,18.27
2022-06-10,79,29.0,,0.29,22.91
2022-06-11,43,29.0,,0.29,12.469999999999999
2022-06-12,29,29.0,,0.29,8.41
2022-06-13,91,29.0,,0.29,26.389999999999997
2022-06-14,79,29.0,,0.29,22.91
2022-06-15,78,29.0,,0.29,22.619999999999997
2022-06-16,92,29.0,,0.29,26.68
2022-06-17,59,29.0,,0.29,17.11
2022-06-18,37,29.0,,0.29,10.729999999999999
2022-06-19,31,29.0,,0.29,8.99
2022-06-20,53,29.0,,0.29,15.37
2022-06-21,81,29.0,,0.29,23.49
2022-06-22,78,29.0,,0.29,22.619999999999997
2022-06-23,80,29.0,,0.29,23.2
2022-06-24,86,29.0,,0.29,24.939999999999998
2022-06-25,23,29.0,,0.29,6.67
2022-06-26,30,29.0,,0.29,8.7
2022-06-27,60,29.0,,0.29,17.4
2022-06-28,74,29.0,,0.29,21.459999999999997
2022-06-29,82,29.0,,0.29,23.779999999999998
2022-06-30,76,29.0,,0.29,22.04
2022-07-01,42,29.0,False,0.29,12.18
2022-07-02,19,29.0,,0.29,5.51
2022-07-03,16,29.0,,0.29,4.64
2022-07-04,11,29.0,,0.29,3.19
2022-07-05,43,29.0,,0.29,12.469999999999999
2022-07-06,48,29.0,,0.29,13.919999999999998
2022-07-07,47,29.0,,0.29,13.629999999999999
2022-07-08,39,29.0,,0.29,11.309999999999999
2022-07-09,8,29.0,,0.29,2.32
2022-07-10,12,29.0,,0.29,3.4799999999999995
2022-07-11,32,29.0,,0.29,9.28
2022-07-12,45,29.0,,0.29,13.049999999999999
2022-07-13,34,29.0,,0.29,9.86
2022-07-14,47,29.0,,0.29,13.629999999999999
2022-07-15,45,29.0,,0.29,13.049999999999999
2022-07-16,23,29.0,,0.29,6.67
2022-07-17,18,29.0,,0.29,5.22
2022-07-18,52,29.0,,0.29,15.079999999999998
2022-07-19,100,29.0,,0.29,28.999999999999996
2022-07-20,65,29.0,,0.29,18.849999999999998
2022-07-21,49,29.0,,0.29,14.209999999999999
2022-07-22,40,29.0,,0.29,11.6
2022-07-23,20,29.0,,0.29,5.8
2022-07-24,16,29.0,,0.29,4.64
2022-07-25,47,29.0,,0.29,13.629999999999999
2022-07-26,51,29.0,,0.29,14.79
2022-07-27,46,29.0,,0.29,13.34
2022-07-28,47,29.0,,0.29,13.629999999999999
2022-07-29,43,29.0,,0.29,12.469999999999999
2022-07-30,20,29.0,,0.29,5.8
2022-07-31,15,29.0,,0.29,4.35
2022-08-01,81,29.0,False,0.29,23.49
2022-08-02,82,29.0,,0.29,23.779999999999998
2022-08-03,72,29.0,,0.29,20.88
2022-08-04,81,29.0,,0.29,23.49
2022-08-05,78,29.0,,0.29,22.619999999999997
2022-08-06,29,29.0,,0.29,8.41
2022-08-07,20,29.0,,0.29,5.8
2022-08-08,91,29.0,,0.29,26.389999999999997
2022-08-09,76,29.0,,0.29,22.04
2022-08-10,78,29.0,,0.29,22.619999999999997
2022-08-11,90,29.0,,0.29,26.099999999999998
2022-08-12,90,29.0,,0.29,26.099999999999998
2022-08-13,30,29.0,,0.29,8.7
2022-08-14,36,29.0,,0.29,10.44
2022-08-15,97,29.0,,0.29,28.13
2022-08-16,78,29.0,,0.29,22.619999999999997
2022-08-17,86,29.0,,0.29,24.939999999999998
2022-08-18,90,29.0,,0.29,26.099999999999998
2022-08-19,100,29.0,,0.29,28.999999999999996
2022-08-20,29,29.0,,0.29,8.41
2022-08-21,31,29.0,,0.29,8.99
2022-08-22,73,29.0,,0.29,21.169999999999998
2022-08-23,78,29.0,,0.29,22.619999999999997
2022-08-24,81,29.0,,0.29,23.49
2022-08-25,90,29.0,,0.29,26.099999999999998
2022-08-26,74,29.0,,0.29,21.459999999999997
2022-08-27,26,29.0,,0.29,7.539999999999999
2022-08-28,39,29.0,,0.29,11.309999999999999
2022-08-29,86,29.0,,0.29,24.939999999999998
2022-08-30,86,29.0,,0.29,24.939999999999998
2022-08-31,64,29.0,,0.29,18.56
2022-09-01,91,28.0,False,0.28,25.480000000000004
2022-09-02,61,28.0,,0.28,17.080000000000002
2022-09-03,34,28.0,,0.28,9.520000000000001
2022-09-04,19,28.0,,0.28,5.32
2022-09-05,19,28.0,,0.28,5.32
2022-09-06,70,28.0,,0.28,19.6
2022-09-07,81,28.0,,0.28,22.680000000000003
2022-09-08,74,28.0,,0.28,20.720000000000002
2022-09-09,87,28.0,,0.28,24.360000000000003
2022-09-10,24,28.0,,0.28,6.720000000000001
2022-09-11,31,28.0,,0.28,8.680000000000001
2022-09-12,66,28.0,,0.28,18.48
2022-09-13,85,28.0,,0.28,23.8
2022-09-14,89,28.0,,0.28,24.92
2022-09-15,79,28.0,,0.28,22.12
2022-09-16,78,28.0,,0.28,21.840000000000003
2022-09-17,37,28.0,,0.28,10.360000000000001
2022-09-18,27,28.0,,0.28,7.5600000000000005
2022-09-19,95,28.0,,0.28,26.6
2022-09-20,71,28.0,,0.28,19.880000000000003
2022-09-21,85,28.0,,0.28,23.8
2022-09-22,90,28.0,,0.28,25.200000000000003
2022-09-23,71,28.0,,0.28,19.880000000000003
2022-09-24,43,28.0,,0.28,12.040000000000001
2022-09-25,32,28.0,,0.28,8.96
2022-09-26,71,28.0,,0.28,19.880000000000003
2022-09-27,85,28.0,,0.28,23.8
2022-09-28,100,28.0,,0.28,28.000000000000004
2022-09-29,75,28.0,,0.28,21.000000000000004
2022-09-30,84,28.0,,0.28,23.520000000000003
2022-10-01,18,29.0,False,0.29,5.22
2022-10-02,20,29.0,,0.29,5.8
2022-10-03,58,29.0,,0.29,16.82
2022-10-04,56,29.0,,0.29,16.24
2022-10-05,50,29.0,,0.29,14.499999999999998
2022-10-06,39,29.0,,0.29,11.309999999999999
2022-10-07,45,29.0,,0.29,13.049999999999999
2022-10-08,26,29.0,,0.29,7.539999999999999
2022-10-09,19,29.0,,0.29,5.51
2022-10-10,48,29.0,,0.29,13.919999999999998
2022-10-11,38,29.0,,0.29,11.02
2022-10-12,49,29.0,,0.29,14.209999999999999
2022-10-13,53,29.0,,0.29,15.37
2022-10-14,50,29.0,,0.29,14.499999999999998
2022-10-15,23,29.0,,0.29,6.67
2022-10-16,16,29.0,,0.29,4.64
2022-10-17,50,29.0,,0.29,14.499999999999998
2022-10-18,100,29.0,,0.29,28.999999999999996
2022-10-19,59,29.0,,0.29,17.11
2022-10-20,56,29.0,,0.29,16.24
2022-10-21,48,29.0,,0.29,13.919999999999998
2022-10-22,23,29.0,,0.29,6.67
2022-10-23,18,29.0,,0.29,5.22
2022-10-24,58,29.0,,0.29,16.82
2022-10-25,55,29.0,,0.29,15.95
2022-10-26,48,29.0,,0.29,13.919999999999998
2022-10-27,57,29.0,,0.29,16.529999999999998
2022-10-28,64,29.0,,0.29,18.56
2022-10-29,21,29.0,,0.29,6.09
2022-10-30,22,29.0,,0.29,6.38
2022-10-31,51,29.0,,0.29,14.79
2022-11-01,100,30.0,False,0.3,30.0
2022-11-02,78,30.0,,0.3,23.4
2022-11-03,62,30.0,,0.3,18.599999999999998
2022-11-04,43,30.0,,0.3,12.9
2022-11-05,16,30.0,,0.3,4.8
2022-11-06,12,30.0,,0.3,3.5999999999999996
2022-11-07,51,30.0,,0.3,15.299999999999999
2022-11-08,59,30.0,,0.3,17.7
2022-11-09,52,30.0,,0.3,15.6
2022-11-10,68,30.0,,0.3,20.4
2022-11-11,95,30.0,,0.3,28.5
2022-11-12,29,30.0,,0.3,8.7
2022-11-13,27,30.0,,0.3,8.1
2022-11-14,54,30.0,,0.3,16.2
2022-11-15,66,30.0,,0.3,19.8
2022-11-16,59,30.0,,0.3,17.7
2022-11-17,71,30.0,,0.3,21.3
2022-11-18,62,30.0,,0.3,18.599999999999998
2022-11-19,29,30.0,,0.3,8.7
2022-11-20,12,30.0,,0.3,3.5999999999999996
2022-11-21,52,30.0,,0.3,15.6
2022-11-22,51,30.0,,0.3,15.299999999999999
2022-11-23,50,30.0,,0.3,15.0
2022-11-24,25,30.0,,0.3,7.5
2022-11-25,30,30.0,,0.3,9.0
2022-11-26,39,30.0,,0.3,11.7
2022-11-27,19,30.0,,0.3,5.7
2022-11-28,51,30.0,,0.3,15.299999999999999
2022-11-29,47,30.0,,0.3,14.1
2022-11-30,52,30.0,,0.3,15.6
2022-12-01,86,27.0,False,0.27,23.220000000000002
2022-12-02,98,27.0,,0.27,26.46
2022-12-03,43,27.0,,0.27,11.610000000000001
2022-12-04,71,27.0,,0.27,19.17
2022-12-05,83,27.0,,0.27,22.41
2022-12-06,70,27.0,,0.27,18.900000000000002
2022-12-07,87,27.0,,0.27,23.490000000000002
2022-12-08,85,27.0,,0.27,22.950000000000003
2022-12-09,83,27.0,,0.27,22.41
2022-12-10,36,27.0,,0.27,9.72
2022-12-11,24,27.0,,0.27,6.48
2022-12-12,100,27.0,,0.27,27.0
2022-12-13,84,27.0,,0.27,22.68
2022-12-14,77,27.0,,0.27,20.790000000000003
2022-12-15,82,27.0,,0.27,22.14
2022-12-16,84,27.0,,0.27,22.68
2022-12-17,35,27.0,,0.27,9.450000000000001
2022-12-18,25,27.0,,0.27,6.75
2022-12-19,67,27.0,,0.27,18.09
2022-12-20,91,27.0,,0.27,24.57
2022-12-21,70,27.0,,0.27,18.900000000000002
2022-12-22,68,27.0,,0.27,18.36
2022-12-23,81,27.0,,0.27,21.87
2022-12-24,30,27.0,,0.27,8.100000000000001
2022-12-25,15,27.0,,0.27,4.050000000000001
2022-12-26,44,27.0,,0.27,11.88
2022-12-27,83,27.0,,0.27,22.41
2022-12-28,80,27.0,,0.27,21.6
2022-12-29,51,27.0,,0.27,13.770000000000001
2022-12-30,62,27.0,,0.27,16.740000000000002
2022-12-31,36,27.0,,0.27,9.72
2023-01-01,9,34.0,False,0.34,3.06
2023-01-02,17,34.0,,0.34,5.78
2023-01-03,36,34.0,,0.34,12.24
2023-01-04,48,34.0,,0.34,16.32
2023-01-05,40,34.0,,0.34,13.600000000000001
2023-01-06,44,34.0,,0.34,14.96
2023-01-07,23,34.0,,0.34,7.82
2023-01-08,19,34.0,,0.34,6.460000000000001
2023-01-09,39,34.0,,0.34,13.260000000000002
2023-01-10,49,34.0,,0.34,16.66
2023-01-11,45,34.0,,0.34,15.3
2023-01-12,47,34.0,,0.34,15.98
2023-01-13,42,34.0,,0.34,14.280000000000001
2023-01-14,17,34.0,,0.34,5.78
2023-01-15,10,34.0,,0.34,3.4000000000000004
2023-01-16,20,34.0,,0.34,6.800000000000001
2023-01-17,33,34.0,,0.34,11.22
2023-01-18,50,34.0,,0.34,17.0
2023-01-19,47,34.0,,0.34,15.98
2023-01-20,47,34.0,,0.34,15.98
2023-01-21,20,34.0,,0.34,6.800000000000001
2023-01-22,12,34.0,,0.34,4.08
2023-01-23,54,34.0,,0.34,18.360000000000003
2023-01-24,100,34.0,,0.34,34.0
2023-01-25,50,34.0,,0.34,17.0
2023-01-26,48,34.0,,0.34,16.32
2023-01-27,47,34.0,,0.34,15.98
2023-01-28,21,34.0,,0.34,7.140000000000001
2023-01-29,23,34.0,,0.34,7.82
2023-01-30,80,34.0,,0.34,27.200000000000003
2023-01-31,73,34.0,,0.34,24.82
2023-02-01,99,36.0,False,0.36,35.64
2023-02-02,93,36.0,,0.36,33.48
2023-02-03,87,36.0,,0.36,31.32
2023-02-04,38,36.0,,0.36,13.68
2023-02-05,36,36.0,,0.36,12.959999999999999
2023-02-06,80,36.0,,0.36,28.799999999999997
2023-02-07,83,36.0,,0.36,29.88
2023-02-08,63,36.0,,0.36,22.68
2023-02-09,71,36.0,,0.36,25.56
2023-02-10,82,36.0,,0.36,29.52
2023-02-11,32,36.0,,0.36,11.52
2023-02-12,30,36.0,,0.36,10.799999999999999
2023-02-13,62,36.0,,0.36,22.32
2023-02-14,84,36.0,,0.36,30.24
2023-02-15,100,36.0,,0.36,36.0
2023-02-16,87,36.0,,0.36,31.32
2023-02-17,94,36.0,,0.36,33.839999999999996
2023-02-18,40,36.0,,0.36,14.399999999999999
2023-02-19,25,36.0,,0.36,9.0
2023-02-20,53,36.0,,0.36,19.08
2023-02-21,87,36.0,,0.36,31.32
2023-02-22,84,36.0,,0.36,30.24
2023-02-23,70,36.0,,0.36,25.2
2023-02-24,73,36.0,,0.36,26.279999999999998
2023-02-25,33,36.0,,0.36,11.879999999999999
2023-02-26,29,36.0,,0.36,10.44
2023-02-27,84,36.0,,0.36,30.24
2023-02-28,91,36.0,,0.36,32.76
2023-03-01,97,37.0,False,0.37,35.89
2023-03-02,100,37.0,,0.37,37.0
2023-03-03,95,37.0,,0.37,35.15
2023-03-04,39,37.0,,0.37,14.43
2023-03-05,26,37.0,,0.37,9.62
2023-03-06,85,37.0,,0.37,31.45
2023-03-07,68,37.0,,0.37,25.16
2023-03-08,80,37.0,,0.37,29.6
2023-03-09,83,37.0,,0.37,30.71
2023-03-10,72,37.0,,0.37,26.64
2023-03-11,35,37.0,,0.37,12.95
2023-03-12,29,37.0,,0.37,10.73
2023-03-13,71,37.0,,0.37,26.27
2023-03-14,86,37.0,,0.37,31.82
2023-03-15,76,37.0,,0.37,28.12
2023-03-16,81,37.0,,0.37,29.97
2023-03-17,83,37.0,,0.37,30.71
2023-03-18,26,37.0,,0.37,9.62
2023-03-19,16,37.0,,0.37,5.92
2023-03-20,65,37.0,,0.37,24.05
2023-03-21,69,37.0,,0.37,25.53
2023-03-22,71,37.0,,0.37,26.27
2023-03-23,82,37.0,,0.37,30.34
2023-03-24,68,37.0,,0.37,25.16
2023-03-25,33,37.0,,0.37,12.209999999999999
2023-03-26,16,37.0,,0.37,5.92
2023-03-27,60,37.0,,0.37,22.2
2023-03-28,61,37.0,,0.37,22.57
2023-03-29,73,37.0,,0.37,27.009999999999998
2023-03-30,68,37.0,,0.37,25.16
2023-03-31,72,37.0,,0.37,26.64
2023-04-01,17,42.0,False,0.42,7.14
2023-04-02,14,42.0,,0.42,5.88
2023-04-03,42,42.0,,0.42,17.64
2023-04-04,64,42.0,,0.42,26.88
2023-04-05,90,42.0,,0.42,37.8
2023-04-06,71,42.0,,0.42,29.82
2023-04-07,38,42.0,,0.42,15.959999999999999
2023-04-08,19,42.0,,0.42,7.9799999999999995
2023-04-09,17,42.0,,0.42,7.14
2023-04-10,51,42.0,,0.42,21.419999999999998
2023-04-11,39,42.0,,0.42,16.38
2023-04-12,42,42.0,,0.42,17.64
2023-04-13,41,42.0,,0.42,17.22
2023-04-14,44,42.0,,0.42,18.48
2023-04-15,16,42.0,,0.42,6.72
2023-04-16,16,42.0,,0.42,6.72
2023-04-17,41,42.0,,0.42,17.22
2023-04-18,100,42.0,,0.42,42.0
2023-04-19,63,42.0,,0.42,26.459999999999997
2023-04-20,56,42.0,,0.42,23.52
2023-04-21,42,42.0,,0.42,17.64
2023-04-22,19,42.0,,0.42,7.9799999999999995
2023-04-23,13,42.0,,0.42,5.46
2023-04-24,54,42.0,,0.42,22.68
2023-04-25,46,42.0,,0.42,19.32
2023-04-26,47,42.0,,0.42,19.74
2023-04-27,48,42.0,,0.42,20.16
2023-04-28,40,42.0,,0.42,16.8
2023-04-29,19,42.0,,0.42,7.9799999999999995
2023-04-30,13,42.0,,0.42,5.46
2023-05-01,50,38.0,False,0.38,19.0
2023-05-02,48,38.0,,0.38,18.240000000000002
2023-05-03,59,38.0,,0.38,22.42
2023-05-04,100,38.0,,0.38,38.0
2023-05-05,80,38.0,,0.38,30.4
2023-05-06,33,38.0,,0.38,12.540000000000001
2023-05-07,24,38.0,,0.38,9.120000000000001
2023-05-08,53,38.0,,0.38,20.14
2023-05-09,60,38.0,,0.38,22.8
2023-05-10,54,38.0,,0.38,20.52
2023-05-11,55,38.0,,0.38,20.9
2023-05-12,54,38.0,,0.38,20.52
2023-05-13,22,38.0,,0.38,8.36
2023-05-14,13,38.0,,0.38,4.94
2023-05-15,48,38.0,,0.38,18.240000000000002
2023-05-16,45,38.0,,0.38,17.1
2023-05-17,55,38.0,,0.38,20.9
2023-05-18,53,38.0,,0.38,20.14
2023-05-19,56,38.0,,0.38,21.28
2023-05-20,20,38.0,,0.38,7.6
2023-05-21,13,38.0,,0.38,4.94
2023-05-22,50,38.0,,0.38,19.0
2023-05-23,47,38.0,,0.38,17.86
2023-05-24,53,38.0,,0.38,20.14
2023-05-25,62,38.0,,0.38,23.56
2023-05-26,49,38.0,,0.38,18.62
2023-05-27,12,38.0,,0.38,4.5600000000000005
2023-05-28,16,38.0,,0.38,6.08
2023-05-29,24,38.0,,0.38,9.120000000000001
2023-05-30,50,38.0,,0.38,19.0
2023-05-31,60,38.0,,0.38,22.8
2023-06-01,80,27.0,False,0.27,21.6
2023-06-02,72,27.0,,0.27,19.44
2023-06-03,35,27.0,,0.27,9.450000000000001
2023-06-04,45,27.0,,0.27,12.15
2023-06-05,89,27.0,,0.27,24.03
2023-06-06,95,27.0,,0.27,25.650000000000002
2023-06-07,89,27.0,,0.27,24.03
2023-06-08,88,27.0,,0.27,23.76
2023-06-09,74,27.0,,0.27,19.98
2023-06-10,32,27.0,,0.27,8.64
2023-06-11,33,27.0,,0.27,8.91
2023-06-12,92,27.0,,0.27,24.840000000000003
2023-06-13,84,27.0,,0.27,22.68
2023-06-14,91,27.0,,0.27,24.57
2023-06-15,93,27.0,,0.27,25.110000000000003
2023-06-16,85,27.0,,0.27,22.950000000000003
2023-06-17,31,27.0,,0.27,8.370000000000001
2023-06-18,23,27.0,,0.27,6.210000000000001
2023-06-19,56,27.0,,0.27,15.120000000000001
2023-06-20,67,27.0,,0.27,18.09
2023-06-21,81,27.0,,0.27,21.87
2023-06-22,80,27.0,,0.27,21.6
2023-06-23,63,27.0,,0.27,17.01
2023-06-24,28,27.0,,0.27,7.5600000000000005
2023-06-25,26,27.0,,0.27,7.0200000000000005
2023-06-26,76,27.0,,0.27,20.520000000000003
2023-06-27,96,27.0,,0.27,25.92
2023-06-28,72,27.0,,0.27,19.44
2023-06-29,100,27.0,,0.27,27.0
2023-06-30,67,27.0,,0.27,18.09
2023-07-01,17,42.0,False,0.42,7.14
2023-07-02,12,42.0,,0.42,5.04
2023-07-03,25,42.0,,0.42,10.5
2023-07-04,10,42.0,,0.42,4.2
2023-07-05,33,42.0,,0.42,13.86
2023-07-06,31,42.0,,0.42,13.02
2023-07-07,36,42.0,,0.42,15.12
2023-07-08,10,42.0,,0.42,4.2
2023-07-09,8,42.0,,0.42,3.36
2023-07-10,28,42.0,,0.42,11.76
2023-07-11,45,42.0,,0.42,18.9
2023-07-12,41,42.0,,0.42,17.22
2023-07-13,30,42.0,,0.42,12.6
2023-07-14,40,42.0,,0.42,16.8
2023-07-15,18,42.0,,0.42,7.56
2023-07-16,9,42.0,,0.42,3.78
2023-07-17,38,42.0,,0.42,15.959999999999999
2023-07-18,33,42.0,,0.42,13.86
2023-07-19,40,42.0,,0.42,16.8
2023-07-20,100,42.0,,0.42,42.0
2023-07-21,63,42.0,,0.42,26.459999999999997
2023-07-22,26,42.0,,0.42,10.92
2023-07-23,14,42.0,,0.42,5.88
2023-07-24,55,42.0,,0.42,23.099999999999998
2023-07-25,58,42.0,,0.42,24.36
2023-07-26,51,42.0,,0.42,21.419999999999998
2023-07-27,57,42.0,,0.42,23.939999999999998
2023-07-28,71,42.0,,0.42,29.82
2023-07-29,23,42.0,,0.42,9.66
2023-07-30,20,42.0,,0.42,8.4
2023-07-31,81,42.0,,0.42,34.019999999999996
2023-08-01,100,52.0,False,0.52,52.0
2023-08-02,79,52.0,,0.52,41.08
2023-08-03,64,52.0,,0.52,33.28
2023-08-04,68,52.0,,0.52,35.36
2023-08-05,29,52.0,,0.52,15.08
2023-08-06,22,52.0,,0.52,11.440000000000001
2023-08-07,73,52.0,,0.52,37.96
2023-08-08,69,52.0,,0.52,35.88
2023-08-09,59,52.0,,0.52,30.68
2023-08-10,90,52.0,,0.52,46.800000000000004
2023-08-11,73,52.0,,0.52,37.96
2023-08-12,27,52.0,,0.52,14.040000000000001
2023-08-13,22,52.0,,0.52,11.440000000000001
2023-08-14,65,52.0,,0.52,33.800000000000004
2023-08-15,69,52.0,,0.52,35.88
2023-08-16,71,52.0,,0.52,36.92
2023-08-17,68,52.0,,0.52,35.36
2023-08-18,60,52.0,,0.52,31.200000000000003
2023-08-19,23,52.0,,0.52,11.96
2023-08-20,9,52.0,,0.52,4.68
2023-08-21,72,52.0,,0.52,37.44
2023-08-22,60,52.0,,0.52,31.200000000000003
2023-08-23,44,52.0,,0.52,22.880000000000003
2023-08-24,45,52.0,,0.52,23.400000000000002
2023-08-25,40,52.0,,0.52,20.8
2023-08-26,16,52.0,,0.52,8.32
2023-08-27,14,52.0,,0.52,7.28
2023-08-28,46,52.0,,0.52,23.92
2023-08-29,40,52.0,,0.52,20.8
2023-08-30,44,52.0,,0.52,22.880000000000003
2023-08-31,51,52.0,,0.52,26.52
2023-09-01,78,24.0,False,0.24,18.72
2023-09-02,29,24.0,,0.24,6.96
2023-09-03,31,24.0,,0.24,7.4399999999999995
2023-09-04,38,24.0,,0.24,9.12
2023-09-05,83,24.0,,0.24,19.919999999999998
2023-09-06,74,24.0,,0.24,17.759999999999998
2023-09-07,79,24.0,,0.24,18.96
2023-09-08,76,24.0,,0.24,18.24
2023-09-09,24,24.0,,0.24,5.76
2023-09-10,17,24.0,,0.24,4.08
2023-09-11,66,24.0,,0.24,15.84
2023-09-12,73,24.0,,0.24,17.52
2023-09-13,67,24.0,,0.24,16.08
2023-09-14,100,24.0,,0.24,24.0
2023-09-15,77,24.0,,0.24,18.48
2023-09-16,33,24.0,,0.24,7.92
2023-09-17,28,24.0,,0.24,6.72
2023-09-18,57,24.0,,0.24,13.68
2023-09-19,65,24.0,,0.24,15.6
2023-09-20,77,24.0,,0.24,18.48
2023-09-21,65,24.0,,0.24,15.6
2023-09-22,66,24.0,,0.24,15.84
2023-09-23,30,24.0,,0.24,7.199999999999999
2023-09-24,28,24.0,,0.24,6.72
2023-09-25,82,24.0,,0.24,19.68
2023-09-26,71,24.0,,0.24,17.04
2023-09-27,79,24.0,,0.24,18.96
2023-09-28,78,24.0,,0.24,18.72
2023-09-29,67,24.0,,0.24,16.08
2023-09-30,31,24.0,,0.24,7.4399999999999995
2023-10-01,18,29.0,False,0.29,5.22
2023-10-02,56,29.0,,0.29,16.24
2023-10-03,57,29.0,,0.29,16.529999999999998
2023-10-04,45,29.0,,0.29,13.049999999999999
2023-10-05,56,29.0,,0.29,16.24
2023-10-06,64,29.0,,0.29,18.56
2023-10-07,24,29.0,,0.29,6.959999999999999
2023-10-08,27,29.0,,0.29,7.829999999999999
2023-10-09,35,29.0,,0.29,10.149999999999999
2023-10-10,55,29.0,,0.29,15.95
2023-10-11,53,29.0,,0.29,15.37
2023-10-12,44,29.0,,0.29,12.76
2023-10-13,53,29.0,,0.29,15.37
2023-10-14,27,29.0,,0.29,7.829999999999999
2023-10-15,27,29.0,,0.29,7.829999999999999
2023-10-16,48,29.0,,0.29,13.919999999999998
2023-10-17,100,29.0,,0.29,28.999999999999996
2023-10-18,70,29.0,,0.29,20.299999999999997
2023-10-19,73,29.0,,0.29,21.169999999999998
2023-10-20,65,29.0,,0.29,18.849999999999998
2023-10-21,24,29.0,,0.29,6.959999999999999
2023-10-22,34,29.0,,0.29,9.86
2023-10-23,66,29.0,,0.29,19.139999999999997
2023-10-24,63,29.0,,0.29,18.27
2023-10-25,64,29.0,,0.29,18.56
2023-10-26,61,29.0,,0.29,17.689999999999998
2023-10-27,63,29.0,,0.29,18.27
2023-10-28,41,29.0,,0.29,11.889999999999999
2023-10-29,17,29.0,,0.29,4.93
2023-10-30,70,29.0,,0.29,20.299999999999997
2023-10-31,56,29.0,,0.29,16.24
2023-11-01,87,26.0,False,0.26,22.62
2023-11-02,84,26.0,,0.26,21.84
2023-11-03,84,26.0,,0.26,21.84
2023-11-04,34,26.0,,0.26,8.84
2023-11-05,23,26.0,,0.26,5.98
2023-11-06,86,26.0,,0.26,22.36
2023-11-07,81,26.0,,0.26,21.060000000000002
2023-11-08,86,26.0,,0.26,22.36
2023-11-09,94,26.0,,0.26,24.44
2023-11-10,84,26.0,,0.26,21.84
2023-11-11,34,26.0,,0.26,8.84
2023-11-12,29,26.0,,0.26,7.54
2023-11-13,77,26.0,,0.26,20.02
2023-11-14,100,26.0,,0.26,26.0
2023-11-15,92,26.0,,0.26,23.92
2023-11-16,77,26.0,,0.26,20.02
2023-11-17,82,26.0,,0.26,21.32
2023-11-18,42,26.0,,0.26,10.92
2023-11-19,28,26.0,,0.26,7.28
2023-11-20,92,26.0,,0.26,23.92
2023-11-21,89,26.0,,0.26,23.14
2023-11-22,77,26.0,,0.26,20.02
2023-11-23,34,26.0,,0.26,8.84
2023-11-24,54,26.0,,0.26,14.040000000000001
2023-11-25,28,26.0,,0.26,7.28
2023-11-26,34,26.0,,0.26,8.84
2023-11-27,81,26.0,,0.26,21.060000000000002
2023-11-28,78,26.0,,0.26,20.28
2023-11-29,83,26.0,,0.26,21.580000000000002
2023-11-30,82,26.0,,0.26,21.32
2023-12-01,77,27.0,False,0.27,20.790000000000003
2023-12-02,32,27.0,,0.27,8.64
2023-12-03,37,27.0,,0.27,9.99
2023-12-04,76,27.0,,0.27,20.520000000000003
2023-12-05,100,27.0,,0.27,27.0
2023-12-06,77,27.0,,0.27,20.790000000000003
2023-12-07,83,27.0,,0.27,22.41
2023-12-08,78,27.0,,0.27,21.060000000000002
2023-12-09,40,27.0,,0.27,10.8
2023-12-10,14,27.0,,0.27,3.7800000000000002
2023-12-11,63,27.0,,0.27,17.01
2023-12-12,66,27.0,,0.27,17.82
2023-12-13,65,27.0,,0.27,17.55
2023-12-14,90,27.0,,0.27,24.3
2023-12-15,70,27.0,,0.27,18.900000000000002
2023-12-16,32,27.0,,0.27,8.64
2023-12-17,34,27.0,,0.27,9.18
2023-12-18,75,27.0,,0.27,20.25
2023-12-19,71,27.0,,0.27,19.17
2023-12-20,75,27.0,,0.27,20.25
2023-12-21,70,27.0,,0.27,18.900000000000002
2023-12-22,63,27.0,,0.27,17.01
2023-12-23,33,27.0,,0.27,8.91
2023-12-24,13,27.0,,0.27,3.5100000000000002
2023-12-25,22,27.0,,0.27,5.94
2023-12-26,71,27.0,,0.27,19.17
2023-12-27,71,27.0,,0.27,19.17
2023-12-28,49,27.0,,0.27,13.23
2023-12-29,78,27.0,,0.27,21.060000000000002
2023-12-30,29,27.0,,0.27,7.83
2023-12-31,27,27.0,,0.27,7.290000000000001
