date,JPM_unscaled,JPM_monthly,isPartial,scale,JPM
2018-01-01,8,48.0,False,0.48,3.84
2018-01-02,33,48.0,,0.48,15.84
2018-01-03,37,48.0,,0.48,17.759999999999998
2018-01-04,48,48.0,,0.48,23.04
2018-01-05,48,48.0,,0.48,23.04
2018-01-06,16,48.0,,0.48,7.68
2018-01-07,8,48.0,,0.48,3.84
2018-01-08,45,48.0,,0.48,21.599999999999998
2018-01-09,46,48.0,,0.48,22.08
2018-01-10,52,48.0,,0.48,24.96
2018-01-11,59,48.0,,0.48,28.32
2018-01-12,100,48.0,,0.48,48.0
2018-01-13,18,48.0,,0.48,8.64
2018-01-14,10,48.0,,0.48,4.8
2018-01-15,14,48.0,,0.48,6.72
2018-01-16,43,48.0,,0.48,20.64
2018-01-17,41,48.0,,0.48,19.68
2018-01-18,41,48.0,,0.48,19.68
2018-01-19,39,48.0,,0.48,18.72
2018-01-20,11,48.0,,0.48,5.279999999999999
2018-01-21,10,48.0,,0.48,4.8
2018-01-22,34,48.0,,0.48,16.32
2018-01-23,44,48.0,,0.48,21.119999999999997
2018-01-24,39,48.0,,0.48,18.72
2018-01-25,44,48.0,,0.48,21.119999999999997
2018-01-26,41,48.0,,0.48,19.68
2018-01-27,13,48.0,,0.48,6.24
2018-01-28,9,48.0,,0.48,4.32
2018-01-29,34,48.0,,0.48,16.32
2018-01-30,59,48.0,,0.48,28.32
2018-01-31,46,48.0,,0.48,22.08
2018-02-01,40,40.0,False,0.4,16.0
2018-02-02,58,40.0,,0.4,23.200000000000003
2018-02-03,19,40.0,,0.4,7.6000000000000005
2018-02-04,13,40.0,,0.4,5.2
2018-02-05,64,40.0,,0.4,25.6
2018-02-06,100,40.0,,0.4,40.0
2018-02-07,60,40.0,,0.4,24.0
2018-02-08,62,40.0,,0.4,24.8
2018-02-09,58,40.0,,0.4,23.200000000000003
2018-02-10,16,40.0,,0.4,6.4
2018-02-11,3,40.0,,0.4,1.2000000000000002
2018-02-12,53,40.0,,0.4,21.200000000000003
2018-02-13,50,40.0,,0.4,20.0
2018-02-14,56,40.0,,0.4,22.400000000000002
2018-02-15,58,40.0,,0.4,23.200000000000003
2018-02-16,37,40.0,,0.4,14.8
2018-02-17,20,40.0,,0.4,8.0
2018-02-18,7,40.0,,0.4,2.8000000000000003
2018-02-19,17,40.0,,0.4,6.800000000000001
2018-02-20,41,40.0,,0.4,16.400000000000002
2018-02-21,50,40.0,,0.4,20.0
2018-02-22,51,40.0,,0.4,20.400000000000002
2018-02-23,46,40.0,,0.4,18.400000000000002
2018-02-24,18,40.0,,0.4,7.2
2018-02-25,10,40.0,,0.4,4.0
2018-02-26,51,40.0,,0.4,20.400000000000002
2018-02-27,61,40.0,,0.4,24.400000000000002
2018-02-28,45,40.0,,0.4,18.0
2018-03-01,82,33.0,False,0.33,27.060000000000002
2018-03-02,96,33.0,,0.33,31.68
2018-03-03,30,33.0,,0.33,9.9
2018-03-04,16,33.0,,0.33,5.28
2018-03-05,76,33.0,,0.33,25.080000000000002
2018-03-06,79,33.0,,0.33,26.07
2018-03-07,85,33.0,,0.33,28.05
2018-03-08,80,33.0,,0.33,26.400000000000002
2018-03-09,87,33.0,,0.33,28.71
2018-03-10,27,33.0,,0.33,8.91
2018-03-11,19,33.0,,0.33,6.2700000000000005
2018-03-12,65,33.0,,0.33,21.45
2018-03-13,70,33.0,,0.33,23.1
2018-03-14,69,33.0,,0.33,22.77
2018-03-15,76,33.0,,0.33,25.080000000000002
2018-03-16,67,33.0,,0.33,22.11
2018-03-17,17,33.0,,0.33,5.61
2018-03-18,22,33.0,,0.33,7.260000000000001
2018-03-19,62,33.0,,0.33,20.46
2018-03-20,83,33.0,,0.33,27.39
2018-03-21,84,33.0,,0.33,27.720000000000002
2018-03-22,97,33.0,,0.33,32.01
2018-03-23,85,33.0,,0.33,28.05
2018-03-24,23,33.0,,0.33,7.590000000000001
2018-03-25,22,33.0,,0.33,7.260000000000001
2018-03-26,100,33.0,,0.33,33.0
2018-03-27,85,33.0,,0.33,28.05
2018-03-28,85,33.0,,0.33,28.05
2018-03-29,58,33.0,,0.33,19.14
2018-03-30,50,33.0,,0.33,16.5
2018-03-31,0,33.0,,0.33,0.0
2018-04-01,5,50.0,False,0.5,2.5
2018-04-02,26,50.0,,0.5,13.0
2018-04-03,29,50.0,,0.5,14.5
2018-04-04,24,50.0,,0.5,12.0
2018-04-05,29,50.0,,0.5,14.5
2018-04-06,22,50.0,,0.5,11.0
2018-04-07,10,50.0,,0.5,5.0
2018-04-08,5,50.0,,0.5,2.5
2018-04-09,24,50.0,,0.5,12.0
2018-04-10,24,50.0,,0.5,12.0
2018-04-11,24,50.0,,0.5,12.0
2018-04-12,40,50.0,,0.5,20.0
2018-04-13,100,50.0,,0.5,50.0
2018-04-14,14,50.0,,0.5,7.0
2018-04-15,3,50.0,,0.5,1.5
2018-04-16,37,50.0,,0.5,18.5
2018-04-17,31,50.0,,0.5,15.5
2018-04-18,31,50.0,,0.5,15.5
2018-04-19,29,50.0,,0.5,14.5
2018-04-20,30,50.0,,0.5,15.0
2018-04-21,7,50.0,,0.5,3.5
2018-04-22,8,50.0,,0.5,4.0
2018-04-23,19,50.0,,0.5,9.5
2018-04-24,23,50.0,,0.5,11.5
2018-04-25,27,50.0,,0.5,13.5
2018-04-26,20,50.0,,0.5,10.0
2018-04-27,21,50.0,,0.5,10.5
2018-04-28,4,50.0,,0.5,2.0
2018-04-29,5,50.0,,0.5,2.5
2018-04-30,23,50.0,,0.5,11.5
2018-05-01,57,29.0,False,0.29,16.529999999999998
2018-05-02,48,29.0,,0.29,13.919999999999998
2018-05-03,53,29.0,,0.29,15.37
2018-05-04,52,29.0,,0.29,15.079999999999998
2018-05-05,19,29.0,,0.29,5.51
2018-05-06,19,29.0,,0.29,5.51
2018-05-07,51,29.0,,0.29,14.79
2018-05-08,58,29.0,,0.29,16.82
2018-05-09,66,29.0,,0.29,19.139999999999997
2018-05-10,56,29.0,,0.29,16.24
2018-05-11,71,29.0,,0.29,20.59
2018-05-12,14,29.0,,0.29,4.06
2018-05-13,10,29.0,,0.29,2.9
2018-05-14,57,29.0,,0.29,16.529999999999998
2018-05-15,71,29.0,,0.29,20.59
2018-05-16,47,29.0,,0.29,13.629999999999999
2018-05-17,49,29.0,,0.29,14.209999999999999
2018-05-18,43,29.0,,0.29,12.469999999999999
2018-05-19,18,29.0,,0.29,5.22
2018-05-20,6,29.0,,0.29,1.7399999999999998
2018-05-21,48,29.0,,0.29,13.919999999999998
2018-05-22,62,29.0,,0.29,17.98
2018-05-23,63,29.0,,0.29,18.27
2018-05-24,53,29.0,,0.29,15.37
2018-05-25,46,29.0,,0.29,13.34
2018-05-26,8,29.0,,0.29,2.32
2018-05-27,11,29.0,,0.29,3.19
2018-05-28,9,29.0,,0.29,2.61
2018-05-29,93,29.0,,0.29,26.97
2018-05-30,100,29.0,,0.29,28.999999999999996
2018-05-31,87,29.0,,0.29,25.229999999999997
2018-06-01,77,35.0,False,0.35,26.95
2018-06-02,20,35.0,,0.35,7.0
2018-06-03,11,35.0,,0.35,3.8499999999999996
2018-06-04,60,35.0,,0.35,21.0
2018-06-05,70,35.0,,0.35,24.5
2018-06-06,74,35.0,,0.35,25.9
2018-06-07,66,35.0,,0.35,23.099999999999998
2018-06-08,52,35.0,,0.35,18.2
2018-06-09,13,35.0,,0.35,4.55
2018-06-10,14,35.0,,0.35,4.8999999999999995
2018-06-11,68,35.0,,0.35,23.799999999999997
2018-06-12,61,35.0,,0.35,21.349999999999998
2018-06-13,79,35.0,,0.35,27.65
2018-06-14,72,35.0,,0.35,25.2
2018-06-15,73,35.0,,0.35,25.549999999999997
2018-06-16,17,35.0,,0.35,5.949999999999999
2018-06-17,18,35.0,,0.35,6.3
2018-06-18,73,35.0,,0.35,25.549999999999997
2018-06-19,56,35.0,,0.35,19.599999999999998
2018-06-20,67,35.0,,0.35,23.45
2018-06-21,54,35.0,,0.35,18.9
2018-06-22,69,35.0,,0.35,24.15
2018-06-23,21,35.0,,0.35,7.35
2018-06-24,15,35.0,,0.35,5.25
2018-06-25,79,35.0,,0.35,27.65
2018-06-26,75,35.0,,0.35,26.25
2018-06-27,70,35.0,,0.35,24.5
2018-06-28,97,35.0,,0.35,33.949999999999996
2018-06-29,100,35.0,,0.35,35.0
2018-06-30,16,35.0,,0.35,5.6
2018-07-01,6,42.0,False,0.42,2.52
2018-07-02,23,42.0,,0.42,9.66
2018-07-03,26,42.0,,0.42,10.92
2018-07-04,9,42.0,,0.42,3.78
2018-07-05,28,42.0,,0.42,11.76
2018-07-06,24,42.0,,0.42,10.08
2018-07-07,8,42.0,,0.42,3.36
2018-07-08,4,42.0,,0.42,1.68
2018-07-09,36,42.0,,0.42,15.12
2018-07-10,33,42.0,,0.42,13.86
2018-07-11,29,42.0,,0.42,12.18
2018-07-12,40,42.0,,0.42,16.8
2018-07-13,100,42.0,,0.42,42.0
2018-07-14,14,42.0,,0.42,5.88
2018-07-15,6,42.0,,0.42,2.52
2018-07-16,47,42.0,,0.42,19.74
2018-07-17,41,42.0,,0.42,17.22
2018-07-18,38,42.0,,0.42,15.959999999999999
2018-07-19,35,42.0,,0.42,14.7
2018-07-20,29,42.0,,0.42,12.18
2018-07-21,7,42.0,,0.42,2.94
2018-07-22,5,42.0,,0.42,2.1
2018-07-23,35,42.0,,0.42,14.7
2018-07-24,39,42.0,,0.42,16.38
2018-07-25,25,42.0,,0.42,10.5
2018-07-26,30,42.0,,0.42,12.6
2018-07-27,29,42.0,,0.42,12.18
2018-07-28,12,42.0,,0.42,5.04
2018-07-29,6,42.0,,0.42,2.52
2018-07-30,31,42.0,,0.42,13.02
2018-07-31,30,42.0,,0.42,12.6
2018-08-01,82,31.0,False,0.31,25.419999999999998
2018-08-02,57,31.0,,0.31,17.669999999999998
2018-08-03,84,31.0,,0.31,26.04
2018-08-04,24,31.0,,0.31,7.4399999999999995
2018-08-05,18,31.0,,0.31,5.58
2018-08-06,73,31.0,,0.31,22.63
2018-08-07,78,31.0,,0.31,24.18
2018-08-08,72,31.0,,0.31,22.32
2018-08-09,60,31.0,,0.31,18.6
2018-08-10,64,31.0,,0.31,19.84
2018-08-11,20,31.0,,0.31,6.2
2018-08-12,15,31.0,,0.31,4.65
2018-08-13,66,31.0,,0.31,20.46
2018-08-14,65,31.0,,0.31,20.15
2018-08-15,58,31.0,,0.31,17.98
2018-08-16,61,31.0,,0.31,18.91
2018-08-17,60,31.0,,0.31,18.6
2018-08-18,18,31.0,,0.31,5.58
2018-08-19,17,31.0,,0.31,5.27
2018-08-20,48,31.0,,0.31,14.879999999999999
2018-08-21,100,31.0,,0.31,31.0
2018-08-22,74,31.0,,0.31,22.94
2018-08-23,56,31.0,,0.31,17.36
2018-08-24,56,31.0,,0.31,17.36
2018-08-25,19,31.0,,0.31,5.89
2018-08-26,15,31.0,,0.31,4.65
2018-08-27,72,31.0,,0.31,22.32
2018-08-28,67,31.0,,0.31,20.77
2018-08-29,60,31.0,,0.31,18.6
2018-08-30,67,31.0,,0.31,20.77
2018-08-31,54,31.0,,0.31,16.74
2018-09-01,20,27.0,False,0.27,5.4
2018-09-02,8,27.0,,0.27,2.16
2018-09-03,18,27.0,,0.27,4.86
2018-09-04,64,27.0,,0.27,17.28
2018-09-05,59,27.0,,0.27,15.930000000000001
2018-09-06,48,27.0,,0.27,12.96
2018-09-07,51,27.0,,0.27,13.770000000000001
2018-09-08,9,27.0,,0.27,2.43
2018-09-09,0,27.0,,0.27,0.0
2018-09-10,35,27.0,,0.27,9.450000000000001
2018-09-11,48,27.0,,0.27,12.96
2018-09-12,52,27.0,,0.27,14.040000000000001
2018-09-13,68,27.0,,0.27,18.36
2018-09-14,45,27.0,,0.27,12.15
2018-09-15,15,27.0,,0.27,4.050000000000001
2018-09-16,13,27.0,,0.27,3.5100000000000002
2018-09-17,44,27.0,,0.27,11.88
2018-09-18,65,27.0,,0.27,17.55
2018-09-19,83,27.0,,0.27,22.41
2018-09-20,100,27.0,,0.27,27.0
2018-09-21,71,27.0,,0.27,19.17
2018-09-22,25,27.0,,0.27,6.75
2018-09-23,16,27.0,,0.27,4.32
2018-09-24,59,27.0,,0.27,15.930000000000001
2018-09-25,80,27.0,,0.27,21.6
2018-09-26,69,27.0,,0.27,18.630000000000003
2018-09-27,52,27.0,,0.27,14.040000000000001
2018-09-28,54,27.0,,0.27,14.580000000000002
2018-09-29,15,27.0,,0.27,4.050000000000001
2018-09-30,21,27.0,,0.27,5.67
2018-10-01,30,40.0,False,0.4,12.0
2018-10-02,30,40.0,,0.4,12.0
2018-10-03,34,40.0,,0.4,13.600000000000001
2018-10-04,38,40.0,,0.4,15.200000000000001
2018-10-05,33,40.0,,0.4,13.200000000000001
2018-10-06,9,40.0,,0.4,3.6
2018-10-07,3,40.0,,0.4,1.2000000000000002
2018-10-08,24,40.0,,0.4,9.600000000000001
2018-10-09,31,40.0,,0.4,12.4
2018-10-10,30,40.0,,0.4,12.0
2018-10-11,48,40.0,,0.4,19.200000000000003
2018-10-12,100,40.0,,0.4,40.0
2018-10-13,10,40.0,,0.4,4.0
2018-10-14,6,40.0,,0.4,2.4000000000000004
2018-10-15,39,40.0,,0.4,15.600000000000001
2018-10-16,35,40.0,,0.4,14.0
2018-10-17,36,40.0,,0.4,14.4
2018-10-18,32,40.0,,0.4,12.8
2018-10-19,26,40.0,,0.4,10.4
2018-10-20,6,40.0,,0.4,2.4000000000000004
2018-10-21,6,40.0,,0.4,2.4000000000000004
2018-10-22,24,40.0,,0.4,9.600000000000001
2018-10-23,32,40.0,,0.4,12.8
2018-10-24,32,40.0,,0.4,12.8
2018-10-25,34,40.0,,0.4,13.600000000000001
2018-10-26,31,40.0,,0.4,12.4
2018-10-27,9,40.0,,0.4,3.6
2018-10-28,9,40.0,,0.4,3.6
2018-10-29,31,40.0,,0.4,12.4
2018-10-30,34,40.0,,0.4,13.600000000000001
2018-10-31,37,40.0,,0.4,14.8
2018-11-01,62,30.0,False,0.3,18.599999999999998
2018-11-02,54,30.0,,0.3,16.2
2018-11-03,18,30.0,,0.3,5.3999999999999995
2018-11-04,13,30.0,,0.3,3.9
2018-11-05,46,30.0,,0.3,13.799999999999999
2018-11-06,55,30.0,,0.3,16.5
2018-11-07,48,30.0,,0.3,14.399999999999999
2018-11-08,62,30.0,,0.3,18.599999999999998
2018-11-09,49,30.0,,0.3,14.7
2018-11-10,15,30.0,,0.3,4.5
2018-11-11,15,30.0,,0.3,4.5
2018-11-12,46,30.0,,0.3,13.799999999999999
2018-11-13,40,30.0,,0.3,12.0
2018-11-14,75,30.0,,0.3,22.5
2018-11-15,100,30.0,,0.3,30.0
2018-11-16,50,30.0,,0.3,15.0
2018-11-17,23,30.0,,0.3,6.8999999999999995
2018-11-18,16,30.0,,0.3,4.8
2018-11-19,56,30.0,,0.3,16.8
2018-11-20,66,30.0,,0.3,19.8
2018-11-21,47,30.0,,0.3,14.1
2018-11-22,13,30.0,,0.3,3.9
2018-11-23,36,30.0,,0.3,10.799999999999999
2018-11-24,4,30.0,,0.3,1.2
2018-11-25,21,30.0,,0.3,6.3
2018-11-26,55,30.0,,0.3,16.5
2018-11-27,61,30.0,,0.3,18.3
2018-11-28,64,30.0,,0.3,19.2
2018-11-29,68,30.0,,0.3,20.4
2018-11-30,59,30.0,,0.3,17.7
2018-12-01,14,32.0,False,0.32,4.48
2018-12-02,7,32.0,,0.32,2.24
2018-12-03,79,32.0,,0.32,25.28
2018-12-04,78,32.0,,0.32,24.96
2018-12-05,46,32.0,,0.32,14.72
2018-12-06,78,32.0,,0.32,24.96
2018-12-07,60,32.0,,0.32,19.2
2018-12-08,28,32.0,,0.32,8.96
2018-12-09,13,32.0,,0.32,4.16
2018-12-10,74,32.0,,0.32,23.68
2018-12-11,77,32.0,,0.32,24.64
2018-12-12,96,32.0,,0.32,30.72
2018-12-13,69,32.0,,0.32,22.080000000000002
2018-12-14,70,32.0,,0.32,22.400000000000002
2018-12-15,24,32.0,,0.32,7.68
2018-12-16,12,32.0,,0.32,3.84
2018-12-17,57,32.0,,0.32,18.240000000000002
2018-12-18,62,32.0,,0.32,19.84
2018-12-19,88,32.0,,0.32,28.16
2018-12-20,100,32.0,,0.32,32.0
2018-12-21,69,32.0,,0.32,22.080000000000002
2018-12-22,25,32.0,,0.32,8.0
2018-12-23,22,32.0,,0.32,7.04
2018-12-24,60,32.0,,0.32,19.2
2018-12-25,24,32.0,,0.32,7.68
2018-12-26,77,32.0,,0.32,24.64
2018-12-27,88,32.0,,0.32,28.16
2018-12-28,80,32.0,,0.32,25.6
2018-12-29,19,32.0,,0.32,6.08
2018-12-30,10,32.0,,0.32,3.2
2018-12-31,59,32.0,,0.32,18.88
2019-01-01,5,46.0,False,0.46,2.3000000000000003
2019-01-02,28,46.0,,0.46,12.88
2019-01-03,31,46.0,,0.46,14.26
2019-01-04,42,46.0,,0.46,19.32
2019-01-05,16,46.0,,0.46,7.36
2019-01-06,12,46.0,,0.46,5.5200000000000005
2019-01-07,34,46.0,,0.46,15.64
2019-01-08,42,46.0,,0.46,19.32
2019-01-09,39,46.0,,0.46,17.94
2019-01-10,32,46.0,,0.46,14.72
2019-01-11,30,46.0,,0.46,13.8
2019-01-12,7,46.0,,0.46,3.22
2019-01-13,3,46.0,,0.46,1.3800000000000001
2019-01-14,39,46.0,,0.46,17.94
2019-01-15,100,46.0,,0.46,46.0
2019-01-16,46,46.0,,0.46,21.16
2019-01-17,27,46.0,,0.46,12.42
2019-01-18,29,46.0,,0.46,13.34
2019-01-19,12,46.0,,0.46,5.5200000000000005
2019-01-20,8,46.0,,0.46,3.68
2019-01-21,6,46.0,,0.46,2.7600000000000002
2019-01-22,23,46.0,,0.46,10.58
2019-01-23,25,46.0,,0.46,11.5
2019-01-24,18,46.0,,0.46,8.280000000000001
2019-01-25,21,46.0,,0.46,9.66
2019-01-26,6,46.0,,0.46,2.7600000000000002
2019-01-27,6,46.0,,0.46,2.7600000000000002
2019-01-28,18,46.0,,0.46,8.280000000000001
2019-01-29,24,46.0,,0.46,11.040000000000001
2019-01-30,25,46.0,,0.46,11.5
2019-01-31,25,46.0,,0.46,11.5
2019-02-01,29,37.0,False,0.37,10.73
2019-02-02,9,37.0,,0.37,3.33
2019-02-03,7,37.0,,0.37,2.59
2019-02-04,22,37.0,,0.37,8.14
2019-02-05,28,37.0,,0.37,10.36
2019-02-06,17,37.0,,0.37,6.29
2019-02-07,26,37.0,,0.37,9.62
2019-02-08,23,37.0,,0.37,8.51
2019-02-09,10,37.0,,0.37,3.7
2019-02-10,5,37.0,,0.37,1.85
2019-02-11,23,37.0,,0.37,8.51
2019-02-12,32,37.0,,0.37,11.84
2019-02-13,34,37.0,,0.37,12.58
2019-02-14,100,37.0,,0.37,37.0
2019-02-15,79,37.0,,0.37,29.23
2019-02-16,30,37.0,,0.37,11.1
2019-02-17,14,37.0,,0.37,5.18
2019-02-18,19,37.0,,0.37,7.03
2019-02-19,31,37.0,,0.37,11.47
2019-02-20,33,37.0,,0.37,12.209999999999999
2019-02-21,31,37.0,,0.37,11.47
2019-02-22,34,37.0,,0.37,12.58
2019-02-23,14,37.0,,0.37,5.18
2019-02-24,11,37.0,,0.37,4.07
2019-02-25,33,37.0,,0.37,12.209999999999999
2019-02-26,43,37.0,,0.37,15.91
2019-02-27,32,37.0,,0.37,11.84
2019-02-28,21,37.0,,0.37,7.77
2019-03-01,67,31.0,False,0.31,20.77
2019-03-02,19,31.0,,0.31,5.89
2019-03-03,6,31.0,,0.31,1.8599999999999999
2019-03-04,73,31.0,,0.31,22.63
2019-03-05,66,31.0,,0.31,20.46
2019-03-06,63,31.0,,0.31,19.53
2019-03-07,60,31.0,,0.31,18.6
2019-03-08,62,31.0,,0.31,19.22
2019-03-09,22,31.0,,0.31,6.82
2019-03-10,18,31.0,,0.31,5.58
2019-03-11,64,31.0,,0.31,19.84
2019-03-12,68,31.0,,0.31,21.08
2019-03-13,64,31.0,,0.31,19.84
2019-03-14,59,31.0,,0.31,18.29
2019-03-15,71,31.0,,0.31,22.01
2019-03-16,26,31.0,,0.31,8.06
2019-03-17,10,31.0,,0.31,3.1
2019-03-18,71,31.0,,0.31,22.01
2019-03-19,86,31.0,,0.31,26.66
2019-03-20,56,31.0,,0.31,17.36
2019-03-21,67,31.0,,0.31,20.77
2019-03-22,84,31.0,,0.31,26.04
2019-03-23,33,31.0,,0.31,10.23
2019-03-24,33,31.0,,0.31,10.23
2019-03-25,92,31.0,,0.31,28.52
2019-03-26,100,31.0,,0.31,31.0
2019-03-27,88,31.0,,0.31,27.28
2019-03-28,91,31.0,,0.31,28.21
2019-03-29,89,31.0,,0.31,27.59
2019-03-30,27,31.0,,0.31,8.37
2019-03-31,16,31.0,,0.31,4.96
2019-04-01,27,44.0,False,0.44,11.88
2019-04-02,29,44.0,,0.44,12.76
2019-04-03,33,44.0,,0.44,14.52
2019-04-04,34,44.0,,0.44,14.96
2019-04-05,28,44.0,,0.44,12.32
2019-04-06,11,44.0,,0.44,4.84
2019-04-07,11,44.0,,0.44,4.84
2019-04-08,24,44.0,,0.44,10.56
2019-04-09,26,44.0,,0.44,11.44
2019-04-10,33,44.0,,0.44,14.52
2019-04-11,30,44.0,,0.44,13.2
2019-04-12,100,44.0,,0.44,44.0
2019-04-13,19,44.0,,0.44,8.36
2019-04-14,11,44.0,,0.44,4.84
2019-04-15,32,44.0,,0.44,14.08
2019-04-16,31,44.0,,0.44,13.64
2019-04-17,35,44.0,,0.44,15.4
2019-04-18,33,44.0,,0.44,14.52
2019-04-19,12,44.0,,0.44,5.28
2019-04-20,7,44.0,,0.44,3.08
2019-04-21,4,44.0,,0.44,1.76
2019-04-22,28,44.0,,0.44,12.32
2019-04-23,26,44.0,,0.44,11.44
2019-04-24,29,44.0,,0.44,12.76
2019-04-25,27,44.0,,0.44,11.88
2019-04-26,27,44.0,,0.44,11.88
2019-04-27,6,44.0,,0.44,2.64
2019-04-28,5,44.0,,0.44,2.2
2019-04-29,32,44.0,,0.44,14.08
2019-04-30,33,44.0,,0.44,14.52
2019-05-01,78,32.0,False,0.32,24.96
2019-05-02,77,32.0,,0.32,24.64
2019-05-03,99,32.0,,0.32,31.68
2019-05-04,25,32.0,,0.32,8.0
2019-05-05,18,32.0,,0.32,5.76
2019-05-06,100,32.0,,0.32,32.0
2019-05-07,70,32.0,,0.32,22.400000000000002
2019-05-08,74,32.0,,0.32,23.68
2019-05-09,73,32.0,,0.32,23.36
2019-05-10,63,32.0,,0.32,20.16
2019-05-11,16,32.0,,0.32,5.12
2019-05-12,17,32.0,,0.32,5.44
2019-05-13,74,32.0,,0.32,23.68
2019-05-14,76,32.0,,0.32,24.32
2019-05-15,63,32.0,,0.32,20.16
2019-05-16,87,32.0,,0.32,27.84
2019-05-17,59,32.0,,0.32,18.88
2019-05-18,33,32.0,,0.32,10.56
2019-05-19,13,32.0,,0.32,4.16
2019-05-20,74,32.0,,0.32,23.68
2019-05-21,74,32.0,,0.32,23.68
2019-05-22,75,32.0,,0.32,24.0
2019-05-23,62,32.0,,0.32,19.84
2019-05-24,60,32.0,,0.32,19.2
2019-05-25,26,32.0,,0.32,8.32
2019-05-26,11,32.0,,0.32,3.52
2019-05-27,13,32.0,,0.32,4.16
2019-05-28,75,32.0,,0.32,24.0
2019-05-29,69,32.0,,0.32,22.080000000000002
2019-05-30,90,32.0,,0.32,28.8
2019-05-31,72,32.0,,0.32,23.04
2019-06-01,22,31.0,False,0.31,6.82
2019-06-02,19,31.0,,0.31,5.89
2019-06-03,62,31.0,,0.31,19.22
2019-06-04,85,31.0,,0.31,26.35
2019-06-05,86,31.0,,0.31,26.66
2019-06-06,62,31.0,,0.31,19.22
2019-06-07,78,31.0,,0.31,24.18
2019-06-08,17,31.0,,0.31,5.27
2019-06-09,13,31.0,,0.31,4.03
2019-06-10,75,31.0,,0.31,23.25
2019-06-11,76,31.0,,0.31,23.56
2019-06-12,70,31.0,,0.31,21.7
2019-06-13,63,31.0,,0.31,19.53
2019-06-14,46,31.0,,0.31,14.26
2019-06-15,31,31.0,,0.31,9.61
2019-06-16,18,31.0,,0.31,5.58
2019-06-17,58,31.0,,0.31,17.98
2019-06-18,71,31.0,,0.31,22.01
2019-06-19,79,31.0,,0.31,24.49
2019-06-20,68,31.0,,0.31,21.08
2019-06-21,79,31.0,,0.31,24.49
2019-06-22,26,31.0,,0.31,8.06
2019-06-23,11,31.0,,0.31,3.41
2019-06-24,63,31.0,,0.31,19.53
2019-06-25,72,31.0,,0.31,22.32
2019-06-26,60,31.0,,0.31,18.6
2019-06-27,93,31.0,,0.31,28.83
2019-06-28,100,31.0,,0.31,31.0
2019-06-29,34,31.0,,0.31,10.54
2019-06-30,28,31.0,,0.31,8.68
2019-07-01,48,39.0,False,0.39,18.72
2019-07-02,41,39.0,,0.39,15.99
2019-07-03,33,39.0,,0.39,12.870000000000001
2019-07-04,11,39.0,,0.39,4.29
2019-07-05,30,39.0,,0.39,11.700000000000001
2019-07-06,11,39.0,,0.39,4.29
2019-07-07,8,39.0,,0.39,3.12
2019-07-08,36,39.0,,0.39,14.040000000000001
2019-07-09,39,39.0,,0.39,15.21
2019-07-10,48,39.0,,0.39,18.72
2019-07-11,40,39.0,,0.39,15.600000000000001
2019-07-12,39,39.0,,0.39,15.21
2019-07-13,15,39.0,,0.39,5.8500000000000005
2019-07-14,8,39.0,,0.39,3.12
2019-07-15,53,39.0,,0.39,20.67
2019-07-16,100,39.0,,0.39,39.0
2019-07-17,55,39.0,,0.39,21.45
2019-07-18,36,39.0,,0.39,14.040000000000001
2019-07-19,28,39.0,,0.39,10.92
2019-07-20,12,39.0,,0.39,4.68
2019-07-21,8,39.0,,0.39,3.12
2019-07-22,27,39.0,,0.39,10.530000000000001
2019-07-23,39,39.0,,0.39,15.21
2019-07-24,32,39.0,,0.39,12.48
2019-07-25,34,39.0,,0.39,13.26
2019-07-26,36,39.0,,0.39,14.040000000000001
2019-07-27,13,39.0,,0.39,5.07
2019-07-28,6,39.0,,0.39,2.34
2019-07-29,28,39.0,,0.39,10.92
2019-07-30,33,39.0,,0.39,12.870000000000001
2019-07-31,32,39.0,,0.39,12.48
2019-08-01,59,31.0,False,0.31,18.29
2019-08-02,78,31.0,,0.31,24.18
2019-08-03,17,31.0,,0.31,5.27
2019-08-04,9,31.0,,0.31,2.79
2019-08-05,88,31.0,,0.31,27.28
2019-08-06,82,31.0,,0.31,25.419999999999998
2019-08-07,100,31.0,,0.31,31.0
2019-08-08,90,31.0,,0.31,27.9
2019-08-09,65,31.0,,0.31,20.15
2019-08-10,21,31.0,,0.31,6.51
2019-08-11,14,31.0,,0.31,4.34
2019-08-12,60,31.0,,0.31,18.6
2019-08-13,66,31.0,,0.31,20.46
2019-08-14,98,31.0,,0.31,30.38
2019-08-15,89,31.0,,0.31,27.59
2019-08-16,70,31.0,,0.31,21.7
2019-08-17,18,31.0,,0.31,5.58
2019-08-18,16,31.0,,0.31,4.96
2019-08-19,77,31.0,,0.31,23.87
2019-08-20,76,31.0,,0.31,23.56
2019-08-21,75,31.0,,0.31,23.25
2019-08-22,78,31.0,,0.31,24.18
2019-08-23,78,31.0,,0.31,24.18
2019-08-24,15,31.0,,0.31,4.65
2019-08-25,19,31.0,,0.31,5.89
2019-08-26,71,31.0,,0.31,22.01
2019-08-27,52,31.0,,0.31,16.12
2019-08-28,67,31.0,,0.31,20.77
2019-08-29,69,31.0,,0.31,21.39
2019-08-30,47,31.0,,0.31,14.57
2019-08-31,20,31.0,,0.31,6.2
2019-09-01,15,31.0,False,0.31,4.65
2019-09-02,21,31.0,,0.31,6.51
2019-09-03,49,31.0,,0.31,15.19
2019-09-04,64,31.0,,0.31,19.84
2019-09-05,79,31.0,,0.31,24.49
2019-09-06,61,31.0,,0.31,18.91
2019-09-07,26,31.0,,0.31,8.06
2019-09-08,16,31.0,,0.31,4.96
2019-09-09,85,31.0,,0.31,26.35
2019-09-10,78,31.0,,0.31,24.18
2019-09-11,82,31.0,,0.31,25.419999999999998
2019-09-12,79,31.0,,0.31,24.49
2019-09-13,100,31.0,,0.31,31.0
2019-09-14,22,31.0,,0.31,6.82
2019-09-15,20,31.0,,0.31,6.2
2019-09-16,87,31.0,,0.31,26.97
2019-09-17,99,31.0,,0.31,30.69
2019-09-18,76,31.0,,0.31,23.56
2019-09-19,86,31.0,,0.31,26.66
2019-09-20,70,31.0,,0.31,21.7
2019-09-21,17,31.0,,0.31,5.27
2019-09-22,15,31.0,,0.31,4.65
2019-09-23,63,31.0,,0.31,19.53
2019-09-24,57,31.0,,0.31,17.669999999999998
2019-09-25,65,31.0,,0.31,20.15
2019-09-26,52,31.0,,0.31,16.12
2019-09-27,86,31.0,,0.31,26.66
2019-09-28,18,31.0,,0.31,5.58
2019-09-29,18,31.0,,0.31,5.58
2019-09-30,59,31.0,,0.31,18.29
2019-10-01,30,40.0,False,0.4,12.0
2019-10-02,27,40.0,,0.4,10.8
2019-10-03,28,40.0,,0.4,11.200000000000001
2019-10-04,28,40.0,,0.4,11.200000000000001
2019-10-05,10,40.0,,0.4,4.0
2019-10-06,9,40.0,,0.4,3.6
2019-10-07,30,40.0,,0.4,12.0
2019-10-08,25,40.0,,0.4,10.0
2019-10-09,34,40.0,,0.4,13.600000000000001
2019-10-10,32,40.0,,0.4,12.8
2019-10-11,33,40.0,,0.4,13.200000000000001
2019-10-12,7,40.0,,0.4,2.8000000000000003
2019-10-13,12,40.0,,0.4,4.800000000000001
2019-10-14,35,40.0,,0.4,14.0
2019-10-15,100,40.0,,0.4,40.0
2019-10-16,50,40.0,,0.4,20.0
2019-10-17,46,40.0,,0.4,18.400000000000002
2019-10-18,30,40.0,,0.4,12.0
2019-10-19,9,40.0,,0.4,3.6
2019-10-20,4,40.0,,0.4,1.6
2019-10-21,36,40.0,,0.4,14.4
2019-10-22,47,40.0,,0.4,18.8
2019-10-23,39,40.0,,0.4,15.600000000000001
2019-10-24,42,40.0,,0.4,16.8
2019-10-25,29,40.0,,0.4,11.600000000000001
2019-10-26,2,40.0,,0.4,0.8
2019-10-27,7,40.0,,0.4,2.8000000000000003
2019-10-28,40,40.0,,0.4,16.0
2019-10-29,35,40.0,,0.4,14.0
2019-10-30,36,40.0,,0.4,14.4
2019-10-31,35,40.0,,0.4,14.0
2019-11-01,69,29.0,False,0.29,20.009999999999998
2019-11-02,16,29.0,,0.29,4.64
2019-11-03,22,29.0,,0.29,6.38
2019-11-04,83,29.0,,0.29,24.069999999999997
2019-11-05,100,29.0,,0.29,28.999999999999996
2019-11-06,65,29.0,,0.29,18.849999999999998
2019-11-07,79,29.0,,0.29,22.91
2019-11-08,65,29.0,,0.29,18.849999999999998
2019-11-09,26,29.0,,0.29,7.539999999999999
2019-11-10,16,29.0,,0.29,4.64
2019-11-11,47,29.0,,0.29,13.629999999999999
2019-11-12,64,29.0,,0.29,18.56
2019-11-13,70,29.0,,0.29,20.299999999999997
2019-11-14,54,29.0,,0.29,15.659999999999998
2019-11-15,73,29.0,,0.29,21.169999999999998
2019-11-16,21,29.0,,0.29,6.09
2019-11-17,12,29.0,,0.29,3.4799999999999995
2019-11-18,65,29.0,,0.29,18.849999999999998
2019-11-19,56,29.0,,0.29,16.24
2019-11-20,51,29.0,,0.29,14.79
2019-11-21,59,29.0,,0.29,17.11
2019-11-22,59,29.0,,0.29,17.11
2019-11-23,19,29.0,,0.29,5.51
2019-11-24,15,29.0,,0.29,4.35
2019-11-25,61,29.0,,0.29,17.689999999999998
2019-11-26,67,29.0,,0.29,19.43
2019-11-27,64,29.0,,0.29,18.56
2019-11-28,13,29.0,,0.29,3.7699999999999996
2019-11-29,32,29.0,,0.29,9.28
2019-11-30,14,29.0,,0.29,4.06
2019-12-01,28,32.0,False,0.32,8.96
2019-12-02,68,32.0,,0.32,21.76
2019-12-03,70,32.0,,0.32,22.400000000000002
2019-12-04,89,32.0,,0.32,28.48
2019-12-05,78,32.0,,0.32,24.96
2019-12-06,69,32.0,,0.32,22.080000000000002
2019-12-07,39,32.0,,0.32,12.48
2019-12-08,19,32.0,,0.32,6.08
2019-12-09,65,32.0,,0.32,20.8
2019-12-10,84,32.0,,0.32,26.88
2019-12-11,100,32.0,,0.32,32.0
2019-12-12,95,32.0,,0.32,30.400000000000002
2019-12-13,93,32.0,,0.32,29.76
2019-12-14,30,32.0,,0.32,9.6
2019-12-15,21,32.0,,0.32,6.72
2019-12-16,93,32.0,,0.32,29.76
2019-12-17,96,32.0,,0.32,30.72
2019-12-18,85,32.0,,0.32,27.2
2019-12-19,82,32.0,,0.32,26.240000000000002
2019-12-20,90,32.0,,0.32,28.8
2019-12-21,23,32.0,,0.32,7.36
2019-12-22,22,32.0,,0.32,7.04
2019-12-23,65,32.0,,0.32,20.8
2019-12-24,47,32.0,,0.32,15.040000000000001
2019-12-25,24,32.0,,0.32,7.68
2019-12-26,70,32.0,,0.32,22.400000000000002
2019-12-27,79,32.0,,0.32,25.28
2019-12-28,34,32.0,,0.32,10.88
2019-12-29,18,32.0,,0.32,5.76
2019-12-30,65,32.0,,0.32,20.8
2019-12-31,67,32.0,,0.32,21.44
2020-01-01,9,52.0,False,0.52,4.68
2020-01-02,32,52.0,,0.52,16.64
2020-01-03,31,52.0,,0.52,16.12
2020-01-04,5,52.0,,0.52,2.6
2020-01-05,6,52.0,,0.52,3.12
2020-01-06,30,52.0,,0.52,15.600000000000001
2020-01-07,33,52.0,,0.52,17.16
2020-01-08,31,52.0,,0.52,16.12
2020-01-09,36,52.0,,0.52,18.72
2020-01-10,32,52.0,,0.52,16.64
2020-01-11,17,52.0,,0.52,8.84
2020-01-12,11,52.0,,0.52,5.720000000000001
2020-01-13,55,52.0,,0.52,28.6
2020-01-14,100,52.0,,0.52,52.0
2020-01-15,55,52.0,,0.52,28.6
2020-01-16,45,52.0,,0.52,23.400000000000002
2020-01-17,32,52.0,,0.52,16.64
2020-01-18,10,52.0,,0.52,5.2
2020-01-19,8,52.0,,0.52,4.16
2020-01-20,11,52.0,,0.52,5.720000000000001
2020-01-21,25,52.0,,0.52,13.0
2020-01-22,30,52.0,,0.52,15.600000000000001
2020-01-23,31,52.0,,0.52,16.12
2020-01-24,28,52.0,,0.52,14.56
2020-01-25,7,52.0,,0.52,3.64
2020-01-26,5,52.0,,0.52,2.6
2020-01-27,25,52.0,,0.52,13.0
2020-01-28,30,52.0,,0.52,15.600000000000001
2020-01-29,29,52.0,,0.52,15.08
2020-01-30,28,52.0,,0.52,14.56
2020-01-31,26,52.0,,0.52,13.52
2020-02-01,23,34.0,False,0.34,7.82
2020-02-02,13,34.0,,0.34,4.42
2020-02-03,43,34.0,,0.34,14.620000000000001
2020-02-04,60,34.0,,0.34,20.400000000000002
2020-02-05,60,34.0,,0.34,20.400000000000002
2020-02-06,59,34.0,,0.34,20.060000000000002
2020-02-07,32,34.0,,0.34,10.88
2020-02-08,17,34.0,,0.34,5.78
2020-02-09,14,34.0,,0.34,4.760000000000001
2020-02-10,46,34.0,,0.34,15.64
2020-02-11,45,34.0,,0.34,15.3
2020-02-12,49,34.0,,0.34,16.66
2020-02-13,51,34.0,,0.34,17.34
2020-02-14,43,34.0,,0.34,14.620000000000001
2020-02-15,10,34.0,,0.34,3.4000000000000004
2020-02-16,10,34.0,,0.34,3.4000000000000004
2020-02-17,22,34.0,,0.34,7.48
2020-02-18,46,34.0,,0.34,15.64
2020-02-19,50,34.0,,0.34,17.0
2020-02-20,38,34.0,,0.34,12.920000000000002
2020-02-21,44,34.0,,0.34,14.96
2020-02-22,18,34.0,,0.34,6.12
2020-02-23,14,34.0,,0.34,4.760000000000001
2020-02-24,63,34.0,,0.34,21.42
2020-02-25,71,34.0,,0.34,24.14
2020-02-26,71,34.0,,0.34,24.14
2020-02-27,66,34.0,,0.34,22.44
2020-02-28,100,34.0,,0.34,34.0
2020-02-29,30,34.0,,0.34,10.200000000000001
2020-03-01,9,93.0,False,0.93,8.370000000000001
2020-03-02,34,93.0,,0.93,31.62
2020-03-03,50,93.0,,0.93,46.5
2020-03-04,44,93.0,,0.93,40.92
2020-03-05,44,93.0,,0.93,40.92
2020-03-06,67,93.0,,0.93,62.31
2020-03-07,17,93.0,,0.93,15.81
2020-03-08,9,93.0,,0.93,8.370000000000001
2020-03-09,91,93.0,,0.93,84.63000000000001
2020-03-10,78,93.0,,0.93,72.54
2020-03-11,74,93.0,,0.93,68.82000000000001
2020-03-12,95,93.0,,0.93,88.35000000000001
2020-03-13,90,93.0,,0.93,83.7
2020-03-14,25,93.0,,0.93,23.25
2020-03-15,14,93.0,,0.93,13.020000000000001
2020-03-16,100,93.0,,0.93,93.0
2020-03-17,78,93.0,,0.93,72.54
2020-03-18,92,93.0,,0.93,85.56
2020-03-19,84,93.0,,0.93,78.12
2020-03-20,79,93.0,,0.93,73.47
2020-03-21,23,93.0,,0.93,21.39
2020-03-22,18,93.0,,0.93,16.740000000000002
2020-03-23,79,93.0,,0.93,73.47
2020-03-24,72,93.0,,0.93,66.96000000000001
2020-03-25,83,93.0,,0.93,77.19
2020-03-26,73,93.0,,0.93,67.89
2020-03-27,75,93.0,,0.93,69.75
2020-03-28,19,93.0,,0.93,17.67
2020-03-29,12,93.0,,0.93,11.16
2020-03-30,50,93.0,,0.93,46.5
2020-03-31,61,93.0,,0.93,56.730000000000004
2020-04-01,29,100.0,False,1.0,29.0
2020-04-02,26,100.0,,1.0,26.0
2020-04-03,26,100.0,,1.0,26.0
2020-04-04,7,100.0,,1.0,7.0
2020-04-05,5,100.0,,1.0,5.0
2020-04-06,32,100.0,,1.0,32.0
2020-04-07,25,100.0,,1.0,25.0
2020-04-08,22,100.0,,1.0,22.0
2020-04-09,29,100.0,,1.0,29.0
2020-04-10,14,100.0,,1.0,14.0
2020-04-11,7,100.0,,1.0,7.0
2020-04-12,8,100.0,,1.0,8.0
2020-04-13,32,100.0,,1.0,32.0
2020-04-14,100,100.0,,1.0,100.0
2020-04-15,45,100.0,,1.0,45.0
2020-04-16,37,100.0,,1.0,37.0
2020-04-17,38,100.0,,1.0,38.0
2020-04-18,10,100.0,,1.0,10.0
2020-04-19,7,100.0,,1.0,7.0
2020-04-20,27,100.0,,1.0,27.0
2020-04-21,28,100.0,,1.0,28.0
2020-04-22,25,100.0,,1.0,25.0
2020-04-23,27,100.0,,1.0,27.0
2020-04-24,24,100.0,,1.0,24.0
2020-04-25,7,100.0,,1.0,7.0
2020-04-26,5,100.0,,1.0,5.0
2020-04-27,27,100.0,,1.0,27.0
2020-04-28,24,100.0,,1.0,24.0
2020-04-29,27,100.0,,1.0,27.0
2020-04-30,23,100.0,,1.0,23.0
2020-05-01,63,76.0,False,0.76,47.88
2020-05-02,18,76.0,,0.76,13.68
2020-05-03,12,76.0,,0.76,9.120000000000001
2020-05-04,58,76.0,,0.76,44.08
2020-05-05,63,76.0,,0.76,47.88
2020-05-06,59,76.0,,0.76,44.84
2020-05-07,54,76.0,,0.76,41.04
2020-05-08,59,76.0,,0.76,44.84
2020-05-09,13,76.0,,0.76,9.88
2020-05-10,12,76.0,,0.76,9.120000000000001
2020-05-11,57,76.0,,0.76,43.32
2020-05-12,74,76.0,,0.76,56.24
2020-05-13,89,76.0,,0.76,67.64
2020-05-14,100,76.0,,0.76,76.0
2020-05-15,77,76.0,,0.76,58.52
2020-05-16,22,76.0,,0.76,16.72
2020-05-17,12,76.0,,0.76,9.120000000000001
2020-05-18,78,76.0,,0.76,59.28
2020-05-19,66,76.0,,0.76,50.160000000000004
2020-05-20,65,76.0,,0.76,49.4
2020-05-21,58,76.0,,0.76,44.08
2020-05-22,47,76.0,,0.76,35.72
2020-05-23,14,76.0,,0.76,10.64
2020-05-24,16,76.0,,0.76,12.16
2020-05-25,17,76.0,,0.76,12.92
2020-05-26,85,76.0,,0.76,64.6
2020-05-27,92,76.0,,0.76,69.92
2020-05-28,74,76.0,,0.76,56.24
2020-05-29,62,76.0,,0.76,47.12
2020-05-30,22,76.0,,0.76,16.72
2020-05-31,11,76.0,,0.76,8.36
2020-06-01,49,86.0,False,0.86,42.14
2020-06-02,70,86.0,,0.86,60.199999999999996
2020-06-03,82,86.0,,0.86,70.52
2020-06-04,60,86.0,,0.86,51.6
2020-06-05,86,86.0,,0.86,73.96
2020-06-06,22,86.0,,0.86,18.919999999999998
2020-06-07,17,86.0,,0.86,14.62
2020-06-08,73,86.0,,0.86,62.78
2020-06-09,74,86.0,,0.86,63.64
2020-06-10,76,86.0,,0.86,65.36
2020-06-11,78,86.0,,0.86,67.08
2020-06-12,82,86.0,,0.86,70.52
2020-06-13,20,86.0,,0.86,17.2
2020-06-14,12,86.0,,0.86,10.32
2020-06-15,69,86.0,,0.86,59.339999999999996
2020-06-16,79,86.0,,0.86,67.94
2020-06-17,64,86.0,,0.86,55.04
2020-06-18,59,86.0,,0.86,50.74
2020-06-19,60,86.0,,0.86,51.6
2020-06-20,18,86.0,,0.86,15.48
2020-06-21,13,86.0,,0.86,11.18
2020-06-22,65,86.0,,0.86,55.9
2020-06-23,65,86.0,,0.86,55.9
2020-06-24,65,86.0,,0.86,55.9
2020-06-25,91,86.0,,0.86,78.26
2020-06-26,100,86.0,,0.86,86.0
2020-06-27,26,86.0,,0.86,22.36
2020-06-28,16,86.0,,0.86,13.76
2020-06-29,74,86.0,,0.86,63.64
2020-06-30,81,86.0,,0.86,69.66
2020-07-01,31,92.0,False,0.92,28.52
2020-07-02,27,92.0,,0.92,24.84
2020-07-03,8,92.0,,0.92,7.36
2020-07-04,6,92.0,,0.92,5.5200000000000005
2020-07-05,4,92.0,,0.92,3.68
2020-07-06,29,92.0,,0.92,26.68
2020-07-07,28,92.0,,0.92,25.76
2020-07-08,30,92.0,,0.92,27.6
2020-07-09,27,92.0,,0.92,24.84
2020-07-10,30,92.0,,0.92,27.6
2020-07-11,10,92.0,,0.92,9.200000000000001
2020-07-12,8,92.0,,0.92,7.36
2020-07-13,43,92.0,,0.92,39.56
2020-07-14,100,92.0,,0.92,92.0
2020-07-15,43,92.0,,0.92,39.56
2020-07-16,31,92.0,,0.92,28.52
2020-07-17,23,92.0,,0.92,21.16
2020-07-18,9,92.0,,0.92,8.280000000000001
2020-07-19,6,92.0,,0.92,5.5200000000000005
2020-07-20,21,92.0,,0.92,19.32
2020-07-21,24,92.0,,0.92,22.080000000000002
2020-07-22,25,92.0,,0.92,23.0
2020-07-23,19,92.0,,0.92,17.48
2020-07-24,21,92.0,,0.92,19.32
2020-07-25,6,92.0,,0.92,5.5200000000000005
2020-07-26,5,92.0,,0.92,4.6000000000000005
2020-07-27,20,92.0,,0.92,18.400000000000002
2020-07-28,23,92.0,,0.92,21.16
2020-07-29,23,92.0,,0.92,21.16
2020-07-30,23,92.0,,0.92,21.16
2020-07-31,21,92.0,,0.92,19.32
2020-08-01,20,66.0,False,0.66,13.200000000000001
2020-08-02,15,66.0,,0.66,9.9
2020-08-03,69,66.0,,0.66,45.54
2020-08-04,62,66.0,,0.66,40.92
2020-08-05,75,66.0,,0.66,49.5
2020-08-06,66,66.0,,0.66,43.56
2020-08-07,70,66.0,,0.66,46.2
2020-08-08,26,66.0,,0.66,17.16
2020-08-09,14,66.0,,0.66,9.24
2020-08-10,66,66.0,,0.66,43.56
2020-08-11,100,66.0,,0.66,66.0
2020-08-12,92,66.0,,0.66,60.720000000000006
2020-08-13,75,66.0,,0.66,49.5
2020-08-14,62,66.0,,0.66,40.92
2020-08-15,25,66.0,,0.66,16.5
2020-08-16,18,66.0,,0.66,11.88
2020-08-17,59,66.0,,0.66,38.940000000000005
2020-08-18,78,66.0,,0.66,51.480000000000004
2020-08-19,61,66.0,,0.66,40.260000000000005
2020-08-20,65,66.0,,0.66,42.9
2020-08-21,68,66.0,,0.66,44.88
2020-08-22,18,66.0,,0.66,11.88
2020-08-23,19,66.0,,0.66,12.540000000000001
2020-08-24,68,66.0,,0.66,44.88
2020-08-25,71,66.0,,0.66,46.86
2020-08-26,66,66.0,,0.66,43.56
2020-08-27,67,66.0,,0.66,44.22
2020-08-28,62,66.0,,0.66,40.92
2020-08-29,18,66.0,,0.66,11.88
2020-08-30,16,66.0,,0.66,10.56
2020-08-31,65,66.0,,0.66,42.9
2020-09-01,84,64.0,False,0.64,53.76
2020-09-02,78,64.0,,0.64,49.92
2020-09-03,97,64.0,,0.64,62.08
2020-09-04,87,64.0,,0.64,55.68
2020-09-05,20,64.0,,0.64,12.8
2020-09-06,9,64.0,,0.64,5.76
2020-09-07,23,64.0,,0.64,14.72
2020-09-08,83,64.0,,0.64,53.120000000000005
2020-09-09,82,64.0,,0.64,52.480000000000004
2020-09-10,70,64.0,,0.64,44.800000000000004
2020-09-11,73,64.0,,0.64,46.72
2020-09-12,23,64.0,,0.64,14.72
2020-09-13,14,64.0,,0.64,8.96
2020-09-14,66,64.0,,0.64,42.24
2020-09-15,85,64.0,,0.64,54.4
2020-09-16,75,64.0,,0.64,48.0
2020-09-17,75,64.0,,0.64,48.0
2020-09-18,74,64.0,,0.64,47.36
2020-09-19,21,64.0,,0.64,13.44
2020-09-20,12,64.0,,0.64,7.68
2020-09-21,100,64.0,,0.64,64.0
2020-09-22,87,64.0,,0.64,55.68
2020-09-23,82,64.0,,0.64,52.480000000000004
2020-09-24,82,64.0,,0.64,52.480000000000004
2020-09-25,75,64.0,,0.64,48.0
2020-09-26,26,64.0,,0.64,16.64
2020-09-27,13,64.0,,0.64,8.32
2020-09-28,66,64.0,,0.64,42.24
2020-09-29,90,64.0,,0.64,57.6
2020-09-30,89,64.0,,0.64,56.96
2020-10-01,34,57.0,False,0.57,19.38
2020-10-02,38,57.0,,0.57,21.659999999999997
2020-10-03,7,57.0,,0.57,3.9899999999999998
2020-10-04,5,57.0,,0.57,2.8499999999999996
2020-10-05,31,57.0,,0.57,17.669999999999998
2020-10-06,41,57.0,,0.57,23.369999999999997
2020-10-07,37,57.0,,0.57,21.09
2020-10-08,37,57.0,,0.57,21.09
2020-10-09,44,57.0,,0.57,25.08
2020-10-10,13,57.0,,0.57,7.409999999999999
2020-10-11,5,57.0,,0.57,2.8499999999999996
2020-10-12,47,57.0,,0.57,26.79
2020-10-13,100,57.0,,0.57,56.99999999999999
2020-10-14,54,57.0,,0.57,30.779999999999998
2020-10-15,42,57.0,,0.57,23.939999999999998
2020-10-16,34,57.0,,0.57,19.38
2020-10-17,9,57.0,,0.57,5.13
2020-10-18,8,57.0,,0.57,4.56
2020-10-19,32,57.0,,0.57,18.24
2020-10-20,29,57.0,,0.57,16.529999999999998
2020-10-21,38,57.0,,0.57,21.659999999999997
2020-10-22,38,57.0,,0.57,21.659999999999997
2020-10-23,34,57.0,,0.57,19.38
2020-10-24,8,57.0,,0.57,4.56
2020-10-25,8,57.0,,0.57,4.56
2020-10-26,34,57.0,,0.57,19.38
2020-10-27,35,57.0,,0.57,19.95
2020-10-28,45,57.0,,0.57,25.65
2020-10-29,38,57.0,,0.57,21.659999999999997
2020-10-30,32,57.0,,0.57,18.24
2020-10-31,10,57.0,,0.57,5.699999999999999
2020-11-01,10,53.0,False,0.53,5.300000000000001
2020-11-02,45,53.0,,0.53,23.85
2020-11-03,65,53.0,,0.53,34.45
2020-11-04,33,53.0,,0.53,17.490000000000002
2020-11-05,43,53.0,,0.53,22.790000000000003
2020-11-06,38,53.0,,0.53,20.14
2020-11-07,9,53.0,,0.53,4.7700000000000005
2020-11-08,9,53.0,,0.53,4.7700000000000005
2020-11-09,100,53.0,,0.53,53.0
2020-11-10,67,53.0,,0.53,35.510000000000005
2020-11-11,62,53.0,,0.53,32.86
2020-11-12,54,53.0,,0.53,28.62
2020-11-13,44,53.0,,0.53,23.32
2020-11-14,19,53.0,,0.53,10.07
2020-11-15,12,53.0,,0.53,6.36
2020-11-16,65,53.0,,0.53,34.45
2020-11-17,63,53.0,,0.53,33.39
2020-11-18,56,53.0,,0.53,29.68
2020-11-19,46,53.0,,0.53,24.380000000000003
2020-11-20,43,53.0,,0.53,22.790000000000003
2020-11-21,15,53.0,,0.53,7.95
2020-11-22,7,53.0,,0.53,3.71
2020-11-23,41,53.0,,0.53,21.73
2020-11-24,71,53.0,,0.53,37.63
2020-11-25,46,53.0,,0.53,24.380000000000003
2020-11-26,9,53.0,,0.53,4.7700000000000005
2020-11-27,31,53.0,,0.53,16.43
2020-11-28,14,53.0,,0.53,7.42
2020-11-29,11,53.0,,0.53,5.83
2020-11-30,44,53.0,,0.53,23.32
2020-12-01,51,58.0,False,0.58,29.58
2020-12-02,52,58.0,,0.58,30.159999999999997
2020-12-03,52,58.0,,0.58,30.159999999999997
2020-12-04,55,58.0,,0.58,31.9
2020-12-05,20,58.0,,0.58,11.6
2020-12-06,9,58.0,,0.58,5.22
2020-12-07,49,58.0,,0.58,28.419999999999998
2020-12-08,47,58.0,,0.58,27.259999999999998
2020-12-09,53,58.0,,0.58,30.74
2020-12-10,49,58.0,,0.58,28.419999999999998
2020-12-11,43,58.0,,0.58,24.939999999999998
2020-12-12,17,58.0,,0.58,9.86
2020-12-13,10,58.0,,0.58,5.8
2020-12-14,44,58.0,,0.58,25.52
2020-12-15,46,58.0,,0.58,26.68
2020-12-16,43,58.0,,0.58,24.939999999999998
2020-12-17,56,58.0,,0.58,32.48
2020-12-18,61,58.0,,0.58,35.379999999999995
2020-12-19,49,58.0,,0.58,28.419999999999998
2020-12-20,25,58.0,,0.58,14.499999999999998
2020-12-21,100,58.0,,0.58,57.99999999999999
2020-12-22,74,58.0,,0.58,42.919999999999995
2020-12-23,55,58.0,,0.58,31.9
2020-12-24,39,58.0,,0.58,22.619999999999997
2020-12-25,20,58.0,,0.58,11.6
2020-12-26,12,58.0,,0.58,6.959999999999999
2020-12-27,11,58.0,,0.58,6.38
2020-12-28,49,58.0,,0.58,28.419999999999998
2020-12-29,52,58.0,,0.58,30.159999999999997
2020-12-30,44,58.0,,0.58,25.52
2020-12-31,44,58.0,,0.58,25.52
2021-01-01,8,64.0,False,0.64,5.12
2021-01-02,8,64.0,,0.64,5.12
2021-01-03,6,64.0,,0.64,3.84
2021-01-04,36,64.0,,0.64,23.04
2021-01-05,28,64.0,,0.64,17.92
2021-01-06,44,64.0,,0.64,28.16
2021-01-07,50,64.0,,0.64,32.0
2021-01-08,41,64.0,,0.64,26.240000000000002
2021-01-09,12,64.0,,0.64,7.68
2021-01-10,8,64.0,,0.64,5.12
2021-01-11,42,64.0,,0.64,26.88
2021-01-12,54,64.0,,0.64,34.56
2021-01-13,45,64.0,,0.64,28.8
2021-01-14,49,64.0,,0.64,31.36
2021-01-15,100,64.0,,0.64,64.0
2021-01-16,17,64.0,,0.64,10.88
2021-01-17,8,64.0,,0.64,5.12
2021-01-18,14,64.0,,0.64,8.96
2021-01-19,40,64.0,,0.64,25.6
2021-01-20,40,64.0,,0.64,25.6
2021-01-21,38,64.0,,0.64,24.32
2021-01-22,34,64.0,,0.64,21.76
2021-01-23,5,64.0,,0.64,3.2
2021-01-24,6,64.0,,0.64,3.84
2021-01-25,31,64.0,,0.64,19.84
2021-01-26,34,64.0,,0.64,21.76
2021-01-27,40,64.0,,0.64,25.6
2021-01-28,39,64.0,,0.64,24.96
2021-01-29,33,64.0,,0.64,21.12
2021-01-30,13,64.0,,0.64,8.32
2021-01-31,9,64.0,,0.64,5.76
2021-02-01,62,51.0,False,0.51,31.62
2021-02-02,90,51.0,,0.51,45.9
2021-02-03,99,51.0,,0.51,50.49
2021-02-04,93,51.0,,0.51,47.43
2021-02-05,74,51.0,,0.51,37.74
2021-02-06,23,51.0,,0.51,11.73
2021-02-07,25,51.0,,0.51,12.75
2021-02-08,58,51.0,,0.51,29.580000000000002
2021-02-09,56,51.0,,0.51,28.560000000000002
2021-02-10,58,51.0,,0.51,29.580000000000002
2021-02-11,57,51.0,,0.51,29.07
2021-02-12,53,51.0,,0.51,27.03
2021-02-13,20,51.0,,0.51,10.2
2021-02-14,21,51.0,,0.51,10.71
2021-02-15,26,51.0,,0.51,13.26
2021-02-16,90,51.0,,0.51,45.9
2021-02-17,92,51.0,,0.51,46.92
2021-02-18,64,51.0,,0.51,32.64
2021-02-19,82,51.0,,0.51,41.82
2021-02-20,30,51.0,,0.51,15.3
2021-02-21,20,51.0,,0.51,10.2
2021-02-22,94,51.0,,0.51,47.94
2021-02-23,89,51.0,,0.51,45.39
2021-02-24,94,51.0,,0.51,47.94
2021-02-25,100,51.0,,0.51,51.0
2021-02-26,77,51.0,,0.51,39.27
2021-02-27,35,51.0,,0.51,17.85
2021-02-28,17,51.0,,0.51,8.67
2021-03-01,88,56.0,False,0.56,49.28
2021-03-02,93,56.0,,0.56,52.080000000000005
2021-03-03,100,56.0,,0.56,56.00000000000001
2021-03-04,94,56.0,,0.56,52.64000000000001
2021-03-05,81,56.0,,0.56,45.36000000000001
2021-03-06,28,56.0,,0.56,15.680000000000001
2021-03-07,17,56.0,,0.56,9.520000000000001
2021-03-08,71,56.0,,0.56,39.760000000000005
2021-03-09,95,56.0,,0.56,53.2
2021-03-10,79,56.0,,0.56,44.24
2021-03-11,81,56.0,,0.56,45.36000000000001
2021-03-12,87,56.0,,0.56,48.720000000000006
2021-03-13,24,56.0,,0.56,13.440000000000001
2021-03-14,23,56.0,,0.56,12.88
2021-03-15,83,56.0,,0.56,46.480000000000004
2021-03-16,66,56.0,,0.56,36.96
2021-03-17,80,56.0,,0.56,44.800000000000004
2021-03-18,93,56.0,,0.56,52.080000000000005
2021-03-19,93,56.0,,0.56,52.080000000000005
2021-03-20,23,56.0,,0.56,12.88
2021-03-21,17,56.0,,0.56,9.520000000000001
2021-03-22,71,56.0,,0.56,39.760000000000005
2021-03-23,72,56.0,,0.56,40.32000000000001
2021-03-24,81,56.0,,0.56,45.36000000000001
2021-03-25,78,56.0,,0.56,43.68000000000001
2021-03-26,89,56.0,,0.56,49.84
2021-03-27,25,56.0,,0.56,14.000000000000002
2021-03-28,20,56.0,,0.56,11.200000000000001
2021-03-29,78,56.0,,0.56,43.68000000000001
2021-03-30,88,56.0,,0.56,49.28
2021-03-31,79,56.0,,0.56,44.24
2021-04-01,29,54.0,False,0.54,15.66
2021-04-02,17,54.0,,0.54,9.18
2021-04-03,8,54.0,,0.54,4.32
2021-04-04,6,54.0,,0.54,3.24
2021-04-05,37,54.0,,0.54,19.98
2021-04-06,25,54.0,,0.54,13.5
2021-04-07,36,54.0,,0.54,19.44
2021-04-08,36,54.0,,0.54,19.44
2021-04-09,33,54.0,,0.54,17.82
2021-04-10,8,54.0,,0.54,4.32
2021-04-11,10,54.0,,0.54,5.4
2021-04-12,31,54.0,,0.54,16.740000000000002
2021-04-13,39,54.0,,0.54,21.060000000000002
2021-04-14,100,54.0,,0.54,54.0
2021-04-15,52,54.0,,0.54,28.080000000000002
2021-04-16,40,54.0,,0.54,21.6
2021-04-17,10,54.0,,0.54,5.4
2021-04-18,7,54.0,,0.54,3.7800000000000002
2021-04-19,28,54.0,,0.54,15.120000000000001
2021-04-20,30,54.0,,0.54,16.200000000000003
2021-04-21,34,54.0,,0.54,18.36
2021-04-22,33,54.0,,0.54,17.82
2021-04-23,29,54.0,,0.54,15.66
2021-04-24,10,54.0,,0.54,5.4
2021-04-25,4,54.0,,0.54,2.16
2021-04-26,29,54.0,,0.54,15.66
2021-04-27,31,54.0,,0.54,16.740000000000002
2021-04-28,31,54.0,,0.54,16.740000000000002
2021-04-29,35,54.0,,0.54,18.900000000000002
2021-04-30,29,54.0,,0.54,15.66
2021-05-01,20,45.0,False,0.45,9.0
2021-05-02,14,45.0,,0.45,6.3
2021-05-03,76,45.0,,0.45,34.2
2021-05-04,77,45.0,,0.45,34.65
2021-05-05,72,45.0,,0.45,32.4
2021-05-06,95,45.0,,0.45,42.75
2021-05-07,85,45.0,,0.45,38.25
2021-05-08,23,45.0,,0.45,10.35
2021-05-09,24,45.0,,0.45,10.8
2021-05-10,82,45.0,,0.45,36.9
2021-05-11,94,45.0,,0.45,42.300000000000004
2021-05-12,81,45.0,,0.45,36.45
2021-05-13,83,45.0,,0.45,37.35
2021-05-14,100,45.0,,0.45,45.0
2021-05-15,34,45.0,,0.45,15.3
2021-05-16,23,45.0,,0.45,10.35
2021-05-17,67,45.0,,0.45,30.150000000000002
2021-05-18,88,45.0,,0.45,39.6
2021-05-19,80,45.0,,0.45,36.0
2021-05-20,61,45.0,,0.45,27.45
2021-05-21,66,45.0,,0.45,29.7
2021-05-22,19,45.0,,0.45,8.55
2021-05-23,10,45.0,,0.45,4.5
2021-05-24,61,45.0,,0.45,27.45
2021-05-25,61,45.0,,0.45,27.45
2021-05-26,62,45.0,,0.45,27.900000000000002
2021-05-27,79,45.0,,0.45,35.550000000000004
2021-05-28,82,45.0,,0.45,36.9
2021-05-29,23,45.0,,0.45,10.35
2021-05-30,17,45.0,,0.45,7.65
2021-05-31,15,45.0,,0.45,6.75
2021-06-01,56,50.0,False,0.5,28.0
2021-06-02,74,50.0,,0.5,37.0
2021-06-03,55,50.0,,0.5,27.5
2021-06-04,56,50.0,,0.5,28.0
2021-06-05,20,50.0,,0.5,10.0
2021-06-06,18,50.0,,0.5,9.0
2021-06-07,65,50.0,,0.5,32.5
2021-06-08,59,50.0,,0.5,29.5
2021-06-09,62,50.0,,0.5,31.0
2021-06-10,66,50.0,,0.5,33.0
2021-06-11,72,50.0,,0.5,36.0
2021-06-12,17,50.0,,0.5,8.5
2021-06-13,10,50.0,,0.5,5.0
2021-06-14,70,50.0,,0.5,35.0
2021-06-15,73,50.0,,0.5,36.5
2021-06-16,86,50.0,,0.5,43.0
2021-06-17,90,50.0,,0.5,45.0
2021-06-18,80,50.0,,0.5,40.0
2021-06-19,18,50.0,,0.5,9.0
2021-06-20,13,50.0,,0.5,6.5
2021-06-21,69,50.0,,0.5,34.5
2021-06-22,71,50.0,,0.5,35.5
2021-06-23,70,50.0,,0.5,35.0
2021-06-24,86,50.0,,0.5,43.0
2021-06-25,70,50.0,,0.5,35.0
2021-06-26,18,50.0,,0.5,9.0
2021-06-27,27,50.0,,0.5,13.5
2021-06-28,90,50.0,,0.5,45.0
2021-06-29,100,50.0,,0.5,50.0
2021-06-30,67,50.0,,0.5,33.5
2021-07-01,36,51.0,False,0.51,18.36
2021-07-02,31,51.0,,0.51,15.81
2021-07-03,10,51.0,,0.51,5.1
2021-07-04,4,51.0,,0.51,2.04
2021-07-05,9,51.0,,0.51,4.59
2021-07-06,32,51.0,,0.51,16.32
2021-07-07,39,51.0,,0.51,19.89
2021-07-08,38,51.0,,0.51,19.38
2021-07-09,31,51.0,,0.51,15.81
2021-07-10,13,51.0,,0.51,6.63
2021-07-11,8,51.0,,0.51,4.08
2021-07-12,51,51.0,,0.51,26.01
2021-07-13,100,51.0,,0.51,51.0
2021-07-14,57,51.0,,0.51,29.07
2021-07-15,39,51.0,,0.51,19.89
2021-07-16,29,51.0,,0.51,14.790000000000001
2021-07-17,11,51.0,,0.51,5.61
2021-07-18,8,51.0,,0.51,4.08
2021-07-19,34,51.0,,0.51,17.34
2021-07-20,40,51.0,,0.51,20.4
2021-07-21,37,51.0,,0.51,18.87
2021-07-22,36,51.0,,0.51,18.36
2021-07-23,31,51.0,,0.51,15.81
2021-07-24,6,51.0,,0.51,3.06
2021-07-25,8,51.0,,0.51,4.08
2021-07-26,31,51.0,,0.51,15.81
2021-07-27,26,51.0,,0.51,13.26
2021-07-28,32,51.0,,0.51,16.32
2021-07-29,30,51.0,,0.51,15.3
2021-07-30,23,51.0,,0.51,11.73
2021-07-31,7,51.0,,0.51,3.5700000000000003
2021-08-01,24,45.0,False,0.45,10.8
2021-08-02,80,45.0,,0.45,36.0
2021-08-03,85,45.0,,0.45,38.25
2021-08-04,78,45.0,,0.45,35.1
2021-08-05,67,45.0,,0.45,30.150000000000002
2021-08-06,100,45.0,,0.45,45.0
2021-08-07,34,45.0,,0.45,15.3
2021-08-08,17,45.0,,0.45,7.65
2021-08-09,73,45.0,,0.45,32.85
2021-08-10,81,45.0,,0.45,36.45
2021-08-11,81,45.0,,0.45,36.45
2021-08-12,97,45.0,,0.45,43.65
2021-08-13,78,45.0,,0.45,35.1
2021-08-14,29,45.0,,0.45,13.05
2021-08-15,9,45.0,,0.45,4.05
2021-08-16,70,45.0,,0.45,31.5
2021-08-17,85,45.0,,0.45,38.25
2021-08-18,76,45.0,,0.45,34.2
2021-08-19,81,45.0,,0.45,36.45
2021-08-20,59,45.0,,0.45,26.55
2021-08-21,24,45.0,,0.45,10.8
2021-08-22,10,45.0,,0.45,4.5
2021-08-23,80,45.0,,0.45,36.0
2021-08-24,78,45.0,,0.45,35.1
2021-08-25,85,45.0,,0.45,38.25
2021-08-26,86,45.0,,0.45,38.7
2021-08-27,83,45.0,,0.45,37.35
2021-08-28,27,45.0,,0.45,12.15
2021-08-29,18,45.0,,0.45,8.1
2021-08-30,78,45.0,,0.45,35.1
2021-08-31,76,45.0,,0.45,34.2
2021-09-01,75,35.0,False,0.35,26.25
2021-09-02,86,35.0,,0.35,30.099999999999998
2021-09-03,65,35.0,,0.35,22.75
2021-09-04,20,35.0,,0.35,7.0
2021-09-05,12,35.0,,0.35,4.199999999999999
2021-09-06,32,35.0,,0.35,11.2
2021-09-07,67,35.0,,0.35,23.45
2021-09-08,75,35.0,,0.35,26.25
2021-09-09,71,35.0,,0.35,24.849999999999998
2021-09-10,69,35.0,,0.35,24.15
2021-09-11,26,35.0,,0.35,9.1
2021-09-12,14,35.0,,0.35,4.8999999999999995
2021-09-13,71,35.0,,0.35,24.849999999999998
2021-09-14,75,35.0,,0.35,26.25
2021-09-15,74,35.0,,0.35,25.9
2021-09-16,70,35.0,,0.35,24.5
2021-09-17,55,35.0,,0.35,19.25
2021-09-18,19,35.0,,0.35,6.6499999999999995
2021-09-19,10,35.0,,0.35,3.5
2021-09-20,95,35.0,,0.35,33.25
2021-09-21,81,35.0,,0.35,28.349999999999998
2021-09-22,90,35.0,,0.35,31.499999999999996
2021-09-23,95,35.0,,0.35,33.25
2021-09-24,89,35.0,,0.35,31.15
2021-09-25,30,35.0,,0.35,10.5
2021-09-26,12,35.0,,0.35,4.199999999999999
2021-09-27,82,35.0,,0.35,28.7
2021-09-28,91,35.0,,0.35,31.849999999999998
2021-09-29,85,35.0,,0.35,29.749999999999996
2021-09-30,100,35.0,,0.35,35.0
2021-10-01,36,44.0,False,0.44,15.84
2021-10-02,12,44.0,,0.44,5.28
2021-10-03,8,44.0,,0.44,3.52
2021-10-04,34,44.0,,0.44,14.96
2021-10-05,38,44.0,,0.44,16.72
2021-10-06,36,44.0,,0.44,15.84
2021-10-07,45,44.0,,0.44,19.8
2021-10-08,30,44.0,,0.44,13.2
2021-10-09,9,44.0,,0.44,3.96
2021-10-10,8,44.0,,0.44,3.52
2021-10-11,37,44.0,,0.44,16.28
2021-10-12,39,44.0,,0.44,17.16
2021-10-13,100,44.0,,0.44,44.0
2021-10-14,55,44.0,,0.44,24.2
2021-10-15,43,44.0,,0.44,18.92
2021-10-16,8,44.0,,0.44,3.52
2021-10-17,6,44.0,,0.44,2.64
2021-10-18,28,44.0,,0.44,12.32
2021-10-19,30,44.0,,0.44,13.2
2021-10-20,39,44.0,,0.44,17.16
2021-10-21,31,44.0,,0.44,13.64
2021-10-22,38,44.0,,0.44,16.72
2021-10-23,6,44.0,,0.44,2.64
2021-10-24,9,44.0,,0.44,3.96
2021-10-25,34,44.0,,0.44,14.96
2021-10-26,42,44.0,,0.44,18.48
2021-10-27,34,44.0,,0.44,14.96
2021-10-28,31,44.0,,0.44,13.64
2021-10-29,27,44.0,,0.44,11.88
2021-10-30,10,44.0,,0.44,4.4
2021-10-31,5,44.0,,0.44,2.2
2021-11-01,86,40.0,False,0.4,34.4
2021-11-02,83,40.0,,0.4,33.2
2021-11-03,74,40.0,,0.4,29.6
2021-11-04,100,40.0,,0.4,40.0
2021-11-05,85,40.0,,0.4,34.0
2021-11-06,34,40.0,,0.4,13.600000000000001
2021-11-07,16,40.0,,0.4,6.4
2021-11-08,84,40.0,,0.4,33.6
2021-11-09,74,40.0,,0.4,29.6
2021-11-10,75,40.0,,0.4,30.0
2021-11-11,67,40.0,,0.4,26.8
2021-11-12,82,40.0,,0.4,32.800000000000004
2021-11-13,33,40.0,,0.4,13.200000000000001
2021-11-14,13,40.0,,0.4,5.2
2021-11-15,68,40.0,,0.4,27.200000000000003
2021-11-16,100,40.0,,0.4,40.0
2021-11-17,78,40.0,,0.4,31.200000000000003
2021-11-18,77,40.0,,0.4,30.8
2021-11-19,84,40.0,,0.4,33.6
2021-11-20,29,40.0,,0.4,11.600000000000001
2021-11-21,30,40.0,,0.4,12.0
2021-11-22,88,40.0,,0.4,35.2
2021-11-23,81,40.0,,0.4,32.4
2021-11-24,89,40.0,,0.4,35.6
2021-11-25,12,40.0,,0.4,4.800000000000001
2021-11-26,81,40.0,,0.4,32.4
2021-11-27,28,40.0,,0.4,11.200000000000001
2021-11-28,18,40.0,,0.4,7.2
2021-11-29,84,40.0,,0.4,33.6
2021-11-30,94,40.0,,0.4,37.6
2021-12-01,96,42.0,False,0.42,40.32
2021-12-02,83,42.0,,0.42,34.86
2021-12-03,81,42.0,,0.42,34.019999999999996
2021-12-04,36,42.0,,0.42,15.12
2021-12-05,14,42.0,,0.42,5.88
2021-12-06,90,42.0,,0.42,37.8
2021-12-07,66,42.0,,0.42,27.72
2021-12-08,61,42.0,,0.42,25.619999999999997
2021-12-09,77,42.0,,0.42,32.339999999999996
2021-12-10,53,42.0,,0.42,22.259999999999998
2021-12-11,26,42.0,,0.42,10.92
2021-12-12,13,42.0,,0.42,5.46
2021-12-13,61,42.0,,0.42,25.619999999999997
2021-12-14,89,42.0,,0.42,37.379999999999995
2021-12-15,100,42.0,,0.42,42.0
2021-12-16,87,42.0,,0.42,36.54
2021-12-17,88,42.0,,0.42,36.96
2021-12-18,35,42.0,,0.42,14.7
2021-12-19,23,42.0,,0.42,9.66
2021-12-20,91,42.0,,0.42,38.22
2021-12-21,95,42.0,,0.42,39.9
2021-12-22,70,42.0,,0.42,29.4
2021-12-23,74,42.0,,0.42,31.08
2021-12-24,38,42.0,,0.42,15.959999999999999
2021-12-25,23,42.0,,0.42,9.66
2021-12-26,19,42.0,,0.42,7.9799999999999995
2021-12-27,80,42.0,,0.42,33.6
2021-12-28,72,42.0,,0.42,30.24
2021-12-29,60,42.0,,0.42,25.2
2021-12-30,55,42.0,,0.42,23.099999999999998
2021-12-31,44,42.0,,0.42,18.48
2022-01-01,8,59.0,False,0.59,4.72
2022-01-02,9,59.0,,0.59,5.31
2022-01-03,27,59.0,,0.59,15.93
2022-01-04,42,59.0,,0.59,24.779999999999998
2022-01-05,43,59.0,,0.59,25.369999999999997
2022-01-06,29,59.0,,0.59,17.11
2022-01-07,23,59.0,,0.59,13.569999999999999
2022-01-08,12,59.0,,0.59,7.08
2022-01-09,11,59.0,,0.59,6.489999999999999
2022-01-10,36,59.0,,0.59,21.24
2022-01-11,37,59.0,,0.59,21.83
2022-01-12,35,59.0,,0.59,20.65
2022-01-13,40,59.0,,0.59,23.599999999999998
2022-01-14,100,59.0,,0.59,59.0
2022-01-15,18,59.0,,0.59,10.62
2022-01-16,17,59.0,,0.59,10.03
2022-01-17,15,59.0,,0.59,8.85
2022-01-18,55,59.0,,0.59,32.449999999999996
2022-01-19,48,59.0,,0.59,28.32
2022-01-20,30,59.0,,0.59,17.7
2022-01-21,41,59.0,,0.59,24.189999999999998
2022-01-22,12,59.0,,0.59,7.08
2022-01-23,6,59.0,,0.59,3.54
2022-01-24,52,59.0,,0.59,30.68
2022-01-25,36,59.0,,0.59,21.24
2022-01-26,33,59.0,,0.59,19.47
2022-01-27,26,59.0,,0.59,15.34
2022-01-28,28,59.0,,0.59,16.52
2022-01-29,8,59.0,,0.59,4.72
2022-01-30,3,59.0,,0.59,1.77
2022-01-31,24,59.0,,0.59,14.16
2022-02-01,85,39.0,False,0.39,33.15
2022-02-02,77,39.0,,0.39,30.03
2022-02-03,82,39.0,,0.39,31.98
2022-02-04,75,39.0,,0.39,29.25
2022-02-05,26,39.0,,0.39,10.14
2022-02-06,24,39.0,,0.39,9.36
2022-02-07,70,39.0,,0.39,27.3
2022-02-08,96,39.0,,0.39,37.44
2022-02-09,75,39.0,,0.39,29.25
2022-02-10,84,39.0,,0.39,32.76
2022-02-11,72,39.0,,0.39,28.080000000000002
2022-02-12,16,39.0,,0.39,6.24
2022-02-13,16,39.0,,0.39,6.24
2022-02-14,59,39.0,,0.39,23.01
2022-02-15,67,39.0,,0.39,26.130000000000003
2022-02-16,76,39.0,,0.39,29.64
2022-02-17,63,39.0,,0.39,24.57
2022-02-18,69,39.0,,0.39,26.91
2022-02-19,20,39.0,,0.39,7.800000000000001
2022-02-20,17,39.0,,0.39,6.63
2022-02-21,26,39.0,,0.39,10.14
2022-02-22,63,39.0,,0.39,24.57
2022-02-23,65,39.0,,0.39,25.35
2022-02-24,89,39.0,,0.39,34.71
2022-02-25,69,39.0,,0.39,26.91
2022-02-26,28,39.0,,0.39,10.92
2022-02-27,14,39.0,,0.39,5.46
2022-02-28,100,39.0,,0.39,39.0
2022-03-01,100,51.0,False,0.51,51.0
2022-03-02,85,51.0,,0.51,43.35
2022-03-03,68,51.0,,0.51,34.68
2022-03-04,89,51.0,,0.51,45.39
2022-03-05,20,51.0,,0.51,10.2
2022-03-06,19,51.0,,0.51,9.69
2022-03-07,78,51.0,,0.51,39.78
2022-03-08,66,51.0,,0.51,33.660000000000004
2022-03-09,71,51.0,,0.51,36.21
2022-03-10,60,51.0,,0.51,30.6
2022-03-11,63,51.0,,0.51,32.13
2022-03-12,26,51.0,,0.51,13.26
2022-03-13,9,51.0,,0.51,4.59
2022-03-14,61,51.0,,0.51,31.11
2022-03-15,57,51.0,,0.51,29.07
2022-03-16,77,51.0,,0.51,39.27
2022-03-17,67,51.0,,0.51,34.17
2022-03-18,49,51.0,,0.51,24.990000000000002
2022-03-19,17,51.0,,0.51,8.67
2022-03-20,13,51.0,,0.51,6.63
2022-03-21,63,51.0,,0.51,32.13
2022-03-22,63,51.0,,0.51,32.13
2022-03-23,60,51.0,,0.51,30.6
2022-03-24,57,51.0,,0.51,29.07
2022-03-25,57,51.0,,0.51,29.07
2022-03-26,22,51.0,,0.51,11.22
2022-03-27,16,51.0,,0.51,8.16
2022-03-28,48,51.0,,0.51,24.48
2022-03-29,55,51.0,,0.51,28.05
2022-03-30,60,51.0,,0.51,30.6
2022-03-31,49,51.0,,0.51,24.990000000000002
2022-04-01,29,48.0,False,0.48,13.92
2022-04-02,12,48.0,,0.48,5.76
2022-04-03,7,48.0,,0.48,3.36
2022-04-04,34,48.0,,0.48,16.32
2022-04-05,32,48.0,,0.48,15.36
2022-04-06,32,48.0,,0.48,15.36
2022-04-07,31,48.0,,0.48,14.879999999999999
2022-04-08,31,48.0,,0.48,14.879999999999999
2022-04-09,9,48.0,,0.48,4.32
2022-04-10,8,48.0,,0.48,3.84
2022-04-11,35,48.0,,0.48,16.8
2022-04-12,40,48.0,,0.48,19.2
2022-04-13,100,48.0,,0.48,48.0
2022-04-14,49,48.0,,0.48,23.52
2022-04-15,19,48.0,,0.48,9.12
2022-04-16,12,48.0,,0.48,5.76
2022-04-17,7,48.0,,0.48,3.36
2022-04-18,36,48.0,,0.48,17.28
2022-04-19,27,48.0,,0.48,12.959999999999999
2022-04-20,29,48.0,,0.48,13.92
2022-04-21,29,48.0,,0.48,13.92
2022-04-22,27,48.0,,0.48,12.959999999999999
2022-04-23,10,48.0,,0.48,4.8
2022-04-24,9,48.0,,0.48,4.32
2022-04-25,30,48.0,,0.48,14.399999999999999
2022-04-26,26,48.0,,0.48,12.48
2022-04-27,30,48.0,,0.48,14.399999999999999
2022-04-28,30,48.0,,0.48,14.399999999999999
2022-04-29,27,48.0,,0.48,12.959999999999999
2022-04-30,13,48.0,,0.48,6.24
2022-05-01,16,48.0,False,0.48,7.68
2022-05-02,58,48.0,,0.48,27.84
2022-05-03,56,48.0,,0.48,26.88
2022-05-04,61,48.0,,0.48,29.279999999999998
2022-05-05,57,48.0,,0.48,27.36
2022-05-06,54,48.0,,0.48,25.919999999999998
2022-05-07,15,48.0,,0.48,7.199999999999999
2022-05-08,16,48.0,,0.48,7.68
2022-05-09,60,48.0,,0.48,28.799999999999997
2022-05-10,52,48.0,,0.48,24.96
2022-05-11,58,48.0,,0.48,27.84
2022-05-12,57,48.0,,0.48,27.36
2022-05-13,54,48.0,,0.48,25.919999999999998
2022-05-14,16,48.0,,0.48,7.68
2022-05-15,9,48.0,,0.48,4.32
2022-05-16,50,48.0,,0.48,24.0
2022-05-17,60,48.0,,0.48,28.799999999999997
2022-05-18,47,48.0,,0.48,22.56
2022-05-19,56,48.0,,0.48,26.88
2022-05-20,51,48.0,,0.48,24.48
2022-05-21,20,48.0,,0.48,9.6
2022-05-22,12,48.0,,0.48,5.76
2022-05-23,100,48.0,,0.48,48.0
2022-05-24,97,48.0,,0.48,46.559999999999995
2022-05-25,73,48.0,,0.48,35.04
2022-05-26,65,48.0,,0.48,31.2
2022-05-27,53,48.0,,0.48,25.439999999999998
2022-05-28,16,48.0,,0.48,7.68
2022-05-29,8,48.0,,0.48,3.84
2022-05-30,12,48.0,,0.48,5.76
2022-05-31,55,48.0,,0.48,26.4
2022-06-01,70,37.0,False,0.37,25.9
2022-06-02,91,37.0,,0.37,33.67
2022-06-03,70,37.0,,0.37,25.9
2022-06-04,19,37.0,,0.37,7.03
2022-06-05,26,37.0,,0.37,9.62
2022-06-06,74,37.0,,0.37,27.38
2022-06-07,78,37.0,,0.37,28.86
2022-06-08,78,37.0,,0.37,28.86
2022-06-09,69,37.0,,0.37,25.53
2022-06-10,83,37.0,,0.37,30.71
2022-06-11,17,37.0,,0.37,6.29
2022-06-12,24,37.0,,0.37,8.879999999999999
2022-06-13,84,37.0,,0.37,31.08
2022-06-14,92,37.0,,0.37,34.04
2022-06-15,82,37.0,,0.37,30.34
2022-06-16,81,37.0,,0.37,29.97
2022-06-17,81,37.0,,0.37,29.97
2022-06-18,36,37.0,,0.37,13.32
2022-06-19,23,37.0,,0.37,8.51
2022-06-20,38,37.0,,0.37,14.06
2022-06-21,71,37.0,,0.37,26.27
2022-06-22,85,37.0,,0.37,31.45
2022-06-23,77,37.0,,0.37,28.49
2022-06-24,100,37.0,,0.37,37.0
2022-06-25,32,37.0,,0.37,11.84
2022-06-26,35,37.0,,0.37,12.95
2022-06-27,73,37.0,,0.37,27.009999999999998
2022-06-28,82,37.0,,0.37,30.34
2022-06-29,77,37.0,,0.37,28.49
2022-06-30,72,37.0,,0.37,26.64
2022-07-01,21,51.0,False,0.51,10.71
2022-07-02,7,51.0,,0.51,3.5700000000000003
2022-07-03,5,51.0,,0.51,2.55
2022-07-04,7,51.0,,0.51,3.5700000000000003
2022-07-05,26,51.0,,0.51,13.26
2022-07-06,21,51.0,,0.51,10.71
2022-07-07,21,51.0,,0.51,10.71
2022-07-08,26,51.0,,0.51,13.26
2022-07-09,7,51.0,,0.51,3.5700000000000003
2022-07-10,6,51.0,,0.51,3.06
2022-07-11,26,51.0,,0.51,13.26
2022-07-12,25,51.0,,0.51,12.75
2022-07-13,34,51.0,,0.51,17.34
2022-07-14,100,51.0,,0.51,51.0
2022-07-15,48,51.0,,0.51,24.48
2022-07-16,15,51.0,,0.51,7.65
2022-07-17,8,51.0,,0.51,4.08
2022-07-18,27,51.0,,0.51,13.77
2022-07-19,28,51.0,,0.51,14.280000000000001
2022-07-20,25,51.0,,0.51,12.75
2022-07-21,22,51.0,,0.51,11.22
2022-07-22,23,51.0,,0.51,11.73
2022-07-23,5,51.0,,0.51,2.55
2022-07-24,3,51.0,,0.51,1.53
2022-07-25,22,51.0,,0.51,11.22
2022-07-26,21,51.0,,0.51,10.71
2022-07-27,26,51.0,,0.51,13.26
2022-07-28,21,51.0,,0.51,10.71
2022-07-29,22,51.0,,0.51,11.22
2022-07-30,6,51.0,,0.51,3.06
2022-07-31,6,51.0,,0.51,3.06
2022-08-01,74,39.0,False,0.39,28.86
2022-08-02,79,39.0,,0.39,30.810000000000002
2022-08-03,80,39.0,,0.39,31.200000000000003
2022-08-04,95,39.0,,0.39,37.050000000000004
2022-08-05,93,39.0,,0.39,36.27
2022-08-06,38,39.0,,0.39,14.82
2022-08-07,18,39.0,,0.39,7.0200000000000005
2022-08-08,86,39.0,,0.39,33.54
2022-08-09,72,39.0,,0.39,28.080000000000002
2022-08-10,74,39.0,,0.39,28.86
2022-08-11,100,39.0,,0.39,39.0
2022-08-12,77,39.0,,0.39,30.03
2022-08-13,26,39.0,,0.39,10.14
2022-08-14,28,39.0,,0.39,10.92
2022-08-15,97,39.0,,0.39,37.83
2022-08-16,93,39.0,,0.39,36.27
2022-08-17,62,39.0,,0.39,24.18
2022-08-18,63,39.0,,0.39,24.57
2022-08-19,70,39.0,,0.39,27.3
2022-08-20,30,39.0,,0.39,11.700000000000001
2022-08-21,17,39.0,,0.39,6.63
2022-08-22,61,39.0,,0.39,23.79
2022-08-23,72,39.0,,0.39,28.080000000000002
2022-08-24,71,39.0,,0.39,27.69
2022-08-25,67,39.0,,0.39,26.130000000000003
2022-08-26,60,39.0,,0.39,23.400000000000002
2022-08-27,26,39.0,,0.39,10.14
2022-08-28,12,39.0,,0.39,4.68
2022-08-29,62,39.0,,0.39,24.18
2022-08-30,75,39.0,,0.39,29.25
2022-08-31,73,39.0,,0.39,28.470000000000002
2022-09-01,74,33.0,False,0.33,24.42
2022-09-02,60,33.0,,0.33,19.8
2022-09-03,34,33.0,,0.33,11.22
2022-09-04,20,33.0,,0.33,6.6000000000000005
2022-09-05,23,33.0,,0.33,7.590000000000001
2022-09-06,72,33.0,,0.33,23.76
2022-09-07,76,33.0,,0.33,25.080000000000002
2022-09-08,79,33.0,,0.33,26.07
2022-09-09,62,33.0,,0.33,20.46
2022-09-10,25,33.0,,0.33,8.25
2022-09-11,17,33.0,,0.33,5.61
2022-09-12,71,33.0,,0.33,23.43
2022-09-13,100,33.0,,0.33,33.0
2022-09-14,82,33.0,,0.33,27.060000000000002
2022-09-15,69,33.0,,0.33,22.77
2022-09-16,77,33.0,,0.33,25.41
2022-09-17,21,33.0,,0.33,6.930000000000001
2022-09-18,12,33.0,,0.33,3.96
2022-09-19,65,33.0,,0.33,21.45
2022-09-20,72,33.0,,0.33,23.76
2022-09-21,84,33.0,,0.33,27.720000000000002
2022-09-22,85,33.0,,0.33,28.05
2022-09-23,77,33.0,,0.33,25.41
2022-09-24,27,33.0,,0.33,8.91
2022-09-25,15,33.0,,0.33,4.95
2022-09-26,79,33.0,,0.33,26.07
2022-09-27,83,33.0,,0.33,27.39
2022-09-28,90,33.0,,0.33,29.700000000000003
2022-09-29,76,33.0,,0.33,25.080000000000002
2022-09-30,88,33.0,,0.33,29.040000000000003
2022-10-01,12,48.0,False,0.48,5.76
2022-10-02,11,48.0,,0.48,5.279999999999999
2022-10-03,33,48.0,,0.48,15.84
2022-10-04,37,48.0,,0.48,17.759999999999998
2022-10-05,34,48.0,,0.48,16.32
2022-10-06,30,48.0,,0.48,14.399999999999999
2022-10-07,26,48.0,,0.48,12.48
2022-10-08,15,48.0,,0.48,7.199999999999999
2022-10-09,13,48.0,,0.48,6.24
2022-10-10,37,48.0,,0.48,17.759999999999998
2022-10-11,43,48.0,,0.48,20.64
2022-10-12,36,48.0,,0.48,17.28
2022-10-13,59,48.0,,0.48,28.32
2022-10-14,100,48.0,,0.48,48.0
2022-10-15,19,48.0,,0.48,9.12
2022-10-16,14,48.0,,0.48,6.72
2022-10-17,44,48.0,,0.48,21.119999999999997
2022-10-18,50,48.0,,0.48,24.0
2022-10-19,41,48.0,,0.48,19.68
2022-10-20,39,48.0,,0.48,18.72
2022-10-21,40,48.0,,0.48,19.2
2022-10-22,17,48.0,,0.48,8.16
2022-10-23,9,48.0,,0.48,4.32
2022-10-24,31,48.0,,0.48,14.879999999999999
2022-10-25,38,48.0,,0.48,18.24
2022-10-26,33,48.0,,0.48,15.84
2022-10-27,42,48.0,,0.48,20.16
2022-10-28,33,48.0,,0.48,15.84
2022-10-29,13,48.0,,0.48,6.24
2022-10-30,14,48.0,,0.48,6.72
2022-10-31,35,48.0,,0.48,16.8
2022-11-01,80,36.0,False,0.36,28.799999999999997
2022-11-02,100,36.0,,0.36,36.0
2022-11-03,81,36.0,,0.36,29.16
2022-11-04,84,36.0,,0.36,30.24
2022-11-05,25,36.0,,0.36,9.0
2022-11-06,24,36.0,,0.36,8.64
2022-11-07,73,36.0,,0.36,26.279999999999998
2022-11-08,63,36.0,,0.36,22.68
2022-11-09,78,36.0,,0.36,28.08
2022-11-10,92,36.0,,0.36,33.12
2022-11-11,73,36.0,,0.36,26.279999999999998
2022-11-12,27,36.0,,0.36,9.719999999999999
2022-11-13,12,36.0,,0.36,4.32
2022-11-14,82,36.0,,0.36,29.52
2022-11-15,72,36.0,,0.36,25.919999999999998
2022-11-16,74,36.0,,0.36,26.64
2022-11-17,76,36.0,,0.36,27.36
2022-11-18,70,36.0,,0.36,25.2
2022-11-19,25,36.0,,0.36,9.0
2022-11-20,17,36.0,,0.36,6.12
2022-11-21,80,36.0,,0.36,28.799999999999997
2022-11-22,65,36.0,,0.36,23.4
2022-11-23,58,36.0,,0.36,20.88
2022-11-24,20,36.0,,0.36,7.199999999999999
2022-11-25,45,36.0,,0.36,16.2
2022-11-26,20,36.0,,0.36,7.199999999999999
2022-11-27,11,36.0,,0.36,3.96
2022-11-28,78,36.0,,0.36,28.08
2022-11-29,62,36.0,,0.36,22.32
2022-11-30,65,36.0,,0.36,23.4
2022-12-01,92,34.0,False,0.34,31.28
2022-12-02,74,34.0,,0.34,25.16
2022-12-03,28,34.0,,0.34,9.520000000000001
2022-12-04,19,34.0,,0.34,6.460000000000001
2022-12-05,98,34.0,,0.34,33.32
2022-12-06,100,34.0,,0.34,34.0
2022-12-07,86,34.0,,0.34,29.240000000000002
2022-12-08,77,34.0,,0.34,26.180000000000003
2022-12-09,70,34.0,,0.34,23.8
2022-12-10,35,34.0,,0.34,11.9
2022-12-11,19,34.0,,0.34,6.460000000000001
2022-12-12,86,34.0,,0.34,29.240000000000002
2022-12-13,81,34.0,,0.34,27.540000000000003
2022-12-14,85,34.0,,0.34,28.900000000000002
2022-12-15,97,34.0,,0.34,32.980000000000004
2022-12-16,85,34.0,,0.34,28.900000000000002
2022-12-17,34,34.0,,0.34,11.56
2022-12-18,21,34.0,,0.34,7.140000000000001
2022-12-19,82,34.0,,0.34,27.880000000000003
2022-12-20,89,34.0,,0.34,30.26
2022-12-21,95,34.0,,0.34,32.300000000000004
2022-12-22,87,34.0,,0.34,29.580000000000002
2022-12-23,63,34.0,,0.34,21.42
2022-12-24,34,34.0,,0.34,11.56
2022-12-25,11,34.0,,0.34,3.74
2022-12-26,37,34.0,,0.34,12.58
2022-12-27,70,34.0,,0.34,23.8
2022-12-28,84,34.0,,0.34,28.560000000000002
2022-12-29,80,34.0,,0.34,27.200000000000003
2022-12-30,75,34.0,,0.34,25.500000000000004
2022-12-31,35,34.0,,0.34,11.9
2023-01-01,6,56.0,False,0.56,3.3600000000000003
2023-01-02,13,56.0,,0.56,7.280000000000001
2023-01-03,43,56.0,,0.56,24.080000000000002
2023-01-04,43,56.0,,0.56,24.080000000000002
2023-01-05,45,56.0,,0.56,25.200000000000003
2023-01-06,43,56.0,,0.56,24.080000000000002
2023-01-07,17,56.0,,0.56,9.520000000000001
2023-01-08,23,56.0,,0.56,12.88
2023-01-09,50,56.0,,0.56,28.000000000000004
2023-01-10,57,56.0,,0.56,31.92
2023-01-11,46,56.0,,0.56,25.76
2023-01-12,59,56.0,,0.56,33.040000000000006
2023-01-13,100,56.0,,0.56,56.00000000000001
2023-01-14,21,56.0,,0.56,11.760000000000002
2023-01-15,15,56.0,,0.56,8.4
2023-01-16,16,56.0,,0.56,8.96
2023-01-17,46,56.0,,0.56,25.76
2023-01-18,38,56.0,,0.56,21.28
2023-01-19,31,56.0,,0.56,17.360000000000003
2023-01-20,31,56.0,,0.56,17.360000000000003
2023-01-21,14,56.0,,0.56,7.840000000000001
2023-01-22,10,56.0,,0.56,5.6000000000000005
2023-01-23,31,56.0,,0.56,17.360000000000003
2023-01-24,33,56.0,,0.56,18.48
2023-01-25,29,56.0,,0.56,16.240000000000002
2023-01-26,34,56.0,,0.56,19.040000000000003
2023-01-27,28,56.0,,0.56,15.680000000000001
2023-01-28,10,56.0,,0.56,5.6000000000000005
2023-01-29,8,56.0,,0.56,4.48
2023-01-30,31,56.0,,0.56,17.360000000000003
2023-01-31,30,56.0,,0.56,16.8
2023-02-01,100,34.0,False,0.34,34.0
2023-02-02,86,34.0,,0.34,29.240000000000002
2023-02-03,85,34.0,,0.34,28.900000000000002
2023-02-04,28,34.0,,0.34,9.520000000000001
2023-02-05,27,34.0,,0.34,9.180000000000001
2023-02-06,73,34.0,,0.34,24.82
2023-02-07,68,34.0,,0.34,23.12
2023-02-08,81,34.0,,0.34,27.540000000000003
2023-02-09,80,34.0,,0.34,27.200000000000003
2023-02-10,77,34.0,,0.34,26.180000000000003
2023-02-11,35,34.0,,0.34,11.9
2023-02-12,19,34.0,,0.34,6.460000000000001
2023-02-13,64,34.0,,0.34,21.76
2023-02-14,90,34.0,,0.34,30.6
2023-02-15,61,34.0,,0.34,20.740000000000002
2023-02-16,73,34.0,,0.34,24.82
2023-02-17,76,34.0,,0.34,25.840000000000003
2023-02-18,39,34.0,,0.34,13.260000000000002
2023-02-19,19,34.0,,0.34,6.460000000000001
2023-02-20,30,34.0,,0.34,10.200000000000001
2023-02-21,59,34.0,,0.34,20.060000000000002
2023-02-22,77,34.0,,0.34,26.180000000000003
2023-02-23,67,34.0,,0.34,22.78
2023-02-24,92,34.0,,0.34,31.28
2023-02-25,26,34.0,,0.34,8.84
2023-02-26,18,34.0,,0.34,6.12
2023-02-27,92,34.0,,0.34,31.28
2023-02-28,77,34.0,,0.34,26.180000000000003
2023-03-01,15,82.0,False,0.82,12.299999999999999
2023-03-02,19,82.0,,0.82,15.579999999999998
2023-03-03,14,82.0,,0.82,11.479999999999999
2023-03-04,6,82.0,,0.82,4.92
2023-03-05,8,82.0,,0.82,6.56
2023-03-06,15,82.0,,0.82,12.299999999999999
2023-03-07,18,82.0,,0.82,14.76
2023-03-08,18,82.0,,0.82,14.76
2023-03-09,37,82.0,,0.82,30.34
2023-03-10,71,82.0,,0.82,58.22
2023-03-11,27,82.0,,0.82,22.139999999999997
2023-03-12,21,82.0,,0.82,17.22
2023-03-13,100,82.0,,0.82,82.0
2023-03-14,55,82.0,,0.82,45.099999999999994
2023-03-15,64,82.0,,0.82,52.48
2023-03-16,49,82.0,,0.82,40.18
2023-03-17,49,82.0,,0.82,40.18
2023-03-18,14,82.0,,0.82,11.479999999999999
2023-03-19,10,82.0,,0.82,8.2
2023-03-20,43,82.0,,0.82,35.26
2023-03-21,39,82.0,,0.82,31.979999999999997
2023-03-22,31,82.0,,0.82,25.419999999999998
2023-03-23,30,82.0,,0.82,24.599999999999998
2023-03-24,32,82.0,,0.82,26.24
2023-03-25,11,82.0,,0.82,9.02
2023-03-26,6,82.0,,0.82,4.92
2023-03-27,30,82.0,,0.82,24.599999999999998
2023-03-28,24,82.0,,0.82,19.68
2023-03-29,26,82.0,,0.82,21.32
2023-03-30,28,82.0,,0.82,22.959999999999997
2023-03-31,24,82.0,,0.82,19.68
2023-04-01,14,60.0,False,0.6,8.4
2023-04-02,8,60.0,,0.6,4.8
2023-04-03,25,60.0,,0.6,15.0
2023-04-04,28,60.0,,0.6,16.8
2023-04-05,24,60.0,,0.6,14.399999999999999
2023-04-06,21,60.0,,0.6,12.6
2023-04-07,14,60.0,,0.6,8.4
2023-04-08,8,60.0,,0.6,4.8
2023-04-09,5,60.0,,0.6,3.0
2023-04-10,22,60.0,,0.6,13.2
2023-04-11,24,60.0,,0.6,14.399999999999999
2023-04-12,26,60.0,,0.6,15.6
2023-04-13,33,60.0,,0.6,19.8
2023-04-14,100,60.0,,0.6,60.0
2023-04-15,19,60.0,,0.6,11.4
2023-04-16,9,60.0,,0.6,5.3999999999999995
2023-04-17,34,60.0,,0.6,20.4
2023-04-18,30,60.0,,0.6,18.0
2023-04-19,31,60.0,,0.6,18.599999999999998
2023-04-20,26,60.0,,0.6,15.6
2023-04-21,25,60.0,,0.6,15.0
2023-04-22,6,60.0,,0.6,3.5999999999999996
2023-04-23,5,60.0,,0.6,3.0
2023-04-24,23,60.0,,0.6,13.799999999999999
2023-04-25,25,60.0,,0.6,15.0
2023-04-26,22,60.0,,0.6,13.2
2023-04-27,26,60.0,,0.6,15.6
2023-04-28,23,60.0,,0.6,13.799999999999999
2023-04-29,12,60.0,,0.6,7.199999999999999
2023-04-30,8,60.0,,0.6,4.8
2023-05-01,100,58.0,False,0.58,57.99999999999999
2023-05-02,63,58.0,,0.58,36.54
2023-05-03,40,58.0,,0.58,23.2
2023-05-04,39,58.0,,0.58,22.619999999999997
2023-05-05,28,58.0,,0.58,16.24
2023-05-06,9,58.0,,0.58,5.22
2023-05-07,7,58.0,,0.58,4.06
2023-05-08,22,58.0,,0.58,12.76
2023-05-09,26,58.0,,0.58,15.079999999999998
2023-05-10,24,58.0,,0.58,13.919999999999998
2023-05-11,23,58.0,,0.58,13.34
2023-05-12,25,58.0,,0.58,14.499999999999998
2023-05-13,8,58.0,,0.58,4.64
2023-05-14,7,58.0,,0.58,4.06
2023-05-15,23,58.0,,0.58,13.34
2023-05-16,22,58.0,,0.58,12.76
2023-05-17,22,58.0,,0.58,12.76
2023-05-18,22,58.0,,0.58,12.76
2023-05-19,22,58.0,,0.58,12.76
2023-05-20,7,58.0,,0.58,4.06
2023-05-21,6,58.0,,0.58,3.4799999999999995
2023-05-22,27,58.0,,0.58,15.659999999999998
2023-05-23,25,58.0,,0.58,14.499999999999998
2023-05-24,19,58.0,,0.58,11.02
2023-05-25,27,58.0,,0.58,15.659999999999998
2023-05-26,21,58.0,,0.58,12.18
2023-05-27,5,58.0,,0.58,2.9
2023-05-28,5,58.0,,0.58,2.9
2023-05-29,7,58.0,,0.58,4.06
2023-05-30,24,58.0,,0.58,13.919999999999998
2023-05-31,23,58.0,,0.58,13.34
2023-06-01,96,47.0,False,0.47,45.12
2023-06-02,99,47.0,,0.47,46.529999999999994
2023-06-03,34,47.0,,0.47,15.979999999999999
2023-06-04,28,47.0,,0.47,13.16
2023-06-05,77,47.0,,0.47,36.19
2023-06-06,77,47.0,,0.47,36.19
2023-06-07,71,47.0,,0.47,33.37
2023-06-08,81,47.0,,0.47,38.07
2023-06-09,76,47.0,,0.47,35.72
2023-06-10,25,47.0,,0.47,11.75
2023-06-11,20,47.0,,0.47,9.399999999999999
2023-06-12,86,47.0,,0.47,40.419999999999995
2023-06-13,95,47.0,,0.47,44.65
2023-06-14,88,47.0,,0.47,41.36
2023-06-15,79,47.0,,0.47,37.129999999999995
2023-06-16,74,47.0,,0.47,34.78
2023-06-17,28,47.0,,0.47,13.16
2023-06-18,18,47.0,,0.47,8.459999999999999
2023-06-19,31,47.0,,0.47,14.569999999999999
2023-06-20,72,47.0,,0.47,33.839999999999996
2023-06-21,72,47.0,,0.47,33.839999999999996
2023-06-22,82,47.0,,0.47,38.54
2023-06-23,91,47.0,,0.47,42.769999999999996
2023-06-24,30,47.0,,0.47,14.1
2023-06-25,20,47.0,,0.47,9.399999999999999
2023-06-26,79,47.0,,0.47,37.129999999999995
2023-06-27,72,47.0,,0.47,33.839999999999996
2023-06-28,84,47.0,,0.47,39.48
2023-06-29,95,47.0,,0.47,44.65
2023-06-30,100,47.0,,0.47,47.0
2023-07-01,12,62.0,False,0.62,7.4399999999999995
2023-07-02,9,62.0,,0.62,5.58
2023-07-03,24,62.0,,0.62,14.879999999999999
2023-07-04,10,62.0,,0.62,6.2
2023-07-05,28,62.0,,0.62,17.36
2023-07-06,26,62.0,,0.62,16.12
2023-07-07,29,62.0,,0.62,17.98
2023-07-08,8,62.0,,0.62,4.96
2023-07-09,6,62.0,,0.62,3.7199999999999998
2023-07-10,28,62.0,,0.62,17.36
2023-07-11,32,62.0,,0.62,19.84
2023-07-12,37,62.0,,0.62,22.94
2023-07-13,43,62.0,,0.62,26.66
2023-07-14,100,62.0,,0.62,62.0
2023-07-15,17,62.0,,0.62,10.54
2023-07-16,12,62.0,,0.62,7.4399999999999995
2023-07-17,39,62.0,,0.62,24.18
2023-07-18,38,62.0,,0.62,23.56
2023-07-19,38,62.0,,0.62,23.56
2023-07-20,33,62.0,,0.62,20.46
2023-07-21,34,62.0,,0.62,21.08
2023-07-22,12,62.0,,0.62,7.4399999999999995
2023-07-23,11,62.0,,0.62,6.82
2023-07-24,34,62.0,,0.62,21.08
2023-07-25,28,62.0,,0.62,17.36
2023-07-26,30,62.0,,0.62,18.6
2023-07-27,29,62.0,,0.62,17.98
2023-07-28,31,62.0,,0.62,19.22
2023-07-29,10,62.0,,0.62,6.2
2023-07-30,5,62.0,,0.62,3.1
2023-07-31,29,62.0,,0.62,17.98
2023-08-01,80,39.0,False,0.39,31.200000000000003
2023-08-02,77,39.0,,0.39,30.03
2023-08-03,70,39.0,,0.39,27.3
2023-08-04,57,39.0,,0.39,22.23
2023-08-05,24,39.0,,0.39,9.36
2023-08-06,19,39.0,,0.39,7.41
2023-08-07,72,39.0,,0.39,28.080000000000002
2023-08-08,100,39.0,,0.39,39.0
2023-08-09,82,39.0,,0.39,31.98
2023-08-10,85,39.0,,0.39,33.15
2023-08-11,61,39.0,,0.39,23.79
2023-08-12,29,39.0,,0.39,11.31
2023-08-13,19,39.0,,0.39,7.41
2023-08-14,74,39.0,,0.39,28.86
2023-08-15,93,39.0,,0.39,36.27
2023-08-16,92,39.0,,0.39,35.88
2023-08-17,74,39.0,,0.39,28.86
2023-08-18,71,39.0,,0.39,27.69
2023-08-19,26,39.0,,0.39,10.14
2023-08-20,13,39.0,,0.39,5.07
2023-08-21,73,39.0,,0.39,28.470000000000002
2023-08-22,89,39.0,,0.39,34.71
2023-08-23,73,39.0,,0.39,28.470000000000002
2023-08-24,73,39.0,,0.39,28.470000000000002
2023-08-25,74,39.0,,0.39,28.86
2023-08-26,21,39.0,,0.39,8.19
2023-08-27,21,39.0,,0.39,8.19
2023-08-28,72,39.0,,0.39,28.080000000000002
2023-08-29,82,39.0,,0.39,31.98
2023-08-30,70,39.0,,0.39,27.3
2023-08-31,81,39.0,,0.39,31.59
2023-09-01,70,30.0,False,0.3,21.0
2023-09-02,21,30.0,,0.3,6.3
2023-09-03,17,30.0,,0.3,5.1
2023-09-04,24,30.0,,0.3,7.199999999999999
2023-09-05,71,30.0,,0.3,21.3
2023-09-06,78,30.0,,0.3,23.4
2023-09-07,76,30.0,,0.3,22.8
2023-09-08,76,30.0,,0.3,22.8
2023-09-09,36,30.0,,0.3,10.799999999999999
2023-09-10,20,30.0,,0.3,6.0
2023-09-11,69,30.0,,0.3,20.7
2023-09-12,89,30.0,,0.3,26.7
2023-09-13,77,30.0,,0.3,23.099999999999998
2023-09-14,81,30.0,,0.3,24.3
2023-09-15,76,30.0,,0.3,22.8
2023-09-16,36,30.0,,0.3,10.799999999999999
2023-09-17,24,30.0,,0.3,7.199999999999999
2023-09-18,79,30.0,,0.3,23.7
2023-09-19,71,30.0,,0.3,21.3
2023-09-20,80,30.0,,0.3,24.0
2023-09-21,77,30.0,,0.3,23.099999999999998
2023-09-22,81,30.0,,0.3,24.3
2023-09-23,39,30.0,,0.3,11.7
2023-09-24,16,30.0,,0.3,4.8
2023-09-25,58,30.0,,0.3,17.4
2023-09-26,76,30.0,,0.3,22.8
2023-09-27,72,30.0,,0.3,21.599999999999998
2023-09-28,100,30.0,,0.3,30.0
2023-09-29,69,30.0,,0.3,20.7
2023-09-30,33,30.0,,0.3,9.9
2023-10-01,11,47.0,False,0.47,5.17
2023-10-02,42,47.0,,0.47,19.74
2023-10-03,49,47.0,,0.47,23.029999999999998
2023-10-04,34,47.0,,0.47,15.979999999999999
2023-10-05,34,47.0,,0.47,15.979999999999999
2023-10-06,42,47.0,,0.47,19.74
2023-10-07,21,47.0,,0.47,9.87
2023-10-08,11,47.0,,0.47,5.17
2023-10-09,37,47.0,,0.47,17.39
2023-10-10,38,47.0,,0.47,17.86
2023-10-11,41,47.0,,0.47,19.27
2023-10-12,39,47.0,,0.47,18.33
2023-10-13,100,47.0,,0.47,47.0
2023-10-14,22,47.0,,0.47,10.34
2023-10-15,13,47.0,,0.47,6.109999999999999
2023-10-16,47,47.0,,0.47,22.09
2023-10-17,55,47.0,,0.47,25.849999999999998
2023-10-18,49,47.0,,0.47,23.029999999999998
2023-10-19,36,47.0,,0.47,16.919999999999998
2023-10-20,38,47.0,,0.47,17.86
2023-10-21,14,47.0,,0.47,6.58
2023-10-22,7,47.0,,0.47,3.29
2023-10-23,34,47.0,,0.47,15.979999999999999
2023-10-24,41,47.0,,0.47,19.27
2023-10-25,42,47.0,,0.47,19.74
2023-10-26,43,47.0,,0.47,20.209999999999997
2023-10-27,76,47.0,,0.47,35.72
2023-10-28,26,47.0,,0.47,12.219999999999999
2023-10-29,15,47.0,,0.47,7.05
2023-10-30,47,47.0,,0.47,22.09
2023-10-31,41,47.0,,0.47,19.27
2023-11-01,92,35.0,False,0.35,32.199999999999996
2023-11-02,85,35.0,,0.35,29.749999999999996
2023-11-03,77,35.0,,0.35,26.95
2023-11-04,30,35.0,,0.35,10.5
2023-11-05,18,35.0,,0.35,6.3
2023-11-06,86,35.0,,0.35,30.099999999999998
2023-11-07,73,35.0,,0.35,25.549999999999997
2023-11-08,75,35.0,,0.35,26.25
2023-11-09,71,35.0,,0.35,24.849999999999998
2023-11-10,65,35.0,,0.35,22.75
2023-11-11,28,35.0,,0.35,9.799999999999999
2023-11-12,22,35.0,,0.35,7.699999999999999
2023-11-13,62,35.0,,0.35,21.7
2023-11-14,85,35.0,,0.35,29.749999999999996
2023-11-15,89,35.0,,0.35,31.15
2023-11-16,84,35.0,,0.35,29.4
2023-11-17,79,35.0,,0.35,27.65
2023-11-18,33,35.0,,0.35,11.549999999999999
2023-11-19,14,35.0,,0.35,4.8999999999999995
2023-11-20,79,35.0,,0.35,27.65
2023-11-21,80,35.0,,0.35,28.0
2023-11-22,65,35.0,,0.35,22.75
2023-11-23,24,35.0,,0.35,8.399999999999999
2023-11-24,40,35.0,,0.35,14.0
2023-11-25,20,35.0,,0.35,7.0
2023-11-26,25,35.0,,0.35,8.75
2023-11-27,53,35.0,,0.35,18.549999999999997
2023-11-28,82,35.0,,0.35,28.7
2023-11-29,62,35.0,,0.35,21.7
2023-11-30,100,35.0,,0.35,35.0
2023-12-01,59,38.0,False,0.38,22.42
2023-12-02,24,38.0,,0.38,9.120000000000001
2023-12-03,19,38.0,,0.38,7.22
2023-12-04,71,38.0,,0.38,26.98
2023-12-05,61,38.0,,0.38,23.18
2023-12-06,69,38.0,,0.38,26.22
2023-12-07,68,38.0,,0.38,25.84
2023-12-08,61,38.0,,0.38,23.18
2023-12-09,29,38.0,,0.38,11.02
2023-12-10,21,38.0,,0.38,7.98
2023-12-11,77,38.0,,0.38,29.26
2023-12-12,87,38.0,,0.38,33.06
2023-12-13,82,38.0,,0.38,31.16
2023-12-14,100,38.0,,0.38,38.0
2023-12-15,94,38.0,,0.38,35.72
2023-12-16,35,38.0,,0.38,13.3
2023-12-17,15,38.0,,0.38,5.7
2023-12-18,79,38.0,,0.38,30.02
2023-12-19,84,38.0,,0.38,31.92
2023-12-20,81,38.0,,0.38,30.78
2023-12-21,89,38.0,,0.38,33.82
2023-12-22,65,38.0,,0.38,24.7
2023-12-23,23,38.0,,0.38,8.74
2023-12-24,18,38.0,,0.38,6.84
2023-12-25,12,38.0,,0.38,4.5600000000000005
2023-12-26,64,38.0,,0.38,24.32
2023-12-27,65,38.0,,0.38,24.7
2023-12-28,66,38.0,,0.38,25.080000000000002
2023-12-29,64,38.0,,0.38,24.32
2023-12-30,24,38.0,,0.38,9.120000000000001
2023-12-31,21,38.0,,0.38,7.98
