date,PG
2013-01-01,35.34
2013-01-02,45.6
2013-01-03,40.47
2013-01-04,41.61
2013-01-05,33.629999999999995
2013-01-06,36.48
2013-01-07,41.04
2013-01-08,41.61
2013-01-09,41.04
2013-01-10,34.2
2013-01-11,37.05
2013-01-12,38.19
2013-01-13,33.629999999999995
2013-01-14,40.47
2013-01-15,43.31999999999999
2013-01-16,36.48
2013-01-17,41.61
2013-01-18,42.18
2013-01-19,36.48
2013-01-20,29.64
2013-01-21,32.489999999999995
2013-01-22,42.18
2013-01-23,42.18
2013-01-24,45.6
2013-01-25,56.99999999999999
2013-01-26,37.62
2013-01-27,39.9
2013-01-28,51.87
2013-01-29,46.74
2013-01-30,48.45
2013-01-31,41.04
2013-02-01,52.2
2013-02-02,46.8
2013-02-03,49.2
2013-02-04,48.6
2013-02-05,60.0
2013-02-06,52.2
2013-02-07,50.4
2013-02-08,50.4
2013-02-09,51.0
2013-02-10,46.8
2013-02-11,56.4
2013-02-12,56.4
2013-02-13,51.0
2013-02-14,51.6
2013-02-15,54.0
2013-02-16,45.6
2013-02-17,47.4
2013-02-18,48.0
2013-02-19,55.2
2013-02-20,57.6
2013-02-21,54.0
2013-02-22,51.6
2013-02-23,48.0
2013-02-24,51.6
2013-02-25,49.8
2013-02-26,54.6
2013-02-27,55.8
2013-02-28,57.0
2013-03-01,48.13999999999999
2013-03-02,44.08
2013-03-03,38.86
2013-03-04,41.18
2013-03-05,44.08
2013-03-06,56.26
2013-03-07,51.62
2013-03-08,46.4
2013-03-09,41.76
2013-03-10,37.7
2013-03-11,44.08
2013-03-12,45.82
2013-03-13,42.34
2013-03-14,42.34
2013-03-15,43.5
2013-03-16,37.7
2013-03-17,34.8
2013-03-18,45.82
2013-03-19,48.13999999999999
2013-03-20,45.24
2013-03-21,51.62
2013-03-22,45.82
2013-03-23,38.28
2013-03-24,40.6
2013-03-25,57.99999999999999
2013-03-26,43.5
2013-03-27,49.3
2013-03-28,45.82
2013-03-29,41.18
2013-03-30,38.86
2013-03-31,37.12
2013-04-01,49.02
2013-04-02,46.74
2013-04-03,47.31
2013-04-04,48.45
2013-04-05,47.31
2013-04-06,39.33
2013-04-07,40.47
2013-04-08,49.02
2013-04-09,49.02
2013-04-10,51.87
2013-04-11,53.58
2013-04-12,51.3
2013-04-13,44.46
2013-04-14,38.76
2013-04-15,49.59
2013-04-16,50.73
2013-04-17,48.45
2013-04-18,45.6
2013-04-19,47.31
2013-04-20,46.74
2013-04-21,43.88999999999999
2013-04-22,50.73
2013-04-23,54.15
2013-04-24,53.01
2013-04-25,56.99999999999999
2013-04-26,49.59
2013-04-27,38.76
2013-04-28,45.6
2013-04-29,46.74
2013-04-30,49.59
2013-05-01,54.0
2013-05-02,54.0
2013-05-03,49.2
2013-05-04,44.4
2013-05-05,40.2
2013-05-06,49.2
2013-05-07,51.0
2013-05-08,51.0
2013-05-09,44.4
2013-05-10,43.2
2013-05-11,46.8
2013-05-12,42.6
2013-05-13,51.6
2013-05-14,43.2
2013-05-15,44.4
2013-05-16,52.8
2013-05-17,43.8
2013-05-18,42.6
2013-05-19,42.6
2013-05-20,48.0
2013-05-21,50.4
2013-05-22,48.0
2013-05-23,55.2
2013-05-24,60.0
2013-05-25,49.2
2013-05-26,43.2
2013-05-27,51.0
2013-05-28,57.0
2013-05-29,47.4
2013-05-30,50.4
2013-05-31,50.4
2013-06-01,49.6
2013-06-02,55.18
2013-06-03,53.94
2013-06-04,62.0
2013-06-05,61.38
2013-06-06,53.94
2013-06-07,56.42
2013-06-08,48.98
2013-06-09,45.88
2013-06-10,47.12
2013-06-11,61.38
2013-06-12,49.6
2013-06-13,53.32
2013-06-14,54.56
2013-06-15,50.22
2013-06-16,43.4
2013-06-17,55.18
2013-06-18,56.42
2013-06-19,52.7
2013-06-20,56.42
2013-06-21,54.56
2013-06-22,45.88
2013-06-23,48.36
2013-06-24,58.9
2013-06-25,53.94
2013-06-26,45.26
2013-06-27,53.94
2013-06-28,60.76
2013-06-29,54.56
2013-06-30,50.22
2013-07-01,38.43
2013-07-02,37.21
2013-07-03,37.21
2013-07-04,34.16
2013-07-05,37.21
2013-07-06,34.16
2013-07-07,34.16
2013-07-08,40.26
2013-07-09,35.99
2013-07-10,32.33
2013-07-11,35.99
2013-07-12,40.26
2013-07-13,32.33
2013-07-14,28.67
2013-07-15,37.82
2013-07-16,60.39
2013-07-17,61.0
2013-07-18,37.21
2013-07-19,34.77
2013-07-20,34.77
2013-07-21,30.5
2013-07-22,35.99
2013-07-23,35.38
2013-07-24,42.09
2013-07-25,35.38
2013-07-26,40.26
2013-07-27,29.28
2013-07-28,32.33
2013-07-29,39.04
2013-07-30,35.38
2013-07-31,40.26
2013-08-01,49.2
2013-08-02,49.8
2013-08-03,44.4
2013-08-04,40.2
2013-08-05,51.6
2013-08-06,49.2
2013-08-07,49.2
2013-08-08,46.8
2013-08-09,48.6
2013-08-10,43.8
2013-08-11,43.2
2013-08-12,52.8
2013-08-13,51.6
2013-08-14,55.2
2013-08-15,50.4
2013-08-16,52.8
2013-08-17,49.8
2013-08-18,51.6
2013-08-19,52.8
2013-08-20,60.0
2013-08-21,52.2
2013-08-22,49.2
2013-08-23,45.6
2013-08-24,42.0
2013-08-25,49.8
2013-08-26,53.4
2013-08-27,48.6
2013-08-28,48.6
2013-08-29,54.6
2013-08-30,52.8
2013-08-31,46.8
2013-09-01,44.84
2013-09-02,48.97
2013-09-03,51.92
2013-09-04,50.74
2013-09-05,51.92
2013-09-06,47.2
2013-09-07,44.25
2013-09-08,50.74
2013-09-09,54.87
2013-09-10,51.33
2013-09-11,56.05
2013-09-12,52.51
2013-09-13,59.0
2013-09-14,46.02
2013-09-15,39.53
2013-09-16,47.79
2013-09-17,52.51
2013-09-18,45.43
2013-09-19,51.33
2013-09-20,44.84
2013-09-21,43.07
2013-09-22,37.17
2013-09-23,50.15
2013-09-24,51.92
2013-09-25,51.92
2013-09-26,51.33
2013-09-27,51.33
2013-09-28,43.66
2013-09-29,45.43
2013-09-30,52.51
2013-10-01,52.8
2013-10-02,52.8
2013-10-03,58.74
2013-10-04,60.06
2013-10-05,50.16
2013-10-06,46.86
2013-10-07,56.1
2013-10-08,57.42
2013-10-09,58.74
2013-10-10,57.42
2013-10-11,54.120000000000005
2013-10-12,48.18
2013-10-13,47.52
2013-10-14,50.82
2013-10-15,56.1
2013-10-16,52.8
2013-10-17,48.18
2013-10-18,58.74
2013-10-19,46.86
2013-10-20,44.88
2013-10-21,51.48
2013-10-22,57.42
2013-10-23,58.080000000000005
2013-10-24,58.080000000000005
2013-10-25,60.06
2013-10-26,55.440000000000005
2013-10-27,45.54
2013-10-28,60.06
2013-10-29,57.42
2013-10-30,66.0
2013-10-31,54.78
2013-11-01,52.29
2013-11-02,57.96
2013-11-03,39.06
2013-11-04,50.4
2013-11-05,54.18
2013-11-06,55.44
2013-11-07,57.33
2013-11-08,59.85
2013-11-09,47.25
2013-11-10,40.95
2013-11-11,52.29
2013-11-12,55.44
2013-11-13,58.59
2013-11-14,57.33
2013-11-15,61.11
2013-11-16,52.29
2013-11-17,43.47
2013-11-18,51.03
2013-11-19,54.81
2013-11-20,52.92
2013-11-21,52.29
2013-11-22,63.0
2013-11-23,49.14
2013-11-24,43.47
2013-11-25,49.77
2013-11-26,54.81
2013-11-27,48.51
2013-11-28,40.95
2013-11-29,46.62
2013-11-30,47.25
2013-12-01,30.74
2013-12-02,37.12
2013-12-03,38.28
2013-12-04,38.86
2013-12-05,37.12
2013-12-06,39.44
2013-12-07,35.379999999999995
2013-12-08,35.96
2013-12-09,57.99999999999999
2013-12-10,46.98
2013-12-11,44.08
2013-12-12,40.6
2013-12-13,37.12
2013-12-14,34.22
2013-12-15,31.32
2013-12-16,39.44
2013-12-17,37.12
2013-12-18,36.54
2013-12-19,41.18
2013-12-20,39.44
2013-12-21,36.54
2013-12-22,31.32
2013-12-23,38.86
2013-12-24,33.059999999999995
2013-12-25,30.16
2013-12-26,35.96
2013-12-27,33.059999999999995
2013-12-28,38.28
2013-12-29,30.74
2013-12-30,34.22
2013-12-31,38.86
2014-01-01,51.06
2014-01-02,59.94
2014-01-03,68.82
2014-01-04,45.88
2014-01-05,44.4
2014-01-06,62.9
2014-01-07,66.6
2014-01-08,54.76
2014-01-09,60.68
2014-01-10,57.72
2014-01-11,59.94
2014-01-12,54.02
2014-01-13,62.9
2014-01-14,61.42
2014-01-15,63.64
2014-01-16,57.72
2014-01-17,63.64
2014-01-18,59.2
2014-01-19,48.84
2014-01-20,54.76
2014-01-21,67.34
2014-01-22,74.0
2014-01-23,61.42
2014-01-24,70.3
2014-01-25,51.06
2014-01-26,51.8
2014-01-27,54.76
2014-01-28,63.64
2014-01-29,73.26
2014-01-30,61.42
2014-01-31,57.72
2014-02-01,52.44
2014-02-02,46.92
2014-02-03,61.41
2014-02-04,58.65
2014-02-05,69.0
2014-02-06,53.13
2014-02-07,53.81999999999999
2014-02-08,49.67999999999999
2014-02-09,49.67999999999999
2014-02-10,64.17
2014-02-11,52.44
2014-02-12,57.27
2014-02-13,55.88999999999999
2014-02-14,62.1
2014-02-15,58.65
2014-02-16,51.06
2014-02-17,55.2
2014-02-18,66.24
2014-02-19,55.88999999999999
2014-02-20,56.58
2014-02-21,55.88999999999999
2014-02-22,52.44
2014-02-23,47.61
2014-02-24,54.51
2014-02-25,56.58
2014-02-26,60.72
2014-02-27,59.34
2014-02-28,60.03
2014-03-01,55.61000000000001
2014-03-02,47.57
2014-03-03,54.940000000000005
2014-03-04,60.970000000000006
2014-03-05,60.3
2014-03-06,49.580000000000005
2014-03-07,51.59
2014-03-08,48.24
2014-03-09,44.220000000000006
2014-03-10,51.59
2014-03-11,56.28
2014-03-12,54.27
2014-03-13,49.580000000000005
2014-03-14,52.260000000000005
2014-03-15,44.89
2014-03-16,44.220000000000006
2014-03-17,67.0
2014-03-18,63.650000000000006
2014-03-19,52.260000000000005
2014-03-20,51.59
2014-03-21,52.93
2014-03-22,40.870000000000005
2014-03-23,44.220000000000006
2014-03-24,51.59
2014-03-25,54.27
2014-03-26,52.260000000000005
2014-03-27,54.27
2014-03-28,54.940000000000005
2014-03-29,43.55
2014-03-30,42.21
2014-03-31,53.6
2014-04-01,52.29
2014-04-02,56.7
2014-04-03,56.7
2014-04-04,57.33
2014-04-05,43.47
2014-04-06,45.99
2014-04-07,55.44
2014-04-08,59.22
2014-04-09,57.96
2014-04-10,63.0
2014-04-11,52.29
2014-04-12,43.47
2014-04-13,37.17
2014-04-14,55.44
2014-04-15,52.29
2014-04-16,51.66
2014-04-17,52.29
2014-04-18,49.14
2014-04-19,51.03
2014-04-20,44.1
2014-04-21,49.77
2014-04-22,51.03
2014-04-23,56.07
2014-04-24,51.03
2014-04-25,56.7
2014-04-26,47.88
2014-04-27,47.25
2014-04-28,56.07
2014-04-29,53.55
2014-04-30,52.29
2014-05-01,58.65
2014-05-02,53.81999999999999
2014-05-03,48.99
2014-05-04,48.3
2014-05-05,56.58
2014-05-06,62.78999999999999
2014-05-07,56.58
2014-05-08,59.34
2014-05-09,60.03
2014-05-10,49.67999999999999
2014-05-11,50.37
2014-05-12,69.0
2014-05-13,53.81999999999999
2014-05-14,56.58
2014-05-15,58.65
2014-05-16,62.1
2014-05-17,55.2
2014-05-18,48.3
2014-05-19,62.78999999999999
2014-05-20,57.96
2014-05-21,56.58
2014-05-22,60.72
2014-05-23,55.2
2014-05-24,53.81999999999999
2014-05-25,57.27
2014-05-26,56.58
2014-05-27,60.72
2014-05-28,54.51
2014-05-29,60.03
2014-05-30,57.27
2014-05-31,45.54
2014-06-01,53.55
2014-06-02,57.33
2014-06-03,59.22
2014-06-04,48.51
2014-06-05,59.85
2014-06-06,55.44
2014-06-07,51.03
2014-06-08,49.77
2014-06-09,63.0
2014-06-10,56.07
2014-06-11,62.37
2014-06-12,53.55
2014-06-13,61.11
2014-06-14,51.66
2014-06-15,39.69
2014-06-16,52.29
2014-06-17,54.81
2014-06-18,49.77
2014-06-19,47.25
2014-06-20,57.33
2014-06-21,47.25
2014-06-22,49.77
2014-06-23,56.07
2014-06-24,52.92
2014-06-25,57.96
2014-06-26,56.7
2014-06-27,60.48
2014-06-28,51.66
2014-06-29,51.66
2014-06-30,52.92
2014-07-01,63.0
2014-07-02,56.07
2014-07-03,49.14
2014-07-04,50.4
2014-07-05,48.51
2014-07-06,41.58
2014-07-07,49.14
2014-07-08,45.99
2014-07-09,52.92
2014-07-10,44.73
2014-07-11,51.03
2014-07-12,45.36
2014-07-13,45.99
2014-07-14,51.03
2014-07-15,44.73
2014-07-16,50.4
2014-07-17,52.92
2014-07-18,51.03
2014-07-19,51.03
2014-07-20,45.99
2014-07-21,52.29
2014-07-22,54.18
2014-07-23,50.4
2014-07-24,49.77
2014-07-25,57.33
2014-07-26,52.29
2014-07-27,45.36
2014-07-28,52.92
2014-07-29,46.62
2014-07-30,52.29
2014-07-31,49.14
2014-08-01,52.44
2014-08-02,69.0
2014-08-03,56.58
2014-08-04,53.13
2014-08-05,51.06
2014-08-06,53.81999999999999
2014-08-07,49.67999999999999
2014-08-08,53.13
2014-08-09,48.99
2014-08-10,42.78
2014-08-11,45.54
2014-08-12,46.23
2014-08-13,49.67999999999999
2014-08-14,46.23
2014-08-15,51.06
2014-08-16,44.16
2014-08-17,44.85
2014-08-18,47.61
2014-08-19,51.06
2014-08-20,49.67999999999999
2014-08-21,46.92
2014-08-22,48.3
2014-08-23,44.85
2014-08-24,46.23
2014-08-25,50.37
2014-08-26,51.74999999999999
2014-08-27,46.23
2014-08-28,49.67999999999999
2014-08-29,42.78
2014-08-30,47.61
2014-08-31,39.33
2014-09-01,47.25
2014-09-02,52.29
2014-09-03,63.0
2014-09-04,46.62
2014-09-05,52.29
2014-09-06,42.21
2014-09-07,33.39
2014-09-08,56.7
2014-09-09,51.03
2014-09-10,51.66
2014-09-11,47.25
2014-09-12,47.25
2014-09-13,43.47
2014-09-14,39.06
2014-09-15,47.25
2014-09-16,51.66
2014-09-17,49.77
2014-09-18,53.55
2014-09-19,49.14
2014-09-20,40.32
2014-09-21,37.8
2014-09-22,45.99
2014-09-23,51.03
2014-09-24,54.81
2014-09-25,49.77
2014-09-26,51.03
2014-09-27,39.69
2014-09-28,42.21
2014-09-29,52.29
2014-09-30,52.29
2014-10-01,57.42
2014-10-02,57.42
2014-10-03,49.5
2014-10-04,50.16
2014-10-05,44.22
2014-10-06,51.48
2014-10-07,57.42
2014-10-08,53.46
2014-10-09,50.82
2014-10-10,52.14
2014-10-11,45.54
2014-10-12,56.1
2014-10-13,56.760000000000005
2014-10-14,55.440000000000005
2014-10-15,58.74
2014-10-16,52.14
2014-10-17,53.46
2014-10-18,44.88
2014-10-19,42.24
2014-10-20,53.46
2014-10-21,54.78
2014-10-22,52.14
2014-10-23,53.46
2014-10-24,58.080000000000005
2014-10-25,45.54
2014-10-26,54.78
2014-10-27,54.120000000000005
2014-10-28,57.42
2014-10-29,58.74
2014-10-30,63.36
2014-10-31,66.0
2014-11-01,59.85
2014-11-02,48.51
2014-11-03,57.33
2014-11-04,63.0
2014-11-05,56.7
2014-11-06,51.03
2014-11-07,54.81
2014-11-08,52.92
2014-11-09,46.62
2014-11-10,55.44
2014-11-11,55.44
2014-11-12,52.92
2014-11-13,63.0
2014-11-14,55.44
2014-11-15,49.14
2014-11-16,45.99
2014-11-17,54.18
2014-11-18,60.48
2014-11-19,57.96
2014-11-20,55.44
2014-11-21,55.44
2014-11-22,50.4
2014-11-23,51.66
2014-11-24,51.66
2014-11-25,48.51
2014-11-26,42.84
2014-11-27,40.32
2014-11-28,35.28
2014-11-29,44.1
2014-11-30,52.29
2014-12-01,53.040000000000006
2014-12-02,49.64
2014-12-03,67.32000000000001
2014-12-04,61.88
2014-12-05,59.84
2014-12-06,44.2
2014-12-07,46.24
2014-12-08,64.60000000000001
2014-12-09,68.0
2014-12-10,60.52
2014-12-11,64.60000000000001
2014-12-12,58.48
2014-12-13,49.64
2014-12-14,47.6
2014-12-15,57.120000000000005
2014-12-16,59.16
2014-12-17,63.24
2014-12-18,61.2
2014-12-19,60.52
2014-12-20,48.96
2014-12-21,50.32
2014-12-22,52.36000000000001
2014-12-23,49.64
2014-12-24,53.720000000000006
2014-12-25,40.8
2014-12-26,56.440000000000005
2014-12-27,48.96
2014-12-28,43.52
2014-12-29,53.040000000000006
2014-12-30,54.400000000000006
2014-12-31,61.2
2015-01-01,48.24
2015-01-02,46.8
2015-01-03,51.84
2015-01-04,46.8
2015-01-05,49.68
2015-01-06,64.08
2015-01-07,59.04
2015-01-08,58.32
2015-01-09,58.32
2015-01-10,46.8
2015-01-11,45.36
2015-01-12,59.76
2015-01-13,61.2
2015-01-14,70.56
2015-01-15,54.0
2015-01-16,56.16
2015-01-17,46.08
2015-01-18,48.24
2015-01-19,48.96
2015-01-20,59.76
2015-01-21,61.92
2015-01-22,61.2
2015-01-23,56.16
2015-01-24,45.36
2015-01-25,43.92
2015-01-26,61.92
2015-01-27,72.0
2015-01-28,64.8
2015-01-29,57.6
2015-01-30,58.32
2015-01-31,51.12
2015-02-01,46.08
2015-02-02,55.44
2015-02-03,61.2
2015-02-04,61.2
2015-02-05,63.36
2015-02-06,62.64
2015-02-07,50.4
2015-02-08,56.16
2015-02-09,57.6
2015-02-10,61.2
2015-02-11,58.32
2015-02-12,56.88
2015-02-13,61.92
2015-02-14,51.84
2015-02-15,45.36
2015-02-16,55.44
2015-02-17,64.8
2015-02-18,72.0
2015-02-19,64.08
2015-02-20,65.52
2015-02-21,54.72
2015-02-22,54.0
2015-02-23,64.08
2015-02-24,72.0
2015-02-25,64.8
2015-02-26,68.39999999999999
2015-02-27,62.64
2015-02-28,51.84
2015-03-01,63.0
2015-03-02,75.0
2015-03-03,66.75
2015-03-04,72.0
2015-03-05,75.0
2015-03-06,67.5
2015-03-07,69.0
2015-03-08,55.5
2015-03-09,63.75
2015-03-10,65.25
2015-03-11,66.0
2015-03-12,66.0
2015-03-13,63.75
2015-03-14,60.0
2015-03-15,54.0
2015-03-16,68.25
2015-03-17,63.75
2015-03-18,61.5
2015-03-19,63.0
2015-03-20,69.75
2015-03-21,57.0
2015-03-22,51.75
2015-03-23,63.75
2015-03-24,68.25
2015-03-25,52.5
2015-03-26,63.0
2015-03-27,66.75
2015-03-28,51.75
2015-03-29,51.75
2015-03-30,62.25
2015-03-31,73.5
2015-04-01,59.63
2015-04-02,55.61000000000001
2015-04-03,56.95
2015-04-04,48.24
2015-04-05,56.95
2015-04-06,56.95
2015-04-07,58.290000000000006
2015-04-08,59.63
2015-04-09,57.620000000000005
2015-04-10,62.98
2015-04-11,48.24
2015-04-12,54.27
2015-04-13,54.940000000000005
2015-04-14,64.99000000000001
2015-04-15,58.96
2015-04-16,54.940000000000005
2015-04-17,56.95
2015-04-18,52.260000000000005
2015-04-19,47.57
2015-04-20,58.96
2015-04-21,58.96
2015-04-22,58.96
2015-04-23,62.31
2015-04-24,60.970000000000006
2015-04-25,56.28
2015-04-26,52.260000000000005
2015-04-27,60.3
2015-04-28,67.0
2015-04-29,64.99000000000001
2015-04-30,60.970000000000006
2015-05-01,66.03
2015-05-02,47.57
2015-05-03,51.12
2015-05-04,63.9
2015-05-05,59.64
2015-05-06,63.9
2015-05-07,60.35
2015-05-08,62.48
2015-05-09,51.83
2015-05-10,46.86
2015-05-11,63.19
2015-05-12,68.86999999999999
2015-05-13,58.93
2015-05-14,60.35
2015-05-15,68.16
2015-05-16,51.12
2015-05-17,53.25
2015-05-18,63.19
2015-05-19,63.19
2015-05-20,66.74
2015-05-21,66.74
2015-05-22,71.0
2015-05-23,57.51
2015-05-24,58.22
2015-05-25,65.32
2015-05-26,66.03
2015-05-27,64.61
2015-05-28,64.61
2015-05-29,60.35
2015-05-30,58.93
2015-05-31,53.25
2015-06-01,73.0
2015-06-02,56.94
2015-06-03,58.4
2015-06-04,57.67
2015-06-05,60.59
2015-06-06,59.86
2015-06-07,56.94
2015-06-08,59.13
2015-06-09,66.42999999999999
2015-06-10,59.86
2015-06-11,58.4
2015-06-12,70.81
2015-06-13,62.05
2015-06-14,52.56
2015-06-15,62.78
2015-06-16,57.67
2015-06-17,61.32
2015-06-18,70.08
2015-06-19,70.08
2015-06-20,54.75
2015-06-21,54.75
2015-06-22,68.62
2015-06-23,64.97
2015-06-24,62.78
2015-06-25,54.02
2015-06-26,60.59
2015-06-27,50.37
2015-06-28,46.72
2015-06-29,57.67
2015-06-30,56.94
2015-07-01,65.55
2015-07-02,65.55
2015-07-03,62.1
2015-07-04,60.03
2015-07-05,60.03
2015-07-06,60.03
2015-07-07,60.72
2015-07-08,64.17
2015-07-09,67.61999999999999
2015-07-10,65.55
2015-07-11,55.88999999999999
2015-07-12,51.74999999999999
2015-07-13,62.1
2015-07-14,61.41
2015-07-15,62.78999999999999
2015-07-16,59.34
2015-07-17,57.27
2015-07-18,49.67999999999999
2015-07-19,55.2
2015-07-20,61.41
2015-07-21,64.17
2015-07-22,62.1
2015-07-23,56.58
2015-07-24,55.2
2015-07-25,57.96
2015-07-26,49.67999999999999
2015-07-27,66.92999999999999
2015-07-28,53.81999999999999
2015-07-29,53.13
2015-07-30,69.0
2015-07-31,56.58
2015-08-01,44.88
2015-08-02,52.8
2015-08-03,48.84
2015-08-04,56.1
2015-08-05,52.8
2015-08-06,55.440000000000005
2015-08-07,52.14
2015-08-08,46.86
2015-08-09,51.48
2015-08-10,54.120000000000005
2015-08-11,52.8
2015-08-12,52.14
2015-08-13,60.06
2015-08-14,55.440000000000005
2015-08-15,56.760000000000005
2015-08-16,53.46
2015-08-17,56.760000000000005
2015-08-18,59.400000000000006
2015-08-19,53.46
2015-08-20,51.48
2015-08-21,53.46
2015-08-22,49.5
2015-08-23,57.42
2015-08-24,66.0
2015-08-25,64.68
2015-08-26,62.040000000000006
2015-08-27,58.74
2015-08-28,62.040000000000006
2015-08-29,50.16
2015-08-30,52.8
2015-08-31,55.440000000000005
2015-09-01,62.3
2015-09-02,60.2
2015-09-03,53.2
2015-09-04,56.0
2015-09-05,48.3
2015-09-06,56.0
2015-09-07,53.9
2015-09-08,58.8
2015-09-09,63.7
2015-09-10,65.1
2015-09-11,65.8
2015-09-12,62.99999999999999
2015-09-13,45.5
2015-09-14,61.6
2015-09-15,65.1
2015-09-16,62.3
2015-09-17,63.7
2015-09-18,70.0
2015-09-19,54.6
2015-09-20,46.2
2015-09-21,61.6
2015-09-22,64.39999999999999
2015-09-23,61.6
2015-09-24,62.3
2015-09-25,66.5
2015-09-26,52.5
2015-09-27,49.0
2015-09-28,62.3
2015-09-29,62.99999999999999
2015-09-30,68.6
2015-10-01,56.88
2015-10-02,58.32
2015-10-03,48.24
2015-10-04,51.84
2015-10-05,72.0
2015-10-06,71.28
2015-10-07,63.36
2015-10-08,63.36
2015-10-09,60.48
2015-10-10,46.08
2015-10-11,48.24
2015-10-12,64.8
2015-10-13,59.04
2015-10-14,65.52
2015-10-15,63.36
2015-10-16,61.2
2015-10-17,51.84
2015-10-18,54.72
2015-10-19,61.92
2015-10-20,70.56
2015-10-21,65.52
2015-10-22,57.6
2015-10-23,66.24
2015-10-24,52.56
2015-10-25,49.68
2015-10-26,61.92
2015-10-27,69.12
2015-10-28,69.12
2015-10-29,67.67999999999999
2015-10-30,61.92
2015-10-31,59.04
2015-11-01,51.06
2015-11-02,63.48
2015-11-03,67.61999999999999
2015-11-04,61.41
2015-11-05,61.41
2015-11-06,59.34
2015-11-07,47.61
2015-11-08,44.85
2015-11-09,62.1
2015-11-10,65.55
2015-11-11,52.44
2015-11-12,69.0
2015-11-13,62.78999999999999
2015-11-14,50.37
2015-11-15,50.37
2015-11-16,61.41
2015-11-17,63.48
2015-11-18,64.86
2015-11-19,64.17
2015-11-20,60.03
2015-11-21,44.16
2015-11-22,53.13
2015-11-23,51.74999999999999
2015-11-24,55.2
2015-11-25,62.78999999999999
2015-11-26,53.13
2015-11-27,53.13
2015-11-28,49.67999999999999
2015-11-29,53.13
2015-11-30,56.58
2015-12-01,58.290000000000006
2015-12-02,64.99000000000001
2015-12-03,67.0
2015-12-04,61.64
2015-12-05,54.27
2015-12-06,47.57
2015-12-07,57.620000000000005
2015-12-08,62.31
2015-12-09,62.98
2015-12-10,62.98
2015-12-11,60.970000000000006
2015-12-12,43.55
2015-12-13,48.91
2015-12-14,60.970000000000006
2015-12-15,55.61000000000001
2015-12-16,60.3
2015-12-17,56.95
2015-12-18,57.620000000000005
2015-12-19,59.63
2015-12-20,45.56
2015-12-21,50.92
2015-12-22,56.95
2015-12-23,54.27
2015-12-24,48.91
2015-12-25,50.25
2015-12-26,52.93
2015-12-27,42.88
2015-12-28,51.59
2015-12-29,53.6
2015-12-30,54.940000000000005
2015-12-31,51.59
2016-01-01,46.74
2016-01-02,48.38
2016-01-03,49.2
2016-01-04,53.3
2016-01-05,54.94
2016-01-06,60.68
2016-01-07,59.04
2016-01-08,54.94
2016-01-09,48.38
2016-01-10,44.28
2016-01-11,53.3
2016-01-12,59.04
2016-01-13,59.86
2016-01-14,55.76
2016-01-15,62.31999999999999
2016-01-16,50.84
2016-01-17,49.2
2016-01-18,58.22
2016-01-19,68.06
2016-01-20,63.13999999999999
2016-01-21,82.0
2016-01-22,60.68
2016-01-23,50.84
2016-01-24,60.68
2016-01-25,67.24
2016-01-26,76.25999999999999
2016-01-27,81.17999999999999
2016-01-28,69.7
2016-01-29,64.78
2016-01-30,54.12
2016-01-31,47.56
2016-02-01,72.16
2016-02-02,65.6
2016-02-03,68.88
2016-02-04,71.33999999999999
2016-02-05,70.52
2016-02-06,55.76
2016-02-07,48.38
2016-02-08,62.31999999999999
2016-02-09,77.08
2016-02-10,65.6
2016-02-11,65.6
2016-02-12,67.24
2016-02-13,59.86
2016-02-14,53.3
2016-02-15,63.96
2016-02-16,82.0
2016-02-17,70.52
2016-02-18,69.7
2016-02-19,70.52
2016-02-20,61.49999999999999
2016-02-21,58.22
2016-02-22,65.6
2016-02-23,70.52
2016-02-24,65.6
2016-02-25,66.42
2016-02-26,63.96
2016-02-27,56.58
2016-02-28,55.76
2016-02-29,65.6
2016-03-01,49.4
2016-03-02,50.92
2016-03-03,45.6
2016-03-04,51.68
2016-03-05,41.04
2016-03-06,34.2
2016-03-07,47.88
2016-03-08,45.6
2016-03-09,45.6
2016-03-10,45.6
2016-03-11,47.12
2016-03-12,35.72
2016-03-13,50.16
2016-03-14,76.0
2016-03-15,50.92
2016-03-16,46.36
2016-03-17,47.88
2016-03-18,44.84
2016-03-19,34.2
2016-03-20,37.24
2016-03-21,41.8
2016-03-22,44.84
2016-03-23,45.6
2016-03-24,39.52
2016-03-25,39.52
2016-03-26,32.68
2016-03-27,38.76
2016-03-28,45.6
2016-03-29,44.08
2016-03-30,47.12
2016-03-31,43.32
2016-04-01,65.36
2016-04-02,60.8
2016-04-03,61.56
2016-04-04,72.2
2016-04-05,76.0
2016-04-06,67.64
2016-04-07,70.68
2016-04-08,65.36
2016-04-09,57.76
2016-04-10,57.76
2016-04-11,67.64
2016-04-12,68.4
2016-04-13,69.16
2016-04-14,68.4
2016-04-15,75.24
2016-04-16,73.72
2016-04-17,63.08
2016-04-18,66.88
2016-04-19,75.24
2016-04-20,71.44
2016-04-21,62.32
2016-04-22,66.88
2016-04-23,55.48
2016-04-24,50.16
2016-04-25,69.16
2016-04-26,71.44
2016-04-27,69.16
2016-04-28,72.2
2016-04-29,66.12
2016-04-30,52.44
2016-05-01,51.8
2016-05-02,72.52
2016-05-03,68.82
2016-05-04,62.16
2016-05-05,66.6
2016-05-06,74.0
2016-05-07,48.1
2016-05-08,51.06
2016-05-09,65.86
2016-05-10,73.26
2016-05-11,68.82
2016-05-12,62.16
2016-05-13,62.16
2016-05-14,52.54
2016-05-15,51.06
2016-05-16,66.6
2016-05-17,62.9
2016-05-18,67.34
2016-05-19,62.16
2016-05-20,65.86
2016-05-21,48.84
2016-05-22,48.84
2016-05-23,62.9
2016-05-24,59.94
2016-05-25,54.76
2016-05-26,55.5
2016-05-27,62.9
2016-05-28,52.54
2016-05-29,51.8
2016-05-30,51.8
2016-05-31,65.12
2016-06-01,58.65
2016-06-02,63.48
2016-06-03,58.65
2016-06-04,54.51
2016-06-05,56.58
2016-06-06,69.0
2016-06-07,61.41
2016-06-08,54.51
2016-06-09,56.58
2016-06-10,60.72
2016-06-11,53.81999999999999
2016-06-12,54.51
2016-06-13,55.88999999999999
2016-06-14,59.34
2016-06-15,58.65
2016-06-16,59.34
2016-06-17,64.17
2016-06-18,45.54
2016-06-19,50.37
2016-06-20,66.24
2016-06-21,60.03
2016-06-22,63.48
2016-06-23,60.03
2016-06-24,69.0
2016-06-25,60.72
2016-06-26,53.13
2016-06-27,61.41
2016-06-28,60.03
2016-06-29,55.88999999999999
2016-06-30,62.78999999999999
2016-07-01,62.400000000000006
2016-07-02,59.15
2016-07-03,54.6
2016-07-04,63.05
2016-07-05,65.0
2016-07-06,61.75
2016-07-07,56.55
2016-07-08,59.15
2016-07-09,49.4
2016-07-10,50.7
2016-07-11,64.35000000000001
2016-07-12,58.5
2016-07-13,57.2
2016-07-14,63.7
2016-07-15,57.2
2016-07-16,50.7
2016-07-17,53.95
2016-07-18,54.6
2016-07-19,56.55
2016-07-20,50.7
2016-07-21,60.45
2016-07-22,57.85
2016-07-23,52.0
2016-07-24,51.35
2016-07-25,56.55
2016-07-26,58.5
2016-07-27,56.55
2016-07-28,55.9
2016-07-29,57.2
2016-07-30,57.85
2016-07-31,50.7
2016-08-01,56.760000000000005
2016-08-02,65.34
2016-08-03,58.74
2016-08-04,58.74
2016-08-05,63.36
2016-08-06,51.48
2016-08-07,48.84
2016-08-08,53.46
2016-08-09,55.440000000000005
2016-08-10,53.46
2016-08-11,56.760000000000005
2016-08-12,56.760000000000005
2016-08-13,49.5
2016-08-14,47.52
2016-08-15,54.78
2016-08-16,58.080000000000005
2016-08-17,58.080000000000005
2016-08-18,55.440000000000005
2016-08-19,57.42
2016-08-20,51.48
2016-08-21,46.86
2016-08-22,62.7
2016-08-23,58.080000000000005
2016-08-24,62.7
2016-08-25,58.080000000000005
2016-08-26,63.36
2016-08-27,52.8
2016-08-28,50.82
2016-08-29,66.0
2016-08-30,62.7
2016-08-31,56.1
2016-09-01,57.67
2016-09-02,66.42999999999999
2016-09-03,48.91
2016-09-04,46.72
2016-09-05,54.75
2016-09-06,64.97
2016-09-07,62.78
2016-09-08,62.78
2016-09-09,67.89
2016-09-10,52.56
2016-09-11,46.72
2016-09-12,67.16
2016-09-13,67.89
2016-09-14,70.08
2016-09-15,67.16
2016-09-16,67.16
2016-09-17,51.1
2016-09-18,47.45
2016-09-19,62.78
2016-09-20,67.89
2016-09-21,62.78
2016-09-22,63.51
2016-09-23,62.78
2016-09-24,45.99
2016-09-25,52.56
2016-09-26,62.05
2016-09-27,65.7
2016-09-28,64.97
2016-09-29,73.0
2016-09-30,67.89
2016-10-01,46.5
2016-10-02,51.0
2016-10-03,75.0
2016-10-04,64.5
2016-10-05,58.5
2016-10-06,53.25
2016-10-07,51.0
2016-10-08,48.0
2016-10-09,41.25
2016-10-10,57.75
2016-10-11,50.25
2016-10-12,61.5
2016-10-13,59.25
2016-10-14,56.25
2016-10-15,53.25
2016-10-16,42.0
2016-10-17,58.5
2016-10-18,58.5
2016-10-19,49.5
2016-10-20,57.0
2016-10-21,59.25
2016-10-22,48.0
2016-10-23,44.25
2016-10-24,61.5
2016-10-25,63.0
2016-10-26,60.75
2016-10-27,56.25
2016-10-28,58.5
2016-10-29,49.5
2016-10-30,49.5
2016-10-31,64.5
2016-11-01,63.0
2016-11-02,57.96
2016-11-03,56.7
2016-11-04,56.07
2016-11-05,44.1
2016-11-06,37.8
2016-11-07,53.55
2016-11-08,50.4
2016-11-09,44.73
2016-11-10,52.92
2016-11-11,52.92
2016-11-12,40.32
2016-11-13,42.84
2016-11-14,50.4
2016-11-15,54.18
2016-11-16,56.07
2016-11-17,56.07
2016-11-18,57.33
2016-11-19,47.25
2016-11-20,40.95
2016-11-21,51.03
2016-11-22,57.33
2016-11-23,44.73
2016-11-24,35.910000000000004
2016-11-25,45.36
2016-11-26,39.06
2016-11-27,42.21
2016-11-28,52.92
2016-11-29,52.92
2016-11-30,57.96
2016-12-01,73.0
2016-12-02,62.05
2016-12-03,47.45
2016-12-04,48.18
2016-12-05,63.51
2016-12-06,70.08
2016-12-07,67.16
2016-12-08,67.16
2016-12-09,64.97
2016-12-10,57.67
2016-12-11,48.18
2016-12-12,66.42999999999999
2016-12-13,67.16
2016-12-14,62.05
2016-12-15,58.4
2016-12-16,62.05
2016-12-17,54.02
2016-12-18,49.64
2016-12-19,59.13
2016-12-20,59.13
2016-12-21,61.32
2016-12-22,55.48
2016-12-23,54.02
2016-12-24,54.02
2016-12-25,45.26
2016-12-26,54.75
2016-12-27,57.67
2016-12-28,62.78
2016-12-29,59.86
2016-12-30,56.94
2016-12-31,56.21
2017-01-01,51.84
2017-01-02,55.89
2017-01-03,61.56
2017-01-04,55.89
2017-01-05,67.23
2017-01-06,66.42
2017-01-07,55.080000000000005
2017-01-08,60.75000000000001
2017-01-09,75.33
2017-01-10,81.0
2017-01-11,76.14
2017-01-12,68.85000000000001
2017-01-13,73.71000000000001
2017-01-14,64.80000000000001
2017-01-15,59.940000000000005
2017-01-16,61.56
2017-01-17,68.85000000000001
2017-01-18,76.14
2017-01-19,71.28
2017-01-20,69.66000000000001
2017-01-21,59.940000000000005
2017-01-22,57.510000000000005
2017-01-23,67.23
2017-01-24,70.47
2017-01-25,63.99
2017-01-26,69.66000000000001
2017-01-27,70.47
2017-01-28,56.7
2017-01-29,57.510000000000005
2017-01-30,78.57000000000001
2017-01-31,71.28
2017-02-01,62.41
2017-02-02,63.99
2017-02-03,62.41
2017-02-04,57.67
2017-02-05,49.77
2017-02-06,56.88
2017-02-07,60.040000000000006
2017-02-08,61.620000000000005
2017-02-09,65.57000000000001
2017-02-10,63.2
2017-02-11,53.72
2017-02-12,47.400000000000006
2017-02-13,60.830000000000005
2017-02-14,68.73
2017-02-15,72.68
2017-02-16,69.52000000000001
2017-02-17,70.31
2017-02-18,63.2
2017-02-19,54.510000000000005
2017-02-20,58.46
2017-02-21,71.89
2017-02-22,79.0
2017-02-23,73.47
2017-02-24,63.2
2017-02-25,65.57000000000001
2017-02-26,63.99
2017-02-27,65.57000000000001
2017-02-28,68.73
2017-03-01,62.79
2017-03-02,67.34
2017-03-03,66.43
2017-03-04,55.510000000000005
2017-03-05,50.05
2017-03-06,61.88
2017-03-07,58.24
2017-03-08,80.08
2017-03-09,63.7
2017-03-10,60.06
2017-03-11,53.690000000000005
2017-03-12,49.14
2017-03-13,59.15
2017-03-14,91.0
2017-03-15,62.79
2017-03-16,65.52
2017-03-17,59.15
2017-03-18,50.96
2017-03-19,48.23
2017-03-20,56.42
2017-03-21,60.06
2017-03-22,59.15
2017-03-23,60.06
2017-03-24,55.510000000000005
2017-03-25,58.24
2017-03-26,50.05
2017-03-27,60.06
2017-03-28,58.24
2017-03-29,52.78
2017-03-30,60.97
2017-03-31,58.24
2017-04-01,52.44
2017-04-02,58.52
2017-04-03,64.6
2017-04-04,66.12
2017-04-05,64.6
2017-04-06,66.88
2017-04-07,76.0
2017-04-08,57.0
2017-04-09,52.44
2017-04-10,66.12
2017-04-11,60.8
2017-04-12,58.52
2017-04-13,61.56
2017-04-14,57.76
2017-04-15,60.04
2017-04-16,60.8
2017-04-17,59.28
2017-04-18,60.8
2017-04-19,62.32
2017-04-20,67.64
2017-04-21,71.44
2017-04-22,54.72
2017-04-23,57.0
2017-04-24,69.92
2017-04-25,72.2
2017-04-26,63.84
2017-04-27,68.4
2017-04-28,60.8
2017-04-29,53.2
2017-04-30,55.48
2017-05-01,74.61999999999999
2017-05-02,79.53999999999999
2017-05-03,72.16
2017-05-04,75.44
2017-05-05,77.89999999999999
2017-05-06,63.13999999999999
2017-05-07,65.6
2017-05-08,74.61999999999999
2017-05-09,77.89999999999999
2017-05-10,71.33999999999999
2017-05-11,72.16
2017-05-12,75.44
2017-05-13,63.13999999999999
2017-05-14,63.13999999999999
2017-05-15,81.17999999999999
2017-05-16,76.25999999999999
2017-05-17,81.17999999999999
2017-05-18,75.44
2017-05-19,82.0
2017-05-20,57.4
2017-05-21,64.78
2017-05-22,74.61999999999999
2017-05-23,69.7
2017-05-24,69.7
2017-05-25,77.08
2017-05-26,72.97999999999999
2017-05-27,61.49999999999999
2017-05-28,68.88
2017-05-29,65.6
2017-05-30,68.06
2017-05-31,69.7
2017-06-01,60.35
2017-06-02,66.03
2017-06-03,53.96
2017-06-04,56.8
2017-06-05,63.19
2017-06-06,61.77
2017-06-07,63.9
2017-06-08,61.06
2017-06-09,66.03
2017-06-10,56.8
2017-06-11,53.96
2017-06-12,62.48
2017-06-13,71.0
2017-06-14,58.22
2017-06-15,64.61
2017-06-16,60.35
2017-06-17,58.93
2017-06-18,53.25
2017-06-19,70.28999999999999
2017-06-20,66.74
2017-06-21,66.03
2017-06-22,57.51
2017-06-23,61.06
2017-06-24,54.67
2017-06-25,51.12
2017-06-26,66.03
2017-06-27,61.77
2017-06-28,65.32
2017-06-29,58.22
2017-06-30,65.32
2017-07-01,69.0
2017-07-02,51.74999999999999
2017-07-03,53.13
2017-07-04,50.37
2017-07-05,47.61
2017-07-06,53.13
2017-07-07,56.58
2017-07-08,46.92
2017-07-09,46.92
2017-07-10,50.37
2017-07-11,54.51
2017-07-12,51.06
2017-07-13,53.81999999999999
2017-07-14,51.06
2017-07-15,43.47
2017-07-16,46.92
2017-07-17,55.88999999999999
2017-07-18,53.81999999999999
2017-07-19,52.44
2017-07-20,50.37
2017-07-21,52.44
2017-07-22,52.44
2017-07-23,50.37
2017-07-24,47.61
2017-07-25,54.51
2017-07-26,48.3
2017-07-27,46.92
2017-07-28,50.37
2017-07-29,46.92
2017-07-30,46.23
2017-07-31,48.99
2017-08-01,59.22
2017-08-02,58.59
2017-08-03,60.48
2017-08-04,57.96
2017-08-05,55.44
2017-08-06,52.92
2017-08-07,55.44
2017-08-08,57.33
2017-08-09,57.96
2017-08-10,53.55
2017-08-11,54.18
2017-08-12,55.44
2017-08-13,55.44
2017-08-14,60.48
2017-08-15,62.37
2017-08-16,59.85
2017-08-17,61.11
2017-08-18,58.59
2017-08-19,59.85
2017-08-20,47.25
2017-08-21,54.18
2017-08-22,62.37
2017-08-23,63.0
2017-08-24,53.55
2017-08-25,59.22
2017-08-26,49.14
2017-08-27,44.73
2017-08-28,58.59
2017-08-29,61.74
2017-08-30,63.0
2017-08-31,63.0
2017-09-01,60.48
2017-09-02,52.56
2017-09-03,56.88
2017-09-04,53.28
2017-09-05,63.36
2017-09-06,58.32
2017-09-07,59.76
2017-09-08,58.32
2017-09-09,52.56
2017-09-10,48.96
2017-09-11,55.44
2017-09-12,62.64
2017-09-13,61.2
2017-09-14,64.08
2017-09-15,65.52
2017-09-16,56.16
2017-09-17,54.0
2017-09-18,64.8
2017-09-19,62.64
2017-09-20,59.04
2017-09-21,60.48
2017-09-22,60.48
2017-09-23,56.88
2017-09-24,52.56
2017-09-25,72.0
2017-09-26,71.28
2017-09-27,63.36
2017-09-28,69.84
2017-09-29,62.64
2017-09-30,59.04
2017-10-01,61.49999999999999
2017-10-02,65.6
2017-10-03,62.31999999999999
2017-10-04,69.7
2017-10-05,70.52
2017-10-06,59.86
2017-10-07,57.4
2017-10-08,61.49999999999999
2017-10-09,78.72
2017-10-10,72.16
2017-10-11,72.97999999999999
2017-10-12,68.06
2017-10-13,72.16
2017-10-14,64.78
2017-10-15,58.22
2017-10-16,71.33999999999999
2017-10-17,73.8
2017-10-18,72.97999999999999
2017-10-19,73.8
2017-10-20,82.0
2017-10-21,62.31999999999999
2017-10-22,57.4
2017-10-23,72.16
2017-10-24,78.72
2017-10-25,76.25999999999999
2017-10-26,72.97999999999999
2017-10-27,72.97999999999999
2017-10-28,61.49999999999999
2017-10-29,63.13999999999999
2017-10-30,70.52
2017-10-31,67.24
2017-11-01,65.61
2017-11-02,68.04
2017-11-03,70.47
2017-11-04,54.27
2017-11-05,55.080000000000005
2017-11-06,65.61
2017-11-07,65.61
2017-11-08,72.9
2017-11-09,71.28
2017-11-10,65.61
2017-11-11,56.7
2017-11-12,57.510000000000005
2017-11-13,71.28
2017-11-14,71.28
2017-11-15,72.09
2017-11-16,81.0
2017-11-17,72.09
2017-11-18,56.7
2017-11-19,51.03
2017-11-20,59.940000000000005
2017-11-21,66.42
2017-11-22,55.080000000000005
2017-11-23,47.790000000000006
2017-11-24,55.080000000000005
2017-11-25,53.46
2017-11-26,53.46
2017-11-27,59.13
2017-11-28,67.23
2017-11-29,67.23
2017-11-30,68.04
2017-12-01,69.56
2017-12-02,59.2
2017-12-03,55.5
2017-12-04,74.0
2017-12-05,67.34
2017-12-06,71.78
2017-12-07,66.6
2017-12-08,70.3
2017-12-09,57.72
2017-12-10,54.02
2017-12-11,70.3
2017-12-12,72.52
2017-12-13,60.68
2017-12-14,65.86
2017-12-15,74.0
2017-12-16,55.5
2017-12-17,56.24
2017-12-18,64.38
2017-12-19,70.3
2017-12-20,73.26
2017-12-21,68.82
2017-12-22,59.94
2017-12-23,53.28
2017-12-24,50.32
2017-12-25,45.88
2017-12-26,62.16
2017-12-27,64.38
2017-12-28,62.16
2017-12-29,59.94
2017-12-30,58.46
2017-12-31,59.2
2018-01-01,51.52
2018-01-02,60.720000000000006
2018-01-03,60.720000000000006
2018-01-04,69.92
2018-01-05,73.60000000000001
2018-01-06,62.56
2018-01-07,62.56
2018-01-08,70.84
2018-01-09,80.04
2018-01-10,62.56
2018-01-11,63.48
2018-01-12,67.16
2018-01-13,53.36
2018-01-14,50.6
2018-01-15,51.52
2018-01-16,58.88
2018-01-17,80.04
2018-01-18,61.64
2018-01-19,58.88
2018-01-20,69.92
2018-01-21,92.0
2018-01-22,79.12
2018-01-23,83.72
2018-01-24,80.96000000000001
2018-01-25,69.92
2018-01-26,73.60000000000001
2018-01-27,60.720000000000006
2018-01-28,56.120000000000005
2018-01-29,62.56
2018-01-30,68.08
2018-01-31,70.84
2018-02-01,67.2
2018-02-02,74.88
2018-02-03,62.4
2018-02-04,56.64
2018-02-05,74.88
2018-02-06,78.72
2018-02-07,87.36
2018-02-08,89.28
2018-02-09,80.64
2018-02-10,96.0
2018-02-11,69.12
2018-02-12,77.75999999999999
2018-02-13,75.84
2018-02-14,77.75999999999999
2018-02-15,72.0
2018-02-16,73.92
2018-02-17,72.0
2018-02-18,63.36
2018-02-19,65.28
2018-02-20,71.03999999999999
2018-02-21,91.2
2018-02-22,94.08
2018-02-23,78.72
2018-02-24,76.8
2018-02-25,63.36
2018-02-26,69.12
2018-02-27,74.88
2018-02-28,74.88
2018-03-01,60.75000000000001
2018-03-02,76.14
2018-03-03,52.650000000000006
2018-03-04,48.6
2018-03-05,56.7
2018-03-06,59.940000000000005
2018-03-07,68.04
2018-03-08,56.7
2018-03-09,55.89
2018-03-10,46.17
2018-03-11,44.55
2018-03-12,56.7
2018-03-13,60.75000000000001
2018-03-14,53.46
2018-03-15,55.080000000000005
2018-03-16,54.27
2018-03-17,46.17
2018-03-18,50.220000000000006
2018-03-19,55.080000000000005
2018-03-20,63.99
2018-03-21,81.0
2018-03-22,70.47
2018-03-23,62.370000000000005
2018-03-24,45.36
2018-03-25,47.790000000000006
2018-03-26,58.32000000000001
2018-03-27,59.940000000000005
2018-03-28,62.370000000000005
2018-03-29,53.46
2018-03-30,51.03
2018-03-31,42.93
2018-04-01,54.27
2018-04-02,68.04
2018-04-03,67.23
2018-04-04,62.370000000000005
2018-04-05,70.47
2018-04-06,63.99
2018-04-07,58.32000000000001
2018-04-08,60.75000000000001
2018-04-09,73.71000000000001
2018-04-10,70.47
2018-04-11,68.85000000000001
2018-04-12,70.47
2018-04-13,74.52000000000001
2018-04-14,60.75000000000001
2018-04-15,64.80000000000001
2018-04-16,74.52000000000001
2018-04-17,69.66000000000001
2018-04-18,70.47
2018-04-19,75.33
2018-04-20,74.52000000000001
2018-04-21,56.7
2018-04-22,59.13
2018-04-23,74.52000000000001
2018-04-24,81.0
2018-04-25,73.71000000000001
2018-04-26,72.09
2018-04-27,70.47
2018-04-28,60.75000000000001
2018-04-29,59.13
2018-04-30,69.66000000000001
2018-05-01,72.38
2018-05-02,66.22
2018-05-03,73.92
2018-05-04,69.3
2018-05-05,54.67
2018-05-06,53.9
2018-05-07,66.99
2018-05-08,77.0
2018-05-09,65.45
2018-05-10,69.3
2018-05-11,70.07000000000001
2018-05-12,53.9
2018-05-13,53.13
2018-05-14,67.76
2018-05-15,74.69
2018-05-16,73.15
2018-05-17,66.22
2018-05-18,61.6
2018-05-19,52.36
2018-05-20,49.28
2018-05-21,62.370000000000005
2018-05-22,63.91
2018-05-23,63.14
2018-05-24,64.68
2018-05-25,71.61
2018-05-26,53.13
2018-05-27,50.82
2018-05-28,56.98
2018-05-29,60.83
2018-05-30,66.22
2018-05-31,66.99
2018-06-01,67.16
2018-06-02,56.94
2018-06-03,57.67
2018-06-04,65.7
2018-06-05,62.78
2018-06-06,69.35
2018-06-07,66.42999999999999
2018-06-08,67.16
2018-06-09,57.67
2018-06-10,54.75
2018-06-11,62.78
2018-06-12,70.08
2018-06-13,72.27
2018-06-14,66.42999999999999
2018-06-15,59.13
2018-06-16,59.13
2018-06-17,54.75
2018-06-18,62.05
2018-06-19,59.86
2018-06-20,68.62
2018-06-21,64.97
2018-06-22,70.08
2018-06-23,65.7
2018-06-24,56.21
2018-06-25,64.97
2018-06-26,70.81
2018-06-27,73.0
2018-06-28,70.08
2018-06-29,68.62
2018-06-30,56.21
2018-07-01,68.0
2018-07-02,67.32000000000001
2018-07-03,57.120000000000005
2018-07-04,54.400000000000006
2018-07-05,64.60000000000001
2018-07-06,61.88
2018-07-07,53.720000000000006
2018-07-08,49.64
2018-07-09,59.84
2018-07-10,57.8
2018-07-11,57.120000000000005
2018-07-12,55.080000000000005
2018-07-13,57.120000000000005
2018-07-14,51.68000000000001
2018-07-15,51.68000000000001
2018-07-16,57.8
2018-07-17,56.440000000000005
2018-07-18,55.760000000000005
2018-07-19,61.2
2018-07-20,57.120000000000005
2018-07-21,54.400000000000006
2018-07-22,51.68000000000001
2018-07-23,52.36000000000001
2018-07-24,59.84
2018-07-25,53.720000000000006
2018-07-26,59.16
2018-07-27,59.84
2018-07-28,55.760000000000005
2018-07-29,50.32
2018-07-30,57.8
2018-07-31,62.56
2018-08-01,56.07
2018-08-02,59.22
2018-08-03,55.44
2018-08-04,51.03
2018-08-05,55.44
2018-08-06,54.81
2018-08-07,53.55
2018-08-08,59.22
2018-08-09,50.4
2018-08-10,56.7
2018-08-11,53.55
2018-08-12,55.44
2018-08-13,56.07
2018-08-14,55.44
2018-08-15,53.55
2018-08-16,56.07
2018-08-17,51.66
2018-08-18,53.55
2018-08-19,49.14
2018-08-20,59.85
2018-08-21,55.44
2018-08-22,54.81
2018-08-23,52.92
2018-08-24,54.81
2018-08-25,51.66
2018-08-26,51.03
2018-08-27,56.7
2018-08-28,60.48
2018-08-29,56.7
2018-08-30,60.48
2018-08-31,63.0
2018-09-01,53.72
2018-09-02,62.41
2018-09-03,62.41
2018-09-04,75.84
2018-09-05,71.89
2018-09-06,73.47
2018-09-07,77.42
2018-09-08,62.41
2018-09-09,63.2
2018-09-10,71.10000000000001
2018-09-11,72.68
2018-09-12,72.68
2018-09-13,73.47
2018-09-14,71.10000000000001
2018-09-15,64.78
2018-09-16,56.88
2018-09-17,75.84
2018-09-18,75.05
2018-09-19,73.47
2018-09-20,77.42
2018-09-21,79.0
2018-09-22,60.040000000000006
2018-09-23,56.09
2018-09-24,74.26
2018-09-25,79.0
2018-09-26,71.10000000000001
2018-09-27,71.10000000000001
2018-09-28,74.26
2018-09-29,68.73
2018-09-30,68.73
2018-10-01,72.25
2018-10-02,68.0
2018-10-03,70.55
2018-10-04,71.39999999999999
2018-10-05,73.1
2018-10-06,57.8
2018-10-07,58.65
2018-10-08,71.39999999999999
2018-10-09,70.55
2018-10-10,69.7
2018-10-11,70.55
2018-10-12,73.95
2018-10-13,57.8
2018-10-14,56.1
2018-10-15,76.5
2018-10-16,79.05
2018-10-17,72.25
2018-10-18,78.2
2018-10-19,85.0
2018-10-20,66.3
2018-10-21,64.6
2018-10-22,73.95
2018-10-23,75.64999999999999
2018-10-24,73.1
2018-10-25,80.75
2018-10-26,72.25
2018-10-27,68.0
2018-10-28,66.3
2018-10-29,75.64999999999999
2018-10-30,83.3
2018-10-31,78.2
2018-11-01,54.81
2018-11-02,53.94
2018-11-03,47.85
2018-11-04,41.76
2018-11-05,51.33
2018-11-06,54.81
2018-11-07,53.07
2018-11-08,54.81
2018-11-09,57.42
2018-11-10,46.98
2018-11-11,41.76
2018-11-12,52.2
2018-11-13,54.81
2018-11-14,60.9
2018-11-15,87.0
2018-11-16,57.42
2018-11-17,44.37
2018-11-18,42.63
2018-11-19,57.42
2018-11-20,53.07
2018-11-21,49.59
2018-11-22,53.94
2018-11-23,53.94
2018-11-24,46.11
2018-11-25,43.5
2018-11-26,50.46
2018-11-27,56.55
2018-11-28,55.68
2018-11-29,56.55
2018-11-30,57.42
2018-12-01,91.0
2018-12-02,73.71000000000001
2018-12-03,83.72
2018-12-04,90.09
2018-12-05,75.53
2018-12-06,83.72
2018-12-07,80.99000000000001
2018-12-08,68.25
2018-12-09,70.07000000000001
2018-12-10,77.35000000000001
2018-12-11,77.35000000000001
2018-12-12,74.62
2018-12-13,83.72
2018-12-14,85.54
2018-12-15,65.52
2018-12-16,63.7
2018-12-17,79.17
2018-12-18,80.99000000000001
2018-12-19,73.71000000000001
2018-12-20,81.9
2018-12-21,86.45
2018-12-22,65.52
2018-12-23,64.61
2018-12-24,74.62
2018-12-25,62.79
2018-12-26,79.17
2018-12-27,81.9
2018-12-28,71.89
2018-12-29,69.16
2018-12-30,66.43
2018-12-31,72.8
2019-01-01,69.0
2019-01-02,75.0
2019-01-03,70.0
2019-01-04,74.0
2019-01-05,70.0
2019-01-06,59.0
2019-01-07,65.0
2019-01-08,74.0
2019-01-09,73.0
2019-01-10,70.0
2019-01-11,76.0
2019-01-12,61.0
2019-01-13,61.0
2019-01-14,97.0
2019-01-15,95.0
2019-01-16,82.0
2019-01-17,76.0
2019-01-18,81.0
2019-01-19,66.0
2019-01-20,62.0
2019-01-21,57.0
2019-01-22,77.0
2019-01-23,78.0
2019-01-24,77.0
2019-01-25,81.0
2019-01-26,76.0
2019-01-27,65.0
2019-01-28,78.0
2019-01-29,100.0
2019-01-30,89.0
2019-01-31,78.0
2019-02-01,69.0
2019-02-02,47.84
2019-02-03,43.24
2019-02-04,46.0
2019-02-05,51.52
2019-02-06,53.36
2019-02-07,51.52
2019-02-08,50.6
2019-02-09,44.16
2019-02-10,46.0
2019-02-11,62.56
2019-02-12,57.04
2019-02-13,57.04
2019-02-14,54.28
2019-02-15,51.52
2019-02-16,45.080000000000005
2019-02-17,45.080000000000005
2019-02-18,47.84
2019-02-19,54.28
2019-02-20,55.2
2019-02-21,92.0
2019-02-22,75.44
2019-02-23,46.92
2019-02-24,46.92
2019-02-25,55.2
2019-02-26,49.68
2019-02-27,55.2
2019-02-28,56.120000000000005
2019-03-01,84.0
2019-03-02,70.56
2019-03-03,61.32
2019-03-04,73.08
2019-03-05,70.56
2019-03-06,73.92
2019-03-07,74.75999999999999
2019-03-08,73.92
2019-03-09,68.03999999999999
2019-03-10,59.64
2019-03-11,72.24
2019-03-12,80.64
2019-03-13,69.72
2019-03-14,70.56
2019-03-15,78.11999999999999
2019-03-16,63.84
2019-03-17,63.0
2019-03-18,71.39999999999999
2019-03-19,73.08
2019-03-20,73.92
2019-03-21,75.6
2019-03-22,74.75999999999999
2019-03-23,57.96
2019-03-24,53.76
2019-03-25,71.39999999999999
2019-03-26,74.75999999999999
2019-03-27,74.75999999999999
2019-03-28,72.24
2019-03-29,72.24
2019-03-30,56.28
2019-03-31,62.16
2019-04-01,69.60000000000001
2019-04-02,68.0
2019-04-03,68.8
2019-04-04,70.4
2019-04-05,74.4
2019-04-06,60.8
2019-04-07,57.6
2019-04-08,70.4
2019-04-09,68.8
2019-04-10,70.4
2019-04-11,72.0
2019-04-12,72.8
2019-04-13,61.6
2019-04-14,56.0
2019-04-15,64.8
2019-04-16,73.60000000000001
2019-04-17,65.60000000000001
2019-04-18,65.60000000000001
2019-04-19,60.8
2019-04-20,56.8
2019-04-21,52.8
2019-04-22,80.0
2019-04-23,79.2
2019-04-24,79.2
2019-04-25,66.4
2019-04-26,68.0
2019-04-27,56.8
2019-04-28,56.8
2019-04-29,69.60000000000001
2019-04-30,70.4
2019-05-01,73.60000000000001
2019-05-02,79.2
2019-05-03,70.4
2019-05-04,58.400000000000006
2019-05-05,58.400000000000006
2019-05-06,79.2
2019-05-07,67.2
2019-05-08,76.80000000000001
2019-05-09,72.8
2019-05-10,78.4
2019-05-11,64.0
2019-05-12,58.400000000000006
2019-05-13,79.2
2019-05-14,76.0
2019-05-15,80.0
2019-05-16,78.4
2019-05-17,80.0
2019-05-18,64.8
2019-05-19,64.8
2019-05-20,72.0
2019-05-21,77.60000000000001
2019-05-22,75.2
2019-05-23,69.60000000000001
2019-05-24,78.4
2019-05-25,60.8
2019-05-26,62.400000000000006
2019-05-27,56.0
2019-05-28,75.2
2019-05-29,70.4
2019-05-30,70.4
2019-05-31,68.8
2019-06-01,59.04
2019-06-02,57.6
2019-06-03,59.76
2019-06-04,69.12
2019-06-05,64.8
2019-06-06,59.04
2019-06-07,70.56
2019-06-08,58.32
2019-06-09,50.4
2019-06-10,64.08
2019-06-11,65.52
2019-06-12,70.56
2019-06-13,64.8
2019-06-14,61.2
2019-06-15,55.44
2019-06-16,53.28
2019-06-17,72.0
2019-06-18,62.64
2019-06-19,64.8
2019-06-20,67.67999999999999
2019-06-21,64.8
2019-06-22,56.16
2019-06-23,56.16
2019-06-24,65.52
2019-06-25,65.52
2019-06-26,59.76
2019-06-27,61.92
2019-06-28,64.8
2019-06-29,52.56
2019-06-30,51.12
2019-07-01,53.28
2019-07-02,49.68
2019-07-03,44.64
2019-07-04,46.08
2019-07-05,47.52
2019-07-06,72.0
2019-07-07,44.64
2019-07-08,55.44
2019-07-09,49.68
2019-07-10,51.12
2019-07-11,50.4
2019-07-12,55.44
2019-07-13,44.64
2019-07-14,43.2
2019-07-15,48.24
2019-07-16,48.96
2019-07-17,51.84
2019-07-18,49.68
2019-07-19,48.96
2019-07-20,44.64
2019-07-21,38.88
2019-07-22,48.96
2019-07-23,48.96
2019-07-24,46.8
2019-07-25,40.32
2019-07-26,42.48
2019-07-27,39.6
2019-07-28,40.32
2019-07-29,46.8
2019-07-30,59.04
2019-07-31,47.52
2019-08-01,58.74
2019-08-02,56.1
2019-08-03,46.2
2019-08-04,44.88
2019-08-05,57.42
2019-08-06,59.400000000000006
2019-08-07,56.1
2019-08-08,54.120000000000005
2019-08-09,52.8
2019-08-10,51.48
2019-08-11,47.52
2019-08-12,62.7
2019-08-13,60.06
2019-08-14,56.1
2019-08-15,66.0
2019-08-16,60.720000000000006
2019-08-17,50.16
2019-08-18,54.78
2019-08-19,56.760000000000005
2019-08-20,60.06
2019-08-21,56.760000000000005
2019-08-22,53.46
2019-08-23,55.440000000000005
2019-08-24,54.120000000000005
2019-08-25,42.9
2019-08-26,57.42
2019-08-27,63.36
2019-08-28,58.74
2019-08-29,57.42
2019-08-30,61.38
2019-08-31,44.88
2019-09-01,47.36
2019-09-02,59.94
2019-09-03,67.34
2019-09-04,61.42
2019-09-05,64.38
2019-09-06,71.78
2019-09-07,61.42
2019-09-08,52.54
2019-09-09,60.68
2019-09-10,64.38
2019-09-11,70.3
2019-09-12,68.82
2019-09-13,68.08
2019-09-14,59.2
2019-09-15,54.02
2019-09-16,64.38
2019-09-17,69.56
2019-09-18,64.38
2019-09-19,70.3
2019-09-20,64.38
2019-09-21,51.06
2019-09-22,52.54
2019-09-23,72.52
2019-09-24,69.56
2019-09-25,68.82
2019-09-26,74.0
2019-09-27,69.56
2019-09-28,58.46
2019-09-29,65.12
2019-09-30,70.3
2019-10-01,23.0
2019-10-02,26.0
2019-10-03,23.0
2019-10-04,25.0
2019-10-05,21.0
2019-10-06,20.0
2019-10-07,24.0
2019-10-08,60.0
2019-10-09,100.0
2019-10-10,54.0
2019-10-11,34.0
2019-10-12,22.0
2019-10-13,23.0
2019-10-14,26.0
2019-10-15,28.0
2019-10-16,24.0
2019-10-17,25.0
2019-10-18,24.0
2019-10-19,20.0
2019-10-20,21.0
2019-10-21,28.0
2019-10-22,35.0
2019-10-23,36.0
2019-10-24,32.0
2019-10-25,36.0
2019-10-26,40.0
2019-10-27,41.0
2019-10-28,42.0
2019-10-29,43.0
2019-10-30,38.0
2019-10-31,33.0
2019-11-01,77.19
2019-11-02,61.42
2019-11-03,61.42
2019-11-04,69.72
2019-11-05,73.03999999999999
2019-11-06,83.0
2019-11-07,77.19
2019-11-08,68.06
2019-11-09,55.61
2019-11-10,53.95
2019-11-11,64.74
2019-11-12,67.22999999999999
2019-11-13,72.21
2019-11-14,65.57
2019-11-15,72.21
2019-11-16,53.95
2019-11-17,57.27
2019-11-18,73.86999999999999
2019-11-19,79.67999999999999
2019-11-20,78.85
2019-11-21,73.03999999999999
2019-11-22,74.7
2019-11-23,56.44
2019-11-24,58.93
2019-11-25,56.44
2019-11-26,60.59
2019-11-27,64.74
2019-11-28,50.63
2019-11-29,58.1
2019-11-30,48.14
2019-12-01,48.84
2019-12-02,59.94
2019-12-03,69.56
2019-12-04,70.3
2019-12-05,68.82
2019-12-06,63.64
2019-12-07,49.58
2019-12-08,50.32
2019-12-09,66.6
2019-12-10,66.6
2019-12-11,65.86
2019-12-12,63.64
2019-12-13,66.6
2019-12-14,54.76
2019-12-15,51.8
2019-12-16,74.0
2019-12-17,62.9
2019-12-18,66.6
2019-12-19,62.9
2019-12-20,68.08
2019-12-21,54.02
2019-12-22,55.5
2019-12-23,53.28
2019-12-24,62.16
2019-12-25,50.32
2019-12-26,57.72
2019-12-27,57.72
2019-12-28,55.5
2019-12-29,54.76
2019-12-30,56.98
2019-12-31,57.72
2020-01-01,57.67
2020-01-02,60.830000000000005
2020-01-03,54.510000000000005
2020-01-04,48.190000000000005
2020-01-05,50.56
2020-01-06,60.040000000000006
2020-01-07,70.31
2020-01-08,73.47
2020-01-09,65.57000000000001
2020-01-10,60.830000000000005
2020-01-11,52.14
2020-01-12,53.72
2020-01-13,65.57000000000001
2020-01-14,66.36
2020-01-15,68.73
2020-01-16,65.57000000000001
2020-01-17,68.73
2020-01-18,61.620000000000005
2020-01-19,56.88
2020-01-20,58.46
2020-01-21,65.57000000000001
2020-01-22,64.78
2020-01-23,79.0
2020-01-24,65.57000000000001
2020-01-25,60.040000000000006
2020-01-26,50.56
2020-01-27,65.57000000000001
2020-01-28,64.78
2020-01-29,68.73
2020-01-30,65.57000000000001
2020-01-31,70.31
2020-02-01,60.68
2020-02-02,54.76
2020-02-03,62.9
2020-02-04,67.34
2020-02-05,64.38
2020-02-06,69.56
2020-02-07,65.86
2020-02-08,61.42
2020-02-09,63.64
2020-02-10,64.38
2020-02-11,69.56
2020-02-12,74.0
2020-02-13,68.82
2020-02-14,66.6
2020-02-15,59.2
2020-02-16,56.24
2020-02-17,62.16
2020-02-18,66.6
2020-02-19,73.26
2020-02-20,65.12
2020-02-21,74.0
2020-02-22,62.16
2020-02-23,65.12
2020-02-24,71.03999999999999
2020-02-25,72.52
2020-02-26,68.82
2020-02-27,70.3
2020-02-28,71.78
2020-02-29,69.56
2020-03-01,54.78
2020-03-02,63.08
2020-03-03,63.91
2020-03-04,56.44
2020-03-05,77.19
2020-03-06,68.89
2020-03-07,53.12
2020-03-08,50.63
2020-03-09,61.42
2020-03-10,76.36
2020-03-11,67.22999999999999
2020-03-12,83.0
2020-03-13,73.03999999999999
2020-03-14,55.61
2020-03-15,48.14
2020-03-16,66.39999999999999
2020-03-17,65.57
2020-03-18,68.89
2020-03-19,67.22999999999999
2020-03-20,59.76
2020-03-21,53.12
2020-03-22,47.31
2020-03-23,66.39999999999999
2020-03-24,68.89
2020-03-25,64.74
2020-03-26,56.44
2020-03-27,56.44
2020-03-28,53.95
2020-03-29,48.97
2020-03-30,52.29
2020-03-31,63.08
2020-04-01,65.86
2020-04-02,59.94
2020-04-03,62.16
2020-04-04,51.06
2020-04-05,52.54
2020-04-06,63.64
2020-04-07,66.6
2020-04-08,59.94
2020-04-09,61.42
2020-04-10,51.8
2020-04-11,51.06
2020-04-12,53.28
2020-04-13,59.2
2020-04-14,71.03999999999999
2020-04-15,68.08
2020-04-16,61.42
2020-04-17,74.0
2020-04-18,54.76
2020-04-19,52.54
2020-04-20,56.98
2020-04-21,57.72
2020-04-22,61.42
2020-04-23,58.46
2020-04-24,55.5
2020-04-25,48.1
2020-04-26,51.06
2020-04-27,59.94
2020-04-28,57.72
2020-04-29,65.86
2020-04-30,55.5
2020-05-01,56.7
2020-05-02,50.4
2020-05-03,54.6
2020-05-04,53.9
2020-05-05,55.3
2020-05-06,58.1
2020-05-07,58.8
2020-05-08,58.8
2020-05-09,53.2
2020-05-10,45.5
2020-05-11,55.3
2020-05-12,57.4
2020-05-13,55.3
2020-05-14,65.8
2020-05-15,60.9
2020-05-16,57.4
2020-05-17,57.4
2020-05-18,61.6
2020-05-19,59.49999999999999
2020-05-20,57.4
2020-05-21,57.4
2020-05-22,56.7
2020-05-23,49.7
2020-05-24,51.1
2020-05-25,53.2
2020-05-26,70.0
2020-05-27,61.6
2020-05-28,60.2
2020-05-29,53.9
2020-05-30,52.5
2020-05-31,44.1
2020-06-01,58.8
2020-06-02,58.8
2020-06-03,66.5
2020-06-04,61.6
2020-06-05,57.4
2020-06-06,53.9
2020-06-07,53.9
2020-06-08,60.9
2020-06-09,66.5
2020-06-10,62.3
2020-06-11,58.8
2020-06-12,62.99999999999999
2020-06-13,56.0
2020-06-14,59.49999999999999
2020-06-15,60.2
2020-06-16,65.8
2020-06-17,60.2
2020-06-18,60.9
2020-06-19,70.0
2020-06-20,69.3
2020-06-21,58.1
2020-06-22,64.39999999999999
2020-06-23,62.3
2020-06-24,60.2
2020-06-25,60.2
2020-06-26,60.9
2020-06-27,61.6
2020-06-28,58.1
2020-06-29,57.4
2020-06-30,62.99999999999999
2020-07-01,55.04
2020-07-02,51.2
2020-07-03,47.36
2020-07-04,49.92
2020-07-05,51.2
2020-07-06,53.76
2020-07-07,53.120000000000005
2020-07-08,50.56
2020-07-09,44.8
2020-07-10,56.96
2020-07-11,48.64
2020-07-12,51.84
2020-07-13,53.76
2020-07-14,50.56
2020-07-15,58.88
2020-07-16,56.32
2020-07-17,52.48
2020-07-18,46.08
2020-07-19,47.36
2020-07-20,56.96
2020-07-21,55.04
2020-07-22,56.32
2020-07-23,52.48
2020-07-24,49.92
2020-07-25,46.72
2020-07-26,48.64
2020-07-27,51.84
2020-07-28,48.64
2020-07-29,56.32
2020-07-30,64.0
2020-07-31,62.08
2020-08-01,54.940000000000005
2020-08-02,50.92
2020-08-03,53.6
2020-08-04,55.61000000000001
2020-08-05,54.940000000000005
2020-08-06,59.63
2020-08-07,54.27
2020-08-08,52.93
2020-08-09,50.25
2020-08-10,55.61000000000001
2020-08-11,50.25
2020-08-12,54.27
2020-08-13,54.27
2020-08-14,56.28
2020-08-15,60.3
2020-08-16,65.66000000000001
2020-08-17,59.63
2020-08-18,56.28
2020-08-19,61.64
2020-08-20,54.27
2020-08-21,54.940000000000005
2020-08-22,50.25
2020-08-23,52.93
2020-08-24,67.0
2020-08-25,56.95
2020-08-26,52.93
2020-08-27,50.92
2020-08-28,55.61000000000001
2020-08-29,51.59
2020-08-30,53.6
2020-08-31,56.95
2020-09-01,59.04
2020-09-02,64.08
2020-09-03,70.56
2020-09-04,71.28
2020-09-05,69.12
2020-09-06,66.96
2020-09-07,69.84
2020-09-08,72.0
2020-09-09,60.48
2020-09-10,61.92
2020-09-11,64.08
2020-09-12,59.76
2020-09-13,57.6
2020-09-14,61.2
2020-09-15,66.96
2020-09-16,66.24
2020-09-17,64.8
2020-09-18,66.24
2020-09-19,60.48
2020-09-20,54.72
2020-09-21,59.04
2020-09-22,56.88
2020-09-23,64.8
2020-09-24,59.04
2020-09-25,64.8
2020-09-26,55.44
2020-09-27,63.36
2020-09-28,69.12
2020-09-29,64.8
2020-09-30,64.08
2020-10-01,54.0
2020-10-02,56.25
2020-10-03,49.5
2020-10-04,48.75
2020-10-05,54.0
2020-10-06,55.5
2020-10-07,58.5
2020-10-08,56.25
2020-10-09,57.0
2020-10-10,51.75
2020-10-11,49.5
2020-10-12,53.25
2020-10-13,54.75
2020-10-14,53.25
2020-10-15,52.5
2020-10-16,54.0
2020-10-17,53.25
2020-10-18,53.25
2020-10-19,56.25
2020-10-20,60.0
2020-10-21,59.25
2020-10-22,54.75
2020-10-23,57.75
2020-10-24,55.5
2020-10-25,59.25
2020-10-26,63.0
2020-10-27,65.25
2020-10-28,58.5
2020-10-29,59.25
2020-10-30,75.0
2020-10-31,69.75
2020-11-01,45.44
2020-11-02,41.6
2020-11-03,39.04
2020-11-04,25.6
2020-11-05,29.44
2020-11-06,31.36
2020-11-07,30.72
2020-11-08,32.0
2020-11-09,41.6
2020-11-10,42.88
2020-11-11,39.04
2020-11-12,40.32
2020-11-13,42.24
2020-11-14,35.84
2020-11-15,34.56
2020-11-16,45.44
2020-11-17,43.52
2020-11-18,42.24
2020-11-19,64.0
2020-11-20,45.44
2020-11-21,38.4
2020-11-22,37.76
2020-11-23,39.68
2020-11-24,38.4
2020-11-25,38.4
2020-11-26,37.12
2020-11-27,37.76
2020-11-28,33.92
2020-11-29,28.16
2020-11-30,36.48
2020-12-01,55.44
2020-12-02,63.0
2020-12-03,59.22
2020-12-04,59.85
2020-12-05,52.92
2020-12-06,45.99
2020-12-07,54.81
2020-12-08,51.66
2020-12-09,50.4
2020-12-10,61.74
2020-12-11,56.07
2020-12-12,49.14
2020-12-13,48.51
2020-12-14,57.33
2020-12-15,51.66
2020-12-16,63.0
2020-12-17,57.33
2020-12-18,54.18
2020-12-19,54.18
2020-12-20,51.03
2020-12-21,51.66
2020-12-22,58.59
2020-12-23,59.22
2020-12-24,54.81
2020-12-25,48.51
2020-12-26,56.7
2020-12-27,49.77
2020-12-28,59.85
2020-12-29,56.07
2020-12-30,55.44
2020-12-31,55.44
2021-01-01,51.00000000000001
2021-01-02,51.00000000000001
2021-01-03,48.28
2021-01-04,54.400000000000006
2021-01-05,51.00000000000001
2021-01-06,52.36000000000001
2021-01-07,50.32
2021-01-08,54.400000000000006
2021-01-09,51.68000000000001
2021-01-10,45.56
2021-01-11,51.68000000000001
2021-01-12,56.440000000000005
2021-01-13,56.440000000000005
2021-01-14,54.400000000000006
2021-01-15,55.760000000000005
2021-01-16,52.36000000000001
2021-01-17,53.040000000000006
2021-01-18,53.040000000000006
2021-01-19,58.48
2021-01-20,65.28
2021-01-21,55.760000000000005
2021-01-22,59.84
2021-01-23,49.64
2021-01-24,48.96
2021-01-25,57.120000000000005
2021-01-26,64.60000000000001
2021-01-27,68.0
2021-01-28,62.56
2021-01-29,65.96000000000001
2021-01-30,50.32
2021-01-31,53.040000000000006
2021-02-01,72.0
2021-02-02,64.8
2021-02-03,63.36
2021-02-04,60.48
2021-02-05,59.76
2021-02-06,61.92
2021-02-07,56.16
2021-02-08,54.72
2021-02-09,59.04
2021-02-10,58.32
2021-02-11,58.32
2021-02-12,62.64
2021-02-13,55.44
2021-02-14,51.84
2021-02-15,59.76
2021-02-16,61.92
2021-02-17,54.72
2021-02-18,57.6
2021-02-19,60.48
2021-02-20,56.88
2021-02-21,57.6
2021-02-22,56.16
2021-02-23,64.8
2021-02-24,64.08
2021-02-25,61.2
2021-02-26,57.6
2021-02-27,61.2
2021-02-28,55.44
2021-03-01,62.7
2021-03-02,60.06
2021-03-03,62.040000000000006
2021-03-04,63.36
2021-03-05,66.0
2021-03-06,57.42
2021-03-07,58.74
2021-03-08,64.02
2021-03-09,64.68
2021-03-10,54.120000000000005
2021-03-11,60.720000000000006
2021-03-12,64.02
2021-03-13,57.42
2021-03-14,50.82
2021-03-15,56.1
2021-03-16,59.400000000000006
2021-03-17,58.080000000000005
2021-03-18,57.42
2021-03-19,59.400000000000006
2021-03-20,54.78
2021-03-21,52.14
2021-03-22,59.400000000000006
2021-03-23,66.0
2021-03-24,58.080000000000005
2021-03-25,57.42
2021-03-26,60.06
2021-03-27,52.14
2021-03-28,56.760000000000005
2021-03-29,60.720000000000006
2021-03-30,66.0
2021-03-31,56.1
2021-04-01,57.42
2021-04-02,52.2
2021-04-03,48.13999999999999
2021-04-04,51.04
2021-04-05,54.52
2021-04-06,55.67999999999999
2021-04-07,57.99999999999999
2021-04-08,54.52
2021-04-09,55.67999999999999
2021-04-10,51.04
2021-04-11,41.18
2021-04-12,54.52
2021-04-13,56.26
2021-04-14,56.84
2021-04-15,55.1
2021-04-16,54.52
2021-04-17,46.98
2021-04-18,52.2
2021-04-19,57.99999999999999
2021-04-20,55.1
2021-04-21,55.1
2021-04-22,56.84
2021-04-23,53.94
2021-04-24,53.94
2021-04-25,45.82
2021-04-26,51.62
2021-04-27,52.78
2021-04-28,54.52
2021-04-29,49.88
2021-04-30,51.04
2021-05-01,48.99
2021-05-02,54.51
2021-05-03,58.65
2021-05-04,62.1
2021-05-05,64.86
2021-05-06,55.2
2021-05-07,62.1
2021-05-08,55.2
2021-05-09,55.88999999999999
2021-05-10,58.65
2021-05-11,62.1
2021-05-12,60.03
2021-05-13,63.48
2021-05-14,60.03
2021-05-15,60.03
2021-05-16,57.96
2021-05-17,59.34
2021-05-18,58.65
2021-05-19,53.13
2021-05-20,60.72
2021-05-21,57.96
2021-05-22,58.65
2021-05-23,58.65
2021-05-24,69.0
2021-05-25,62.1
2021-05-26,55.2
2021-05-27,61.41
2021-05-28,64.86
2021-05-29,55.88999999999999
2021-05-30,63.48
2021-05-31,60.03
2021-06-01,54.18
2021-06-02,57.96
2021-06-03,55.44
2021-06-04,51.03
2021-06-05,53.55
2021-06-06,55.44
2021-06-07,52.92
2021-06-08,59.22
2021-06-09,56.7
2021-06-10,56.7
2021-06-11,56.07
2021-06-12,51.66
2021-06-13,50.4
2021-06-14,57.33
2021-06-15,59.85
2021-06-16,52.92
2021-06-17,61.11
2021-06-18,58.59
2021-06-19,57.33
2021-06-20,57.33
2021-06-21,59.22
2021-06-22,59.22
2021-06-23,63.0
2021-06-24,52.29
2021-06-25,54.81
2021-06-26,51.03
2021-06-27,55.44
2021-06-28,56.7
2021-06-29,59.85
2021-06-30,56.7
2021-07-01,66.64
2021-07-02,64.60000000000001
2021-07-03,65.96000000000001
2021-07-04,59.16
2021-07-05,56.440000000000005
2021-07-06,58.48
2021-07-07,65.96000000000001
2021-07-08,67.32000000000001
2021-07-09,67.32000000000001
2021-07-10,57.120000000000005
2021-07-11,63.24
2021-07-12,68.0
2021-07-13,65.28
2021-07-14,61.88
2021-07-15,63.24
2021-07-16,59.16
2021-07-17,52.36000000000001
2021-07-18,57.8
2021-07-19,61.88
2021-07-20,65.96000000000001
2021-07-21,60.52
2021-07-22,61.2
2021-07-23,63.24
2021-07-24,53.040000000000006
2021-07-25,47.6
2021-07-26,63.92
2021-07-27,60.52
2021-07-28,59.16
2021-07-29,53.720000000000006
2021-07-30,64.60000000000001
2021-07-31,57.8
2021-08-01,55.080000000000005
2021-08-02,68.0
2021-08-03,64.60000000000001
2021-08-04,59.84
2021-08-05,63.92
2021-08-06,63.24
2021-08-07,56.440000000000005
2021-08-08,58.48
2021-08-09,57.120000000000005
2021-08-10,59.16
2021-08-11,60.52
2021-08-12,59.84
2021-08-13,57.8
2021-08-14,60.52
2021-08-15,53.720000000000006
2021-08-16,57.120000000000005
2021-08-17,63.92
2021-08-18,58.48
2021-08-19,58.48
2021-08-20,60.52
2021-08-21,55.080000000000005
2021-08-22,53.040000000000006
2021-08-23,65.28
2021-08-24,67.32000000000001
2021-08-25,56.440000000000005
2021-08-26,61.2
2021-08-27,65.96000000000001
2021-08-28,61.2
2021-08-29,56.440000000000005
2021-08-30,64.60000000000001
2021-08-31,61.88
2021-09-01,64.61
2021-09-02,60.35
2021-09-03,66.03
2021-09-04,58.22
2021-09-05,58.93
2021-09-06,64.61
2021-09-07,68.16
2021-09-08,64.61
2021-09-09,68.16
2021-09-10,69.58
2021-09-11,68.16
2021-09-12,61.06
2021-09-13,69.58
2021-09-14,61.06
2021-09-15,66.74
2021-09-16,64.61
2021-09-17,58.93
2021-09-18,53.96
2021-09-19,61.77
2021-09-20,58.93
2021-09-21,69.58
2021-09-22,71.0
2021-09-23,60.35
2021-09-24,63.19
2021-09-25,63.19
2021-09-26,56.8
2021-09-27,66.03
2021-09-28,65.32
2021-09-29,61.77
2021-09-30,69.58
2021-10-01,64.8
2021-10-02,62.64
2021-10-03,54.72
2021-10-04,54.72
2021-10-05,62.64
2021-10-06,51.84
2021-10-07,56.88
2021-10-08,56.16
2021-10-09,64.08
2021-10-10,59.76
2021-10-11,61.92
2021-10-12,61.92
2021-10-13,52.56
2021-10-14,63.36
2021-10-15,63.36
2021-10-16,69.84
2021-10-17,55.44
2021-10-18,64.08
2021-10-19,72.0
2021-10-20,59.76
2021-10-21,59.04
2021-10-22,61.92
2021-10-23,52.56
2021-10-24,58.32
2021-10-25,66.96
2021-10-26,62.64
2021-10-27,54.72
2021-10-28,70.56
2021-10-29,66.96
2021-10-30,57.6
2021-10-31,63.36
2021-11-01,49.92
2021-11-02,55.68
2021-11-03,64.0
2021-11-04,57.6
2021-11-05,55.68
2021-11-06,56.96
2021-11-07,49.28
2021-11-08,53.76
2021-11-09,60.16
2021-11-10,64.0
2021-11-11,61.44
2021-11-12,58.88
2021-11-13,58.88
2021-11-14,50.56
2021-11-15,57.6
2021-11-16,54.4
2021-11-17,50.56
2021-11-18,57.6
2021-11-19,48.64
2021-11-20,40.96
2021-11-21,53.120000000000005
2021-11-22,50.56
2021-11-23,48.64
2021-11-24,56.96
2021-11-25,44.8
2021-11-26,59.52
2021-11-27,55.68
2021-11-28,43.52
2021-11-29,46.72
2021-11-30,56.96
2021-12-01,56.95
2021-12-02,55.61000000000001
2021-12-03,57.620000000000005
2021-12-04,50.92
2021-12-05,48.24
2021-12-06,56.95
2021-12-07,58.290000000000006
2021-12-08,54.940000000000005
2021-12-09,62.31
2021-12-10,54.940000000000005
2021-12-11,49.580000000000005
2021-12-12,48.24
2021-12-13,54.27
2021-12-14,56.95
2021-12-15,60.970000000000006
2021-12-16,62.31
2021-12-17,67.0
2021-12-18,56.28
2021-12-19,50.25
2021-12-20,58.290000000000006
2021-12-21,64.99000000000001
2021-12-22,61.64
2021-12-23,61.64
2021-12-24,57.620000000000005
2021-12-25,48.24
2021-12-26,53.6
2021-12-27,61.64
2021-12-28,67.0
2021-12-29,66.33
2021-12-30,64.32000000000001
2021-12-31,54.27
2022-01-01,36.57
2022-01-02,42.78
2022-01-03,46.92
2022-01-04,69.0
2022-01-05,56.58
2022-01-06,49.67999999999999
2022-01-07,46.23
2022-01-08,44.16
2022-01-09,36.57
2022-01-10,42.78
2022-01-11,42.09
2022-01-12,44.85
2022-01-13,56.58
2022-01-14,44.16
2022-01-15,38.64
2022-01-16,46.23
2022-01-17,43.47
2022-01-18,37.95
2022-01-19,44.16
2022-01-20,47.61
2022-01-21,40.71
2022-01-22,40.02
2022-01-23,37.26
2022-01-24,62.1
2022-01-25,53.81999999999999
2022-01-26,43.47
2022-01-27,42.09
2022-01-28,41.4
2022-01-29,40.02
2022-01-30,33.809999999999995
2022-01-31,40.02
2022-02-01,51.68000000000001
2022-02-02,52.36000000000001
2022-02-03,54.400000000000006
2022-02-04,54.400000000000006
2022-02-05,52.36000000000001
2022-02-06,50.32
2022-02-07,53.720000000000006
2022-02-08,51.00000000000001
2022-02-09,55.760000000000005
2022-02-10,68.0
2022-02-11,55.080000000000005
2022-02-12,51.00000000000001
2022-02-13,44.88
2022-02-14,53.040000000000006
2022-02-15,53.040000000000006
2022-02-16,52.36000000000001
2022-02-17,52.36000000000001
2022-02-18,59.16
2022-02-19,51.68000000000001
2022-02-20,52.36000000000001
2022-02-21,55.760000000000005
2022-02-22,56.440000000000005
2022-02-23,57.8
2022-02-24,55.080000000000005
2022-02-25,59.16
2022-02-26,51.68000000000001
2022-02-27,53.040000000000006
2022-02-28,57.8
2022-03-01,67.08
2022-03-02,64.74000000000001
2022-03-03,75.66
2022-03-04,77.22
2022-03-05,69.42
2022-03-06,69.42
2022-03-07,69.42
2022-03-08,71.76
2022-03-09,70.98
2022-03-10,70.98
2022-03-11,69.42
2022-03-12,70.2
2022-03-13,65.52
2022-03-14,78.0
2022-03-15,76.44
2022-03-16,75.66
2022-03-17,69.42
2022-03-18,74.10000000000001
2022-03-19,63.18
2022-03-20,61.620000000000005
2022-03-21,65.52
2022-03-22,63.96
2022-03-23,68.64
2022-03-24,69.42
2022-03-25,69.42
2022-03-26,73.32000000000001
2022-03-27,70.2
2022-03-28,65.52
2022-03-29,74.10000000000001
2022-03-30,72.54
2022-03-31,72.54
2022-04-01,62.05
2022-04-02,52.56
2022-04-03,55.48
2022-04-04,67.16
2022-04-05,65.7
2022-04-06,57.67
2022-04-07,73.0
2022-04-08,63.51
2022-04-09,59.13
2022-04-10,57.67
2022-04-11,59.86
2022-04-12,64.24
2022-04-13,59.13
2022-04-14,62.05
2022-04-15,56.21
2022-04-16,54.75
2022-04-17,49.64
2022-04-18,62.05
2022-04-19,68.62
2022-04-20,72.27
2022-04-21,65.7
2022-04-22,63.51
2022-04-23,59.13
2022-04-24,55.48
2022-04-25,64.24
2022-04-26,59.86
2022-04-27,64.97
2022-04-28,67.89
2022-04-29,62.05
2022-04-30,56.94
2022-05-01,59.28
2022-05-02,73.32000000000001
2022-05-03,66.3
2022-05-04,74.10000000000001
2022-05-05,73.32000000000001
2022-05-06,70.2
2022-05-07,63.96
2022-05-08,56.940000000000005
2022-05-09,70.2
2022-05-10,69.42
2022-05-11,73.32000000000001
2022-05-12,68.64
2022-05-13,74.10000000000001
2022-05-14,64.74000000000001
2022-05-15,63.18
2022-05-16,67.08
2022-05-17,67.86
2022-05-18,73.32000000000001
2022-05-19,78.0
2022-05-20,76.44
2022-05-21,68.64
2022-05-22,60.06
2022-05-23,74.88
2022-05-24,70.98
2022-05-25,73.32000000000001
2022-05-26,74.10000000000001
2022-05-27,70.98
2022-05-28,68.64
2022-05-29,67.08
2022-05-30,58.5
2022-05-31,73.32000000000001
2022-06-01,61.2
2022-06-02,61.88
2022-06-03,63.24
2022-06-04,63.92
2022-06-05,57.120000000000005
2022-06-06,60.52
2022-06-07,55.080000000000005
2022-06-08,63.24
2022-06-09,61.2
2022-06-10,62.56
2022-06-11,59.84
2022-06-12,59.16
2022-06-13,61.2
2022-06-14,57.8
2022-06-15,62.56
2022-06-16,64.60000000000001
2022-06-17,68.0
2022-06-18,62.56
2022-06-19,59.16
2022-06-20,59.16
2022-06-21,67.32000000000001
2022-06-22,61.88
2022-06-23,61.88
2022-06-24,64.60000000000001
2022-06-25,59.16
2022-06-26,59.84
2022-06-27,65.96000000000001
2022-06-28,59.16
2022-06-29,61.2
2022-06-30,59.84
2022-07-01,61.620000000000005
2022-07-02,53.04
2022-07-03,57.72
2022-07-04,57.72
2022-07-05,59.28
2022-07-06,59.28
2022-07-07,60.84
2022-07-08,78.0
2022-07-09,69.42
2022-07-10,60.84
2022-07-11,57.72
2022-07-12,55.38
2022-07-13,63.18
2022-07-14,70.2
2022-07-15,66.3
2022-07-16,59.28
2022-07-17,53.82
2022-07-18,60.84
2022-07-19,65.52
2022-07-20,61.620000000000005
2022-07-21,60.84
2022-07-22,58.5
2022-07-23,55.38
2022-07-24,49.92
2022-07-25,58.5
2022-07-26,60.06
2022-07-27,58.5
2022-07-28,52.260000000000005
2022-07-29,65.52
2022-07-30,55.38
2022-07-31,50.7
2022-08-01,56.7
2022-08-02,58.8
2022-08-03,53.2
2022-08-04,53.2
2022-08-05,53.2
2022-08-06,45.5
2022-08-07,51.1
2022-08-08,54.6
2022-08-09,55.3
2022-08-10,54.6
2022-08-11,56.7
2022-08-12,56.0
2022-08-13,51.8
2022-08-14,50.4
2022-08-15,53.9
2022-08-16,53.2
2022-08-17,58.1
2022-08-18,59.49999999999999
2022-08-19,70.0
2022-08-20,54.6
2022-08-21,52.5
2022-08-22,55.3
2022-08-23,56.7
2022-08-24,54.6
2022-08-25,58.1
2022-08-26,54.6
2022-08-27,55.3
2022-08-28,52.5
2022-08-29,56.7
2022-08-30,58.8
2022-08-31,51.8
2022-09-01,66.88
2022-09-02,66.88
2022-09-03,64.6
2022-09-04,65.36
2022-09-05,68.4
2022-09-06,74.48
2022-09-07,76.0
2022-09-08,63.84
2022-09-09,67.64
2022-09-10,67.64
2022-09-11,62.32
2022-09-12,67.64
2022-09-13,66.12
2022-09-14,65.36
2022-09-15,65.36
2022-09-16,64.6
2022-09-17,63.84
2022-09-18,62.32
2022-09-19,72.2
2022-09-20,66.12
2022-09-21,69.16
2022-09-22,72.96000000000001
2022-09-23,67.64
2022-09-24,64.6
2022-09-25,60.04
2022-09-26,73.72
2022-09-27,66.12
2022-09-28,72.2
2022-09-29,72.96000000000001
2022-09-30,73.72
2022-10-01,57.75
2022-10-02,60.75
2022-10-03,67.5
2022-10-04,65.25
2022-10-05,65.25
2022-10-06,65.25
2022-10-07,64.5
2022-10-08,63.75
2022-10-09,62.25
2022-10-10,66.0
2022-10-11,66.0
2022-10-12,64.5
2022-10-13,64.5
2022-10-14,69.0
2022-10-15,60.75
2022-10-16,63.75
2022-10-17,66.75
2022-10-18,71.25
2022-10-19,75.0
2022-10-20,68.25
2022-10-21,64.5
2022-10-22,63.75
2022-10-23,66.75
2022-10-24,75.0
2022-10-25,69.0
2022-10-26,71.25
2022-10-27,70.5
2022-10-28,69.75
2022-10-29,63.75
2022-10-30,66.0
2022-10-31,72.0
2022-11-01,73.26
2022-11-02,70.3
2022-11-03,71.03999999999999
2022-11-04,69.56
2022-11-05,65.12
2022-11-06,57.72
2022-11-07,69.56
2022-11-08,70.3
2022-11-09,63.64
2022-11-10,65.86
2022-11-11,67.34
2022-11-12,64.38
2022-11-13,61.42
2022-11-14,65.12
2022-11-15,65.12
2022-11-16,68.08
2022-11-17,65.86
2022-11-18,74.0
2022-11-19,56.98
2022-11-20,51.06
2022-11-21,65.12
2022-11-22,64.38
2022-11-23,62.16
2022-11-24,58.46
2022-11-25,65.12
2022-11-26,58.46
2022-11-27,62.16
2022-11-28,59.2
2022-11-29,62.9
2022-11-30,65.12
2022-12-01,69.0
2022-12-02,61.5
2022-12-03,59.25
2022-12-04,61.5
2022-12-05,61.5
2022-12-06,63.75
2022-12-07,67.5
2022-12-08,68.25
2022-12-09,66.0
2022-12-10,62.25
2022-12-11,63.0
2022-12-12,69.0
2022-12-13,74.25
2022-12-14,65.25
2022-12-15,74.25
2022-12-16,75.0
2022-12-17,68.25
2022-12-18,56.25
2022-12-19,71.25
2022-12-20,71.25
2022-12-21,71.25
2022-12-22,63.75
2022-12-23,63.0
2022-12-24,59.25
2022-12-25,63.75
2022-12-26,58.5
2022-12-27,69.0
2022-12-28,63.75
2022-12-29,69.0
2022-12-30,59.25
2022-12-31,63.0
2023-01-01,71.10000000000001
2023-01-02,66.36
2023-01-03,67.15
2023-01-04,63.99
2023-01-05,76.63000000000001
2023-01-06,70.31
2023-01-07,71.89
2023-01-08,75.05
2023-01-09,62.41
2023-01-10,76.63000000000001
2023-01-11,68.73
2023-01-12,67.15
2023-01-13,68.73
2023-01-14,79.0
2023-01-15,67.15
2023-01-16,68.73
2023-01-17,63.99
2023-01-18,68.73
2023-01-19,71.10000000000001
2023-01-20,66.36
2023-01-21,68.73
2023-01-22,64.78
2023-01-23,71.10000000000001
2023-01-24,70.31
2023-01-25,66.36
2023-01-26,67.15
2023-01-27,70.31
2023-01-28,69.52000000000001
2023-01-29,66.36
2023-01-30,64.78
2023-01-31,65.57000000000001
2023-02-01,69.56
2023-02-02,64.38
2023-02-03,68.08
2023-02-04,70.3
2023-02-05,70.3
2023-02-06,63.64
2023-02-07,67.34
2023-02-08,65.12
2023-02-09,67.34
2023-02-10,64.38
2023-02-11,62.16
2023-02-12,56.24
2023-02-13,63.64
2023-02-14,61.42
2023-02-15,68.08
2023-02-16,64.38
2023-02-17,65.86
2023-02-18,62.16
2023-02-19,61.42
2023-02-20,63.64
2023-02-21,67.34
2023-02-22,74.0
2023-02-23,71.03999999999999
2023-02-24,72.52
2023-02-25,67.34
2023-02-26,66.6
2023-02-27,69.56
2023-02-28,68.82
2023-03-01,52.5
2023-03-02,57.0
2023-03-03,56.25
2023-03-04,51.0
2023-03-05,53.25
2023-03-06,60.0
2023-03-07,53.25
2023-03-08,48.75
2023-03-09,51.0
2023-03-10,57.0
2023-03-11,52.5
2023-03-12,47.25
2023-03-13,56.25
2023-03-14,65.25
2023-03-15,75.0
2023-03-16,57.75
2023-03-17,52.5
2023-03-18,51.75
2023-03-19,47.25
2023-03-20,53.25
2023-03-21,58.5
2023-03-22,64.5
2023-03-23,57.0
2023-03-24,54.75
2023-03-25,51.75
2023-03-26,49.5
2023-03-27,50.25
2023-03-28,51.0
2023-03-29,51.0
2023-03-30,53.25
2023-03-31,51.75
2023-04-01,53.25
2023-04-02,53.96
2023-04-03,54.67
2023-04-04,58.93
2023-04-05,58.22
2023-04-06,65.32
2023-04-07,63.9
2023-04-08,56.09
2023-04-09,53.25
2023-04-10,57.51
2023-04-11,63.9
2023-04-12,58.93
2023-04-13,57.51
2023-04-14,61.77
2023-04-15,56.09
2023-04-16,58.22
2023-04-17,59.64
2023-04-18,56.8
2023-04-19,51.12
2023-04-20,53.96
2023-04-21,71.0
2023-04-22,53.25
2023-04-23,56.09
2023-04-24,62.48
2023-04-25,59.64
2023-04-26,64.61
2023-04-27,58.93
2023-04-28,56.8
2023-04-29,53.25
2023-04-30,51.83
2023-05-01,60.04
2023-05-02,63.08
2023-05-03,60.04
2023-05-04,63.08
2023-05-05,65.36
2023-05-06,61.56
2023-05-07,57.76
2023-05-08,64.6
2023-05-09,66.12
2023-05-10,66.12
2023-05-11,61.56
2023-05-12,66.12
2023-05-13,54.72
2023-05-14,56.24
2023-05-15,64.6
2023-05-16,69.16
2023-05-17,72.2
2023-05-18,73.72
2023-05-19,76.0
2023-05-20,67.64
2023-05-21,62.32
2023-05-22,74.48
2023-05-23,76.0
2023-05-24,68.4
2023-05-25,71.44
2023-05-26,66.88
2023-05-27,64.6
2023-05-28,63.08
2023-05-29,63.84
2023-05-30,76.0
2023-05-31,69.92
2023-06-01,76.5
2023-06-02,75.64999999999999
2023-06-03,77.35
2023-06-04,78.2
2023-06-05,82.45
2023-06-06,80.75
2023-06-07,76.5
2023-06-08,77.35
2023-06-09,74.8
2023-06-10,72.25
2023-06-11,73.95
2023-06-12,85.0
2023-06-13,75.64999999999999
2023-06-14,75.64999999999999
2023-06-15,64.6
2023-06-16,72.25
2023-06-17,67.14999999999999
2023-06-18,70.55
2023-06-19,75.64999999999999
2023-06-20,73.1
2023-06-21,75.64999999999999
2023-06-22,70.55
2023-06-23,74.8
2023-06-24,65.45
2023-06-25,72.25
2023-06-26,76.5
2023-06-27,78.2
2023-06-28,62.9
2023-06-29,73.95
2023-06-30,73.1
2023-07-01,57.4
2023-07-02,54.94
2023-07-03,60.68
2023-07-04,57.4
2023-07-05,68.06
2023-07-06,61.49999999999999
2023-07-07,68.06
2023-07-08,58.22
2023-07-09,57.4
2023-07-10,64.78
2023-07-11,58.22
2023-07-12,63.96
2023-07-13,65.6
2023-07-14,64.78
2023-07-15,64.78
2023-07-16,59.04
2023-07-17,60.68
2023-07-18,60.68
2023-07-19,67.24
2023-07-20,66.42
2023-07-21,82.0
2023-07-22,69.7
2023-07-23,75.44
2023-07-24,75.44
2023-07-25,68.06
2023-07-26,63.13999999999999
2023-07-27,59.04
2023-07-28,66.42
2023-07-29,65.6
2023-07-30,62.31999999999999
2023-07-31,60.68
2023-08-01,59.76
2023-08-02,59.04
2023-08-03,61.2
2023-08-04,59.04
2023-08-05,61.92
2023-08-06,58.32
2023-08-07,56.16
2023-08-08,57.6
2023-08-09,57.6
2023-08-10,57.6
2023-08-11,55.44
2023-08-12,56.88
2023-08-13,54.72
2023-08-14,55.44
2023-08-15,53.28
2023-08-16,59.76
2023-08-17,51.12
2023-08-18,54.0
2023-08-19,57.6
2023-08-20,49.68
2023-08-21,56.16
2023-08-22,54.72
2023-08-23,59.76
2023-08-24,54.0
2023-08-25,51.84
2023-08-26,51.12
2023-08-27,52.56
2023-08-28,56.16
2023-08-29,72.0
2023-08-30,70.56
2023-08-31,62.64
2023-09-01,51.6
2023-09-02,78.26
2023-09-03,79.12
2023-09-04,61.92
2023-09-05,62.78
2023-09-06,86.0
2023-09-07,58.48
2023-09-08,55.9
2023-09-09,56.76
2023-09-10,49.88
2023-09-11,50.74
2023-09-12,46.44
2023-09-13,47.3
2023-09-14,49.88
2023-09-15,48.16
2023-09-16,46.44
2023-09-17,43.0
2023-09-18,48.16
2023-09-19,49.02
2023-09-20,51.6
2023-09-21,49.02
2023-09-22,50.74
2023-09-23,43.0
2023-09-24,49.02
2023-09-25,51.6
2023-09-26,50.74
2023-09-27,47.3
2023-09-28,49.88
2023-09-29,49.02
2023-09-30,48.16
2023-10-01,64.80000000000001
2023-10-02,77.76
2023-10-03,70.47
2023-10-04,68.85000000000001
2023-10-05,66.42
2023-10-06,69.66000000000001
2023-10-07,66.42
2023-10-08,64.80000000000001
2023-10-09,71.28
2023-10-10,75.33
2023-10-11,72.09
2023-10-12,68.04
2023-10-13,70.47
2023-10-14,69.66000000000001
2023-10-15,59.940000000000005
2023-10-16,66.42
2023-10-17,73.71000000000001
2023-10-18,75.33
2023-10-19,69.66000000000001
2023-10-20,74.52000000000001
2023-10-21,71.28
2023-10-22,68.04
2023-10-23,74.52000000000001
2023-10-24,70.47
2023-10-25,75.33
2023-10-26,70.47
2023-10-27,79.38000000000001
2023-10-28,67.23
2023-10-29,69.66000000000001
2023-10-30,81.0
2023-10-31,76.95
2023-11-01,73.0
2023-11-02,72.27
2023-11-03,70.08
2023-11-04,64.24
2023-11-05,68.62
2023-11-06,66.42999999999999
2023-11-07,63.51
2023-11-08,67.16
2023-11-09,67.89
2023-11-10,66.42999999999999
2023-11-11,62.78
2023-11-12,61.32
2023-11-13,66.42999999999999
2023-11-14,67.89
2023-11-15,68.62
2023-11-16,67.89
2023-11-17,66.42999999999999
2023-11-18,59.86
2023-11-19,56.21
2023-11-20,62.05
2023-11-21,64.24
2023-11-22,59.13
2023-11-23,61.32
2023-11-24,62.05
2023-11-25,56.94
2023-11-26,54.75
2023-11-27,61.32
2023-11-28,65.7
2023-11-29,68.62
2023-11-30,71.53999999999999
2023-12-01,59.8
2023-12-02,47.45
2023-12-03,44.2
2023-12-04,55.25
2023-12-05,57.85
2023-12-06,59.15
2023-12-07,56.55
2023-12-08,57.2
2023-12-09,53.95
2023-12-10,52.0
2023-12-11,65.0
2023-12-12,59.15
2023-12-13,56.55
2023-12-14,64.35000000000001
2023-12-15,60.45
2023-12-16,53.3
2023-12-17,53.95
2023-12-18,59.8
2023-12-19,61.1
2023-12-20,59.15
2023-12-21,61.1
2023-12-22,60.45
2023-12-23,46.15
2023-12-24,48.1
2023-12-25,50.7
2023-12-26,61.1
2023-12-27,63.7
2023-12-28,62.400000000000006
2023-12-29,53.3
2023-12-30,55.9
2023-12-31,52.65
