date,UNH_unscaled,UNH_monthly,isPartial,scale,UNH
2018-01-01,25,95.0,False,0.95,23.75
2018-01-02,49,95.0,,0.95,46.55
2018-01-03,49,95.0,,0.95,46.55
2018-01-04,49,95.0,,0.95,46.55
2018-01-05,42,95.0,,0.95,39.9
2018-01-06,35,95.0,,0.95,33.25
2018-01-07,32,95.0,,0.95,30.4
2018-01-08,50,95.0,,0.95,47.5
2018-01-09,49,95.0,,0.95,46.55
2018-01-10,51,95.0,,0.95,48.449999999999996
2018-01-11,51,95.0,,0.95,48.449999999999996
2018-01-12,51,95.0,,0.95,48.449999999999996
2018-01-13,35,95.0,,0.95,33.25
2018-01-14,31,95.0,,0.95,29.45
2018-01-15,32,95.0,,0.95,30.4
2018-01-16,72,95.0,,0.95,68.39999999999999
2018-01-17,71,95.0,,0.95,67.45
2018-01-18,63,95.0,,0.95,59.849999999999994
2018-01-19,56,95.0,,0.95,53.199999999999996
2018-01-20,39,95.0,,0.95,37.05
2018-01-21,51,95.0,,0.95,48.449999999999996
2018-01-22,73,95.0,,0.95,69.35
2018-01-23,100,95.0,,0.95,95.0
2018-01-24,80,95.0,,0.95,76.0
2018-01-25,66,95.0,,0.95,62.699999999999996
2018-01-26,61,95.0,,0.95,57.949999999999996
2018-01-27,44,95.0,,0.95,41.8
2018-01-28,49,95.0,,0.95,46.55
2018-01-29,74,95.0,,0.95,70.3
2018-01-30,78,95.0,,0.95,74.1
2018-01-31,81,95.0,,0.95,76.95
2018-02-01,100,100.0,False,1.0,100.0
2018-02-02,86,100.0,,1.0,86.0
2018-02-03,53,100.0,,1.0,53.0
2018-02-04,55,100.0,,1.0,55.0
2018-02-05,86,100.0,,1.0,86.0
2018-02-06,98,100.0,,1.0,98.0
2018-02-07,91,100.0,,1.0,91.0
2018-02-08,89,100.0,,1.0,89.0
2018-02-09,73,100.0,,1.0,73.0
2018-02-10,55,100.0,,1.0,55.0
2018-02-11,58,100.0,,1.0,58.0
2018-02-12,88,100.0,,1.0,88.0
2018-02-13,98,100.0,,1.0,98.0
2018-02-14,91,100.0,,1.0,91.0
2018-02-15,100,100.0,,1.0,100.0
2018-02-16,66,100.0,,1.0,66.0
2018-02-17,61,100.0,,1.0,61.0
2018-02-18,54,100.0,,1.0,54.0
2018-02-19,65,100.0,,1.0,65.0
2018-02-20,81,100.0,,1.0,81.0
2018-02-21,77,100.0,,1.0,77.0
2018-02-22,78,100.0,,1.0,78.0
2018-02-23,63,100.0,,1.0,63.0
2018-02-24,58,100.0,,1.0,58.0
2018-02-25,60,100.0,,1.0,60.0
2018-02-26,82,100.0,,1.0,82.0
2018-02-27,92,100.0,,1.0,92.0
2018-02-28,87,100.0,,1.0,87.0
2018-03-01,83,78.0,False,0.78,64.74000000000001
2018-03-02,74,78.0,,0.78,57.72
2018-03-03,75,78.0,,0.78,58.5
2018-03-04,73,78.0,,0.78,56.940000000000005
2018-03-05,90,78.0,,0.78,70.2
2018-03-06,80,78.0,,0.78,62.400000000000006
2018-03-07,82,78.0,,0.78,63.96
2018-03-08,66,78.0,,0.78,51.480000000000004
2018-03-09,66,78.0,,0.78,51.480000000000004
2018-03-10,43,78.0,,0.78,33.54
2018-03-11,34,78.0,,0.78,26.52
2018-03-12,55,78.0,,0.78,42.9
2018-03-13,47,78.0,,0.78,36.660000000000004
2018-03-14,48,78.0,,0.78,37.44
2018-03-15,56,78.0,,0.78,43.68
2018-03-16,51,78.0,,0.78,39.78
2018-03-17,42,78.0,,0.78,32.76
2018-03-18,56,78.0,,0.78,43.68
2018-03-19,81,78.0,,0.78,63.18
2018-03-20,89,78.0,,0.78,69.42
2018-03-21,96,78.0,,0.78,74.88
2018-03-22,96,78.0,,0.78,74.88
2018-03-23,72,78.0,,0.78,56.160000000000004
2018-03-24,67,78.0,,0.78,52.260000000000005
2018-03-25,62,78.0,,0.78,48.36
2018-03-26,100,78.0,,0.78,78.0
2018-03-27,91,78.0,,0.78,70.98
2018-03-28,78,78.0,,0.78,60.84
2018-03-29,91,78.0,,0.78,70.98
2018-03-30,80,78.0,,0.78,62.400000000000006
2018-03-31,45,78.0,,0.78,35.1
2018-04-01,41,93.0,False,0.93,38.13
2018-04-02,80,93.0,,0.93,74.4
2018-04-03,94,93.0,,0.93,87.42
2018-04-04,86,93.0,,0.93,79.98
2018-04-05,72,93.0,,0.93,66.96000000000001
2018-04-06,75,93.0,,0.93,69.75
2018-04-07,56,93.0,,0.93,52.080000000000005
2018-04-08,47,93.0,,0.93,43.71
2018-04-09,79,93.0,,0.93,73.47
2018-04-10,93,93.0,,0.93,86.49000000000001
2018-04-11,80,93.0,,0.93,74.4
2018-04-12,67,93.0,,0.93,62.31
2018-04-13,58,93.0,,0.93,53.940000000000005
2018-04-14,54,93.0,,0.93,50.220000000000006
2018-04-15,62,93.0,,0.93,57.660000000000004
2018-04-16,82,93.0,,0.93,76.26
2018-04-17,100,93.0,,0.93,93.0
2018-04-18,76,93.0,,0.93,70.68
2018-04-19,75,93.0,,0.93,69.75
2018-04-20,65,93.0,,0.93,60.45
2018-04-21,34,93.0,,0.93,31.62
2018-04-22,41,93.0,,0.93,38.13
2018-04-23,86,93.0,,0.93,79.98
2018-04-24,79,93.0,,0.93,73.47
2018-04-25,80,93.0,,0.93,74.4
2018-04-26,73,93.0,,0.93,67.89
2018-04-27,65,93.0,,0.93,60.45
2018-04-28,61,93.0,,0.93,56.730000000000004
2018-04-29,58,93.0,,0.93,53.940000000000005
2018-04-30,93,93.0,,0.93,86.49000000000001
2018-05-01,100,63.0,False,0.63,63.0
2018-05-02,87,63.0,,0.63,54.81
2018-05-03,100,63.0,,0.63,63.0
2018-05-04,81,63.0,,0.63,51.03
2018-05-05,47,63.0,,0.63,29.61
2018-05-06,63,63.0,,0.63,39.69
2018-05-07,93,63.0,,0.63,58.59
2018-05-08,75,63.0,,0.63,47.25
2018-05-09,83,63.0,,0.63,52.29
2018-05-10,80,63.0,,0.63,50.4
2018-05-11,70,63.0,,0.63,44.1
2018-05-12,60,63.0,,0.63,37.8
2018-05-13,54,63.0,,0.63,34.02
2018-05-14,76,63.0,,0.63,47.88
2018-05-15,83,63.0,,0.63,52.29
2018-05-16,72,63.0,,0.63,45.36
2018-05-17,75,63.0,,0.63,47.25
2018-05-18,78,63.0,,0.63,49.14
2018-05-19,72,63.0,,0.63,45.36
2018-05-20,50,63.0,,0.63,31.5
2018-05-21,67,63.0,,0.63,42.21
2018-05-22,71,63.0,,0.63,44.73
2018-05-23,54,63.0,,0.63,34.02
2018-05-24,57,63.0,,0.63,35.910000000000004
2018-05-25,67,63.0,,0.63,42.21
2018-05-26,33,63.0,,0.63,20.79
2018-05-27,32,63.0,,0.63,20.16
2018-05-28,35,63.0,,0.63,22.05
2018-05-29,45,63.0,,0.63,28.35
2018-05-30,52,63.0,,0.63,32.76
2018-05-31,63,63.0,,0.63,39.69
2018-06-01,72,54.0,False,0.54,38.88
2018-06-02,54,54.0,,0.54,29.160000000000004
2018-06-03,39,54.0,,0.54,21.060000000000002
2018-06-04,95,54.0,,0.54,51.300000000000004
2018-06-05,84,54.0,,0.54,45.36
2018-06-06,82,54.0,,0.54,44.28
2018-06-07,86,54.0,,0.54,46.440000000000005
2018-06-08,66,54.0,,0.54,35.64
2018-06-09,42,54.0,,0.54,22.68
2018-06-10,38,54.0,,0.54,20.520000000000003
2018-06-11,87,54.0,,0.54,46.980000000000004
2018-06-12,89,54.0,,0.54,48.06
2018-06-13,85,54.0,,0.54,45.900000000000006
2018-06-14,77,54.0,,0.54,41.580000000000005
2018-06-15,75,54.0,,0.54,40.5
2018-06-16,44,54.0,,0.54,23.76
2018-06-17,42,54.0,,0.54,22.68
2018-06-18,81,54.0,,0.54,43.74
2018-06-19,78,54.0,,0.54,42.120000000000005
2018-06-20,67,54.0,,0.54,36.18
2018-06-21,66,54.0,,0.54,35.64
2018-06-22,61,54.0,,0.54,32.940000000000005
2018-06-23,47,54.0,,0.54,25.380000000000003
2018-06-24,47,54.0,,0.54,25.380000000000003
2018-06-25,100,54.0,,0.54,54.0
2018-06-26,74,54.0,,0.54,39.96
2018-06-27,74,54.0,,0.54,39.96
2018-06-28,68,54.0,,0.54,36.72
2018-06-29,84,54.0,,0.54,45.36
2018-06-30,35,54.0,,0.54,18.900000000000002
2018-07-01,36,55.0,False,0.55,19.8
2018-07-02,61,55.0,,0.55,33.550000000000004
2018-07-03,42,55.0,,0.55,23.1
2018-07-04,30,55.0,,0.55,16.5
2018-07-05,49,55.0,,0.55,26.950000000000003
2018-07-06,56,55.0,,0.55,30.800000000000004
2018-07-07,40,55.0,,0.55,22.0
2018-07-08,47,55.0,,0.55,25.85
2018-07-09,83,55.0,,0.55,45.650000000000006
2018-07-10,82,55.0,,0.55,45.1
2018-07-11,70,55.0,,0.55,38.5
2018-07-12,62,55.0,,0.55,34.1
2018-07-13,55,55.0,,0.55,30.250000000000004
2018-07-14,32,55.0,,0.55,17.6
2018-07-15,44,55.0,,0.55,24.200000000000003
2018-07-16,73,55.0,,0.55,40.150000000000006
2018-07-17,100,55.0,,0.55,55.00000000000001
2018-07-18,90,55.0,,0.55,49.50000000000001
2018-07-19,77,55.0,,0.55,42.35
2018-07-20,52,55.0,,0.55,28.6
2018-07-21,35,55.0,,0.55,19.25
2018-07-22,35,55.0,,0.55,19.25
2018-07-23,85,55.0,,0.55,46.75000000000001
2018-07-24,81,55.0,,0.55,44.550000000000004
2018-07-25,66,55.0,,0.55,36.300000000000004
2018-07-26,72,55.0,,0.55,39.6
2018-07-27,68,55.0,,0.55,37.400000000000006
2018-07-28,43,55.0,,0.55,23.650000000000002
2018-07-29,41,55.0,,0.55,22.55
2018-07-30,66,55.0,,0.55,36.300000000000004
2018-07-31,70,55.0,,0.55,38.5
2018-08-01,43,81.0,False,0.81,34.830000000000005
2018-08-02,36,81.0,,0.81,29.160000000000004
2018-08-03,40,81.0,,0.81,32.400000000000006
2018-08-04,23,81.0,,0.81,18.630000000000003
2018-08-05,19,81.0,,0.81,15.39
2018-08-06,39,81.0,,0.81,31.590000000000003
2018-08-07,40,81.0,,0.81,32.400000000000006
2018-08-08,40,81.0,,0.81,32.400000000000006
2018-08-09,34,81.0,,0.81,27.540000000000003
2018-08-10,37,81.0,,0.81,29.970000000000002
2018-08-11,23,81.0,,0.81,18.630000000000003
2018-08-12,26,81.0,,0.81,21.060000000000002
2018-08-13,43,81.0,,0.81,34.830000000000005
2018-08-14,47,81.0,,0.81,38.07
2018-08-15,44,81.0,,0.81,35.64
2018-08-16,44,81.0,,0.81,35.64
2018-08-17,40,81.0,,0.81,32.400000000000006
2018-08-18,31,81.0,,0.81,25.110000000000003
2018-08-19,26,81.0,,0.81,21.060000000000002
2018-08-20,48,81.0,,0.81,38.88
2018-08-21,48,81.0,,0.81,38.88
2018-08-22,54,81.0,,0.81,43.74
2018-08-23,53,81.0,,0.81,42.93
2018-08-24,67,81.0,,0.81,54.27
2018-08-25,51,81.0,,0.81,41.31
2018-08-26,61,81.0,,0.81,49.410000000000004
2018-08-27,100,81.0,,0.81,81.0
2018-08-28,92,81.0,,0.81,74.52000000000001
2018-08-29,73,81.0,,0.81,59.13
2018-08-30,67,81.0,,0.81,54.27
2018-08-31,79,81.0,,0.81,63.99
2018-09-01,67,92.0,False,0.92,61.64
2018-09-02,57,92.0,,0.92,52.440000000000005
2018-09-03,66,92.0,,0.92,60.720000000000006
2018-09-04,93,92.0,,0.92,85.56
2018-09-05,100,92.0,,0.92,92.0
2018-09-06,79,92.0,,0.92,72.68
2018-09-07,75,92.0,,0.92,69.0
2018-09-08,83,92.0,,0.92,76.36
2018-09-09,89,92.0,,0.92,81.88000000000001
2018-09-10,95,92.0,,0.92,87.4
2018-09-11,86,92.0,,0.92,79.12
2018-09-12,78,92.0,,0.92,71.76
2018-09-13,76,92.0,,0.92,69.92
2018-09-14,69,92.0,,0.92,63.480000000000004
2018-09-15,88,92.0,,0.92,80.96000000000001
2018-09-16,91,92.0,,0.92,83.72
2018-09-17,86,92.0,,0.92,79.12
2018-09-18,89,92.0,,0.92,81.88000000000001
2018-09-19,70,92.0,,0.92,64.4
2018-09-20,82,92.0,,0.92,75.44
2018-09-21,69,92.0,,0.92,63.480000000000004
2018-09-22,70,92.0,,0.92,64.4
2018-09-23,62,92.0,,0.92,57.04
2018-09-24,78,92.0,,0.92,71.76
2018-09-25,81,92.0,,0.92,74.52000000000001
2018-09-26,83,92.0,,0.92,76.36
2018-09-27,68,92.0,,0.92,62.56
2018-09-28,63,92.0,,0.92,57.96
2018-09-29,67,92.0,,0.92,61.64
2018-09-30,54,92.0,,0.92,49.68
2018-10-01,76,92.0,False,0.92,69.92
2018-10-02,81,92.0,,0.92,74.52000000000001
2018-10-03,71,92.0,,0.92,65.32000000000001
2018-10-04,70,92.0,,0.92,64.4
2018-10-05,64,92.0,,0.92,58.88
2018-10-06,55,92.0,,0.92,50.6
2018-10-07,49,92.0,,0.92,45.080000000000005
2018-10-08,51,92.0,,0.92,46.92
2018-10-09,71,92.0,,0.92,65.32000000000001
2018-10-10,77,92.0,,0.92,70.84
2018-10-11,69,92.0,,0.92,63.480000000000004
2018-10-12,77,92.0,,0.92,70.84
2018-10-13,89,92.0,,0.92,81.88000000000001
2018-10-14,63,92.0,,0.92,57.96
2018-10-15,70,92.0,,0.92,64.4
2018-10-16,100,92.0,,0.92,92.0
2018-10-17,78,92.0,,0.92,71.76
2018-10-18,68,92.0,,0.92,62.56
2018-10-19,72,92.0,,0.92,66.24000000000001
2018-10-20,77,92.0,,0.92,70.84
2018-10-21,66,92.0,,0.92,60.720000000000006
2018-10-22,70,92.0,,0.92,64.4
2018-10-23,72,92.0,,0.92,66.24000000000001
2018-10-24,58,92.0,,0.92,53.36
2018-10-25,62,92.0,,0.92,57.04
2018-10-26,60,92.0,,0.92,55.2
2018-10-27,60,92.0,,0.92,55.2
2018-10-28,54,92.0,,0.92,49.68
2018-10-29,70,92.0,,0.92,64.4
2018-10-30,78,92.0,,0.92,71.76
2018-10-31,70,92.0,,0.92,64.4
2018-11-01,84,92.0,False,0.92,77.28
2018-11-02,72,92.0,,0.92,66.24000000000001
2018-11-03,89,92.0,,0.92,81.88000000000001
2018-11-04,61,92.0,,0.92,56.120000000000005
2018-11-05,88,92.0,,0.92,80.96000000000001
2018-11-06,77,92.0,,0.92,70.84
2018-11-07,85,92.0,,0.92,78.2
2018-11-08,89,92.0,,0.92,81.88000000000001
2018-11-09,60,92.0,,0.92,55.2
2018-11-10,75,92.0,,0.92,69.0
2018-11-11,70,92.0,,0.92,64.4
2018-11-12,70,92.0,,0.92,64.4
2018-11-13,80,92.0,,0.92,73.60000000000001
2018-11-14,78,92.0,,0.92,71.76
2018-11-15,74,92.0,,0.92,68.08
2018-11-16,94,92.0,,0.92,86.48
2018-11-17,83,92.0,,0.92,76.36
2018-11-18,59,92.0,,0.92,54.28
2018-11-19,82,92.0,,0.92,75.44
2018-11-20,72,92.0,,0.92,66.24000000000001
2018-11-21,42,92.0,,0.92,38.64
2018-11-22,25,92.0,,0.92,23.0
2018-11-23,36,92.0,,0.92,33.120000000000005
2018-11-24,46,92.0,,0.92,42.32
2018-11-25,57,92.0,,0.92,52.440000000000005
2018-11-26,81,92.0,,0.92,74.52000000000001
2018-11-27,88,92.0,,0.92,80.96000000000001
2018-11-28,84,92.0,,0.92,77.28
2018-11-29,100,92.0,,0.92,92.0
2018-11-30,74,92.0,,0.92,68.08
2018-12-01,56,64.0,False,0.64,35.84
2018-12-02,68,64.0,,0.64,43.52
2018-12-03,95,64.0,,0.64,60.800000000000004
2018-12-04,100,64.0,,0.64,64.0
2018-12-05,71,64.0,,0.64,45.44
2018-12-06,82,64.0,,0.64,52.480000000000004
2018-12-07,63,64.0,,0.64,40.32
2018-12-08,64,64.0,,0.64,40.96
2018-12-09,62,64.0,,0.64,39.68
2018-12-10,82,64.0,,0.64,52.480000000000004
2018-12-11,72,64.0,,0.64,46.08
2018-12-12,92,64.0,,0.64,58.88
2018-12-13,72,64.0,,0.64,46.08
2018-12-14,66,64.0,,0.64,42.24
2018-12-15,56,64.0,,0.64,35.84
2018-12-16,46,64.0,,0.64,29.44
2018-12-17,76,64.0,,0.64,48.64
2018-12-18,72,64.0,,0.64,46.08
2018-12-19,72,64.0,,0.64,46.08
2018-12-20,66,64.0,,0.64,42.24
2018-12-21,60,64.0,,0.64,38.4
2018-12-22,29,64.0,,0.64,18.56
2018-12-23,29,64.0,,0.64,18.56
2018-12-24,35,64.0,,0.64,22.400000000000002
2018-12-25,31,64.0,,0.64,19.84
2018-12-26,46,64.0,,0.64,29.44
2018-12-27,58,64.0,,0.64,37.12
2018-12-28,71,64.0,,0.64,45.44
2018-12-29,47,64.0,,0.64,30.080000000000002
2018-12-30,46,64.0,,0.64,29.44
2018-12-31,51,64.0,,0.64,32.64
2019-01-01,36,80.0,False,0.8,28.8
2019-01-02,71,80.0,,0.8,56.800000000000004
2019-01-03,63,80.0,,0.8,50.400000000000006
2019-01-04,46,80.0,,0.8,36.800000000000004
2019-01-05,45,80.0,,0.8,36.0
2019-01-06,39,80.0,,0.8,31.200000000000003
2019-01-07,65,80.0,,0.8,52.0
2019-01-08,59,80.0,,0.8,47.2
2019-01-09,58,80.0,,0.8,46.400000000000006
2019-01-10,55,80.0,,0.8,44.0
2019-01-11,55,80.0,,0.8,44.0
2019-01-12,45,80.0,,0.8,36.0
2019-01-13,44,80.0,,0.8,35.2
2019-01-14,70,80.0,,0.8,56.0
2019-01-15,75,80.0,,0.8,60.0
2019-01-16,63,80.0,,0.8,50.400000000000006
2019-01-17,63,80.0,,0.8,50.400000000000006
2019-01-18,62,80.0,,0.8,49.6
2019-01-19,46,80.0,,0.8,36.800000000000004
2019-01-20,36,80.0,,0.8,28.8
2019-01-21,66,80.0,,0.8,52.800000000000004
2019-01-22,100,80.0,,0.8,80.0
2019-01-23,87,80.0,,0.8,69.60000000000001
2019-01-24,88,80.0,,0.8,70.4
2019-01-25,71,80.0,,0.8,56.800000000000004
2019-01-26,65,80.0,,0.8,52.0
2019-01-27,60,80.0,,0.8,48.0
2019-01-28,81,80.0,,0.8,64.8
2019-01-29,71,80.0,,0.8,56.800000000000004
2019-01-30,79,80.0,,0.8,63.2
2019-01-31,67,80.0,,0.8,53.6
2019-02-01,82,89.0,False,0.89,72.98
2019-02-02,88,89.0,,0.89,78.32000000000001
2019-02-03,67,89.0,,0.89,59.63
2019-02-04,66,89.0,,0.89,58.74
2019-02-05,89,89.0,,0.89,79.21000000000001
2019-02-06,75,89.0,,0.89,66.75
2019-02-07,79,89.0,,0.89,70.31
2019-02-08,68,89.0,,0.89,60.52
2019-02-09,52,89.0,,0.89,46.28
2019-02-10,59,89.0,,0.89,52.51
2019-02-11,80,89.0,,0.89,71.2
2019-02-12,74,89.0,,0.89,65.86
2019-02-13,79,89.0,,0.89,70.31
2019-02-14,71,89.0,,0.89,63.19
2019-02-15,71,89.0,,0.89,63.19
2019-02-16,65,89.0,,0.89,57.85
2019-02-17,59,89.0,,0.89,52.51
2019-02-18,90,89.0,,0.89,80.1
2019-02-19,77,89.0,,0.89,68.53
2019-02-20,80,89.0,,0.89,71.2
2019-02-21,75,89.0,,0.89,66.75
2019-02-22,78,89.0,,0.89,69.42
2019-02-23,68,89.0,,0.89,60.52
2019-02-24,66,89.0,,0.89,58.74
2019-02-25,78,89.0,,0.89,69.42
2019-02-26,71,89.0,,0.89,63.19
2019-02-27,91,89.0,,0.89,80.99
2019-02-28,100,89.0,,0.89,89.0
2019-03-01,79,81.0,False,0.81,63.99
2019-03-02,71,81.0,,0.81,57.510000000000005
2019-03-03,48,81.0,,0.81,38.88
2019-03-04,83,81.0,,0.81,67.23
2019-03-05,99,81.0,,0.81,80.19000000000001
2019-03-06,87,81.0,,0.81,70.47
2019-03-07,76,81.0,,0.81,61.56
2019-03-08,69,81.0,,0.81,55.89
2019-03-09,60,81.0,,0.81,48.6
2019-03-10,36,81.0,,0.81,29.160000000000004
2019-03-11,62,81.0,,0.81,50.220000000000006
2019-03-12,61,81.0,,0.81,49.410000000000004
2019-03-13,62,81.0,,0.81,50.220000000000006
2019-03-14,56,81.0,,0.81,45.36
2019-03-15,53,81.0,,0.81,42.93
2019-03-16,62,81.0,,0.81,50.220000000000006
2019-03-17,46,81.0,,0.81,37.260000000000005
2019-03-18,71,81.0,,0.81,57.510000000000005
2019-03-19,86,81.0,,0.81,69.66000000000001
2019-03-20,84,81.0,,0.81,68.04
2019-03-21,81,81.0,,0.81,65.61
2019-03-22,81,81.0,,0.81,65.61
2019-03-23,60,81.0,,0.81,48.6
2019-03-24,55,81.0,,0.81,44.550000000000004
2019-03-25,83,81.0,,0.81,67.23
2019-03-26,100,81.0,,0.81,81.0
2019-03-27,77,81.0,,0.81,62.370000000000005
2019-03-28,79,81.0,,0.81,63.99
2019-03-29,77,81.0,,0.81,62.370000000000005
2019-03-30,68,81.0,,0.81,55.080000000000005
2019-03-31,58,81.0,,0.81,46.980000000000004
2019-04-01,60,95.0,False,0.95,57.0
2019-04-02,47,95.0,,0.95,44.65
2019-04-03,40,95.0,,0.95,38.0
2019-04-04,47,95.0,,0.95,44.65
2019-04-05,41,95.0,,0.95,38.949999999999996
2019-04-06,35,95.0,,0.95,33.25
2019-04-07,30,95.0,,0.95,28.5
2019-04-08,49,95.0,,0.95,46.55
2019-04-09,51,95.0,,0.95,48.449999999999996
2019-04-10,51,95.0,,0.95,48.449999999999996
2019-04-11,54,95.0,,0.95,51.3
2019-04-12,65,95.0,,0.95,61.75
2019-04-13,33,95.0,,0.95,31.349999999999998
2019-04-14,33,95.0,,0.95,31.349999999999998
2019-04-15,68,95.0,,0.95,64.6
2019-04-16,100,95.0,,0.95,95.0
2019-04-17,97,95.0,,0.95,92.14999999999999
2019-04-18,72,95.0,,0.95,68.39999999999999
2019-04-19,45,95.0,,0.95,42.75
2019-04-20,30,95.0,,0.95,28.5
2019-04-21,27,95.0,,0.95,25.65
2019-04-22,71,95.0,,0.95,67.45
2019-04-23,61,95.0,,0.95,57.949999999999996
2019-04-24,64,95.0,,0.95,60.8
2019-04-25,48,95.0,,0.95,45.599999999999994
2019-04-26,51,95.0,,0.95,48.449999999999996
2019-04-27,35,95.0,,0.95,33.25
2019-04-28,35,95.0,,0.95,33.25
2019-04-29,70,95.0,,0.95,66.5
2019-04-30,58,95.0,,0.95,55.099999999999994
2019-05-01,92,69.0,False,0.69,63.48
2019-05-02,100,69.0,,0.69,69.0
2019-05-03,81,69.0,,0.69,55.88999999999999
2019-05-04,38,69.0,,0.69,26.22
2019-05-05,40,69.0,,0.69,27.599999999999998
2019-05-06,83,69.0,,0.69,57.269999999999996
2019-05-07,69,69.0,,0.69,47.61
2019-05-08,81,69.0,,0.69,55.88999999999999
2019-05-09,76,69.0,,0.69,52.44
2019-05-10,83,69.0,,0.69,57.269999999999996
2019-05-11,44,69.0,,0.69,30.36
2019-05-12,47,69.0,,0.69,32.43
2019-05-13,85,69.0,,0.69,58.65
2019-05-14,86,69.0,,0.69,59.339999999999996
2019-05-15,68,69.0,,0.69,46.919999999999995
2019-05-16,64,69.0,,0.69,44.16
2019-05-17,75,69.0,,0.69,51.74999999999999
2019-05-18,63,69.0,,0.69,43.47
2019-05-19,40,69.0,,0.69,27.599999999999998
2019-05-20,70,69.0,,0.69,48.3
2019-05-21,66,69.0,,0.69,45.54
2019-05-22,59,69.0,,0.69,40.709999999999994
2019-05-23,64,69.0,,0.69,44.16
2019-05-24,56,69.0,,0.69,38.64
2019-05-25,35,69.0,,0.69,24.15
2019-05-26,22,69.0,,0.69,15.18
2019-05-27,23,69.0,,0.69,15.87
2019-05-28,58,69.0,,0.69,40.019999999999996
2019-05-29,59,69.0,,0.69,40.709999999999994
2019-05-30,43,69.0,,0.69,29.669999999999998
2019-05-31,48,69.0,,0.69,33.12
2019-06-01,44,51.0,False,0.51,22.44
2019-06-02,39,51.0,,0.51,19.89
2019-06-03,89,51.0,,0.51,45.39
2019-06-04,94,51.0,,0.51,47.94
2019-06-05,90,51.0,,0.51,45.9
2019-06-06,73,51.0,,0.51,37.230000000000004
2019-06-07,66,51.0,,0.51,33.660000000000004
2019-06-08,43,51.0,,0.51,21.93
2019-06-09,38,51.0,,0.51,19.38
2019-06-10,73,51.0,,0.51,37.230000000000004
2019-06-11,94,51.0,,0.51,47.94
2019-06-12,81,51.0,,0.51,41.31
2019-06-13,74,51.0,,0.51,37.74
2019-06-14,69,51.0,,0.51,35.19
2019-06-15,40,51.0,,0.51,20.4
2019-06-16,50,51.0,,0.51,25.5
2019-06-17,82,51.0,,0.51,41.82
2019-06-18,83,51.0,,0.51,42.33
2019-06-19,89,51.0,,0.51,45.39
2019-06-20,100,51.0,,0.51,51.0
2019-06-21,92,51.0,,0.51,46.92
2019-06-22,30,51.0,,0.51,15.3
2019-06-23,44,51.0,,0.51,22.44
2019-06-24,85,51.0,,0.51,43.35
2019-06-25,84,51.0,,0.51,42.84
2019-06-26,90,51.0,,0.51,45.9
2019-06-27,91,51.0,,0.51,46.410000000000004
2019-06-28,77,51.0,,0.51,39.27
2019-06-29,42,51.0,,0.51,21.42
2019-06-30,39,51.0,,0.51,19.89
2019-07-01,54,64.0,False,0.64,34.56
2019-07-02,47,64.0,,0.64,30.080000000000002
2019-07-03,40,64.0,,0.64,25.6
2019-07-04,21,64.0,,0.64,13.44
2019-07-05,44,64.0,,0.64,28.16
2019-07-06,28,64.0,,0.64,17.92
2019-07-07,28,64.0,,0.64,17.92
2019-07-08,74,64.0,,0.64,47.36
2019-07-09,62,64.0,,0.64,39.68
2019-07-10,69,64.0,,0.64,44.160000000000004
2019-07-11,91,64.0,,0.64,58.24
2019-07-12,70,64.0,,0.64,44.800000000000004
2019-07-13,32,64.0,,0.64,20.48
2019-07-14,34,64.0,,0.64,21.76
2019-07-15,67,64.0,,0.64,42.88
2019-07-16,74,64.0,,0.64,47.36
2019-07-17,80,64.0,,0.64,51.2
2019-07-18,100,64.0,,0.64,64.0
2019-07-19,56,64.0,,0.64,35.84
2019-07-20,34,64.0,,0.64,21.76
2019-07-21,26,64.0,,0.64,16.64
2019-07-22,66,64.0,,0.64,42.24
2019-07-23,72,64.0,,0.64,46.08
2019-07-24,72,64.0,,0.64,46.08
2019-07-25,61,64.0,,0.64,39.04
2019-07-26,57,64.0,,0.64,36.480000000000004
2019-07-27,32,64.0,,0.64,20.48
2019-07-28,38,64.0,,0.64,24.32
2019-07-29,63,64.0,,0.64,40.32
2019-07-30,67,64.0,,0.64,42.88
2019-07-31,59,64.0,,0.64,37.76
2019-08-01,36,75.0,False,0.75,27.0
2019-08-02,36,75.0,,0.75,27.0
2019-08-03,24,75.0,,0.75,18.0
2019-08-04,23,75.0,,0.75,17.25
2019-08-05,36,75.0,,0.75,27.0
2019-08-06,32,75.0,,0.75,24.0
2019-08-07,35,75.0,,0.75,26.25
2019-08-08,41,75.0,,0.75,30.75
2019-08-09,30,75.0,,0.75,22.5
2019-08-10,19,75.0,,0.75,14.25
2019-08-11,24,75.0,,0.75,18.0
2019-08-12,34,75.0,,0.75,25.5
2019-08-13,35,75.0,,0.75,26.25
2019-08-14,42,75.0,,0.75,31.5
2019-08-15,37,75.0,,0.75,27.75
2019-08-16,39,75.0,,0.75,29.25
2019-08-17,27,75.0,,0.75,20.25
2019-08-18,30,75.0,,0.75,22.5
2019-08-19,51,75.0,,0.75,38.25
2019-08-20,49,75.0,,0.75,36.75
2019-08-21,41,75.0,,0.75,30.75
2019-08-22,53,75.0,,0.75,39.75
2019-08-23,65,75.0,,0.75,48.75
2019-08-24,51,75.0,,0.75,38.25
2019-08-25,64,75.0,,0.75,48.0
2019-08-26,100,75.0,,0.75,75.0
2019-08-27,90,75.0,,0.75,67.5
2019-08-28,74,75.0,,0.75,55.5
2019-08-29,75,75.0,,0.75,56.25
2019-08-30,47,75.0,,0.75,35.25
2019-08-31,40,75.0,,0.75,30.0
2019-09-01,54,88.0,False,0.88,47.52
2019-09-02,63,88.0,,0.88,55.44
2019-09-03,98,88.0,,0.88,86.24
2019-09-04,84,88.0,,0.88,73.92
2019-09-05,94,88.0,,0.88,82.72
2019-09-06,77,88.0,,0.88,67.76
2019-09-07,87,88.0,,0.88,76.56
2019-09-08,65,88.0,,0.88,57.2
2019-09-09,75,88.0,,0.88,66.0
2019-09-10,82,88.0,,0.88,72.16
2019-09-11,87,88.0,,0.88,76.56
2019-09-12,87,88.0,,0.88,76.56
2019-09-13,78,88.0,,0.88,68.64
2019-09-14,80,88.0,,0.88,70.4
2019-09-15,82,88.0,,0.88,72.16
2019-09-16,69,88.0,,0.88,60.72
2019-09-17,86,88.0,,0.88,75.68
2019-09-18,79,88.0,,0.88,69.52
2019-09-19,83,88.0,,0.88,73.04
2019-09-20,67,88.0,,0.88,58.96
2019-09-21,72,88.0,,0.88,63.36
2019-09-22,77,88.0,,0.88,67.76
2019-09-23,84,88.0,,0.88,73.92
2019-09-24,83,88.0,,0.88,73.04
2019-09-25,90,88.0,,0.88,79.2
2019-09-26,85,88.0,,0.88,74.8
2019-09-27,77,88.0,,0.88,67.76
2019-09-28,92,88.0,,0.88,80.96
2019-09-29,62,88.0,,0.88,54.56
2019-09-30,100,88.0,,0.88,88.0
2019-10-01,80,90.0,False,0.9,72.0
2019-10-02,74,90.0,,0.9,66.60000000000001
2019-10-03,66,90.0,,0.9,59.4
2019-10-04,71,90.0,,0.9,63.9
2019-10-05,76,90.0,,0.9,68.4
2019-10-06,62,90.0,,0.9,55.800000000000004
2019-10-07,84,90.0,,0.9,75.60000000000001
2019-10-08,76,90.0,,0.9,68.4
2019-10-09,73,90.0,,0.9,65.7
2019-10-10,69,90.0,,0.9,62.1
2019-10-11,61,90.0,,0.9,54.9
2019-10-12,49,90.0,,0.9,44.1
2019-10-13,57,90.0,,0.9,51.300000000000004
2019-10-14,54,90.0,,0.9,48.6
2019-10-15,100,90.0,,0.9,90.0
2019-10-16,84,90.0,,0.9,75.60000000000001
2019-10-17,68,90.0,,0.9,61.2
2019-10-18,57,90.0,,0.9,51.300000000000004
2019-10-19,66,90.0,,0.9,59.4
2019-10-20,41,90.0,,0.9,36.9
2019-10-21,60,90.0,,0.9,54.0
2019-10-22,81,90.0,,0.9,72.9
2019-10-23,71,90.0,,0.9,63.9
2019-10-24,65,90.0,,0.9,58.5
2019-10-25,53,90.0,,0.9,47.7
2019-10-26,52,90.0,,0.9,46.800000000000004
2019-10-27,57,90.0,,0.9,51.300000000000004
2019-10-28,68,90.0,,0.9,61.2
2019-10-29,68,90.0,,0.9,61.2
2019-10-30,64,90.0,,0.9,57.6
2019-10-31,64,90.0,,0.9,57.6
2019-11-01,73,89.0,False,0.89,64.97
2019-11-02,98,89.0,,0.89,87.22
2019-11-03,68,89.0,,0.89,60.52
2019-11-04,85,89.0,,0.89,75.65
2019-11-05,74,89.0,,0.89,65.86
2019-11-06,92,89.0,,0.89,81.88
2019-11-07,81,89.0,,0.89,72.09
2019-11-08,77,89.0,,0.89,68.53
2019-11-09,68,89.0,,0.89,60.52
2019-11-10,68,89.0,,0.89,60.52
2019-11-11,58,89.0,,0.89,51.62
2019-11-12,69,89.0,,0.89,61.410000000000004
2019-11-13,100,89.0,,0.89,89.0
2019-11-14,79,89.0,,0.89,70.31
2019-11-15,83,89.0,,0.89,73.87
2019-11-16,85,89.0,,0.89,75.65
2019-11-17,70,89.0,,0.89,62.300000000000004
2019-11-18,97,89.0,,0.89,86.33
2019-11-19,78,89.0,,0.89,69.42
2019-11-20,86,89.0,,0.89,76.54
2019-11-21,84,89.0,,0.89,74.76
2019-11-22,88,89.0,,0.89,78.32000000000001
2019-11-23,92,89.0,,0.89,81.88
2019-11-24,70,89.0,,0.89,62.300000000000004
2019-11-25,79,89.0,,0.89,70.31
2019-11-26,57,89.0,,0.89,50.730000000000004
2019-11-27,52,89.0,,0.89,46.28
2019-11-28,28,89.0,,0.89,24.92
2019-11-29,38,89.0,,0.89,33.82
2019-11-30,31,89.0,,0.89,27.59
2019-12-01,58,66.0,False,0.66,38.28
2019-12-02,85,66.0,,0.66,56.1
2019-12-03,89,66.0,,0.66,58.74
2019-12-04,93,66.0,,0.66,61.38
2019-12-05,100,66.0,,0.66,66.0
2019-12-06,76,66.0,,0.66,50.160000000000004
2019-12-07,58,66.0,,0.66,38.28
2019-12-08,45,66.0,,0.66,29.700000000000003
2019-12-09,88,66.0,,0.66,58.080000000000005
2019-12-10,76,66.0,,0.66,50.160000000000004
2019-12-11,74,66.0,,0.66,48.84
2019-12-12,66,66.0,,0.66,43.56
2019-12-13,73,66.0,,0.66,48.18
2019-12-14,56,66.0,,0.66,36.96
2019-12-15,65,66.0,,0.66,42.9
2019-12-16,87,66.0,,0.66,57.42
2019-12-17,71,66.0,,0.66,46.86
2019-12-18,58,66.0,,0.66,38.28
2019-12-19,71,66.0,,0.66,46.86
2019-12-20,55,66.0,,0.66,36.300000000000004
2019-12-21,34,66.0,,0.66,22.44
2019-12-22,33,66.0,,0.66,21.78
2019-12-23,51,66.0,,0.66,33.660000000000004
2019-12-24,47,66.0,,0.66,31.020000000000003
2019-12-25,24,66.0,,0.66,15.84
2019-12-26,41,66.0,,0.66,27.060000000000002
2019-12-27,64,66.0,,0.66,42.24
2019-12-28,56,66.0,,0.66,36.96
2019-12-29,34,66.0,,0.66,22.44
2019-12-30,56,66.0,,0.66,36.96
2019-12-31,38,66.0,,0.66,25.080000000000002
2020-01-01,25,88.0,False,0.88,22.0
2020-01-02,52,88.0,,0.88,45.76
2020-01-03,45,88.0,,0.88,39.6
2020-01-04,34,88.0,,0.88,29.92
2020-01-05,29,88.0,,0.88,25.52
2020-01-06,48,88.0,,0.88,42.24
2020-01-07,48,88.0,,0.88,42.24
2020-01-08,56,88.0,,0.88,49.28
2020-01-09,55,88.0,,0.88,48.4
2020-01-10,51,88.0,,0.88,44.88
2020-01-11,35,88.0,,0.88,30.8
2020-01-12,36,88.0,,0.88,31.68
2020-01-13,67,88.0,,0.88,58.96
2020-01-14,72,88.0,,0.88,63.36
2020-01-15,77,88.0,,0.88,67.76
2020-01-16,75,88.0,,0.88,66.0
2020-01-17,73,88.0,,0.88,64.24
2020-01-18,51,88.0,,0.88,44.88
2020-01-19,56,88.0,,0.88,49.28
2020-01-20,65,88.0,,0.88,57.2
2020-01-21,100,88.0,,0.88,88.0
2020-01-22,86,88.0,,0.88,75.68
2020-01-23,66,88.0,,0.88,58.08
2020-01-24,62,88.0,,0.88,54.56
2020-01-25,60,88.0,,0.88,52.8
2020-01-26,46,88.0,,0.88,40.48
2020-01-27,76,88.0,,0.88,66.88
2020-01-28,87,88.0,,0.88,76.56
2020-01-29,79,88.0,,0.88,69.52
2020-01-30,79,88.0,,0.88,69.52
2020-01-31,69,88.0,,0.88,60.72
2020-02-01,67,90.0,False,0.9,60.300000000000004
2020-02-02,45,90.0,,0.9,40.5
2020-02-03,64,90.0,,0.9,57.6
2020-02-04,65,90.0,,0.9,58.5
2020-02-05,73,90.0,,0.9,65.7
2020-02-06,71,90.0,,0.9,63.9
2020-02-07,65,90.0,,0.9,58.5
2020-02-08,46,90.0,,0.9,41.4
2020-02-09,53,90.0,,0.9,47.7
2020-02-10,81,90.0,,0.9,72.9
2020-02-11,86,90.0,,0.9,77.4
2020-02-12,80,90.0,,0.9,72.0
2020-02-13,60,90.0,,0.9,54.0
2020-02-14,66,90.0,,0.9,59.4
2020-02-15,51,90.0,,0.9,45.9
2020-02-16,49,90.0,,0.9,44.1
2020-02-17,75,90.0,,0.9,67.5
2020-02-18,77,90.0,,0.9,69.3
2020-02-19,76,90.0,,0.9,68.4
2020-02-20,77,90.0,,0.9,69.3
2020-02-21,64,90.0,,0.9,57.6
2020-02-22,42,90.0,,0.9,37.800000000000004
2020-02-23,42,90.0,,0.9,37.800000000000004
2020-02-24,87,90.0,,0.9,78.3
2020-02-25,100,90.0,,0.9,90.0
2020-02-26,79,90.0,,0.9,71.10000000000001
2020-02-27,84,90.0,,0.9,75.60000000000001
2020-02-28,70,90.0,,0.9,63.0
2020-02-29,73,90.0,,0.9,65.7
2020-03-01,44,75.0,False,0.75,33.0
2020-03-02,75,75.0,,0.75,56.25
2020-03-03,74,75.0,,0.75,55.5
2020-03-04,98,75.0,,0.75,73.5
2020-03-05,74,75.0,,0.75,55.5
2020-03-06,61,75.0,,0.75,45.75
2020-03-07,50,75.0,,0.75,37.5
2020-03-08,55,75.0,,0.75,41.25
2020-03-09,71,75.0,,0.75,53.25
2020-03-10,80,75.0,,0.75,60.0
2020-03-11,100,75.0,,0.75,75.0
2020-03-12,90,75.0,,0.75,67.5
2020-03-13,61,75.0,,0.75,45.75
2020-03-14,21,75.0,,0.75,15.75
2020-03-15,26,75.0,,0.75,19.5
2020-03-16,40,75.0,,0.75,30.0
2020-03-17,43,75.0,,0.75,32.25
2020-03-18,48,75.0,,0.75,36.0
2020-03-19,52,75.0,,0.75,39.0
2020-03-20,45,75.0,,0.75,33.75
2020-03-21,22,75.0,,0.75,16.5
2020-03-22,20,75.0,,0.75,15.0
2020-03-23,54,75.0,,0.75,40.5
2020-03-24,53,75.0,,0.75,39.75
2020-03-25,49,75.0,,0.75,36.75
2020-03-26,51,75.0,,0.75,38.25
2020-03-27,53,75.0,,0.75,39.75
2020-03-28,25,75.0,,0.75,18.75
2020-03-29,26,75.0,,0.75,19.5
2020-03-30,47,75.0,,0.75,35.25
2020-03-31,45,75.0,,0.75,33.75
2020-04-01,69,60.0,False,0.6,41.4
2020-04-02,69,60.0,,0.6,41.4
2020-04-03,68,60.0,,0.6,40.8
2020-04-04,43,60.0,,0.6,25.8
2020-04-05,38,60.0,,0.6,22.8
2020-04-06,82,60.0,,0.6,49.199999999999996
2020-04-07,65,60.0,,0.6,39.0
2020-04-08,73,60.0,,0.6,43.8
2020-04-09,69,60.0,,0.6,41.4
2020-04-10,53,60.0,,0.6,31.799999999999997
2020-04-11,36,60.0,,0.6,21.599999999999998
2020-04-12,33,60.0,,0.6,19.8
2020-04-13,83,60.0,,0.6,49.8
2020-04-14,84,60.0,,0.6,50.4
2020-04-15,100,60.0,,0.6,60.0
2020-04-16,100,60.0,,0.6,60.0
2020-04-17,75,60.0,,0.6,45.0
2020-04-18,47,60.0,,0.6,28.2
2020-04-19,43,60.0,,0.6,25.8
2020-04-20,78,60.0,,0.6,46.8
2020-04-21,80,60.0,,0.6,48.0
2020-04-22,86,60.0,,0.6,51.6
2020-04-23,76,60.0,,0.6,45.6
2020-04-24,68,60.0,,0.6,40.8
2020-04-25,37,60.0,,0.6,22.2
2020-04-26,37,60.0,,0.6,22.2
2020-04-27,88,60.0,,0.6,52.8
2020-04-28,77,60.0,,0.6,46.199999999999996
2020-04-29,76,60.0,,0.6,45.6
2020-04-30,73,60.0,,0.6,43.8
2020-05-01,87,48.0,False,0.48,41.76
2020-05-02,43,48.0,,0.48,20.64
2020-05-03,65,48.0,,0.48,31.2
2020-05-04,78,48.0,,0.48,37.44
2020-05-05,74,48.0,,0.48,35.519999999999996
2020-05-06,81,48.0,,0.48,38.879999999999995
2020-05-07,62,48.0,,0.48,29.759999999999998
2020-05-08,89,48.0,,0.48,42.72
2020-05-09,50,48.0,,0.48,24.0
2020-05-10,46,48.0,,0.48,22.08
2020-05-11,94,48.0,,0.48,45.12
2020-05-12,91,48.0,,0.48,43.68
2020-05-13,77,48.0,,0.48,36.96
2020-05-14,80,48.0,,0.48,38.4
2020-05-15,88,48.0,,0.48,42.239999999999995
2020-05-16,58,48.0,,0.48,27.84
2020-05-17,54,48.0,,0.48,25.919999999999998
2020-05-18,100,48.0,,0.48,48.0
2020-05-19,88,48.0,,0.48,42.239999999999995
2020-05-20,71,48.0,,0.48,34.08
2020-05-21,75,48.0,,0.48,36.0
2020-05-22,80,48.0,,0.48,38.4
2020-05-23,47,48.0,,0.48,22.56
2020-05-24,46,48.0,,0.48,22.08
2020-05-25,33,48.0,,0.48,15.84
2020-05-26,80,48.0,,0.48,38.4
2020-05-27,72,48.0,,0.48,34.56
2020-05-28,76,48.0,,0.48,36.48
2020-05-29,77,48.0,,0.48,36.96
2020-05-30,45,48.0,,0.48,21.599999999999998
2020-05-31,45,48.0,,0.48,21.599999999999998
2020-06-01,78,49.0,False,0.49,38.22
2020-06-02,84,49.0,,0.49,41.16
2020-06-03,87,49.0,,0.49,42.63
2020-06-04,75,49.0,,0.49,36.75
2020-06-05,79,49.0,,0.49,38.71
2020-06-06,30,49.0,,0.49,14.7
2020-06-07,47,49.0,,0.49,23.03
2020-06-08,85,49.0,,0.49,41.65
2020-06-09,90,49.0,,0.49,44.1
2020-06-10,81,49.0,,0.49,39.69
2020-06-11,88,49.0,,0.49,43.12
2020-06-12,68,49.0,,0.49,33.32
2020-06-13,44,49.0,,0.49,21.56
2020-06-14,46,49.0,,0.49,22.54
2020-06-15,95,49.0,,0.49,46.55
2020-06-16,99,49.0,,0.49,48.51
2020-06-17,78,49.0,,0.49,38.22
2020-06-18,100,49.0,,0.49,49.0
2020-06-19,82,49.0,,0.49,40.18
2020-06-20,53,49.0,,0.49,25.97
2020-06-21,32,49.0,,0.49,15.68
2020-06-22,82,49.0,,0.49,40.18
2020-06-23,95,49.0,,0.49,46.55
2020-06-24,92,49.0,,0.49,45.08
2020-06-25,78,49.0,,0.49,38.22
2020-06-26,77,49.0,,0.49,37.73
2020-06-27,35,49.0,,0.49,17.15
2020-06-28,42,49.0,,0.49,20.58
2020-06-29,76,49.0,,0.49,37.24
2020-06-30,87,49.0,,0.49,42.63
2020-07-01,46,52.0,False,0.52,23.92
2020-07-02,47,52.0,,0.52,24.44
2020-07-03,31,52.0,,0.52,16.12
2020-07-04,27,52.0,,0.52,14.040000000000001
2020-07-05,33,52.0,,0.52,17.16
2020-07-06,67,52.0,,0.52,34.84
2020-07-07,61,52.0,,0.52,31.720000000000002
2020-07-08,61,52.0,,0.52,31.720000000000002
2020-07-09,55,52.0,,0.52,28.6
2020-07-10,50,52.0,,0.52,26.0
2020-07-11,28,52.0,,0.52,14.56
2020-07-12,33,52.0,,0.52,17.16
2020-07-13,63,52.0,,0.52,32.76
2020-07-14,71,52.0,,0.52,36.92
2020-07-15,100,52.0,,0.52,52.0
2020-07-16,65,52.0,,0.52,33.800000000000004
2020-07-17,67,52.0,,0.52,34.84
2020-07-18,31,52.0,,0.52,16.12
2020-07-19,26,52.0,,0.52,13.52
2020-07-20,69,52.0,,0.52,35.88
2020-07-21,64,52.0,,0.52,33.28
2020-07-22,71,52.0,,0.52,36.92
2020-07-23,53,52.0,,0.52,27.560000000000002
2020-07-24,61,52.0,,0.52,31.720000000000002
2020-07-25,34,52.0,,0.52,17.68
2020-07-26,29,52.0,,0.52,15.08
2020-07-27,57,52.0,,0.52,29.64
2020-07-28,63,52.0,,0.52,32.76
2020-07-29,62,52.0,,0.52,32.24
2020-07-30,52,52.0,,0.52,27.04
2020-07-31,48,52.0,,0.52,24.96
2020-08-01,21,64.0,False,0.64,13.44
2020-08-02,24,64.0,,0.64,15.36
2020-08-03,42,64.0,,0.64,26.88
2020-08-04,43,64.0,,0.64,27.52
2020-08-05,39,64.0,,0.64,24.96
2020-08-06,39,64.0,,0.64,24.96
2020-08-07,41,64.0,,0.64,26.240000000000002
2020-08-08,19,64.0,,0.64,12.16
2020-08-09,24,64.0,,0.64,15.36
2020-08-10,45,64.0,,0.64,28.8
2020-08-11,47,64.0,,0.64,30.080000000000002
2020-08-12,43,64.0,,0.64,27.52
2020-08-13,43,64.0,,0.64,27.52
2020-08-14,42,64.0,,0.64,26.88
2020-08-15,25,64.0,,0.64,16.0
2020-08-16,27,64.0,,0.64,17.28
2020-08-17,46,64.0,,0.64,29.44
2020-08-18,43,64.0,,0.64,27.52
2020-08-19,50,64.0,,0.64,32.0
2020-08-20,45,64.0,,0.64,28.8
2020-08-21,34,64.0,,0.64,21.76
2020-08-22,28,64.0,,0.64,17.92
2020-08-23,34,64.0,,0.64,21.76
2020-08-24,52,64.0,,0.64,33.28
2020-08-25,58,64.0,,0.64,37.12
2020-08-26,50,64.0,,0.64,32.0
2020-08-27,66,64.0,,0.64,42.24
2020-08-28,54,64.0,,0.64,34.56
2020-08-29,48,64.0,,0.64,30.72
2020-08-30,61,64.0,,0.64,39.04
2020-08-31,100,64.0,,0.64,64.0
2020-09-01,100,77.0,False,0.77,77.0
2020-09-02,86,77.0,,0.77,66.22
2020-09-03,76,77.0,,0.77,58.52
2020-09-04,66,77.0,,0.77,50.82
2020-09-05,40,77.0,,0.77,30.8
2020-09-06,41,77.0,,0.77,31.57
2020-09-07,82,77.0,,0.77,63.14
2020-09-08,91,77.0,,0.77,70.07000000000001
2020-09-09,80,77.0,,0.77,61.6
2020-09-10,66,77.0,,0.77,50.82
2020-09-11,49,77.0,,0.77,37.730000000000004
2020-09-12,36,77.0,,0.77,27.72
2020-09-13,46,77.0,,0.77,35.42
2020-09-14,61,77.0,,0.77,46.97
2020-09-15,67,77.0,,0.77,51.59
2020-09-16,64,77.0,,0.77,49.28
2020-09-17,63,77.0,,0.77,48.51
2020-09-18,47,77.0,,0.77,36.19
2020-09-19,31,77.0,,0.77,23.87
2020-09-20,30,77.0,,0.77,23.1
2020-09-21,64,77.0,,0.77,49.28
2020-09-22,67,77.0,,0.77,51.59
2020-09-23,60,77.0,,0.77,46.2
2020-09-24,51,77.0,,0.77,39.27
2020-09-25,50,77.0,,0.77,38.5
2020-09-26,31,77.0,,0.77,23.87
2020-09-27,35,77.0,,0.77,26.95
2020-09-28,61,77.0,,0.77,46.97
2020-09-29,62,77.0,,0.77,47.74
2020-09-30,66,77.0,,0.77,50.82
2020-10-01,66,69.0,False,0.69,45.54
2020-10-02,66,69.0,,0.69,45.54
2020-10-03,38,69.0,,0.69,26.22
2020-10-04,42,69.0,,0.69,28.979999999999997
2020-10-05,73,69.0,,0.69,50.37
2020-10-06,76,69.0,,0.69,52.44
2020-10-07,75,69.0,,0.69,51.74999999999999
2020-10-08,67,69.0,,0.69,46.23
2020-10-09,53,69.0,,0.69,36.57
2020-10-10,42,69.0,,0.69,28.979999999999997
2020-10-11,42,69.0,,0.69,28.979999999999997
2020-10-12,69,69.0,,0.69,47.61
2020-10-13,89,69.0,,0.69,61.41
2020-10-14,100,69.0,,0.69,69.0
2020-10-15,62,69.0,,0.69,42.779999999999994
2020-10-16,63,69.0,,0.69,43.47
2020-10-17,37,69.0,,0.69,25.529999999999998
2020-10-18,39,69.0,,0.69,26.909999999999997
2020-10-19,62,69.0,,0.69,42.779999999999994
2020-10-20,69,69.0,,0.69,47.61
2020-10-21,61,69.0,,0.69,42.089999999999996
2020-10-22,64,69.0,,0.69,44.16
2020-10-23,55,69.0,,0.69,37.949999999999996
2020-10-24,36,69.0,,0.69,24.839999999999996
2020-10-25,42,69.0,,0.69,28.979999999999997
2020-10-26,63,69.0,,0.69,43.47
2020-10-27,69,69.0,,0.69,47.61
2020-10-28,65,69.0,,0.69,44.849999999999994
2020-10-29,66,69.0,,0.69,45.54
2020-10-30,43,69.0,,0.69,29.669999999999998
2020-10-31,31,69.0,,0.69,21.389999999999997
2020-11-01,41,60.0,False,0.6,24.599999999999998
2020-11-02,78,60.0,,0.6,46.8
2020-11-03,74,60.0,,0.6,44.4
2020-11-04,51,60.0,,0.6,30.599999999999998
2020-11-05,75,60.0,,0.6,45.0
2020-11-06,55,60.0,,0.6,33.0
2020-11-07,31,60.0,,0.6,18.599999999999998
2020-11-08,39,60.0,,0.6,23.4
2020-11-09,100,60.0,,0.6,60.0
2020-11-10,77,60.0,,0.6,46.199999999999996
2020-11-11,65,60.0,,0.6,39.0
2020-11-12,90,60.0,,0.6,54.0
2020-11-13,71,60.0,,0.6,42.6
2020-11-14,40,60.0,,0.6,24.0
2020-11-15,39,60.0,,0.6,23.4
2020-11-16,85,60.0,,0.6,51.0
2020-11-17,80,60.0,,0.6,48.0
2020-11-18,71,60.0,,0.6,42.6
2020-11-19,86,60.0,,0.6,51.6
2020-11-20,66,60.0,,0.6,39.6
2020-11-21,46,60.0,,0.6,27.599999999999998
2020-11-22,45,60.0,,0.6,27.0
2020-11-23,61,60.0,,0.6,36.6
2020-11-24,52,60.0,,0.6,31.2
2020-11-25,48,60.0,,0.6,28.799999999999997
2020-11-26,23,60.0,,0.6,13.799999999999999
2020-11-27,26,60.0,,0.6,15.6
2020-11-28,15,60.0,,0.6,9.0
2020-11-29,36,60.0,,0.6,21.599999999999998
2020-11-30,65,60.0,,0.6,39.0
2020-12-01,100,46.0,False,0.46,46.0
2020-12-02,79,46.0,,0.46,36.34
2020-12-03,93,46.0,,0.46,42.78
2020-12-04,65,46.0,,0.46,29.900000000000002
2020-12-05,47,46.0,,0.46,21.62
2020-12-06,47,46.0,,0.46,21.62
2020-12-07,79,46.0,,0.46,36.34
2020-12-08,79,46.0,,0.46,36.34
2020-12-09,85,46.0,,0.46,39.1
2020-12-10,66,46.0,,0.46,30.360000000000003
2020-12-11,79,46.0,,0.46,36.34
2020-12-12,47,46.0,,0.46,21.62
2020-12-13,48,46.0,,0.46,22.080000000000002
2020-12-14,77,46.0,,0.46,35.42
2020-12-15,69,46.0,,0.46,31.740000000000002
2020-12-16,77,46.0,,0.46,35.42
2020-12-17,73,46.0,,0.46,33.58
2020-12-18,67,46.0,,0.46,30.82
2020-12-19,44,46.0,,0.46,20.240000000000002
2020-12-20,38,46.0,,0.46,17.48
2020-12-21,65,46.0,,0.46,29.900000000000002
2020-12-22,65,46.0,,0.46,29.900000000000002
2020-12-23,48,46.0,,0.46,22.080000000000002
2020-12-24,40,46.0,,0.46,18.400000000000002
2020-12-25,27,46.0,,0.46,12.42
2020-12-26,31,46.0,,0.46,14.26
2020-12-27,40,46.0,,0.46,18.400000000000002
2020-12-28,72,46.0,,0.46,33.120000000000005
2020-12-29,60,46.0,,0.46,27.6
2020-12-30,68,46.0,,0.46,31.28
2020-12-31,56,46.0,,0.46,25.76
2021-01-01,40,55.0,False,0.55,22.0
2021-01-02,50,55.0,,0.55,27.500000000000004
2021-01-03,61,55.0,,0.55,33.550000000000004
2021-01-04,74,55.0,,0.55,40.7
2021-01-05,65,55.0,,0.55,35.75
2021-01-06,78,55.0,,0.55,42.900000000000006
2021-01-07,75,55.0,,0.55,41.25
2021-01-08,68,55.0,,0.55,37.400000000000006
2021-01-09,49,55.0,,0.55,26.950000000000003
2021-01-10,46,55.0,,0.55,25.3
2021-01-11,69,55.0,,0.55,37.95
2021-01-12,86,55.0,,0.55,47.300000000000004
2021-01-13,74,55.0,,0.55,40.7
2021-01-14,73,55.0,,0.55,40.150000000000006
2021-01-15,84,55.0,,0.55,46.2
2021-01-16,52,55.0,,0.55,28.6
2021-01-17,50,55.0,,0.55,27.500000000000004
2021-01-18,73,55.0,,0.55,40.150000000000006
2021-01-19,100,55.0,,0.55,55.00000000000001
2021-01-20,98,55.0,,0.55,53.900000000000006
2021-01-21,89,55.0,,0.55,48.95
2021-01-22,73,55.0,,0.55,40.150000000000006
2021-01-23,62,55.0,,0.55,34.1
2021-01-24,57,55.0,,0.55,31.35
2021-01-25,91,55.0,,0.55,50.050000000000004
2021-01-26,83,55.0,,0.55,45.650000000000006
2021-01-27,99,55.0,,0.55,54.45
2021-01-28,84,55.0,,0.55,46.2
2021-01-29,89,55.0,,0.55,48.95
2021-01-30,99,55.0,,0.55,54.45
2021-01-31,85,55.0,,0.55,46.75000000000001
2021-02-01,97,80.0,False,0.8,77.60000000000001
2021-02-02,73,80.0,,0.8,58.400000000000006
2021-02-03,79,80.0,,0.8,63.2
2021-02-04,92,80.0,,0.8,73.60000000000001
2021-02-05,72,80.0,,0.8,57.6
2021-02-06,50,80.0,,0.8,40.0
2021-02-07,45,80.0,,0.8,36.0
2021-02-08,79,80.0,,0.8,63.2
2021-02-09,82,80.0,,0.8,65.60000000000001
2021-02-10,100,80.0,,0.8,80.0
2021-02-11,93,80.0,,0.8,74.4
2021-02-12,69,80.0,,0.8,55.2
2021-02-13,43,80.0,,0.8,34.4
2021-02-14,42,80.0,,0.8,33.6
2021-02-15,83,80.0,,0.8,66.4
2021-02-16,74,80.0,,0.8,59.2
2021-02-17,74,80.0,,0.8,59.2
2021-02-18,66,80.0,,0.8,52.800000000000004
2021-02-19,65,80.0,,0.8,52.0
2021-02-20,52,80.0,,0.8,41.6
2021-02-21,55,80.0,,0.8,44.0
2021-02-22,76,80.0,,0.8,60.800000000000004
2021-02-23,68,80.0,,0.8,54.400000000000006
2021-02-24,66,80.0,,0.8,52.800000000000004
2021-02-25,71,80.0,,0.8,56.800000000000004
2021-02-26,76,80.0,,0.8,60.800000000000004
2021-02-27,48,80.0,,0.8,38.400000000000006
2021-02-28,53,80.0,,0.8,42.400000000000006
2021-03-01,82,72.0,False,0.72,59.04
2021-03-02,100,72.0,,0.72,72.0
2021-03-03,86,72.0,,0.72,61.919999999999995
2021-03-04,74,72.0,,0.72,53.28
2021-03-05,77,72.0,,0.72,55.44
2021-03-06,76,72.0,,0.72,54.72
2021-03-07,59,72.0,,0.72,42.48
2021-03-08,83,72.0,,0.72,59.76
2021-03-09,80,72.0,,0.72,57.599999999999994
2021-03-10,86,72.0,,0.72,61.919999999999995
2021-03-11,82,72.0,,0.72,59.04
2021-03-12,56,72.0,,0.72,40.32
2021-03-13,51,72.0,,0.72,36.72
2021-03-14,55,72.0,,0.72,39.6
2021-03-15,75,72.0,,0.72,54.0
2021-03-16,73,72.0,,0.72,52.559999999999995
2021-03-17,67,72.0,,0.72,48.239999999999995
2021-03-18,76,72.0,,0.72,54.72
2021-03-19,69,72.0,,0.72,49.68
2021-03-20,43,72.0,,0.72,30.959999999999997
2021-03-21,57,72.0,,0.72,41.04
2021-03-22,81,72.0,,0.72,58.32
2021-03-23,77,72.0,,0.72,55.44
2021-03-24,80,72.0,,0.72,57.599999999999994
2021-03-25,82,72.0,,0.72,59.04
2021-03-26,75,72.0,,0.72,54.0
2021-03-27,42,72.0,,0.72,30.24
2021-03-28,44,72.0,,0.72,31.68
2021-03-29,87,72.0,,0.72,62.64
2021-03-30,87,72.0,,0.72,62.64
2021-03-31,79,72.0,,0.72,56.879999999999995
2021-04-01,67,67.0,False,0.67,44.89
2021-04-02,66,67.0,,0.67,44.220000000000006
2021-04-03,41,67.0,,0.67,27.470000000000002
2021-04-04,38,67.0,,0.67,25.46
2021-04-05,78,67.0,,0.67,52.260000000000005
2021-04-06,76,67.0,,0.67,50.92
2021-04-07,75,67.0,,0.67,50.25
2021-04-08,68,67.0,,0.67,45.56
2021-04-09,64,67.0,,0.67,42.88
2021-04-10,50,67.0,,0.67,33.5
2021-04-11,42,67.0,,0.67,28.14
2021-04-12,83,67.0,,0.67,55.61000000000001
2021-04-13,92,67.0,,0.67,61.64
2021-04-14,79,67.0,,0.67,52.93
2021-04-15,92,67.0,,0.67,61.64
2021-04-16,73,67.0,,0.67,48.910000000000004
2021-04-17,45,67.0,,0.67,30.150000000000002
2021-04-18,54,67.0,,0.67,36.18
2021-04-19,100,67.0,,0.67,67.0
2021-04-20,89,67.0,,0.67,59.63
2021-04-21,79,67.0,,0.67,52.93
2021-04-22,76,67.0,,0.67,50.92
2021-04-23,62,67.0,,0.67,41.54
2021-04-24,47,67.0,,0.67,31.490000000000002
2021-04-25,47,67.0,,0.67,31.490000000000002
2021-04-26,76,67.0,,0.67,50.92
2021-04-27,86,67.0,,0.67,57.620000000000005
2021-04-28,95,67.0,,0.67,63.650000000000006
2021-04-29,68,67.0,,0.67,45.56
2021-04-30,68,67.0,,0.67,45.56
2021-05-01,48,53.0,False,0.53,25.44
2021-05-02,58,53.0,,0.53,30.740000000000002
2021-05-03,100,53.0,,0.53,53.0
2021-05-04,81,53.0,,0.53,42.93
2021-05-05,75,53.0,,0.53,39.75
2021-05-06,99,53.0,,0.53,52.470000000000006
2021-05-07,71,53.0,,0.53,37.63
2021-05-08,48,53.0,,0.53,25.44
2021-05-09,48,53.0,,0.53,25.44
2021-05-10,76,53.0,,0.53,40.28
2021-05-11,76,53.0,,0.53,40.28
2021-05-12,78,53.0,,0.53,41.34
2021-05-13,59,53.0,,0.53,31.270000000000003
2021-05-14,72,53.0,,0.53,38.160000000000004
2021-05-15,46,53.0,,0.53,24.380000000000003
2021-05-16,42,53.0,,0.53,22.26
2021-05-17,66,53.0,,0.53,34.980000000000004
2021-05-18,70,53.0,,0.53,37.1
2021-05-19,64,53.0,,0.53,33.92
2021-05-20,60,53.0,,0.53,31.8
2021-05-21,78,53.0,,0.53,41.34
2021-05-22,58,53.0,,0.53,30.740000000000002
2021-05-23,41,53.0,,0.53,21.73
2021-05-24,50,53.0,,0.53,26.5
2021-05-25,44,53.0,,0.53,23.32
2021-05-26,47,53.0,,0.53,24.91
2021-05-27,45,53.0,,0.53,23.85
2021-05-28,42,53.0,,0.53,22.26
2021-05-29,28,53.0,,0.53,14.84
2021-05-30,27,53.0,,0.53,14.31
2021-05-31,29,53.0,,0.53,15.370000000000001
2021-06-01,74,33.0,False,0.33,24.42
2021-06-02,85,33.0,,0.33,28.05
2021-06-03,98,33.0,,0.33,32.34
2021-06-04,62,33.0,,0.33,20.46
2021-06-05,40,33.0,,0.33,13.200000000000001
2021-06-06,30,33.0,,0.33,9.9
2021-06-07,82,33.0,,0.33,27.060000000000002
2021-06-08,86,33.0,,0.33,28.380000000000003
2021-06-09,61,33.0,,0.33,20.130000000000003
2021-06-10,81,33.0,,0.33,26.73
2021-06-11,79,33.0,,0.33,26.07
2021-06-12,66,33.0,,0.33,21.78
2021-06-13,58,33.0,,0.33,19.14
2021-06-14,79,33.0,,0.33,26.07
2021-06-15,75,33.0,,0.33,24.75
2021-06-16,94,33.0,,0.33,31.020000000000003
2021-06-17,85,33.0,,0.33,28.05
2021-06-18,64,33.0,,0.33,21.12
2021-06-19,49,33.0,,0.33,16.17
2021-06-20,50,33.0,,0.33,16.5
2021-06-21,99,33.0,,0.33,32.67
2021-06-22,100,33.0,,0.33,33.0
2021-06-23,73,33.0,,0.33,24.09
2021-06-24,93,33.0,,0.33,30.69
2021-06-25,90,33.0,,0.33,29.700000000000003
2021-06-26,41,33.0,,0.33,13.530000000000001
2021-06-27,42,33.0,,0.33,13.860000000000001
2021-06-28,89,33.0,,0.33,29.37
2021-06-29,69,33.0,,0.33,22.77
2021-06-30,72,33.0,,0.33,23.76
2021-07-01,67,40.0,False,0.4,26.8
2021-07-02,57,40.0,,0.4,22.8
2021-07-03,29,40.0,,0.4,11.600000000000001
2021-07-04,36,40.0,,0.4,14.4
2021-07-05,33,40.0,,0.4,13.200000000000001
2021-07-06,78,40.0,,0.4,31.200000000000003
2021-07-07,85,40.0,,0.4,34.0
2021-07-08,90,40.0,,0.4,36.0
2021-07-09,76,40.0,,0.4,30.400000000000002
2021-07-10,40,40.0,,0.4,16.0
2021-07-11,36,40.0,,0.4,14.4
2021-07-12,90,40.0,,0.4,36.0
2021-07-13,89,40.0,,0.4,35.6
2021-07-14,89,40.0,,0.4,35.6
2021-07-15,97,40.0,,0.4,38.800000000000004
2021-07-16,77,40.0,,0.4,30.8
2021-07-17,43,40.0,,0.4,17.2
2021-07-18,51,40.0,,0.4,20.400000000000002
2021-07-19,100,40.0,,0.4,40.0
2021-07-20,79,40.0,,0.4,31.6
2021-07-21,56,40.0,,0.4,22.400000000000002
2021-07-22,71,40.0,,0.4,28.400000000000002
2021-07-23,74,40.0,,0.4,29.6
2021-07-24,35,40.0,,0.4,14.0
2021-07-25,42,40.0,,0.4,16.8
2021-07-26,85,40.0,,0.4,34.0
2021-07-27,81,40.0,,0.4,32.4
2021-07-28,70,40.0,,0.4,28.0
2021-07-29,92,40.0,,0.4,36.800000000000004
2021-07-30,70,40.0,,0.4,28.0
2021-07-31,57,40.0,,0.4,22.8
2021-08-01,17,67.0,False,0.67,11.39
2021-08-02,37,67.0,,0.67,24.790000000000003
2021-08-03,38,67.0,,0.67,25.46
2021-08-04,42,67.0,,0.67,28.14
2021-08-05,36,67.0,,0.67,24.12
2021-08-06,32,67.0,,0.67,21.44
2021-08-07,16,67.0,,0.67,10.72
2021-08-08,18,67.0,,0.67,12.06
2021-08-09,38,67.0,,0.67,25.46
2021-08-10,36,67.0,,0.67,24.12
2021-08-11,30,67.0,,0.67,20.1
2021-08-12,35,67.0,,0.67,23.450000000000003
2021-08-13,29,67.0,,0.67,19.43
2021-08-14,21,67.0,,0.67,14.07
2021-08-15,22,67.0,,0.67,14.74
2021-08-16,33,67.0,,0.67,22.110000000000003
2021-08-17,42,67.0,,0.67,28.14
2021-08-18,35,67.0,,0.67,23.450000000000003
2021-08-19,34,67.0,,0.67,22.78
2021-08-20,39,67.0,,0.67,26.130000000000003
2021-08-21,21,67.0,,0.67,14.07
2021-08-22,26,67.0,,0.67,17.42
2021-08-23,46,67.0,,0.67,30.82
2021-08-24,53,67.0,,0.67,35.510000000000005
2021-08-25,45,67.0,,0.67,30.150000000000002
2021-08-26,50,67.0,,0.67,33.5
2021-08-27,53,67.0,,0.67,35.510000000000005
2021-08-28,49,67.0,,0.67,32.830000000000005
2021-08-29,59,67.0,,0.67,39.53
2021-08-30,94,67.0,,0.67,62.980000000000004
2021-08-31,100,67.0,,0.67,67.0
2021-09-01,100,90.0,False,0.9,90.0
2021-09-02,91,90.0,,0.9,81.9
2021-09-03,83,90.0,,0.9,74.7
2021-09-04,56,90.0,,0.9,50.4
2021-09-05,46,90.0,,0.9,41.4
2021-09-06,53,90.0,,0.9,47.7
2021-09-07,88,90.0,,0.9,79.2
2021-09-08,89,90.0,,0.9,80.10000000000001
2021-09-09,72,90.0,,0.9,64.8
2021-09-10,74,90.0,,0.9,66.60000000000001
2021-09-11,72,90.0,,0.9,64.8
2021-09-12,71,90.0,,0.9,63.9
2021-09-13,74,90.0,,0.9,66.60000000000001
2021-09-14,72,90.0,,0.9,64.8
2021-09-15,70,90.0,,0.9,63.0
2021-09-16,62,90.0,,0.9,55.800000000000004
2021-09-17,63,90.0,,0.9,56.7
2021-09-18,53,90.0,,0.9,47.7
2021-09-19,48,90.0,,0.9,43.2
2021-09-20,69,90.0,,0.9,62.1
2021-09-21,75,90.0,,0.9,67.5
2021-09-22,71,90.0,,0.9,63.9
2021-09-23,67,90.0,,0.9,60.300000000000004
2021-09-24,59,90.0,,0.9,53.1
2021-09-25,73,90.0,,0.9,65.7
2021-09-26,66,90.0,,0.9,59.4
2021-09-27,74,90.0,,0.9,66.60000000000001
2021-09-28,72,90.0,,0.9,64.8
2021-09-29,72,90.0,,0.9,64.8
2021-09-30,64,90.0,,0.9,57.6
2021-10-01,74,81.0,False,0.81,59.940000000000005
2021-10-02,100,81.0,,0.81,81.0
2021-10-03,60,81.0,,0.81,48.6
2021-10-04,74,81.0,,0.81,59.940000000000005
2021-10-05,77,81.0,,0.81,62.370000000000005
2021-10-06,79,81.0,,0.81,63.99
2021-10-07,62,81.0,,0.81,50.220000000000006
2021-10-08,50,81.0,,0.81,40.5
2021-10-09,54,81.0,,0.81,43.74
2021-10-10,59,81.0,,0.81,47.790000000000006
2021-10-11,64,81.0,,0.81,51.84
2021-10-12,72,81.0,,0.81,58.32000000000001
2021-10-13,88,81.0,,0.81,71.28
2021-10-14,80,81.0,,0.81,64.80000000000001
2021-10-15,78,81.0,,0.81,63.18000000000001
2021-10-16,84,81.0,,0.81,68.04
2021-10-17,62,81.0,,0.81,50.220000000000006
2021-10-18,74,81.0,,0.81,59.940000000000005
2021-10-19,74,81.0,,0.81,59.940000000000005
2021-10-20,82,81.0,,0.81,66.42
2021-10-21,73,81.0,,0.81,59.13
2021-10-22,61,81.0,,0.81,49.410000000000004
2021-10-23,71,81.0,,0.81,57.510000000000005
2021-10-24,57,81.0,,0.81,46.17
2021-10-25,77,81.0,,0.81,62.370000000000005
2021-10-26,90,81.0,,0.81,72.9
2021-10-27,72,81.0,,0.81,58.32000000000001
2021-10-28,72,81.0,,0.81,58.32000000000001
2021-10-29,70,81.0,,0.81,56.7
2021-10-30,69,81.0,,0.81,55.89
2021-10-31,54,81.0,,0.81,43.74
2021-11-01,51,79.0,False,0.79,40.29
2021-11-02,60,79.0,,0.79,47.400000000000006
2021-11-03,59,79.0,,0.79,46.61
2021-11-04,61,79.0,,0.79,48.190000000000005
2021-11-05,56,79.0,,0.79,44.24
2021-11-06,44,79.0,,0.79,34.760000000000005
2021-11-07,36,79.0,,0.79,28.44
2021-11-08,51,79.0,,0.79,40.29
2021-11-09,53,79.0,,0.79,41.870000000000005
2021-11-10,60,79.0,,0.79,47.400000000000006
2021-11-11,49,79.0,,0.79,38.71
2021-11-12,54,79.0,,0.79,42.660000000000004
2021-11-13,54,79.0,,0.79,42.660000000000004
2021-11-14,60,79.0,,0.79,47.400000000000006
2021-11-15,71,79.0,,0.79,56.09
2021-11-16,64,79.0,,0.79,50.56
2021-11-17,57,79.0,,0.79,45.03
2021-11-18,62,79.0,,0.79,48.980000000000004
2021-11-19,55,79.0,,0.79,43.45
2021-11-20,72,79.0,,0.79,56.88
2021-11-21,56,79.0,,0.79,44.24
2021-11-22,72,79.0,,0.79,56.88
2021-11-23,45,79.0,,0.79,35.550000000000004
2021-11-24,30,79.0,,0.79,23.700000000000003
2021-11-25,16,79.0,,0.79,12.64
2021-11-26,24,79.0,,0.79,18.96
2021-11-27,42,79.0,,0.79,33.18
2021-11-28,50,79.0,,0.79,39.5
2021-11-29,100,79.0,,0.79,79.0
2021-11-30,60,79.0,,0.79,47.400000000000006
2021-12-01,53,75.0,False,0.75,39.75
2021-12-02,59,75.0,,0.75,44.25
2021-12-03,34,75.0,,0.75,25.5
2021-12-04,37,75.0,,0.75,27.75
2021-12-05,90,75.0,,0.75,67.5
2021-12-06,100,75.0,,0.75,75.0
2021-12-07,69,75.0,,0.75,51.75
2021-12-08,56,75.0,,0.75,42.0
2021-12-09,47,75.0,,0.75,35.25
2021-12-10,38,75.0,,0.75,28.5
2021-12-11,28,75.0,,0.75,21.0
2021-12-12,21,75.0,,0.75,15.75
2021-12-13,46,75.0,,0.75,34.5
2021-12-14,46,75.0,,0.75,34.5
2021-12-15,40,75.0,,0.75,30.0
2021-12-16,50,75.0,,0.75,37.5
2021-12-17,32,75.0,,0.75,24.0
2021-12-18,24,75.0,,0.75,18.0
2021-12-19,22,75.0,,0.75,16.5
2021-12-20,36,75.0,,0.75,27.0
2021-12-21,34,75.0,,0.75,25.5
2021-12-22,32,75.0,,0.75,24.0
2021-12-23,26,75.0,,0.75,19.5
2021-12-24,18,75.0,,0.75,13.5
2021-12-25,15,75.0,,0.75,11.25
2021-12-26,15,75.0,,0.75,11.25
2021-12-27,28,75.0,,0.75,21.0
2021-12-28,29,75.0,,0.75,21.75
2021-12-29,26,75.0,,0.75,19.5
2021-12-30,27,75.0,,0.75,20.25
2021-12-31,23,75.0,,0.75,17.25
2022-01-01,17,75.0,False,0.75,12.75
2022-01-02,27,75.0,,0.75,20.25
2022-01-03,44,75.0,,0.75,33.0
2022-01-04,48,75.0,,0.75,36.0
2022-01-05,57,75.0,,0.75,42.75
2022-01-06,56,75.0,,0.75,42.0
2022-01-07,52,75.0,,0.75,39.0
2022-01-08,32,75.0,,0.75,24.0
2022-01-09,25,75.0,,0.75,18.75
2022-01-10,44,75.0,,0.75,33.0
2022-01-11,39,75.0,,0.75,29.25
2022-01-12,37,75.0,,0.75,27.75
2022-01-13,70,75.0,,0.75,52.5
2022-01-14,48,75.0,,0.75,36.0
2022-01-15,31,75.0,,0.75,23.25
2022-01-16,42,75.0,,0.75,31.5
2022-01-17,37,75.0,,0.75,27.75
2022-01-18,45,75.0,,0.75,33.75
2022-01-19,61,75.0,,0.75,45.75
2022-01-20,46,75.0,,0.75,34.5
2022-01-21,46,75.0,,0.75,34.5
2022-01-22,41,75.0,,0.75,30.75
2022-01-23,40,75.0,,0.75,30.0
2022-01-24,89,75.0,,0.75,66.75
2022-01-25,100,75.0,,0.75,75.0
2022-01-26,59,75.0,,0.75,44.25
2022-01-27,62,75.0,,0.75,46.5
2022-01-28,45,75.0,,0.75,33.75
2022-01-29,34,75.0,,0.75,25.5
2022-01-30,31,75.0,,0.75,23.25
2022-01-31,57,75.0,,0.75,42.75
2022-02-01,87,76.0,False,0.76,66.12
2022-02-02,86,76.0,,0.76,65.36
2022-02-03,77,76.0,,0.76,58.52
2022-02-04,80,76.0,,0.76,60.8
2022-02-05,59,76.0,,0.76,44.84
2022-02-06,55,76.0,,0.76,41.8
2022-02-07,89,76.0,,0.76,67.64
2022-02-08,100,76.0,,0.76,76.0
2022-02-09,87,76.0,,0.76,66.12
2022-02-10,87,76.0,,0.76,66.12
2022-02-11,78,76.0,,0.76,59.28
2022-02-12,54,76.0,,0.76,41.04
2022-02-13,42,76.0,,0.76,31.92
2022-02-14,77,76.0,,0.76,58.52
2022-02-15,80,76.0,,0.76,60.8
2022-02-16,83,76.0,,0.76,63.08
2022-02-17,81,76.0,,0.76,61.56
2022-02-18,67,76.0,,0.76,50.92
2022-02-19,57,76.0,,0.76,43.32
2022-02-20,62,76.0,,0.76,47.12
2022-02-21,75,76.0,,0.76,57.0
2022-02-22,85,76.0,,0.76,64.6
2022-02-23,75,76.0,,0.76,57.0
2022-02-24,79,76.0,,0.76,60.04
2022-02-25,73,76.0,,0.76,55.480000000000004
2022-02-26,68,76.0,,0.76,51.68
2022-02-27,68,76.0,,0.76,51.68
2022-02-28,81,76.0,,0.76,61.56
2022-03-01,83,73.0,False,0.73,60.589999999999996
2022-03-02,75,73.0,,0.73,54.75
2022-03-03,78,73.0,,0.73,56.94
2022-03-04,84,73.0,,0.73,61.32
2022-03-05,64,73.0,,0.73,46.72
2022-03-06,48,73.0,,0.73,35.04
2022-03-07,76,73.0,,0.73,55.48
2022-03-08,91,73.0,,0.73,66.42999999999999
2022-03-09,92,73.0,,0.73,67.16
2022-03-10,88,73.0,,0.73,64.24
2022-03-11,67,73.0,,0.73,48.91
2022-03-12,38,73.0,,0.73,27.74
2022-03-13,38,73.0,,0.73,27.74
2022-03-14,57,73.0,,0.73,41.61
2022-03-15,57,73.0,,0.73,41.61
2022-03-16,50,73.0,,0.73,36.5
2022-03-17,67,73.0,,0.73,48.91
2022-03-18,52,73.0,,0.73,37.96
2022-03-19,35,73.0,,0.73,25.55
2022-03-20,52,73.0,,0.73,37.96
2022-03-21,100,73.0,,0.73,73.0
2022-03-22,79,73.0,,0.73,57.67
2022-03-23,73,73.0,,0.73,53.29
2022-03-24,85,73.0,,0.73,62.05
2022-03-25,72,73.0,,0.73,52.56
2022-03-26,48,73.0,,0.73,35.04
2022-03-27,58,73.0,,0.73,42.339999999999996
2022-03-28,83,73.0,,0.73,60.589999999999996
2022-03-29,86,73.0,,0.73,62.78
2022-03-30,84,73.0,,0.73,61.32
2022-03-31,74,73.0,,0.73,54.019999999999996
2022-04-01,76,79.0,False,0.79,60.040000000000006
2022-04-02,57,79.0,,0.79,45.03
2022-04-03,51,79.0,,0.79,40.29
2022-04-04,86,79.0,,0.79,67.94
2022-04-05,85,79.0,,0.79,67.15
2022-04-06,89,79.0,,0.79,70.31
2022-04-07,82,79.0,,0.79,64.78
2022-04-08,91,79.0,,0.79,71.89
2022-04-09,66,79.0,,0.79,52.14
2022-04-10,70,79.0,,0.79,55.300000000000004
2022-04-11,91,79.0,,0.79,71.89
2022-04-12,91,79.0,,0.79,71.89
2022-04-13,89,79.0,,0.79,70.31
2022-04-14,100,79.0,,0.79,79.0
2022-04-15,77,79.0,,0.79,60.830000000000005
2022-04-16,41,79.0,,0.79,32.39
2022-04-17,42,79.0,,0.79,33.18
2022-04-18,98,79.0,,0.79,77.42
2022-04-19,79,79.0,,0.79,62.410000000000004
2022-04-20,85,79.0,,0.79,67.15
2022-04-21,80,79.0,,0.79,63.2
2022-04-22,69,79.0,,0.79,54.510000000000005
2022-04-23,43,79.0,,0.79,33.97
2022-04-24,57,79.0,,0.79,45.03
2022-04-25,86,79.0,,0.79,67.94
2022-04-26,73,79.0,,0.79,57.67
2022-04-27,70,79.0,,0.79,55.300000000000004
2022-04-28,84,79.0,,0.79,66.36
2022-04-29,70,79.0,,0.79,55.300000000000004
2022-04-30,46,79.0,,0.79,36.34
2022-05-01,59,57.0,False,0.57,33.629999999999995
2022-05-02,100,57.0,,0.57,56.99999999999999
2022-05-03,79,57.0,,0.57,45.029999999999994
2022-05-04,81,57.0,,0.57,46.169999999999995
2022-05-05,93,57.0,,0.57,53.01
2022-05-06,79,57.0,,0.57,45.029999999999994
2022-05-07,54,57.0,,0.57,30.779999999999998
2022-05-08,55,57.0,,0.57,31.349999999999998
2022-05-09,91,57.0,,0.57,51.87
2022-05-10,68,57.0,,0.57,38.76
2022-05-11,72,57.0,,0.57,41.04
2022-05-12,68,57.0,,0.57,38.76
2022-05-13,59,57.0,,0.57,33.629999999999995
2022-05-14,44,57.0,,0.57,25.08
2022-05-15,48,57.0,,0.57,27.36
2022-05-16,70,57.0,,0.57,39.9
2022-05-17,86,57.0,,0.57,49.019999999999996
2022-05-18,71,57.0,,0.57,40.47
2022-05-19,61,57.0,,0.57,34.769999999999996
2022-05-20,72,57.0,,0.57,41.04
2022-05-21,67,57.0,,0.57,38.19
2022-05-22,46,57.0,,0.57,26.22
2022-05-23,65,57.0,,0.57,37.05
2022-05-24,50,57.0,,0.57,28.499999999999996
2022-05-25,55,57.0,,0.57,31.349999999999998
2022-05-26,53,57.0,,0.57,30.209999999999997
2022-05-27,50,57.0,,0.57,28.499999999999996
2022-05-28,33,57.0,,0.57,18.81
2022-05-29,32,57.0,,0.57,18.24
2022-05-30,33,57.0,,0.57,18.81
2022-05-31,57,57.0,,0.57,32.489999999999995
2022-06-01,59,52.0,False,0.52,30.68
2022-06-02,64,52.0,,0.52,33.28
2022-06-03,53,52.0,,0.52,27.560000000000002
2022-06-04,32,52.0,,0.52,16.64
2022-06-05,42,52.0,,0.52,21.84
2022-06-06,71,52.0,,0.52,36.92
2022-06-07,64,52.0,,0.52,33.28
2022-06-08,63,52.0,,0.52,32.76
2022-06-09,75,52.0,,0.52,39.0
2022-06-10,66,52.0,,0.52,34.32
2022-06-11,65,52.0,,0.52,33.800000000000004
2022-06-12,52,52.0,,0.52,27.04
2022-06-13,100,52.0,,0.52,52.0
2022-06-14,70,52.0,,0.52,36.4
2022-06-15,73,52.0,,0.52,37.96
2022-06-16,72,52.0,,0.52,37.44
2022-06-17,64,52.0,,0.52,33.28
2022-06-18,39,52.0,,0.52,20.28
2022-06-19,44,52.0,,0.52,22.880000000000003
2022-06-20,43,52.0,,0.52,22.36
2022-06-21,81,52.0,,0.52,42.120000000000005
2022-06-22,73,52.0,,0.52,37.96
2022-06-23,72,52.0,,0.52,37.44
2022-06-24,85,52.0,,0.52,44.2
2022-06-25,40,52.0,,0.52,20.8
2022-06-26,40,52.0,,0.52,20.8
2022-06-27,97,52.0,,0.52,50.440000000000005
2022-06-28,76,52.0,,0.52,39.52
2022-06-29,87,52.0,,0.52,45.24
2022-06-30,83,52.0,,0.52,43.160000000000004
2022-07-01,50,50.0,False,0.5,25.0
2022-07-02,30,50.0,,0.5,15.0
2022-07-03,28,50.0,,0.5,14.0
2022-07-04,25,50.0,,0.5,12.5
2022-07-05,54,50.0,,0.5,27.0
2022-07-06,64,50.0,,0.5,32.0
2022-07-07,49,50.0,,0.5,24.5
2022-07-08,55,50.0,,0.5,27.5
2022-07-09,36,50.0,,0.5,18.0
2022-07-10,35,50.0,,0.5,17.5
2022-07-11,63,50.0,,0.5,31.5
2022-07-12,66,50.0,,0.5,33.0
2022-07-13,64,50.0,,0.5,32.0
2022-07-14,74,50.0,,0.5,37.0
2022-07-15,100,50.0,,0.5,50.0
2022-07-16,41,50.0,,0.5,20.5
2022-07-17,29,50.0,,0.5,14.5
2022-07-18,63,50.0,,0.5,31.5
2022-07-19,59,50.0,,0.5,29.5
2022-07-20,62,50.0,,0.5,31.0
2022-07-21,62,50.0,,0.5,31.0
2022-07-22,53,50.0,,0.5,26.5
2022-07-23,31,50.0,,0.5,15.5
2022-07-24,29,50.0,,0.5,14.5
2022-07-25,64,50.0,,0.5,32.0
2022-07-26,74,50.0,,0.5,37.0
2022-07-27,78,50.0,,0.5,39.0
2022-07-28,55,50.0,,0.5,27.5
2022-07-29,60,50.0,,0.5,30.0
2022-07-30,33,50.0,,0.5,16.5
2022-07-31,30,50.0,,0.5,15.0
2022-08-01,37,70.0,False,0.7,25.9
2022-08-02,43,70.0,,0.7,30.099999999999998
2022-08-03,30,70.0,,0.7,21.0
2022-08-04,42,70.0,,0.7,29.4
2022-08-05,34,70.0,,0.7,23.799999999999997
2022-08-06,19,70.0,,0.7,13.299999999999999
2022-08-07,25,70.0,,0.7,17.5
2022-08-08,37,70.0,,0.7,25.9
2022-08-09,42,70.0,,0.7,29.4
2022-08-10,41,70.0,,0.7,28.7
2022-08-11,40,70.0,,0.7,28.0
2022-08-12,39,70.0,,0.7,27.299999999999997
2022-08-13,26,70.0,,0.7,18.2
2022-08-14,24,70.0,,0.7,16.799999999999997
2022-08-15,43,70.0,,0.7,30.099999999999998
2022-08-16,41,70.0,,0.7,28.7
2022-08-17,52,70.0,,0.7,36.4
2022-08-18,42,70.0,,0.7,29.4
2022-08-19,44,70.0,,0.7,30.799999999999997
2022-08-20,27,70.0,,0.7,18.9
2022-08-21,37,70.0,,0.7,25.9
2022-08-22,48,70.0,,0.7,33.599999999999994
2022-08-23,60,70.0,,0.7,42.0
2022-08-24,53,70.0,,0.7,37.099999999999994
2022-08-25,55,70.0,,0.7,38.5
2022-08-26,69,70.0,,0.7,48.3
2022-08-27,54,70.0,,0.7,37.8
2022-08-28,71,70.0,,0.7,49.699999999999996
2022-08-29,100,70.0,,0.7,70.0
2022-08-30,86,70.0,,0.7,60.199999999999996
2022-08-31,70,70.0,,0.7,49.0
2022-09-01,100,84.0,False,0.84,84.0
2022-09-02,91,84.0,,0.84,76.44
2022-09-03,43,84.0,,0.84,36.12
2022-09-04,51,84.0,,0.84,42.839999999999996
2022-09-05,54,84.0,,0.84,45.36
2022-09-06,85,84.0,,0.84,71.39999999999999
2022-09-07,79,84.0,,0.84,66.36
2022-09-08,78,84.0,,0.84,65.52
2022-09-09,64,84.0,,0.84,53.76
2022-09-10,55,84.0,,0.84,46.199999999999996
2022-09-11,64,84.0,,0.84,53.76
2022-09-12,77,84.0,,0.84,64.67999999999999
2022-09-13,73,84.0,,0.84,61.32
2022-09-14,68,84.0,,0.84,57.12
2022-09-15,65,84.0,,0.84,54.6
2022-09-16,67,84.0,,0.84,56.28
2022-09-17,75,84.0,,0.84,63.0
2022-09-18,51,84.0,,0.84,42.839999999999996
2022-09-19,69,84.0,,0.84,57.96
2022-09-20,67,84.0,,0.84,56.28
2022-09-21,61,84.0,,0.84,51.239999999999995
2022-09-22,58,84.0,,0.84,48.72
2022-09-23,65,84.0,,0.84,54.6
2022-09-24,54,84.0,,0.84,45.36
2022-09-25,55,84.0,,0.84,46.199999999999996
2022-09-26,66,84.0,,0.84,55.44
2022-09-27,64,84.0,,0.84,53.76
2022-09-28,55,84.0,,0.84,46.199999999999996
2022-09-29,53,84.0,,0.84,44.519999999999996
2022-09-30,66,84.0,,0.84,55.44
2022-10-01,69,81.0,False,0.81,55.89
2022-10-02,61,81.0,,0.81,49.410000000000004
2022-10-03,80,81.0,,0.81,64.80000000000001
2022-10-04,81,81.0,,0.81,65.61
2022-10-05,91,81.0,,0.81,73.71000000000001
2022-10-06,73,81.0,,0.81,59.13
2022-10-07,66,81.0,,0.81,53.46
2022-10-08,82,81.0,,0.81,66.42
2022-10-09,67,81.0,,0.81,54.27
2022-10-10,64,81.0,,0.81,51.84
2022-10-11,87,81.0,,0.81,70.47
2022-10-12,79,81.0,,0.81,63.99
2022-10-13,70,81.0,,0.81,56.7
2022-10-14,97,81.0,,0.81,78.57000000000001
2022-10-15,70,81.0,,0.81,56.7
2022-10-16,81,81.0,,0.81,65.61
2022-10-17,82,81.0,,0.81,66.42
2022-10-18,96,81.0,,0.81,77.76
2022-10-19,87,81.0,,0.81,70.47
2022-10-20,73,81.0,,0.81,59.13
2022-10-21,72,81.0,,0.81,58.32000000000001
2022-10-22,100,81.0,,0.81,81.0
2022-10-23,75,81.0,,0.81,60.75000000000001
2022-10-24,81,81.0,,0.81,65.61
2022-10-25,81,81.0,,0.81,65.61
2022-10-26,81,81.0,,0.81,65.61
2022-10-27,78,81.0,,0.81,63.18000000000001
2022-10-28,85,81.0,,0.81,68.85000000000001
2022-10-29,71,81.0,,0.81,57.510000000000005
2022-10-30,67,81.0,,0.81,54.27
2022-10-31,93,81.0,,0.81,75.33
2022-11-01,76,83.0,False,0.83,63.08
2022-11-02,77,83.0,,0.83,63.91
2022-11-03,72,83.0,,0.83,59.76
2022-11-04,72,83.0,,0.83,59.76
2022-11-05,68,83.0,,0.83,56.44
2022-11-06,53,83.0,,0.83,43.989999999999995
2022-11-07,69,83.0,,0.83,57.269999999999996
2022-11-08,61,83.0,,0.83,50.629999999999995
2022-11-09,68,83.0,,0.83,56.44
2022-11-10,68,83.0,,0.83,56.44
2022-11-11,87,83.0,,0.83,72.21
2022-11-12,86,83.0,,0.83,71.38
2022-11-13,64,83.0,,0.83,53.12
2022-11-14,84,83.0,,0.83,69.72
2022-11-15,83,83.0,,0.83,68.89
2022-11-16,75,83.0,,0.83,62.25
2022-11-17,79,83.0,,0.83,65.57
2022-11-18,83,83.0,,0.83,68.89
2022-11-19,84,83.0,,0.83,69.72
2022-11-20,62,83.0,,0.83,51.46
2022-11-21,95,83.0,,0.83,78.85
2022-11-22,60,83.0,,0.83,49.8
2022-11-23,41,83.0,,0.83,34.03
2022-11-24,31,83.0,,0.83,25.73
2022-11-25,31,83.0,,0.83,25.73
2022-11-26,100,83.0,,0.83,83.0
2022-11-27,78,83.0,,0.83,64.74
2022-11-28,87,83.0,,0.83,72.21
2022-11-29,81,83.0,,0.83,67.22999999999999
2022-11-30,77,83.0,,0.83,63.91
2022-12-01,82,70.0,False,0.7,57.4
2022-12-02,68,70.0,,0.7,47.599999999999994
2022-12-03,100,70.0,,0.7,70.0
2022-12-04,50,70.0,,0.7,35.0
2022-12-05,54,70.0,,0.7,37.8
2022-12-06,77,70.0,,0.7,53.9
2022-12-07,61,70.0,,0.7,42.699999999999996
2022-12-08,59,70.0,,0.7,41.3
2022-12-09,49,70.0,,0.7,34.3
2022-12-10,48,70.0,,0.7,33.599999999999994
2022-12-11,41,70.0,,0.7,28.7
2022-12-12,60,70.0,,0.7,42.0
2022-12-13,53,70.0,,0.7,37.099999999999994
2022-12-14,55,70.0,,0.7,38.5
2022-12-15,51,70.0,,0.7,35.699999999999996
2022-12-16,53,70.0,,0.7,37.099999999999994
2022-12-17,30,70.0,,0.7,21.0
2022-12-18,31,70.0,,0.7,21.7
2022-12-19,51,70.0,,0.7,35.699999999999996
2022-12-20,50,70.0,,0.7,35.0
2022-12-21,53,70.0,,0.7,37.099999999999994
2022-12-22,47,70.0,,0.7,32.9
2022-12-23,35,70.0,,0.7,24.5
2022-12-24,17,70.0,,0.7,11.899999999999999
2022-12-25,21,70.0,,0.7,14.7
2022-12-26,23,70.0,,0.7,16.099999999999998
2022-12-27,39,70.0,,0.7,27.299999999999997
2022-12-28,43,70.0,,0.7,30.099999999999998
2022-12-29,37,70.0,,0.7,25.9
2022-12-30,40,70.0,,0.7,28.0
2022-12-31,36,70.0,,0.7,25.2
2023-01-01,32,70.0,False,0.7,22.4
2023-01-02,40,70.0,,0.7,28.0
2023-01-03,60,70.0,,0.7,42.0
2023-01-04,68,70.0,,0.7,47.599999999999994
2023-01-05,60,70.0,,0.7,42.0
2023-01-06,60,70.0,,0.7,42.0
2023-01-07,42,70.0,,0.7,29.4
2023-01-08,50,70.0,,0.7,35.0
2023-01-09,64,70.0,,0.7,44.8
2023-01-10,67,70.0,,0.7,46.9
2023-01-11,62,70.0,,0.7,43.4
2023-01-12,60,70.0,,0.7,42.0
2023-01-13,90,70.0,,0.7,62.99999999999999
2023-01-14,44,70.0,,0.7,30.799999999999997
2023-01-15,44,70.0,,0.7,30.799999999999997
2023-01-16,56,70.0,,0.7,39.199999999999996
2023-01-17,67,70.0,,0.7,46.9
2023-01-18,75,70.0,,0.7,52.5
2023-01-19,72,70.0,,0.7,50.4
2023-01-20,70,70.0,,0.7,49.0
2023-01-21,62,70.0,,0.7,43.4
2023-01-22,62,70.0,,0.7,43.4
2023-01-23,89,70.0,,0.7,62.3
2023-01-24,100,70.0,,0.7,70.0
2023-01-25,95,70.0,,0.7,66.5
2023-01-26,84,70.0,,0.7,58.8
2023-01-27,77,70.0,,0.7,53.9
2023-01-28,53,70.0,,0.7,37.099999999999994
2023-01-29,59,70.0,,0.7,41.3
2023-01-30,79,70.0,,0.7,55.3
2023-01-31,80,70.0,,0.7,56.0
2023-02-01,80,78.0,False,0.78,62.400000000000006
2023-02-02,100,78.0,,0.78,78.0
2023-02-03,81,78.0,,0.78,63.18
2023-02-04,55,78.0,,0.78,42.9
2023-02-05,48,78.0,,0.78,37.44
2023-02-06,68,78.0,,0.78,53.04
2023-02-07,82,78.0,,0.78,63.96
2023-02-08,74,78.0,,0.78,57.72
2023-02-09,68,78.0,,0.78,53.04
2023-02-10,73,78.0,,0.78,56.940000000000005
2023-02-11,67,78.0,,0.78,52.260000000000005
2023-02-12,46,78.0,,0.78,35.88
2023-02-13,73,78.0,,0.78,56.940000000000005
2023-02-14,67,78.0,,0.78,52.260000000000005
2023-02-15,74,78.0,,0.78,57.72
2023-02-16,70,78.0,,0.78,54.6
2023-02-17,82,78.0,,0.78,63.96
2023-02-18,83,78.0,,0.78,64.74000000000001
2023-02-19,55,78.0,,0.78,42.9
2023-02-20,69,78.0,,0.78,53.82
2023-02-21,72,78.0,,0.78,56.160000000000004
2023-02-22,72,78.0,,0.78,56.160000000000004
2023-02-23,64,78.0,,0.78,49.92
2023-02-24,54,78.0,,0.78,42.120000000000005
2023-02-25,49,78.0,,0.78,38.22
2023-02-26,52,78.0,,0.78,40.56
2023-02-27,63,78.0,,0.78,49.14
2023-02-28,67,78.0,,0.78,52.260000000000005
2023-03-01,91,66.0,False,0.66,60.06
2023-03-02,77,66.0,,0.66,50.82
2023-03-03,65,66.0,,0.66,42.9
2023-03-04,55,66.0,,0.66,36.300000000000004
2023-03-05,55,66.0,,0.66,36.300000000000004
2023-03-06,82,66.0,,0.66,54.120000000000005
2023-03-07,90,66.0,,0.66,59.400000000000006
2023-03-08,87,66.0,,0.66,57.42
2023-03-09,79,66.0,,0.66,52.14
2023-03-10,62,66.0,,0.66,40.92
2023-03-11,41,66.0,,0.66,27.060000000000002
2023-03-12,46,66.0,,0.66,30.360000000000003
2023-03-13,66,66.0,,0.66,43.56
2023-03-14,55,66.0,,0.66,36.300000000000004
2023-03-15,56,66.0,,0.66,36.96
2023-03-16,51,66.0,,0.66,33.660000000000004
2023-03-17,50,66.0,,0.66,33.0
2023-03-18,49,66.0,,0.66,32.34
2023-03-19,43,66.0,,0.66,28.380000000000003
2023-03-20,71,66.0,,0.66,46.86
2023-03-21,78,66.0,,0.66,51.480000000000004
2023-03-22,91,66.0,,0.66,60.06
2023-03-23,76,66.0,,0.66,50.160000000000004
2023-03-24,68,66.0,,0.66,44.88
2023-03-25,67,66.0,,0.66,44.22
2023-03-26,60,66.0,,0.66,39.6
2023-03-27,86,66.0,,0.66,56.760000000000005
2023-03-28,85,66.0,,0.66,56.1
2023-03-29,81,66.0,,0.66,53.46
2023-03-30,100,66.0,,0.66,66.0
2023-03-31,78,66.0,,0.66,51.480000000000004
2023-04-01,43,76.0,False,0.76,32.68
2023-04-02,53,76.0,,0.76,40.28
2023-04-03,87,76.0,,0.76,66.12
2023-04-04,82,76.0,,0.76,62.32
2023-04-05,81,76.0,,0.76,61.56
2023-04-06,76,76.0,,0.76,57.76
2023-04-07,56,76.0,,0.76,42.56
2023-04-08,43,76.0,,0.76,32.68
2023-04-09,46,76.0,,0.76,34.96
2023-04-10,75,76.0,,0.76,57.0
2023-04-11,88,76.0,,0.76,66.88
2023-04-12,82,76.0,,0.76,62.32
2023-04-13,69,76.0,,0.76,52.44
2023-04-14,100,76.0,,0.76,76.0
2023-04-15,50,76.0,,0.76,38.0
2023-04-16,53,76.0,,0.76,40.28
2023-04-17,72,76.0,,0.76,54.72
2023-04-18,79,76.0,,0.76,60.04
2023-04-19,82,76.0,,0.76,62.32
2023-04-20,83,76.0,,0.76,63.08
2023-04-21,76,76.0,,0.76,57.76
2023-04-22,56,76.0,,0.76,42.56
2023-04-23,44,76.0,,0.76,33.44
2023-04-24,79,76.0,,0.76,60.04
2023-04-25,71,76.0,,0.76,53.96
2023-04-26,80,76.0,,0.76,60.8
2023-04-27,61,76.0,,0.76,46.36
2023-04-28,56,76.0,,0.76,42.56
2023-04-29,42,76.0,,0.76,31.92
2023-04-30,50,76.0,,0.76,38.0
2023-05-01,100,59.0,False,0.59,59.0
2023-05-02,82,59.0,,0.59,48.379999999999995
2023-05-03,77,59.0,,0.59,45.43
2023-05-04,76,59.0,,0.59,44.839999999999996
2023-05-05,59,59.0,,0.59,34.809999999999995
2023-05-06,29,59.0,,0.59,17.11
2023-05-07,38,59.0,,0.59,22.419999999999998
2023-05-08,67,59.0,,0.59,39.53
2023-05-09,62,59.0,,0.59,36.58
2023-05-10,68,59.0,,0.59,40.12
2023-05-11,68,59.0,,0.59,40.12
2023-05-12,60,59.0,,0.59,35.4
2023-05-13,33,59.0,,0.59,19.47
2023-05-14,38,59.0,,0.59,22.419999999999998
2023-05-15,69,59.0,,0.59,40.71
2023-05-16,62,59.0,,0.59,36.58
2023-05-17,61,59.0,,0.59,35.989999999999995
2023-05-18,62,59.0,,0.59,36.58
2023-05-19,68,59.0,,0.59,40.12
2023-05-20,58,59.0,,0.59,34.22
2023-05-21,44,59.0,,0.59,25.959999999999997
2023-05-22,61,59.0,,0.59,35.989999999999995
2023-05-23,53,59.0,,0.59,31.27
2023-05-24,59,59.0,,0.59,34.809999999999995
2023-05-25,65,59.0,,0.59,38.35
2023-05-26,48,59.0,,0.59,28.32
2023-05-27,21,59.0,,0.59,12.389999999999999
2023-05-28,23,59.0,,0.59,13.569999999999999
2023-05-29,24,59.0,,0.59,14.16
2023-05-30,44,59.0,,0.59,25.959999999999997
2023-05-31,61,59.0,,0.59,35.989999999999995
2023-06-01,39,54.0,False,0.54,21.060000000000002
2023-06-02,45,54.0,,0.54,24.3
2023-06-03,21,54.0,,0.54,11.34
2023-06-04,24,54.0,,0.54,12.96
2023-06-05,37,54.0,,0.54,19.98
2023-06-06,53,54.0,,0.54,28.62
2023-06-07,37,54.0,,0.54,19.98
2023-06-08,44,54.0,,0.54,23.76
2023-06-09,44,54.0,,0.54,23.76
2023-06-10,22,54.0,,0.54,11.88
2023-06-11,24,54.0,,0.54,12.96
2023-06-12,52,54.0,,0.54,28.080000000000002
2023-06-13,56,54.0,,0.54,30.240000000000002
2023-06-14,100,54.0,,0.54,54.0
2023-06-15,66,54.0,,0.54,35.64
2023-06-16,56,54.0,,0.54,30.240000000000002
2023-06-17,24,54.0,,0.54,12.96
2023-06-18,25,54.0,,0.54,13.5
2023-06-19,29,54.0,,0.54,15.66
2023-06-20,51,54.0,,0.54,27.540000000000003
2023-06-21,47,54.0,,0.54,25.380000000000003
2023-06-22,44,54.0,,0.54,23.76
2023-06-23,46,54.0,,0.54,24.840000000000003
2023-06-24,30,54.0,,0.54,16.200000000000003
2023-06-25,19,54.0,,0.54,10.260000000000002
2023-06-26,55,54.0,,0.54,29.700000000000003
2023-06-27,48,54.0,,0.54,25.92
2023-06-28,48,54.0,,0.54,25.92
2023-06-29,39,54.0,,0.54,21.060000000000002
2023-06-30,40,54.0,,0.54,21.6
2023-07-01,23,59.0,False,0.59,13.569999999999999
2023-07-02,26,59.0,,0.59,15.34
2023-07-03,36,59.0,,0.59,21.24
2023-07-04,24,59.0,,0.59,14.16
2023-07-05,43,59.0,,0.59,25.369999999999997
2023-07-06,42,59.0,,0.59,24.779999999999998
2023-07-07,52,59.0,,0.59,30.68
2023-07-08,27,59.0,,0.59,15.93
2023-07-09,28,59.0,,0.59,16.52
2023-07-10,54,59.0,,0.59,31.86
2023-07-11,58,59.0,,0.59,34.22
2023-07-12,69,59.0,,0.59,40.71
2023-07-13,59,59.0,,0.59,34.809999999999995
2023-07-14,100,59.0,,0.59,59.0
2023-07-15,34,59.0,,0.59,20.06
2023-07-16,29,59.0,,0.59,17.11
2023-07-17,52,59.0,,0.59,30.68
2023-07-18,52,59.0,,0.59,30.68
2023-07-19,58,59.0,,0.59,34.22
2023-07-20,50,59.0,,0.59,29.5
2023-07-21,42,59.0,,0.59,24.779999999999998
2023-07-22,21,59.0,,0.59,12.389999999999999
2023-07-23,23,59.0,,0.59,13.569999999999999
2023-07-24,52,59.0,,0.59,30.68
2023-07-25,50,59.0,,0.59,29.5
2023-07-26,48,59.0,,0.59,28.32
2023-07-27,39,59.0,,0.59,23.009999999999998
2023-07-28,41,59.0,,0.59,24.189999999999998
2023-07-29,22,59.0,,0.59,12.979999999999999
2023-07-30,25,59.0,,0.59,14.75
2023-07-31,42,59.0,,0.59,24.779999999999998
2023-08-01,46,66.0,False,0.66,30.360000000000003
2023-08-02,47,66.0,,0.66,31.020000000000003
2023-08-03,43,66.0,,0.66,28.380000000000003
2023-08-04,37,66.0,,0.66,24.42
2023-08-05,23,66.0,,0.66,15.180000000000001
2023-08-06,26,66.0,,0.66,17.16
2023-08-07,44,66.0,,0.66,29.040000000000003
2023-08-08,46,66.0,,0.66,30.360000000000003
2023-08-09,40,66.0,,0.66,26.400000000000002
2023-08-10,46,66.0,,0.66,30.360000000000003
2023-08-11,42,66.0,,0.66,27.720000000000002
2023-08-12,30,66.0,,0.66,19.8
2023-08-13,24,66.0,,0.66,15.84
2023-08-14,55,66.0,,0.66,36.300000000000004
2023-08-15,47,66.0,,0.66,31.020000000000003
2023-08-16,47,66.0,,0.66,31.020000000000003
2023-08-17,42,66.0,,0.66,27.720000000000002
2023-08-18,51,66.0,,0.66,33.660000000000004
2023-08-19,25,66.0,,0.66,16.5
2023-08-20,39,66.0,,0.66,25.740000000000002
2023-08-21,63,66.0,,0.66,41.580000000000005
2023-08-22,64,66.0,,0.66,42.24
2023-08-23,56,66.0,,0.66,36.96
2023-08-24,53,66.0,,0.66,34.980000000000004
2023-08-25,60,66.0,,0.66,39.6
2023-08-26,63,66.0,,0.66,41.580000000000005
2023-08-27,64,66.0,,0.66,42.24
2023-08-28,100,66.0,,0.66,66.0
2023-08-29,91,66.0,,0.66,60.06
2023-08-30,76,66.0,,0.66,50.160000000000004
2023-08-31,79,66.0,,0.66,52.14
2023-09-01,73,80.0,False,0.8,58.400000000000006
2023-09-02,65,80.0,,0.8,52.0
2023-09-03,59,80.0,,0.8,47.2
2023-09-04,65,80.0,,0.8,52.0
2023-09-05,91,80.0,,0.8,72.8
2023-09-06,71,80.0,,0.8,56.800000000000004
2023-09-07,75,80.0,,0.8,60.0
2023-09-08,64,80.0,,0.8,51.2
2023-09-09,76,80.0,,0.8,60.800000000000004
2023-09-10,57,80.0,,0.8,45.6
2023-09-11,73,80.0,,0.8,58.400000000000006
2023-09-12,70,80.0,,0.8,56.0
2023-09-13,71,80.0,,0.8,56.800000000000004
2023-09-14,72,80.0,,0.8,57.6
2023-09-15,62,80.0,,0.8,49.6
2023-09-16,94,80.0,,0.8,75.2
2023-09-17,83,80.0,,0.8,66.4
2023-09-18,67,80.0,,0.8,53.6
2023-09-19,84,80.0,,0.8,67.2
2023-09-20,77,80.0,,0.8,61.6
2023-09-21,67,80.0,,0.8,53.6
2023-09-22,66,80.0,,0.8,52.800000000000004
2023-09-23,69,80.0,,0.8,55.2
2023-09-24,70,80.0,,0.8,56.0
2023-09-25,64,80.0,,0.8,51.2
2023-09-26,73,80.0,,0.8,58.400000000000006
2023-09-27,62,80.0,,0.8,49.6
2023-09-28,68,80.0,,0.8,54.400000000000006
2023-09-29,63,80.0,,0.8,50.400000000000006
2023-09-30,100,80.0,,0.8,80.0
2023-10-01,48,80.0,False,0.8,38.400000000000006
2023-10-02,61,80.0,,0.8,48.800000000000004
2023-10-03,57,80.0,,0.8,45.6
2023-10-04,56,80.0,,0.8,44.800000000000004
2023-10-05,61,80.0,,0.8,48.800000000000004
2023-10-06,48,80.0,,0.8,38.400000000000006
2023-10-07,45,80.0,,0.8,36.0
2023-10-08,44,80.0,,0.8,35.2
2023-10-09,51,80.0,,0.8,40.800000000000004
2023-10-10,65,80.0,,0.8,52.0
2023-10-11,64,80.0,,0.8,51.2
2023-10-12,63,80.0,,0.8,50.400000000000006
2023-10-13,93,80.0,,0.8,74.4
2023-10-14,100,80.0,,0.8,80.0
2023-10-15,53,80.0,,0.8,42.400000000000006
2023-10-16,81,80.0,,0.8,64.8
2023-10-17,71,80.0,,0.8,56.800000000000004
2023-10-18,63,80.0,,0.8,50.400000000000006
2023-10-19,54,80.0,,0.8,43.2
2023-10-20,64,80.0,,0.8,51.2
2023-10-21,86,80.0,,0.8,68.8
2023-10-22,64,80.0,,0.8,51.2
2023-10-23,56,80.0,,0.8,44.800000000000004
2023-10-24,55,80.0,,0.8,44.0
2023-10-25,53,80.0,,0.8,42.400000000000006
2023-10-26,59,80.0,,0.8,47.2
2023-10-27,64,80.0,,0.8,51.2
2023-10-28,56,80.0,,0.8,44.800000000000004
2023-10-29,43,80.0,,0.8,34.4
2023-10-30,60,80.0,,0.8,48.0
2023-10-31,54,80.0,,0.8,43.2
2023-11-01,63,81.0,False,0.81,51.03
2023-11-02,55,81.0,,0.81,44.550000000000004
2023-11-03,59,81.0,,0.81,47.790000000000006
2023-11-04,81,81.0,,0.81,65.61
2023-11-05,36,81.0,,0.81,29.160000000000004
2023-11-06,57,81.0,,0.81,46.17
2023-11-07,60,81.0,,0.81,48.6
2023-11-08,72,81.0,,0.81,58.32000000000001
2023-11-09,61,81.0,,0.81,49.410000000000004
2023-11-10,45,81.0,,0.81,36.45
2023-11-11,52,81.0,,0.81,42.120000000000005
2023-11-12,56,81.0,,0.81,45.36
2023-11-13,65,81.0,,0.81,52.650000000000006
2023-11-14,56,81.0,,0.81,45.36
2023-11-15,47,81.0,,0.81,38.07
2023-11-16,54,81.0,,0.81,43.74
2023-11-17,56,81.0,,0.81,45.36
2023-11-18,74,81.0,,0.81,59.940000000000005
2023-11-19,70,81.0,,0.81,56.7
2023-11-20,100,81.0,,0.81,81.0
2023-11-21,59,81.0,,0.81,47.790000000000006
2023-11-22,36,81.0,,0.81,29.160000000000004
2023-11-23,29,81.0,,0.81,23.490000000000002
2023-11-24,33,81.0,,0.81,26.73
2023-11-25,43,81.0,,0.81,34.830000000000005
2023-11-26,56,81.0,,0.81,45.36
2023-11-27,72,81.0,,0.81,58.32000000000001
2023-11-28,58,81.0,,0.81,46.980000000000004
2023-11-29,65,81.0,,0.81,52.650000000000006
2023-11-30,70,81.0,,0.81,56.7
2023-12-01,79,60.0,False,0.6,47.4
2023-12-02,75,60.0,,0.6,45.0
2023-12-03,62,60.0,,0.6,37.199999999999996
2023-12-04,100,60.0,,0.6,60.0
2023-12-05,100,60.0,,0.6,60.0
2023-12-06,87,60.0,,0.6,52.199999999999996
2023-12-07,82,60.0,,0.6,49.199999999999996
2023-12-08,82,60.0,,0.6,49.199999999999996
2023-12-09,58,60.0,,0.6,34.8
2023-12-10,61,60.0,,0.6,36.6
2023-12-11,91,60.0,,0.6,54.6
2023-12-12,85,60.0,,0.6,51.0
2023-12-13,80,60.0,,0.6,48.0
2023-12-14,87,60.0,,0.6,52.199999999999996
2023-12-15,78,60.0,,0.6,46.8
2023-12-16,63,60.0,,0.6,37.8
2023-12-17,51,60.0,,0.6,30.599999999999998
2023-12-18,61,60.0,,0.6,36.6
2023-12-19,71,60.0,,0.6,42.6
2023-12-20,88,60.0,,0.6,52.8
2023-12-21,68,60.0,,0.6,40.8
2023-12-22,57,60.0,,0.6,34.199999999999996
2023-12-23,37,60.0,,0.6,22.2
2023-12-24,36,60.0,,0.6,21.599999999999998
2023-12-25,35,60.0,,0.6,21.0
2023-12-26,45,60.0,,0.6,27.0
2023-12-27,63,60.0,,0.6,37.8
2023-12-28,64,60.0,,0.6,38.4
2023-12-29,60,60.0,,0.6,36.0
2023-12-30,54,60.0,,0.6,32.4
2023-12-31,41,60.0,,0.6,24.599999999999998
