date,name_price_attention,crypto_name
2013-01-01,0.0,Cosmos
2013-01-02,0.0,Cosmos
2013-01-03,0.0,Cosmos
2013-01-04,0.0,Cosmos
2013-01-05,0.0,Cosmos
2013-01-06,1.4,Cosmos
2013-01-07,0.0,Cosmos
2013-01-08,0.0,Cosmos
2013-01-09,0.88,Cosmos
2013-01-10,0.0,Cosmos
2013-01-11,0.0,Cosmos
2013-01-12,2.0,Cosmos
2013-01-13,0.74,Cosmos
2013-01-14,0.0,Cosmos
2013-01-15,0.46,Cosmos
2013-01-16,0.0,Cosmos
2013-01-17,0.0,Cosmos
2013-01-18,0.0,Cosmos
2013-01-19,0.0,Cosmos
2013-01-20,0.5,Cosmos
2013-01-21,0.48,Cosmos
2013-01-22,0.0,Cosmos
2013-01-23,0.7000000000000001,Cosmos
2013-01-24,0.0,Cosmos
2013-01-25,0.0,Cosmos
2013-01-26,0.0,Cosmos
2013-01-27,0.0,Cosmos
2013-01-28,0.0,Cosmos
2013-01-29,0.0,Cosmos
2013-01-30,0.0,Cosmos
2013-01-31,0.0,Cosmos
2013-02-01,0.78,Cosmos
2013-02-02,0.0,Cosmos
2013-02-03,0.0,Cosmos
2013-02-04,0.0,Cosmos
2013-02-05,0.0,Cosmos
2013-02-06,0.0,Cosmos
2013-02-07,0.0,Cosmos
2013-02-08,0.0,Cosmos
2013-02-09,0.0,Cosmos
2013-02-10,0.0,Cosmos
2013-02-11,0.0,Cosmos
2013-02-12,0.0,Cosmos
2013-02-13,0.0,Cosmos
2013-02-14,0.0,Cosmos
2013-02-15,0.0,Cosmos
2013-02-16,0.0,Cosmos
2013-02-17,0.0,Cosmos
2013-02-18,0.0,Cosmos
2013-02-19,3.0,Cosmos
2013-02-20,0.0,Cosmos
2013-02-21,2.58,Cosmos
2013-02-22,0.0,Cosmos
2013-02-23,0.0,Cosmos
2013-02-24,0.0,Cosmos
2013-02-25,0.0,Cosmos
2013-02-26,0.0,Cosmos
2013-02-27,0.0,Cosmos
2013-02-28,0.0,Cosmos
2013-03-01,0.0,Cosmos
2013-03-02,0.0,Cosmos
2013-03-03,2.25,Cosmos
2013-03-04,2.6500000000000004,Cosmos
2013-03-05,0.0,Cosmos
2013-03-06,0.0,Cosmos
2013-03-07,3.3000000000000003,Cosmos
2013-03-08,1.95,Cosmos
2013-03-09,2.2,Cosmos
2013-03-10,0.0,Cosmos
2013-03-11,0.0,Cosmos
2013-03-12,2.4000000000000004,Cosmos
2013-03-13,0.0,Cosmos
2013-03-14,0.0,Cosmos
2013-03-15,0.0,Cosmos
2013-03-16,0.0,Cosmos
2013-03-17,0.0,Cosmos
2013-03-18,5.0,Cosmos
2013-03-19,0.0,Cosmos
2013-03-20,0.0,Cosmos
2013-03-21,0.0,Cosmos
2013-03-22,0.0,Cosmos
2013-03-23,0.0,Cosmos
2013-03-24,0.0,Cosmos
2013-03-25,0.0,Cosmos
2013-03-26,0.0,Cosmos
2013-03-27,0.0,Cosmos
2013-03-28,0.0,Cosmos
2013-03-29,0.0,Cosmos
2013-03-30,0.0,Cosmos
2013-03-31,0.0,Cosmos
2013-04-01,0.0,Cosmos
2013-04-02,0.0,Cosmos
2013-04-03,0.0,Cosmos
2013-04-04,0.0,Cosmos
2013-04-05,0.0,Cosmos
2013-04-06,0.0,Cosmos
2013-04-07,0.0,Cosmos
2013-04-08,0.0,Cosmos
2013-04-09,0.0,Cosmos
2013-04-10,0.0,Cosmos
2013-04-11,0.0,Cosmos
2013-04-12,0.0,Cosmos
2013-04-13,0.0,Cosmos
2013-04-14,0.0,Cosmos
2013-04-15,0.0,Cosmos
2013-04-16,0.0,Cosmos
2013-04-17,0.0,Cosmos
2013-04-18,0.0,Cosmos
2013-04-19,0.0,Cosmos
2013-04-20,3.0,Cosmos
2013-04-21,0.57,Cosmos
2013-04-22,0.0,Cosmos
2013-04-23,0.0,Cosmos
2013-04-24,0.0,Cosmos
2013-04-25,0.0,Cosmos
2013-04-26,0.0,Cosmos
2013-04-27,0.0,Cosmos
2013-04-28,0.0,Cosmos
2013-04-29,0.0,Cosmos
2013-04-30,0.0,Cosmos
2013-05-01,0.0,Cosmos
2013-05-02,0.0,Cosmos
2013-05-03,0.0,Cosmos
2013-05-04,0.0,Cosmos
2013-05-05,0.0,Cosmos
2013-05-06,0.0,Cosmos
2013-05-07,0.0,Cosmos
2013-05-08,0.0,Cosmos
2013-05-09,1.25,Cosmos
2013-05-10,0.0,Cosmos
2013-05-11,0.0,Cosmos
2013-05-12,2.4000000000000004,Cosmos
2013-05-13,0.0,Cosmos
2013-05-14,2.4000000000000004,Cosmos
2013-05-15,1.15,Cosmos
2013-05-16,0.0,Cosmos
2013-05-17,0.0,Cosmos
2013-05-18,5.0,Cosmos
2013-05-19,0.0,Cosmos
2013-05-20,2.15,Cosmos
2013-05-21,0.0,Cosmos
2013-05-22,0.0,Cosmos
2013-05-23,0.0,Cosmos
2013-05-24,0.0,Cosmos
2013-05-25,0.0,Cosmos
2013-05-26,0.0,Cosmos
2013-05-27,0.0,Cosmos
2013-05-28,0.0,Cosmos
2013-05-29,0.0,Cosmos
2013-05-30,1.6,Cosmos
2013-05-31,1.75,Cosmos
2013-06-01,0.0,Cosmos
2013-06-02,0.76,Cosmos
2013-06-03,0.55,Cosmos
2013-06-04,0.0,Cosmos
2013-06-05,0.0,Cosmos
2013-06-06,0.0,Cosmos
2013-06-07,0.61,Cosmos
2013-06-08,0.0,Cosmos
2013-06-09,0.0,Cosmos
2013-06-10,0.0,Cosmos
2013-06-11,0.0,Cosmos
2013-06-12,0.0,Cosmos
2013-06-13,0.54,Cosmos
2013-06-14,0.0,Cosmos
2013-06-15,0.0,Cosmos
2013-06-16,0.0,Cosmos
2013-06-17,0.0,Cosmos
2013-06-18,0.0,Cosmos
2013-06-19,0.0,Cosmos
2013-06-20,0.0,Cosmos
2013-06-21,0.0,Cosmos
2013-06-22,0.0,Cosmos
2013-06-23,0.0,Cosmos
2013-06-24,0.0,Cosmos
2013-06-25,0.0,Cosmos
2013-06-26,0.0,Cosmos
2013-06-27,0.38,Cosmos
2013-06-28,1.0,Cosmos
2013-06-29,0.0,Cosmos
2013-06-30,0.0,Cosmos
2013-07-01,0.0,Cosmos
2013-07-02,4.08,Cosmos
2013-07-03,1.86,Cosmos
2013-07-04,0.0,Cosmos
2013-07-05,0.0,Cosmos
2013-07-06,0.0,Cosmos
2013-07-07,0.0,Cosmos
2013-07-08,0.0,Cosmos
2013-07-09,0.0,Cosmos
2013-07-10,3.36,Cosmos
2013-07-11,0.0,Cosmos
2013-07-12,0.0,Cosmos
2013-07-13,2.88,Cosmos
2013-07-14,0.0,Cosmos
2013-07-15,3.84,Cosmos
2013-07-16,0.0,Cosmos
2013-07-17,6.0,Cosmos
2013-07-18,0.0,Cosmos
2013-07-19,0.0,Cosmos
2013-07-20,0.0,Cosmos
2013-07-21,0.0,Cosmos
2013-07-22,0.0,Cosmos
2013-07-23,0.0,Cosmos
2013-07-24,0.0,Cosmos
2013-07-25,0.0,Cosmos
2013-07-26,0.0,Cosmos
2013-07-27,0.0,Cosmos
2013-07-28,0.0,Cosmos
2013-07-29,0.0,Cosmos
2013-07-30,0.0,Cosmos
2013-07-31,0.0,Cosmos
2013-08-01,0.0,Cosmos
2013-08-02,0.0,Cosmos
2013-08-03,0.0,Cosmos
2013-08-04,0.0,Cosmos
2013-08-05,0.0,Cosmos
2013-08-06,4.0,Cosmos
2013-08-07,1.8,Cosmos
2013-08-08,0.0,Cosmos
2013-08-09,3.92,Cosmos
2013-08-10,0.0,Cosmos
2013-08-11,0.0,Cosmos
2013-08-12,0.0,Cosmos
2013-08-13,0.0,Cosmos
2013-08-14,0.0,Cosmos
2013-08-15,0.0,Cosmos
2013-08-16,0.0,Cosmos
2013-08-17,0.0,Cosmos
2013-08-18,0.0,Cosmos
2013-08-19,3.4,Cosmos
2013-08-20,0.0,Cosmos
2013-08-21,0.0,Cosmos
2013-08-22,0.0,Cosmos
2013-08-23,0.0,Cosmos
2013-08-24,0.0,Cosmos
2013-08-25,0.0,Cosmos
2013-08-26,0.0,Cosmos
2013-08-27,2.16,Cosmos
2013-08-28,0.0,Cosmos
2013-08-29,0.0,Cosmos
2013-08-30,0.0,Cosmos
2013-08-31,0.0,Cosmos
2013-09-01,2.28,Cosmos
2013-09-02,0.0,Cosmos
2013-09-03,0.0,Cosmos
2013-09-04,0.0,Cosmos
2013-09-05,1.36,Cosmos
2013-09-06,0.0,Cosmos
2013-09-07,1.84,Cosmos
2013-09-08,0.0,Cosmos
2013-09-09,0.0,Cosmos
2013-09-10,0.0,Cosmos
2013-09-11,0.0,Cosmos
2013-09-12,0.0,Cosmos
2013-09-13,0.0,Cosmos
2013-09-14,1.92,Cosmos
2013-09-15,4.0,Cosmos
2013-09-16,1.36,Cosmos
2013-09-17,0.0,Cosmos
2013-09-18,0.0,Cosmos
2013-09-19,0.0,Cosmos
2013-09-20,0.0,Cosmos
2013-09-21,0.0,Cosmos
2013-09-22,0.0,Cosmos
2013-09-23,2.32,Cosmos
2013-09-24,0.0,Cosmos
2013-09-25,0.0,Cosmos
2013-09-26,0.0,Cosmos
2013-09-27,2.28,Cosmos
2013-09-28,0.0,Cosmos
2013-09-29,0.0,Cosmos
2013-09-30,0.0,Cosmos
2013-10-01,0.0,Cosmos
2013-10-02,2.3800000000000003,Cosmos
2013-10-03,0.0,Cosmos
2013-10-04,0.0,Cosmos
2013-10-05,0.0,Cosmos
2013-10-06,0.0,Cosmos
2013-10-07,3.99,Cosmos
2013-10-08,0.0,Cosmos
2013-10-09,6.86,Cosmos
2013-10-10,0.0,Cosmos
2013-10-11,0.0,Cosmos
2013-10-12,0.0,Cosmos
2013-10-13,0.0,Cosmos
2013-10-14,0.0,Cosmos
2013-10-15,0.0,Cosmos
2013-10-16,5.040000000000001,Cosmos
2013-10-17,7.000000000000001,Cosmos
2013-10-18,0.0,Cosmos
2013-10-19,0.0,Cosmos
2013-10-20,0.0,Cosmos
2013-10-21,2.5200000000000005,Cosmos
2013-10-22,0.0,Cosmos
2013-10-23,0.0,Cosmos
2013-10-24,0.0,Cosmos
2013-10-25,0.0,Cosmos
2013-10-26,0.0,Cosmos
2013-10-27,0.0,Cosmos
2013-10-28,0.0,Cosmos
2013-10-29,0.0,Cosmos
2013-10-30,0.0,Cosmos
2013-10-31,0.0,Cosmos
2013-11-01,0.0,Cosmos
2013-11-02,0.0,Cosmos
2013-11-03,0.0,Cosmos
2013-11-04,0.0,Cosmos
2013-11-05,0.0,Cosmos
2013-11-06,0.0,Cosmos
2013-11-07,0.0,Cosmos
2013-11-08,4.0,Cosmos
2013-11-09,5.0,Cosmos
2013-11-10,0.0,Cosmos
2013-11-11,0.0,Cosmos
2013-11-12,0.0,Cosmos
2013-11-13,0.0,Cosmos
2013-11-14,0.0,Cosmos
2013-11-15,3.2,Cosmos
2013-11-16,0.0,Cosmos
2013-11-17,0.0,Cosmos
2013-11-18,0.0,Cosmos
2013-11-19,0.0,Cosmos
2013-11-20,0.0,Cosmos
2013-11-21,2.1,Cosmos
2013-11-22,1.7000000000000002,Cosmos
2013-11-23,3.0,Cosmos
2013-11-24,0.0,Cosmos
2013-11-25,0.0,Cosmos
2013-11-26,0.0,Cosmos
2013-11-27,0.0,Cosmos
2013-11-28,0.0,Cosmos
2013-11-29,0.0,Cosmos
2013-11-30,0.0,Cosmos
2013-12-01,0.0,Cosmos
2013-12-02,1.64,Cosmos
2013-12-03,1.68,Cosmos
2013-12-04,0.0,Cosmos
2013-12-05,0.0,Cosmos
2013-12-06,0.0,Cosmos
2013-12-07,0.0,Cosmos
2013-12-08,0.0,Cosmos
2013-12-09,0.0,Cosmos
2013-12-10,3.96,Cosmos
2013-12-11,0.0,Cosmos
2013-12-12,0.0,Cosmos
2013-12-13,0.0,Cosmos
2013-12-14,0.0,Cosmos
2013-12-15,0.0,Cosmos
2013-12-16,3.68,Cosmos
2013-12-17,3.76,Cosmos
2013-12-18,0.0,Cosmos
2013-12-19,0.0,Cosmos
2013-12-20,0.0,Cosmos
2013-12-21,1.84,Cosmos
2013-12-22,0.0,Cosmos
2013-12-23,2.08,Cosmos
2013-12-24,0.0,Cosmos
2013-12-25,0.0,Cosmos
2013-12-26,0.0,Cosmos
2013-12-27,0.0,Cosmos
2013-12-28,4.0,Cosmos
2013-12-29,1.72,Cosmos
2013-12-30,0.0,Cosmos
2013-12-31,0.0,Cosmos
2014-01-01,0.0,Cosmos
2014-01-02,0.0,Cosmos
2014-01-03,0.0,Cosmos
2014-01-04,0.0,Cosmos
2014-01-05,2.34,Cosmos
2014-01-06,0.0,Cosmos
2014-01-07,0.0,Cosmos
2014-01-08,0.0,Cosmos
2014-01-09,0.0,Cosmos
2014-01-10,0.0,Cosmos
2014-01-11,0.0,Cosmos
2014-01-12,0.0,Cosmos
2014-01-13,0.0,Cosmos
2014-01-14,2.76,Cosmos
2014-01-15,0.0,Cosmos
2014-01-16,0.0,Cosmos
2014-01-17,3.0,Cosmos
2014-01-18,0.0,Cosmos
2014-01-19,2.16,Cosmos
2014-01-20,0.0,Cosmos
2014-01-21,0.0,Cosmos
2014-01-22,3.66,Cosmos
2014-01-23,0.0,Cosmos
2014-01-24,0.0,Cosmos
2014-01-25,0.0,Cosmos
2014-01-26,0.0,Cosmos
2014-01-27,2.76,Cosmos
2014-01-28,0.0,Cosmos
2014-01-29,6.0,Cosmos
2014-01-30,0.0,Cosmos
2014-01-31,0.0,Cosmos
2014-02-01,0.0,Cosmos
2014-02-02,0.0,Cosmos
2014-02-03,0.0,Cosmos
2014-02-04,0.0,Cosmos
2014-02-05,0.0,Cosmos
2014-02-06,0.0,Cosmos
2014-02-07,0.0,Cosmos
2014-02-08,2.6399999999999997,Cosmos
2014-02-09,1.89,Cosmos
2014-02-10,2.25,Cosmos
2014-02-11,3.0,Cosmos
2014-02-12,0.0,Cosmos
2014-02-13,0.0,Cosmos
2014-02-14,0.0,Cosmos
2014-02-15,0.0,Cosmos
2014-02-16,0.0,Cosmos
2014-02-17,0.0,Cosmos
2014-02-18,0.0,Cosmos
2014-02-19,0.0,Cosmos
2014-02-20,0.0,Cosmos
2014-02-21,1.7999999999999998,Cosmos
2014-02-22,0.0,Cosmos
2014-02-23,0.0,Cosmos
2014-02-24,0.0,Cosmos
2014-02-25,0.0,Cosmos
2014-02-26,0.0,Cosmos
2014-02-27,0.0,Cosmos
2014-02-28,0.0,Cosmos
2014-03-01,0.0,Cosmos
2014-03-02,0.0,Cosmos
2014-03-03,0.0,Cosmos
2014-03-04,0.0,Cosmos
2014-03-05,0.0,Cosmos
2014-03-06,8.8,Cosmos
2014-03-07,0.0,Cosmos
2014-03-08,11.0,Cosmos
2014-03-09,0.0,Cosmos
2014-03-10,0.0,Cosmos
2014-03-11,0.0,Cosmos
2014-03-12,3.52,Cosmos
2014-03-13,0.0,Cosmos
2014-03-14,0.0,Cosmos
2014-03-15,5.28,Cosmos
2014-03-16,0.0,Cosmos
2014-03-17,3.85,Cosmos
2014-03-18,3.63,Cosmos
2014-03-19,10.67,Cosmos
2014-03-20,0.0,Cosmos
2014-03-21,0.0,Cosmos
2014-03-22,0.0,Cosmos
2014-03-23,0.0,Cosmos
2014-03-24,0.0,Cosmos
2014-03-25,0.0,Cosmos
2014-03-26,2.97,Cosmos
2014-03-27,2.86,Cosmos
2014-03-28,0.0,Cosmos
2014-03-29,5.5,Cosmos
2014-03-30,0.0,Cosmos
2014-03-31,7.81,Cosmos
2014-04-01,3.2,Cosmos
2014-04-02,0.0,Cosmos
2014-04-03,0.0,Cosmos
2014-04-04,0.0,Cosmos
2014-04-05,5.7,Cosmos
2014-04-06,2.9000000000000004,Cosmos
2014-04-07,1.7000000000000002,Cosmos
2014-04-08,0.0,Cosmos
2014-04-09,0.0,Cosmos
2014-04-10,0.0,Cosmos
2014-04-11,0.0,Cosmos
2014-04-12,0.0,Cosmos
2014-04-13,0.0,Cosmos
2014-04-14,7.5,Cosmos
2014-04-15,0.0,Cosmos
2014-04-16,10.0,Cosmos
2014-04-17,3.7,Cosmos
2014-04-18,0.0,Cosmos
2014-04-19,0.0,Cosmos
2014-04-20,0.0,Cosmos
2014-04-21,2.5,Cosmos
2014-04-22,1.7000000000000002,Cosmos
2014-04-23,0.0,Cosmos
2014-04-24,3.0,Cosmos
2014-04-25,0.0,Cosmos
2014-04-26,2.9000000000000004,Cosmos
2014-04-27,4.3,Cosmos
2014-04-28,0.0,Cosmos
2014-04-29,0.0,Cosmos
2014-04-30,0.0,Cosmos
2014-05-01,0.0,Cosmos
2014-05-02,0.0,Cosmos
2014-05-03,0.0,Cosmos
2014-05-04,0.0,Cosmos
2014-05-05,0.0,Cosmos
2014-05-06,0.0,Cosmos
2014-05-07,0.0,Cosmos
2014-05-08,0.84,Cosmos
2014-05-09,3.0,Cosmos
2014-05-10,0.0,Cosmos
2014-05-11,0.0,Cosmos
2014-05-12,0.0,Cosmos
2014-05-13,0.0,Cosmos
2014-05-14,0.0,Cosmos
2014-05-15,0.0,Cosmos
2014-05-16,0.0,Cosmos
2014-05-17,0.0,Cosmos
2014-05-18,1.44,Cosmos
2014-05-19,0.6599999999999999,Cosmos
2014-05-20,0.0,Cosmos
2014-05-21,1.68,Cosmos
2014-05-22,0.0,Cosmos
2014-05-23,0.0,Cosmos
2014-05-24,0.0,Cosmos
2014-05-25,1.17,Cosmos
2014-05-26,1.83,Cosmos
2014-05-27,0.0,Cosmos
2014-05-28,0.0,Cosmos
2014-05-29,1.11,Cosmos
2014-05-30,0.0,Cosmos
2014-05-31,1.29,Cosmos
2014-06-01,0.0,Cosmos
2014-06-02,2.82,Cosmos
2014-06-03,0.0,Cosmos
2014-06-04,2.52,Cosmos
2014-06-05,0.0,Cosmos
2014-06-06,0.0,Cosmos
2014-06-07,0.0,Cosmos
2014-06-08,0.0,Cosmos
2014-06-09,1.98,Cosmos
2014-06-10,0.0,Cosmos
2014-06-11,4.38,Cosmos
2014-06-12,2.94,Cosmos
2014-06-13,1.86,Cosmos
2014-06-14,0.0,Cosmos
2014-06-15,0.0,Cosmos
2014-06-16,0.0,Cosmos
2014-06-17,6.0,Cosmos
2014-06-18,0.0,Cosmos
2014-06-19,0.0,Cosmos
2014-06-20,0.0,Cosmos
2014-06-21,2.34,Cosmos
2014-06-22,0.0,Cosmos
2014-06-23,4.8,Cosmos
2014-06-24,0.0,Cosmos
2014-06-25,1.56,Cosmos
2014-06-26,0.0,Cosmos
2014-06-27,0.0,Cosmos
2014-06-28,0.0,Cosmos
2014-06-29,0.0,Cosmos
2014-06-30,0.0,Cosmos
2014-07-01,2.48,Cosmos
2014-07-02,0.0,Cosmos
2014-07-03,0.0,Cosmos
2014-07-04,0.0,Cosmos
2014-07-05,8.0,Cosmos
2014-07-06,0.0,Cosmos
2014-07-07,0.0,Cosmos
2014-07-08,0.0,Cosmos
2014-07-09,0.0,Cosmos
2014-07-10,5.6000000000000005,Cosmos
2014-07-11,0.0,Cosmos
2014-07-12,0.0,Cosmos
2014-07-13,0.0,Cosmos
2014-07-14,2.32,Cosmos
2014-07-15,2.48,Cosmos
2014-07-16,0.0,Cosmos
2014-07-17,0.0,Cosmos
2014-07-18,0.0,Cosmos
2014-07-19,0.0,Cosmos
2014-07-20,7.68,Cosmos
2014-07-21,0.0,Cosmos
2014-07-22,0.0,Cosmos
2014-07-23,0.0,Cosmos
2014-07-24,0.0,Cosmos
2014-07-25,0.0,Cosmos
2014-07-26,0.0,Cosmos
2014-07-27,0.0,Cosmos
2014-07-28,6.0,Cosmos
2014-07-29,0.0,Cosmos
2014-07-30,0.0,Cosmos
2014-07-31,5.44,Cosmos
2014-08-01,0.0,Cosmos
2014-08-02,0.0,Cosmos
2014-08-03,0.0,Cosmos
2014-08-04,1.38,Cosmos
2014-08-05,0.0,Cosmos
2014-08-06,0.0,Cosmos
2014-08-07,0.0,Cosmos
2014-08-08,0.0,Cosmos
2014-08-09,0.0,Cosmos
2014-08-10,0.0,Cosmos
2014-08-11,0.0,Cosmos
2014-08-12,0.4499999999999999,Cosmos
2014-08-13,3.0,Cosmos
2014-08-14,0.0,Cosmos
2014-08-15,0.0,Cosmos
2014-08-16,0.0,Cosmos
2014-08-17,0.0,Cosmos
2014-08-18,0.87,Cosmos
2014-08-19,0.63,Cosmos
2014-08-20,0.0,Cosmos
2014-08-21,0.0,Cosmos
2014-08-22,0.0,Cosmos
2014-08-23,0.51,Cosmos
2014-08-24,0.99,Cosmos
2014-08-25,0.0,Cosmos
2014-08-26,0.51,Cosmos
2014-08-27,0.0,Cosmos
2014-08-28,0.75,Cosmos
2014-08-29,0.0,Cosmos
2014-08-30,0.0,Cosmos
2014-08-31,0.0,Cosmos
2014-09-01,0.0,Cosmos
2014-09-02,0.0,Cosmos
2014-09-03,4.2,Cosmos
2014-09-04,0.0,Cosmos
2014-09-05,0.0,Cosmos
2014-09-06,0.0,Cosmos
2014-09-07,0.0,Cosmos
2014-09-08,0.0,Cosmos
2014-09-09,0.0,Cosmos
2014-09-10,0.0,Cosmos
2014-09-11,0.0,Cosmos
2014-09-12,0.0,Cosmos
2014-09-13,0.0,Cosmos
2014-09-14,0.0,Cosmos
2014-09-15,2.1,Cosmos
2014-09-16,0.0,Cosmos
2014-09-17,0.0,Cosmos
2014-09-18,0.0,Cosmos
2014-09-19,0.0,Cosmos
2014-09-20,2.7300000000000004,Cosmos
2014-09-21,0.0,Cosmos
2014-09-22,7.000000000000001,Cosmos
2014-09-23,0.0,Cosmos
2014-09-24,0.0,Cosmos
2014-09-25,0.0,Cosmos
2014-09-26,0.0,Cosmos
2014-09-27,2.5200000000000005,Cosmos
2014-09-28,0.0,Cosmos
2014-09-29,0.0,Cosmos
2014-09-30,0.0,Cosmos
2014-10-01,0.0,Cosmos
2014-10-02,0.0,Cosmos
2014-10-03,0.0,Cosmos
2014-10-04,0.0,Cosmos
2014-10-05,0.0,Cosmos
2014-10-06,2.8000000000000003,Cosmos
2014-10-07,0.0,Cosmos
2014-10-08,0.0,Cosmos
2014-10-09,0.0,Cosmos
2014-10-10,0.0,Cosmos
2014-10-11,0.0,Cosmos
2014-10-12,0.0,Cosmos
2014-10-13,0.0,Cosmos
2014-10-14,0.0,Cosmos
2014-10-15,5.0,Cosmos
2014-10-16,2.5500000000000003,Cosmos
2014-10-17,0.0,Cosmos
2014-10-18,0.0,Cosmos
2014-10-19,0.0,Cosmos
2014-10-20,0.0,Cosmos
2014-10-21,1.85,Cosmos
2014-10-22,0.0,Cosmos
2014-10-23,1.85,Cosmos
2014-10-24,0.0,Cosmos
2014-10-25,0.0,Cosmos
2014-10-26,0.0,Cosmos
2014-10-27,2.5,Cosmos
2014-10-28,0.0,Cosmos
2014-10-29,0.0,Cosmos
2014-10-30,0.0,Cosmos
2014-10-31,0.0,Cosmos
2014-11-01,0.0,Cosmos
2014-11-02,0.0,Cosmos
2014-11-03,0.0,Cosmos
2014-11-04,2.52,Cosmos
2014-11-05,0.0,Cosmos
2014-11-06,3.54,Cosmos
2014-11-07,0.0,Cosmos
2014-11-08,0.0,Cosmos
2014-11-09,0.0,Cosmos
2014-11-10,0.0,Cosmos
2014-11-11,0.0,Cosmos
2014-11-12,3.06,Cosmos
2014-11-13,0.0,Cosmos
2014-11-14,0.0,Cosmos
2014-11-15,6.0,Cosmos
2014-11-16,0.0,Cosmos
2014-11-17,0.0,Cosmos
2014-11-18,0.0,Cosmos
2014-11-19,0.0,Cosmos
2014-11-20,0.0,Cosmos
2014-11-21,0.0,Cosmos
2014-11-22,0.0,Cosmos
2014-11-23,0.0,Cosmos
2014-11-24,3.1799999999999997,Cosmos
2014-11-25,0.0,Cosmos
2014-11-26,0.0,Cosmos
2014-11-27,0.0,Cosmos
2014-11-28,0.0,Cosmos
2014-11-29,0.0,Cosmos
2014-11-30,0.0,Cosmos
2014-12-01,0.0,Cosmos
2014-12-02,0.0,Cosmos
2014-12-03,0.0,Cosmos
2014-12-04,0.0,Cosmos
2014-12-05,0.0,Cosmos
2014-12-06,0.0,Cosmos
2014-12-07,1.23,Cosmos
2014-12-08,0.0,Cosmos
2014-12-09,2.6999999999999997,Cosmos
2014-12-10,0.0,Cosmos
2014-12-11,0.0,Cosmos
2014-12-12,0.0,Cosmos
2014-12-13,1.05,Cosmos
2014-12-14,0.0,Cosmos
2014-12-15,0.0,Cosmos
2014-12-16,0.0,Cosmos
2014-12-17,0.0,Cosmos
2014-12-18,0.0,Cosmos
2014-12-19,1.3199999999999998,Cosmos
2014-12-20,0.0,Cosmos
2014-12-21,1.77,Cosmos
2014-12-22,0.0,Cosmos
2014-12-23,0.0,Cosmos
2014-12-24,3.0,Cosmos
2014-12-25,0.0,Cosmos
2014-12-26,0.0,Cosmos
2014-12-27,0.0,Cosmos
2014-12-28,0.0,Cosmos
2014-12-29,0.0,Cosmos
2014-12-30,1.35,Cosmos
2014-12-31,0.0,Cosmos
2015-01-01,0.0,Cosmos
2015-01-02,0.0,Cosmos
2015-01-03,0.0,Cosmos
2015-01-04,0.0,Cosmos
2015-01-05,0.0,Cosmos
2015-01-06,0.0,Cosmos
2015-01-07,0.0,Cosmos
2015-01-08,2.1700000000000004,Cosmos
2015-01-09,0.0,Cosmos
2015-01-10,7.000000000000001,Cosmos
2015-01-11,0.0,Cosmos
2015-01-12,0.0,Cosmos
2015-01-13,2.24,Cosmos
2015-01-14,2.3800000000000003,Cosmos
2015-01-15,0.0,Cosmos
2015-01-16,2.1,Cosmos
2015-01-17,2.87,Cosmos
2015-01-18,0.0,Cosmos
2015-01-19,1.89,Cosmos
2015-01-20,0.0,Cosmos
2015-01-21,0.0,Cosmos
2015-01-22,2.1,Cosmos
2015-01-23,0.0,Cosmos
2015-01-24,0.0,Cosmos
2015-01-25,0.0,Cosmos
2015-01-26,0.0,Cosmos
2015-01-27,0.0,Cosmos
2015-01-28,0.0,Cosmos
2015-01-29,4.83,Cosmos
2015-01-30,0.0,Cosmos
2015-01-31,0.0,Cosmos
2015-02-01,0.0,Cosmos
2015-02-02,2.76,Cosmos
2015-02-03,1.92,Cosmos
2015-02-04,0.0,Cosmos
2015-02-05,0.0,Cosmos
2015-02-06,0.0,Cosmos
2015-02-07,0.0,Cosmos
2015-02-08,0.0,Cosmos
2015-02-09,0.0,Cosmos
2015-02-10,0.0,Cosmos
2015-02-11,0.0,Cosmos
2015-02-12,2.16,Cosmos
2015-02-13,0.0,Cosmos
2015-02-14,0.0,Cosmos
2015-02-15,0.0,Cosmos
2015-02-16,0.0,Cosmos
2015-02-17,0.0,Cosmos
2015-02-18,0.0,Cosmos
2015-02-19,0.0,Cosmos
2015-02-20,0.0,Cosmos
2015-02-21,6.0,Cosmos
2015-02-22,0.0,Cosmos
2015-02-23,0.0,Cosmos
2015-02-24,0.0,Cosmos
2015-02-25,0.0,Cosmos
2015-02-26,0.0,Cosmos
2015-02-27,4.08,Cosmos
2015-02-28,0.0,Cosmos
2015-03-01,0.0,Cosmos
2015-03-02,0.0,Cosmos
2015-03-03,0.0,Cosmos
2015-03-04,0.0,Cosmos
2015-03-05,0.0,Cosmos
2015-03-06,0.0,Cosmos
2015-03-07,0.0,Cosmos
2015-03-08,0.0,Cosmos
2015-03-09,0.0,Cosmos
2015-03-10,0.0,Cosmos
2015-03-11,0.0,Cosmos
2015-03-12,1.7500000000000002,Cosmos
2015-03-13,0.0,Cosmos
2015-03-14,2.45,Cosmos
2015-03-15,0.0,Cosmos
2015-03-16,0.0,Cosmos
2015-03-17,0.0,Cosmos
2015-03-18,0.0,Cosmos
2015-03-19,0.0,Cosmos
2015-03-20,2.24,Cosmos
2015-03-21,0.0,Cosmos
2015-03-22,7.000000000000001,Cosmos
2015-03-23,1.89,Cosmos
2015-03-24,0.0,Cosmos
2015-03-25,0.0,Cosmos
2015-03-26,0.0,Cosmos
2015-03-27,2.66,Cosmos
2015-03-28,6.23,Cosmos
2015-03-29,0.0,Cosmos
2015-03-30,3.1500000000000004,Cosmos
2015-03-31,0.0,Cosmos
2015-04-01,0.0,Cosmos
2015-04-02,0.0,Cosmos
2015-04-03,0.0,Cosmos
2015-04-04,3.9,Cosmos
2015-04-05,0.0,Cosmos
2015-04-06,0.0,Cosmos
2015-04-07,0.0,Cosmos
2015-04-08,2.88,Cosmos
2015-04-09,2.22,Cosmos
2015-04-10,0.0,Cosmos
2015-04-11,0.0,Cosmos
2015-04-12,0.0,Cosmos
2015-04-13,0.0,Cosmos
2015-04-14,0.0,Cosmos
2015-04-15,0.0,Cosmos
2015-04-16,0.0,Cosmos
2015-04-17,0.0,Cosmos
2015-04-18,2.94,Cosmos
2015-04-19,0.0,Cosmos
2015-04-20,0.0,Cosmos
2015-04-21,0.0,Cosmos
2015-04-22,0.0,Cosmos
2015-04-23,0.0,Cosmos
2015-04-24,0.0,Cosmos
2015-04-25,3.1799999999999997,Cosmos
2015-04-26,0.0,Cosmos
2015-04-27,0.0,Cosmos
2015-04-28,0.0,Cosmos
2015-04-29,0.0,Cosmos
2015-04-30,6.0,Cosmos
2015-05-01,0.0,Cosmos
2015-05-02,0.0,Cosmos
2015-05-03,1.65,Cosmos
2015-05-04,0.0,Cosmos
2015-05-05,0.0,Cosmos
2015-05-06,0.0,Cosmos
2015-05-07,0.0,Cosmos
2015-05-08,0.0,Cosmos
2015-05-09,0.0,Cosmos
2015-05-10,0.0,Cosmos
2015-05-11,0.0,Cosmos
2015-05-12,0.0,Cosmos
2015-05-13,0.0,Cosmos
2015-05-14,0.0,Cosmos
2015-05-15,0.84,Cosmos
2015-05-16,0.0,Cosmos
2015-05-17,0.0,Cosmos
2015-05-18,0.99,Cosmos
2015-05-19,1.53,Cosmos
2015-05-20,0.0,Cosmos
2015-05-21,0.0,Cosmos
2015-05-22,1.26,Cosmos
2015-05-23,0.0,Cosmos
2015-05-24,3.0,Cosmos
2015-05-25,0.0,Cosmos
2015-05-26,0.0,Cosmos
2015-05-27,0.0,Cosmos
2015-05-28,0.0,Cosmos
2015-05-29,0.0,Cosmos
2015-05-30,0.0,Cosmos
2015-05-31,0.0,Cosmos
2015-06-01,3.0,Cosmos
2015-06-02,1.59,Cosmos
2015-06-03,0.0,Cosmos
2015-06-04,0.0,Cosmos
2015-06-05,0.0,Cosmos
2015-06-06,0.0,Cosmos
2015-06-07,0.0,Cosmos
2015-06-08,0.0,Cosmos
2015-06-09,0.0,Cosmos
2015-06-10,0.0,Cosmos
2015-06-11,0.0,Cosmos
2015-06-12,0.0,Cosmos
2015-06-13,0.0,Cosmos
2015-06-14,1.56,Cosmos
2015-06-15,1.71,Cosmos
2015-06-16,0.0,Cosmos
2015-06-17,2.22,Cosmos
2015-06-18,0.0,Cosmos
2015-06-19,0.0,Cosmos
2015-06-20,0.0,Cosmos
2015-06-21,0.0,Cosmos
2015-06-22,0.0,Cosmos
2015-06-23,0.0,Cosmos
2015-06-24,0.0,Cosmos
2015-06-25,0.0,Cosmos
2015-06-26,0.0,Cosmos
2015-06-27,0.0,Cosmos
2015-06-28,0.0,Cosmos
2015-06-29,0.0,Cosmos
2015-06-30,0.0,Cosmos
2015-07-01,0.0,Cosmos
2015-07-02,0.0,Cosmos
2015-07-03,1.34,Cosmos
2015-07-04,0.0,Cosmos
2015-07-05,0.0,Cosmos
2015-07-06,2.0,Cosmos
2015-07-07,0.0,Cosmos
2015-07-08,0.0,Cosmos
2015-07-09,0.0,Cosmos
2015-07-10,0.0,Cosmos
2015-07-11,0.0,Cosmos
2015-07-12,0.88,Cosmos
2015-07-13,0.0,Cosmos
2015-07-14,0.0,Cosmos
2015-07-15,0.0,Cosmos
2015-07-16,0.0,Cosmos
2015-07-17,0.0,Cosmos
2015-07-18,0.0,Cosmos
2015-07-19,0.0,Cosmos
2015-07-20,0.5,Cosmos
2015-07-21,0.68,Cosmos
2015-07-22,0.0,Cosmos
2015-07-23,0.0,Cosmos
2015-07-24,0.0,Cosmos
2015-07-25,1.18,Cosmos
2015-07-26,0.0,Cosmos
2015-07-27,0.0,Cosmos
2015-07-28,0.0,Cosmos
2015-07-29,0.0,Cosmos
2015-07-30,0.0,Cosmos
2015-07-31,0.0,Cosmos
2015-08-01,0.0,Cosmos
2015-08-02,0.0,Cosmos
2015-08-03,0.0,Cosmos
2015-08-04,0.0,Cosmos
2015-08-05,0.0,Cosmos
2015-08-06,0.0,Cosmos
2015-08-07,0.0,Cosmos
2015-08-08,0.0,Cosmos
2015-08-09,0.0,Cosmos
2015-08-10,0.0,Cosmos
2015-08-11,0.0,Cosmos
2015-08-12,0.0,Cosmos
2015-08-13,0.0,Cosmos
2015-08-14,0.0,Cosmos
2015-08-15,0.0,Cosmos
2015-08-16,0.0,Cosmos
2015-08-17,0.0,Cosmos
2015-08-18,0.0,Cosmos
2015-08-19,0.0,Cosmos
2015-08-20,0.0,Cosmos
2015-08-21,0.0,Cosmos
2015-08-22,0.0,Cosmos
2015-08-23,0.0,Cosmos
2015-08-24,0.0,Cosmos
2015-08-25,0.0,Cosmos
2015-08-26,0.0,Cosmos
2015-08-27,0.0,Cosmos
2015-08-28,0.0,Cosmos
2015-08-29,0.0,Cosmos
2015-08-30,0.0,Cosmos
2015-08-31,0.0,Cosmos
2015-09-01,0.92,Cosmos
2015-09-02,0.0,Cosmos
2015-09-03,0.0,Cosmos
2015-09-04,0.0,Cosmos
2015-09-05,0.0,Cosmos
2015-09-06,0.0,Cosmos
2015-09-07,0.0,Cosmos
2015-09-08,0.0,Cosmos
2015-09-09,0.0,Cosmos
2015-09-10,1.08,Cosmos
2015-09-11,4.0,Cosmos
2015-09-12,0.0,Cosmos
2015-09-13,0.0,Cosmos
2015-09-14,0.0,Cosmos
2015-09-15,0.0,Cosmos
2015-09-16,0.0,Cosmos
2015-09-17,0.0,Cosmos
2015-09-18,0.0,Cosmos
2015-09-19,0.0,Cosmos
2015-09-20,1.2,Cosmos
2015-09-21,1.04,Cosmos
2015-09-22,0.0,Cosmos
2015-09-23,0.0,Cosmos
2015-09-24,0.0,Cosmos
2015-09-25,0.0,Cosmos
2015-09-26,0.0,Cosmos
2015-09-27,0.0,Cosmos
2015-09-28,2.08,Cosmos
2015-09-29,0.0,Cosmos
2015-09-30,1.84,Cosmos
2015-10-01,0.0,Cosmos
2015-10-02,0.0,Cosmos
2015-10-03,0.0,Cosmos
2015-10-04,0.0,Cosmos
2015-10-05,1.65,Cosmos
2015-10-06,0.0,Cosmos
2015-10-07,0.0,Cosmos
2015-10-08,1.14,Cosmos
2015-10-09,0.0,Cosmos
2015-10-10,0.0,Cosmos
2015-10-11,0.0,Cosmos
2015-10-12,0.0,Cosmos
2015-10-13,0.0,Cosmos
2015-10-14,0.0,Cosmos
2015-10-15,0.0,Cosmos
2015-10-16,0.0,Cosmos
2015-10-17,2.34,Cosmos
2015-10-18,0.0,Cosmos
2015-10-19,0.93,Cosmos
2015-10-20,0.0,Cosmos
2015-10-21,1.68,Cosmos
2015-10-22,0.0,Cosmos
2015-10-23,3.0,Cosmos
2015-10-24,0.0,Cosmos
2015-10-25,0.0,Cosmos
2015-10-26,1.65,Cosmos
2015-10-27,0.0,Cosmos
2015-10-28,0.0,Cosmos
2015-10-29,0.0,Cosmos
2015-10-30,0.0,Cosmos
2015-10-31,0.0,Cosmos
2015-11-01,0.0,Cosmos
2015-11-02,0.0,Cosmos
2015-11-03,0.0,Cosmos
2015-11-04,0.0,Cosmos
2015-11-05,0.0,Cosmos
2015-11-06,0.0,Cosmos
2015-11-07,0.87,Cosmos
2015-11-08,0.0,Cosmos
2015-11-09,0.0,Cosmos
2015-11-10,0.0,Cosmos
2015-11-11,0.0,Cosmos
2015-11-12,0.0,Cosmos
2015-11-13,0.0,Cosmos
2015-11-14,0.0,Cosmos
2015-11-15,0.0,Cosmos
2015-11-16,0.0,Cosmos
2015-11-17,0.0,Cosmos
2015-11-18,0.0,Cosmos
2015-11-19,0.0,Cosmos
2015-11-20,1.08,Cosmos
2015-11-21,0.0,Cosmos
2015-11-22,0.0,Cosmos
2015-11-23,0.0,Cosmos
2015-11-24,0.0,Cosmos
2015-11-25,0.0,Cosmos
2015-11-26,3.0,Cosmos
2015-11-27,0.0,Cosmos
2015-11-28,1.3199999999999998,Cosmos
2015-11-29,2.37,Cosmos
2015-11-30,0.0,Cosmos
2015-12-01,0.0,Cosmos
2015-12-02,0.0,Cosmos
2015-12-03,0.0,Cosmos
2015-12-04,1.65,Cosmos
2015-12-05,0.0,Cosmos
2015-12-06,2.5500000000000003,Cosmos
2015-12-07,0.0,Cosmos
2015-12-08,0.0,Cosmos
2015-12-09,2.5,Cosmos
2015-12-10,0.0,Cosmos
2015-12-11,1.1,Cosmos
2015-12-12,2.75,Cosmos
2015-12-13,0.0,Cosmos
2015-12-14,0.0,Cosmos
2015-12-15,0.0,Cosmos
2015-12-16,0.0,Cosmos
2015-12-17,0.0,Cosmos
2015-12-18,4.05,Cosmos
2015-12-19,0.0,Cosmos
2015-12-20,2.3000000000000003,Cosmos
2015-12-21,0.0,Cosmos
2015-12-22,0.0,Cosmos
2015-12-23,0.0,Cosmos
2015-12-24,0.0,Cosmos
2015-12-25,0.0,Cosmos
2015-12-26,0.0,Cosmos
2015-12-27,0.0,Cosmos
2015-12-28,5.0,Cosmos
2015-12-29,0.0,Cosmos
2015-12-30,0.0,Cosmos
2015-12-31,0.0,Cosmos
2016-01-01,0.0,Cosmos
2016-01-02,0.0,Cosmos
2016-01-03,1.02,Cosmos
2016-01-04,0.0,Cosmos
2016-01-05,0.0,Cosmos
2016-01-06,1.14,Cosmos
2016-01-07,0.0,Cosmos
2016-01-08,1.35,Cosmos
2016-01-09,0.0,Cosmos
2016-01-10,0.0,Cosmos
2016-01-11,0.0,Cosmos
2016-01-12,0.0,Cosmos
2016-01-13,0.0,Cosmos
2016-01-14,0.0,Cosmos
2016-01-15,0.0,Cosmos
2016-01-16,0.0,Cosmos
2016-01-17,0.0,Cosmos
2016-01-18,1.41,Cosmos
2016-01-19,0.0,Cosmos
2016-01-20,0.0,Cosmos
2016-01-21,0.0,Cosmos
2016-01-22,3.0,Cosmos
2016-01-23,0.0,Cosmos
2016-01-24,1.44,Cosmos
2016-01-25,0.0,Cosmos
2016-01-26,0.0,Cosmos
2016-01-27,2.22,Cosmos
2016-01-28,0.0,Cosmos
2016-01-29,0.0,Cosmos
2016-01-30,0.0,Cosmos
2016-01-31,2.85,Cosmos
2016-02-01,0.0,Cosmos
2016-02-02,0.0,Cosmos
2016-02-03,0.0,Cosmos
2016-02-04,0.0,Cosmos
2016-02-05,0.0,Cosmos
2016-02-06,2.9000000000000004,Cosmos
2016-02-07,0.0,Cosmos
2016-02-08,1.4500000000000002,Cosmos
2016-02-09,5.0,Cosmos
2016-02-10,0.0,Cosmos
2016-02-11,0.0,Cosmos
2016-02-12,2.3000000000000003,Cosmos
2016-02-13,0.0,Cosmos
2016-02-14,0.0,Cosmos
2016-02-15,3.35,Cosmos
2016-02-16,0.0,Cosmos
2016-02-17,0.0,Cosmos
2016-02-18,0.0,Cosmos
2016-02-19,0.0,Cosmos
2016-02-20,0.0,Cosmos
2016-02-21,0.0,Cosmos
2016-02-22,0.0,Cosmos
2016-02-23,0.0,Cosmos
2016-02-24,0.0,Cosmos
2016-02-25,2.0,Cosmos
2016-02-26,3.7,Cosmos
2016-02-27,0.0,Cosmos
2016-02-28,0.0,Cosmos
2016-02-29,0.0,Cosmos
2016-03-01,0.0,Cosmos
2016-03-02,0.0,Cosmos
2016-03-03,0.0,Cosmos
2016-03-04,1.36,Cosmos
2016-03-05,0.0,Cosmos
2016-03-06,0.0,Cosmos
2016-03-07,0.0,Cosmos
2016-03-08,0.0,Cosmos
2016-03-09,0.0,Cosmos
2016-03-10,0.0,Cosmos
2016-03-11,0.0,Cosmos
2016-03-12,2.64,Cosmos
2016-03-13,0.0,Cosmos
2016-03-14,0.0,Cosmos
2016-03-15,0.0,Cosmos
2016-03-16,0.0,Cosmos
2016-03-17,3.04,Cosmos
2016-03-18,0.0,Cosmos
2016-03-19,0.0,Cosmos
2016-03-20,1.92,Cosmos
2016-03-21,0.0,Cosmos
2016-03-22,0.0,Cosmos
2016-03-23,0.0,Cosmos
2016-03-24,0.0,Cosmos
2016-03-25,0.0,Cosmos
2016-03-26,1.8,Cosmos
2016-03-27,4.0,Cosmos
2016-03-28,0.0,Cosmos
2016-03-29,0.0,Cosmos
2016-03-30,0.0,Cosmos
2016-03-31,1.2,Cosmos
2016-04-01,4.0,Cosmos
2016-04-02,0.88,Cosmos
2016-04-03,0.0,Cosmos
2016-04-04,0.0,Cosmos
2016-04-05,0.0,Cosmos
2016-04-06,0.0,Cosmos
2016-04-07,0.0,Cosmos
2016-04-08,0.0,Cosmos
2016-04-09,0.0,Cosmos
2016-04-10,0.0,Cosmos
2016-04-11,0.64,Cosmos
2016-04-12,1.4,Cosmos
2016-04-13,0.0,Cosmos
2016-04-14,0.0,Cosmos
2016-04-15,0.0,Cosmos
2016-04-16,0.0,Cosmos
2016-04-17,0.0,Cosmos
2016-04-18,0.0,Cosmos
2016-04-19,0.0,Cosmos
2016-04-20,0.0,Cosmos
2016-04-21,0.0,Cosmos
2016-04-22,0.0,Cosmos
2016-04-23,0.0,Cosmos
2016-04-24,0.0,Cosmos
2016-04-25,0.68,Cosmos
2016-04-26,0.0,Cosmos
2016-04-27,0.0,Cosmos
2016-04-28,0.0,Cosmos
2016-04-29,0.0,Cosmos
2016-04-30,0.8,Cosmos
2016-05-01,0.0,Cosmos
2016-05-02,0.0,Cosmos
2016-05-03,0.0,Cosmos
2016-05-04,0.0,Cosmos
2016-05-05,0.0,Cosmos
2016-05-06,0.0,Cosmos
2016-05-07,3.2,Cosmos
2016-05-08,0.0,Cosmos
2016-05-09,0.0,Cosmos
2016-05-10,0.0,Cosmos
2016-05-11,0.0,Cosmos
2016-05-12,4.65,Cosmos
2016-05-13,2.45,Cosmos
2016-05-14,0.0,Cosmos
2016-05-15,0.0,Cosmos
2016-05-16,0.0,Cosmos
2016-05-17,0.0,Cosmos
2016-05-18,0.0,Cosmos
2016-05-19,0.0,Cosmos
2016-05-20,0.0,Cosmos
2016-05-21,0.0,Cosmos
2016-05-22,0.0,Cosmos
2016-05-23,0.0,Cosmos
2016-05-24,0.0,Cosmos
2016-05-25,0.0,Cosmos
2016-05-26,0.0,Cosmos
2016-05-27,0.0,Cosmos
2016-05-28,5.0,Cosmos
2016-05-29,0.0,Cosmos
2016-05-30,0.0,Cosmos
2016-05-31,0.0,Cosmos
2016-06-01,0.88,Cosmos
2016-06-02,0.0,Cosmos
2016-06-03,0.0,Cosmos
2016-06-04,0.0,Cosmos
2016-06-05,0.0,Cosmos
2016-06-06,0.0,Cosmos
2016-06-07,0.0,Cosmos
2016-06-08,0.0,Cosmos
2016-06-09,0.0,Cosmos
2016-06-10,0.0,Cosmos
2016-06-11,0.0,Cosmos
2016-06-12,0.0,Cosmos
2016-06-13,1.06,Cosmos
2016-06-14,0.0,Cosmos
2016-06-15,1.14,Cosmos
2016-06-16,0.0,Cosmos
2016-06-17,2.0,Cosmos
2016-06-18,0.0,Cosmos
2016-06-19,0.0,Cosmos
2016-06-20,0.0,Cosmos
2016-06-21,0.0,Cosmos
2016-06-22,0.0,Cosmos
2016-06-23,0.0,Cosmos
2016-06-24,0.0,Cosmos
2016-06-25,0.0,Cosmos
2016-06-26,0.0,Cosmos
2016-06-27,0.0,Cosmos
2016-06-28,0.0,Cosmos
2016-06-29,1.0,Cosmos
2016-06-30,0.0,Cosmos
2016-07-01,0.0,Cosmos
2016-07-02,0.0,Cosmos
2016-07-03,0.0,Cosmos
2016-07-04,0.0,Cosmos
2016-07-05,0.0,Cosmos
2016-07-06,0.0,Cosmos
2016-07-07,0.0,Cosmos
2016-07-08,0.0,Cosmos
2016-07-09,0.0,Cosmos
2016-07-10,0.0,Cosmos
2016-07-11,0.0,Cosmos
2016-07-12,0.0,Cosmos
2016-07-13,1.95,Cosmos
2016-07-14,2.61,Cosmos
2016-07-15,0.0,Cosmos
2016-07-16,0.0,Cosmos
2016-07-17,0.0,Cosmos
2016-07-18,2.58,Cosmos
2016-07-19,1.65,Cosmos
2016-07-20,0.0,Cosmos
2016-07-21,0.0,Cosmos
2016-07-22,0.0,Cosmos
2016-07-23,0.0,Cosmos
2016-07-24,0.0,Cosmos
2016-07-25,0.0,Cosmos
2016-07-26,0.0,Cosmos
2016-07-27,0.0,Cosmos
2016-07-28,0.0,Cosmos
2016-07-29,3.0,Cosmos
2016-07-30,0.0,Cosmos
2016-07-31,0.0,Cosmos
2016-08-01,0.0,Cosmos
2016-08-02,3.0,Cosmos
2016-08-03,0.0,Cosmos
2016-08-04,0.0,Cosmos
2016-08-05,0.0,Cosmos
2016-08-06,0.0,Cosmos
2016-08-07,0.0,Cosmos
2016-08-08,0.0,Cosmos
2016-08-09,0.0,Cosmos
2016-08-10,0.0,Cosmos
2016-08-11,0.0,Cosmos
2016-08-12,0.0,Cosmos
2016-08-13,0.0,Cosmos
2016-08-14,0.0,Cosmos
2016-08-15,0.0,Cosmos
2016-08-16,0.0,Cosmos
2016-08-17,2.01,Cosmos
2016-08-18,2.07,Cosmos
2016-08-19,0.0,Cosmos
2016-08-20,0.0,Cosmos
2016-08-21,0.0,Cosmos
2016-08-22,0.0,Cosmos
2016-08-23,0.0,Cosmos
2016-08-24,0.99,Cosmos
2016-08-25,0.96,Cosmos
2016-08-26,1.17,Cosmos
2016-08-27,0.0,Cosmos
2016-08-28,1.14,Cosmos
2016-08-29,1.59,Cosmos
2016-08-30,0.0,Cosmos
2016-08-31,0.0,Cosmos
2016-09-01,0.0,Cosmos
2016-09-02,0.0,Cosmos
2016-09-03,0.0,Cosmos
2016-09-04,0.0,Cosmos
2016-09-05,0.0,Cosmos
2016-09-06,0.0,Cosmos
2016-09-07,0.0,Cosmos
2016-09-08,0.0,Cosmos
2016-09-09,0.0,Cosmos
2016-09-10,0.0,Cosmos
2016-09-11,0.0,Cosmos
2016-09-12,0.0,Cosmos
2016-09-13,2.0,Cosmos
2016-09-14,0.72,Cosmos
2016-09-15,0.0,Cosmos
2016-09-16,0.0,Cosmos
2016-09-17,1.14,Cosmos
2016-09-18,0.0,Cosmos
2016-09-19,0.0,Cosmos
2016-09-20,0.48,Cosmos
2016-09-21,0.0,Cosmos
2016-09-22,0.0,Cosmos
2016-09-23,0.0,Cosmos
2016-09-24,0.0,Cosmos
2016-09-25,1.36,Cosmos
2016-09-26,0.0,Cosmos
2016-09-27,0.52,Cosmos
2016-09-28,0.0,Cosmos
2016-09-29,0.0,Cosmos
2016-09-30,0.64,Cosmos
2016-10-01,0.0,Cosmos
2016-10-02,0.0,Cosmos
2016-10-03,0.0,Cosmos
2016-10-04,0.0,Cosmos
2016-10-05,0.0,Cosmos
2016-10-06,0.0,Cosmos
2016-10-07,1.64,Cosmos
2016-10-08,0.0,Cosmos
2016-10-09,0.0,Cosmos
2016-10-10,0.0,Cosmos
2016-10-11,1.44,Cosmos
2016-10-12,0.0,Cosmos
2016-10-13,0.0,Cosmos
2016-10-14,0.0,Cosmos
2016-10-15,0.0,Cosmos
2016-10-16,0.0,Cosmos
2016-10-17,0.0,Cosmos
2016-10-18,0.0,Cosmos
2016-10-19,0.0,Cosmos
2016-10-20,0.0,Cosmos
2016-10-21,0.0,Cosmos
2016-10-22,0.0,Cosmos
2016-10-23,1.44,Cosmos
2016-10-24,2.12,Cosmos
2016-10-25,0.0,Cosmos
2016-10-26,2.36,Cosmos
2016-10-27,4.0,Cosmos
2016-10-28,0.0,Cosmos
2016-10-29,3.6,Cosmos
2016-10-30,0.0,Cosmos
2016-10-31,0.0,Cosmos
2016-11-01,3.24,Cosmos
2016-11-02,0.0,Cosmos
2016-11-03,0.0,Cosmos
2016-11-04,0.0,Cosmos
2016-11-05,0.0,Cosmos
2016-11-06,4.0,Cosmos
2016-11-07,1.92,Cosmos
2016-11-08,2.24,Cosmos
2016-11-09,2.44,Cosmos
2016-11-10,0.0,Cosmos
2016-11-11,0.0,Cosmos
2016-11-12,0.0,Cosmos
2016-11-13,0.0,Cosmos
2016-11-14,1.76,Cosmos
2016-11-15,0.0,Cosmos
2016-11-16,0.0,Cosmos
2016-11-17,0.0,Cosmos
2016-11-18,0.0,Cosmos
2016-11-19,0.0,Cosmos
2016-11-20,0.0,Cosmos
2016-11-21,0.0,Cosmos
2016-11-22,0.0,Cosmos
2016-11-23,0.0,Cosmos
2016-11-24,2.2,Cosmos
2016-11-25,2.76,Cosmos
2016-11-26,0.0,Cosmos
2016-11-27,0.0,Cosmos
2016-11-28,0.0,Cosmos
2016-11-29,0.0,Cosmos
2016-11-30,0.0,Cosmos
2016-12-01,0.0,Cosmos
2016-12-02,0.0,Cosmos
2016-12-03,0.0,Cosmos
2016-12-04,0.0,Cosmos
2016-12-05,4.0,Cosmos
2016-12-06,0.0,Cosmos
2016-12-07,1.88,Cosmos
2016-12-08,0.0,Cosmos
2016-12-09,3.92,Cosmos
2016-12-10,0.0,Cosmos
2016-12-11,0.0,Cosmos
2016-12-12,0.0,Cosmos
2016-12-13,0.0,Cosmos
2016-12-14,0.0,Cosmos
2016-12-15,0.0,Cosmos
2016-12-16,0.0,Cosmos
2016-12-17,0.0,Cosmos
2016-12-18,2.16,Cosmos
2016-12-19,0.0,Cosmos
2016-12-20,2.2,Cosmos
2016-12-21,0.0,Cosmos
2016-12-22,0.0,Cosmos
2016-12-23,0.0,Cosmos
2016-12-24,0.0,Cosmos
2016-12-25,0.0,Cosmos
2016-12-26,0.0,Cosmos
2016-12-27,2.88,Cosmos
2016-12-28,0.0,Cosmos
2016-12-29,0.0,Cosmos
2016-12-30,0.0,Cosmos
2016-12-31,0.0,Cosmos
2017-01-01,0.0,Cosmos
2017-01-02,2.01,Cosmos
2017-01-03,0.0,Cosmos
2017-01-04,0.0,Cosmos
2017-01-05,0.0,Cosmos
2017-01-06,0.0,Cosmos
2017-01-07,0.0,Cosmos
2017-01-08,3.0,Cosmos
2017-01-09,0.0,Cosmos
2017-01-10,0.0,Cosmos
2017-01-11,0.0,Cosmos
2017-01-12,0.0,Cosmos
2017-01-13,0.0,Cosmos
2017-01-14,0.0,Cosmos
2017-01-15,0.0,Cosmos
2017-01-16,0.0,Cosmos
2017-01-17,0.96,Cosmos
2017-01-18,0.0,Cosmos
2017-01-19,2.4,Cosmos
2017-01-20,0.0,Cosmos
2017-01-21,0.0,Cosmos
2017-01-22,0.0,Cosmos
2017-01-23,0.0,Cosmos
2017-01-24,0.0,Cosmos
2017-01-25,0.0,Cosmos
2017-01-26,0.0,Cosmos
2017-01-27,0.0,Cosmos
2017-01-28,0.0,Cosmos
2017-01-29,0.0,Cosmos
2017-01-30,0.0,Cosmos
2017-01-31,0.93,Cosmos
2017-02-01,0.0,Cosmos
2017-02-02,0.0,Cosmos
2017-02-03,0.0,Cosmos
2017-02-04,0.0,Cosmos
2017-02-05,3.6,Cosmos
2017-02-06,0.0,Cosmos
2017-02-07,0.0,Cosmos
2017-02-08,0.0,Cosmos
2017-02-09,4.0,Cosmos
2017-02-10,0.0,Cosmos
2017-02-11,0.0,Cosmos
2017-02-12,0.0,Cosmos
2017-02-13,0.0,Cosmos
2017-02-14,0.0,Cosmos
2017-02-15,0.0,Cosmos
2017-02-16,0.0,Cosmos
2017-02-17,1.88,Cosmos
2017-02-18,0.0,Cosmos
2017-02-19,0.0,Cosmos
2017-02-20,0.0,Cosmos
2017-02-21,0.0,Cosmos
2017-02-22,0.0,Cosmos
2017-02-23,0.0,Cosmos
2017-02-24,2.36,Cosmos
2017-02-25,0.0,Cosmos
2017-02-26,0.0,Cosmos
2017-02-27,0.0,Cosmos
2017-02-28,0.0,Cosmos
2017-03-01,0.0,Cosmos
2017-03-02,0.0,Cosmos
2017-03-03,0.0,Cosmos
2017-03-04,0.0,Cosmos
2017-03-05,0.0,Cosmos
2017-03-06,0.0,Cosmos
2017-03-07,0.0,Cosmos
2017-03-08,0.0,Cosmos
2017-03-09,0.0,Cosmos
2017-03-10,0.0,Cosmos
2017-03-11,0.0,Cosmos
2017-03-12,0.0,Cosmos
2017-03-13,0.0,Cosmos
2017-03-14,0.0,Cosmos
2017-03-15,0.0,Cosmos
2017-03-16,0.0,Cosmos
2017-03-17,0.0,Cosmos
2017-03-18,0.0,Cosmos
2017-03-19,0.0,Cosmos
2017-03-20,0.0,Cosmos
2017-03-21,0.0,Cosmos
2017-03-22,0.0,Cosmos
2017-03-23,0.0,Cosmos
2017-03-24,0.0,Cosmos
2017-03-25,0.0,Cosmos
2017-03-26,0.0,Cosmos
2017-03-27,0.0,Cosmos
2017-03-28,0.0,Cosmos
2017-03-29,0.0,Cosmos
2017-03-30,0.0,Cosmos
2017-03-31,0.0,Cosmos
2017-04-01,0.0,Cosmos
2017-04-02,0.0,Cosmos
2017-04-03,4.72,Cosmos
2017-04-04,0.0,Cosmos
2017-04-05,0.0,Cosmos
2017-04-06,0.0,Cosmos
2017-04-07,0.0,Cosmos
2017-04-08,0.0,Cosmos
2017-04-09,0.0,Cosmos
2017-04-10,0.0,Cosmos
2017-04-11,0.0,Cosmos
2017-04-12,8.0,Cosmos
2017-04-13,4.32,Cosmos
2017-04-14,0.0,Cosmos
2017-04-15,5.92,Cosmos
2017-04-16,0.0,Cosmos
2017-04-17,0.0,Cosmos
2017-04-18,0.0,Cosmos
2017-04-19,0.0,Cosmos
2017-04-20,0.0,Cosmos
2017-04-21,0.0,Cosmos
2017-04-22,0.0,Cosmos
2017-04-23,0.0,Cosmos
2017-04-24,0.0,Cosmos
2017-04-25,0.0,Cosmos
2017-04-26,0.0,Cosmos
2017-04-27,0.0,Cosmos
2017-04-28,6.24,Cosmos
2017-04-29,5.5200000000000005,Cosmos
2017-04-30,0.0,Cosmos
2017-05-01,0.0,Cosmos
2017-05-02,2.45,Cosmos
2017-05-03,0.0,Cosmos
2017-05-04,0.0,Cosmos
2017-05-05,0.0,Cosmos
2017-05-06,0.0,Cosmos
2017-05-07,0.0,Cosmos
2017-05-08,0.0,Cosmos
2017-05-09,0.0,Cosmos
2017-05-10,0.0,Cosmos
2017-05-11,0.0,Cosmos
2017-05-12,5.0,Cosmos
2017-05-13,0.0,Cosmos
2017-05-14,0.0,Cosmos
2017-05-15,0.0,Cosmos
2017-05-16,0.0,Cosmos
2017-05-17,0.0,Cosmos
2017-05-18,0.0,Cosmos
2017-05-19,0.0,Cosmos
2017-05-20,0.0,Cosmos
2017-05-21,0.0,Cosmos
2017-05-22,2.4000000000000004,Cosmos
2017-05-23,0.0,Cosmos
2017-05-24,0.0,Cosmos
2017-05-25,0.0,Cosmos
2017-05-26,0.0,Cosmos
2017-05-27,0.0,Cosmos
2017-05-28,2.8000000000000003,Cosmos
2017-05-29,0.0,Cosmos
2017-05-30,4.7,Cosmos
2017-05-31,0.0,Cosmos
2017-06-01,0.0,Cosmos
2017-06-02,0.0,Cosmos
2017-06-03,0.0,Cosmos
2017-06-04,0.0,Cosmos
2017-06-05,0.0,Cosmos
2017-06-06,0.0,Cosmos
2017-06-07,0.0,Cosmos
2017-06-08,0.0,Cosmos
2017-06-09,2.72,Cosmos
2017-06-10,4.0,Cosmos
2017-06-11,0.0,Cosmos
2017-06-12,0.0,Cosmos
2017-06-13,0.0,Cosmos
2017-06-14,0.0,Cosmos
2017-06-15,0.0,Cosmos
2017-06-16,0.0,Cosmos
2017-06-17,0.0,Cosmos
2017-06-18,0.0,Cosmos
2017-06-19,0.0,Cosmos
2017-06-20,0.0,Cosmos
2017-06-21,0.0,Cosmos
2017-06-22,2.84,Cosmos
2017-06-23,0.0,Cosmos
2017-06-24,3.68,Cosmos
2017-06-25,0.0,Cosmos
2017-06-26,2.6,Cosmos
2017-06-27,0.0,Cosmos
2017-06-28,0.0,Cosmos
2017-06-29,0.0,Cosmos
2017-06-30,0.0,Cosmos
2017-07-01,1.5,Cosmos
2017-07-02,2.46,Cosmos
2017-07-03,0.0,Cosmos
2017-07-04,0.0,Cosmos
2017-07-05,0.0,Cosmos
2017-07-06,0.0,Cosmos
2017-07-07,0.0,Cosmos
2017-07-08,0.0,Cosmos
2017-07-09,0.0,Cosmos
2017-07-10,0.0,Cosmos
2017-07-11,0.0,Cosmos
2017-07-12,3.0,Cosmos
2017-07-13,0.0,Cosmos
2017-07-14,0.0,Cosmos
2017-07-15,1.17,Cosmos
2017-07-16,0.0,Cosmos
2017-07-17,0.0,Cosmos
2017-07-18,0.0,Cosmos
2017-07-19,0.0,Cosmos
2017-07-20,0.0,Cosmos
2017-07-21,1.05,Cosmos
2017-07-22,0.0,Cosmos
2017-07-23,0.0,Cosmos
2017-07-24,0.0,Cosmos
2017-07-25,0.0,Cosmos
2017-07-26,0.0,Cosmos
2017-07-27,0.0,Cosmos
2017-07-28,0.0,Cosmos
2017-07-29,0.0,Cosmos
2017-07-30,2.9099999999999997,Cosmos
2017-07-31,1.95,Cosmos
2017-08-01,0.0,Cosmos
2017-08-02,0.0,Cosmos
2017-08-03,0.0,Cosmos
2017-08-04,0.0,Cosmos
2017-08-05,0.0,Cosmos
2017-08-06,0.0,Cosmos
2017-08-07,0.0,Cosmos
2017-08-08,3.0,Cosmos
2017-08-09,0.0,Cosmos
2017-08-10,0.0,Cosmos
2017-08-11,0.0,Cosmos
2017-08-12,1.44,Cosmos
2017-08-13,0.0,Cosmos
2017-08-14,0.0,Cosmos
2017-08-15,1.95,Cosmos
2017-08-16,0.0,Cosmos
2017-08-17,1.23,Cosmos
2017-08-18,0.0,Cosmos
2017-08-19,0.0,Cosmos
2017-08-20,1.29,Cosmos
2017-08-21,1.29,Cosmos
2017-08-22,0.0,Cosmos
2017-08-23,0.0,Cosmos
2017-08-24,0.0,Cosmos
2017-08-25,0.0,Cosmos
2017-08-26,0.0,Cosmos
2017-08-27,0.0,Cosmos
2017-08-28,1.7999999999999998,Cosmos
2017-08-29,0.0,Cosmos
2017-08-30,0.0,Cosmos
2017-08-31,1.86,Cosmos
2017-09-01,0.0,Cosmos
2017-09-02,0.0,Cosmos
2017-09-03,0.0,Cosmos
2017-09-04,0.0,Cosmos
2017-09-05,0.0,Cosmos
2017-09-06,0.0,Cosmos
2017-09-07,0.0,Cosmos
2017-09-08,0.0,Cosmos
2017-09-09,0.0,Cosmos
2017-09-10,0.0,Cosmos
2017-09-11,0.0,Cosmos
2017-09-12,0.0,Cosmos
2017-09-13,0.0,Cosmos
2017-09-14,0.0,Cosmos
2017-09-15,0.0,Cosmos
2017-09-16,0.0,Cosmos
2017-09-17,0.0,Cosmos
2017-09-18,0.0,Cosmos
2017-09-19,0.0,Cosmos
2017-09-20,0.0,Cosmos
2017-09-21,0.0,Cosmos
2017-09-22,0.0,Cosmos
2017-09-23,0.0,Cosmos
2017-09-24,0.0,Cosmos
2017-09-25,0.0,Cosmos
2017-09-26,0.0,Cosmos
2017-09-27,0.0,Cosmos
2017-09-28,0.0,Cosmos
2017-09-29,0.0,Cosmos
2017-09-30,0.0,Cosmos
2017-10-01,0.0,Cosmos
2017-10-02,0.0,Cosmos
2017-10-03,0.0,Cosmos
2017-10-04,0.0,Cosmos
2017-10-05,2.85,Cosmos
2017-10-06,0.0,Cosmos
2017-10-07,0.0,Cosmos
2017-10-08,3.0,Cosmos
2017-10-09,0.8099999999999999,Cosmos
2017-10-10,0.0,Cosmos
2017-10-11,0.99,Cosmos
2017-10-12,0.0,Cosmos
2017-10-13,0.0,Cosmos
2017-10-14,0.0,Cosmos
2017-10-15,0.0,Cosmos
2017-10-16,0.0,Cosmos
2017-10-17,0.0,Cosmos
2017-10-18,0.0,Cosmos
2017-10-19,0.0,Cosmos
2017-10-20,0.0,Cosmos
2017-10-21,0.0,Cosmos
2017-10-22,0.0,Cosmos
2017-10-23,0.0,Cosmos
2017-10-24,0.78,Cosmos
2017-10-25,0.0,Cosmos
2017-10-26,0.0,Cosmos
2017-10-27,0.0,Cosmos
2017-10-28,0.0,Cosmos
2017-10-29,0.0,Cosmos
2017-10-30,1.11,Cosmos
2017-10-31,0.0,Cosmos
2017-11-01,0.0,Cosmos
2017-11-02,0.0,Cosmos
2017-11-03,0.0,Cosmos
2017-11-04,2.0,Cosmos
2017-11-05,0.0,Cosmos
2017-11-06,0.0,Cosmos
2017-11-07,0.0,Cosmos
2017-11-08,0.0,Cosmos
2017-11-09,0.0,Cosmos
2017-11-10,4.0,Cosmos
2017-11-11,0.0,Cosmos
2017-11-12,3.84,Cosmos
2017-11-13,1.6,Cosmos
2017-11-14,0.0,Cosmos
2017-11-15,1.56,Cosmos
2017-11-16,2.36,Cosmos
2017-11-17,0.0,Cosmos
2017-11-18,0.0,Cosmos
2017-11-19,0.0,Cosmos
2017-11-20,0.0,Cosmos
2017-11-21,3.04,Cosmos
2017-11-22,0.0,Cosmos
2017-11-23,0.0,Cosmos
2017-11-24,0.0,Cosmos
2017-11-25,0.0,Cosmos
2017-11-26,0.0,Cosmos
2017-11-27,0.0,Cosmos
2017-11-28,0.0,Cosmos
2017-11-29,0.0,Cosmos
2017-11-30,0.0,Cosmos
2017-12-01,0.0,Cosmos
2017-12-02,3.36,Cosmos
2017-12-03,2.34,Cosmos
2017-12-04,0.0,Cosmos
2017-12-05,1.14,Cosmos
2017-12-06,0.0,Cosmos
2017-12-07,0.0,Cosmos
2017-12-08,0.0,Cosmos
2017-12-09,0.0,Cosmos
2017-12-10,0.0,Cosmos
2017-12-11,0.0,Cosmos
2017-12-12,0.0,Cosmos
2017-12-13,0.0,Cosmos
2017-12-14,0.0,Cosmos
2017-12-15,2.1,Cosmos
2017-12-16,0.0,Cosmos
2017-12-17,2.16,Cosmos
2017-12-18,0.0,Cosmos
2017-12-19,0.0,Cosmos
2017-12-20,1.02,Cosmos
2017-12-21,0.0,Cosmos
2017-12-22,0.0,Cosmos
2017-12-23,0.0,Cosmos
2017-12-24,2.28,Cosmos
2017-12-25,0.0,Cosmos
2017-12-26,0.0,Cosmos
2017-12-27,1.5,Cosmos
2017-12-28,0.0,Cosmos
2017-12-29,1.98,Cosmos
2017-12-30,1.74,Cosmos
2017-12-31,6.0,Cosmos
2018-01-01,0.0,Cosmos
2018-01-02,0.0,Cosmos
2018-01-03,0.0,Cosmos
2018-01-04,0.0,Cosmos
2018-01-05,4.550000000000001,Cosmos
2018-01-06,4.69,Cosmos
2018-01-07,0.0,Cosmos
2018-01-08,0.0,Cosmos
2018-01-09,2.45,Cosmos
2018-01-10,0.0,Cosmos
2018-01-11,0.0,Cosmos
2018-01-12,0.0,Cosmos
2018-01-13,0.0,Cosmos
2018-01-14,4.0600000000000005,Cosmos
2018-01-15,0.0,Cosmos
2018-01-16,0.0,Cosmos
2018-01-17,2.5200000000000005,Cosmos
2018-01-18,0.0,Cosmos
2018-01-19,0.0,Cosmos
2018-01-20,3.01,Cosmos
2018-01-21,0.0,Cosmos
2018-01-22,0.0,Cosmos
2018-01-23,0.0,Cosmos
2018-01-24,6.510000000000001,Cosmos
2018-01-25,0.0,Cosmos
2018-01-26,0.0,Cosmos
2018-01-27,0.0,Cosmos
2018-01-28,7.000000000000001,Cosmos
2018-01-29,0.0,Cosmos
2018-01-30,0.0,Cosmos
2018-01-31,0.0,Cosmos
2018-02-01,3.3600000000000003,Cosmos
2018-02-02,0.0,Cosmos
2018-02-03,4.48,Cosmos
2018-02-04,0.0,Cosmos
2018-02-05,3.2900000000000005,Cosmos
2018-02-06,0.0,Cosmos
2018-02-07,0.0,Cosmos
2018-02-08,0.0,Cosmos
2018-02-09,0.0,Cosmos
2018-02-10,0.0,Cosmos
2018-02-11,2.66,Cosmos
2018-02-12,7.000000000000001,Cosmos
2018-02-13,0.0,Cosmos
2018-02-14,0.0,Cosmos
2018-02-15,0.0,Cosmos
2018-02-16,0.0,Cosmos
2018-02-17,2.5900000000000003,Cosmos
2018-02-18,4.62,Cosmos
2018-02-19,0.0,Cosmos
2018-02-20,0.0,Cosmos
2018-02-21,2.87,Cosmos
2018-02-22,0.0,Cosmos
2018-02-23,0.0,Cosmos
2018-02-24,0.0,Cosmos
2018-02-25,0.0,Cosmos
2018-02-26,0.0,Cosmos
2018-02-27,0.0,Cosmos
2018-02-28,0.0,Cosmos
2018-03-01,0.0,Cosmos
2018-03-02,0.0,Cosmos
2018-03-03,0.0,Cosmos
2018-03-04,0.0,Cosmos
2018-03-05,0.0,Cosmos
2018-03-06,1.9,Cosmos
2018-03-07,0.0,Cosmos
2018-03-08,0.0,Cosmos
2018-03-09,0.0,Cosmos
2018-03-10,0.0,Cosmos
2018-03-11,0.0,Cosmos
2018-03-12,0.0,Cosmos
2018-03-13,2.0,Cosmos
2018-03-14,0.0,Cosmos
2018-03-15,1.18,Cosmos
2018-03-16,0.0,Cosmos
2018-03-17,1.32,Cosmos
2018-03-18,0.0,Cosmos
2018-03-19,0.0,Cosmos
2018-03-20,0.0,Cosmos
2018-03-21,0.0,Cosmos
2018-03-22,0.0,Cosmos
2018-03-23,0.0,Cosmos
2018-03-24,0.0,Cosmos
2018-03-25,0.0,Cosmos
2018-03-26,0.0,Cosmos
2018-03-27,0.0,Cosmos
2018-03-28,0.0,Cosmos
2018-03-29,0.0,Cosmos
2018-03-30,0.0,Cosmos
2018-03-31,0.0,Cosmos
2018-04-01,0.0,Cosmos
2018-04-02,0.0,Cosmos
2018-04-03,0.0,Cosmos
2018-04-04,0.0,Cosmos
2018-04-05,1.86,Cosmos
2018-04-06,0.0,Cosmos
2018-04-07,0.0,Cosmos
2018-04-08,0.0,Cosmos
2018-04-09,1.89,Cosmos
2018-04-10,0.0,Cosmos
2018-04-11,0.0,Cosmos
2018-04-12,2.52,Cosmos
2018-04-13,3.0,Cosmos
2018-04-14,0.0,Cosmos
2018-04-15,0.0,Cosmos
2018-04-16,0.0,Cosmos
2018-04-17,0.0,Cosmos
2018-04-18,0.0,Cosmos
2018-04-19,0.0,Cosmos
2018-04-20,0.0,Cosmos
2018-04-21,0.0,Cosmos
2018-04-22,0.0,Cosmos
2018-04-23,1.92,Cosmos
2018-04-24,0.0,Cosmos
2018-04-25,0.0,Cosmos
2018-04-26,2.4299999999999997,Cosmos
2018-04-27,0.0,Cosmos
2018-04-28,2.85,Cosmos
2018-04-29,0.0,Cosmos
2018-04-30,0.0,Cosmos
2018-05-01,0.0,Cosmos
2018-05-02,0.8,Cosmos
2018-05-03,0.0,Cosmos
2018-05-04,1.88,Cosmos
2018-05-05,0.0,Cosmos
2018-05-06,0.0,Cosmos
2018-05-07,0.0,Cosmos
2018-05-08,0.0,Cosmos
2018-05-09,1.84,Cosmos
2018-05-10,0.0,Cosmos
2018-05-11,0.0,Cosmos
2018-05-12,0.0,Cosmos
2018-05-13,2.92,Cosmos
2018-05-14,0.0,Cosmos
2018-05-15,0.0,Cosmos
2018-05-16,0.0,Cosmos
2018-05-17,0.0,Cosmos
2018-05-18,0.0,Cosmos
2018-05-19,4.0,Cosmos
2018-05-20,0.0,Cosmos
2018-05-21,0.0,Cosmos
2018-05-22,0.0,Cosmos
2018-05-23,0.0,Cosmos
2018-05-24,0.0,Cosmos
2018-05-25,0.0,Cosmos
2018-05-26,0.0,Cosmos
2018-05-27,0.0,Cosmos
2018-05-28,1.24,Cosmos
2018-05-29,0.0,Cosmos
2018-05-30,1.76,Cosmos
2018-05-31,0.0,Cosmos
2018-06-01,0.0,Cosmos
2018-06-02,0.0,Cosmos
2018-06-03,0.0,Cosmos
2018-06-04,0.0,Cosmos
2018-06-05,7.000000000000001,Cosmos
2018-06-06,0.0,Cosmos
2018-06-07,5.040000000000001,Cosmos
2018-06-08,0.0,Cosmos
2018-06-09,6.300000000000001,Cosmos
2018-06-10,0.0,Cosmos
2018-06-11,0.0,Cosmos
2018-06-12,0.0,Cosmos
2018-06-13,0.0,Cosmos
2018-06-14,0.0,Cosmos
2018-06-15,0.0,Cosmos
2018-06-16,0.0,Cosmos
2018-06-17,0.0,Cosmos
2018-06-18,0.0,Cosmos
2018-06-19,0.0,Cosmos
2018-06-20,0.0,Cosmos
2018-06-21,0.0,Cosmos
2018-06-22,0.0,Cosmos
2018-06-23,0.0,Cosmos
2018-06-24,0.0,Cosmos
2018-06-25,0.0,Cosmos
2018-06-26,5.460000000000001,Cosmos
2018-06-27,0.0,Cosmos
2018-06-28,0.0,Cosmos
2018-06-29,0.0,Cosmos
2018-06-30,0.0,Cosmos
2018-07-01,0.0,Cosmos
2018-07-02,0.0,Cosmos
2018-07-03,0.0,Cosmos
2018-07-04,0.0,Cosmos
2018-07-05,4.0,Cosmos
2018-07-06,0.0,Cosmos
2018-07-07,0.0,Cosmos
2018-07-08,0.0,Cosmos
2018-07-09,0.0,Cosmos
2018-07-10,3.8,Cosmos
2018-07-11,0.0,Cosmos
2018-07-12,0.0,Cosmos
2018-07-13,2.72,Cosmos
2018-07-14,0.0,Cosmos
2018-07-15,0.0,Cosmos
2018-07-16,0.0,Cosmos
2018-07-17,2.16,Cosmos
2018-07-18,0.0,Cosmos
2018-07-19,0.0,Cosmos
2018-07-20,3.8,Cosmos
2018-07-21,0.0,Cosmos
2018-07-22,0.0,Cosmos
2018-07-23,0.0,Cosmos
2018-07-24,0.0,Cosmos
2018-07-25,0.0,Cosmos
2018-07-26,3.96,Cosmos
2018-07-27,0.0,Cosmos
2018-07-28,0.0,Cosmos
2018-07-29,0.0,Cosmos
2018-07-30,2.92,Cosmos
2018-07-31,0.0,Cosmos
2018-08-01,0.0,Cosmos
2018-08-02,0.0,Cosmos
2018-08-03,2.0,Cosmos
2018-08-04,0.0,Cosmos
2018-08-05,0.0,Cosmos
2018-08-06,0.0,Cosmos
2018-08-07,0.0,Cosmos
2018-08-08,0.0,Cosmos
2018-08-09,0.8200000000000001,Cosmos
2018-08-10,0.0,Cosmos
2018-08-11,0.84,Cosmos
2018-08-12,0.0,Cosmos
2018-08-13,0.0,Cosmos
2018-08-14,0.0,Cosmos
2018-08-15,0.0,Cosmos
2018-08-16,0.0,Cosmos
2018-08-17,0.0,Cosmos
2018-08-18,0.0,Cosmos
2018-08-19,0.0,Cosmos
2018-08-20,0.0,Cosmos
2018-08-21,0.0,Cosmos
2018-08-22,0.0,Cosmos
2018-08-23,0.0,Cosmos
2018-08-24,0.0,Cosmos
2018-08-25,1.76,Cosmos
2018-08-26,0.0,Cosmos
2018-08-27,0.0,Cosmos
2018-08-28,0.0,Cosmos
2018-08-29,0.0,Cosmos
2018-08-30,0.66,Cosmos
2018-08-31,1.34,Cosmos
2018-09-01,0.0,Cosmos
2018-09-02,1.7,Cosmos
2018-09-03,0.0,Cosmos
2018-09-04,0.0,Cosmos
2018-09-05,0.0,Cosmos
2018-09-06,0.0,Cosmos
2018-09-07,0.0,Cosmos
2018-09-08,0.7000000000000001,Cosmos
2018-09-09,0.0,Cosmos
2018-09-10,0.0,Cosmos
2018-09-11,0.0,Cosmos
2018-09-12,0.0,Cosmos
2018-09-13,0.0,Cosmos
2018-09-14,0.0,Cosmos
2018-09-15,0.8200000000000001,Cosmos
2018-09-16,0.0,Cosmos
2018-09-17,0.0,Cosmos
2018-09-18,0.0,Cosmos
2018-09-19,0.0,Cosmos
2018-09-20,0.0,Cosmos
2018-09-21,0.0,Cosmos
2018-09-22,1.22,Cosmos
2018-09-23,0.0,Cosmos
2018-09-24,2.0,Cosmos
2018-09-25,1.52,Cosmos
2018-09-26,1.26,Cosmos
2018-09-27,0.92,Cosmos
2018-09-28,1.6,Cosmos
2018-09-29,0.0,Cosmos
2018-09-30,0.0,Cosmos
2018-10-01,0.0,Cosmos
2018-10-02,0.0,Cosmos
2018-10-03,0.0,Cosmos
2018-10-04,1.4,Cosmos
2018-10-05,0.0,Cosmos
2018-10-06,0.0,Cosmos
2018-10-07,0.0,Cosmos
2018-10-08,0.0,Cosmos
2018-10-09,1.4,Cosmos
2018-10-10,0.0,Cosmos
2018-10-11,0.0,Cosmos
2018-10-12,0.0,Cosmos
2018-10-13,1.32,Cosmos
2018-10-14,0.0,Cosmos
2018-10-15,0.0,Cosmos
2018-10-16,0.0,Cosmos
2018-10-17,0.0,Cosmos
2018-10-18,0.0,Cosmos
2018-10-19,0.0,Cosmos
2018-10-20,2.0,Cosmos
2018-10-21,0.0,Cosmos
2018-10-22,1.2,Cosmos
2018-10-23,0.8,Cosmos
2018-10-24,0.0,Cosmos
2018-10-25,0.0,Cosmos
2018-10-26,0.0,Cosmos
2018-10-27,1.08,Cosmos
2018-10-28,1.14,Cosmos
2018-10-29,0.0,Cosmos
2018-10-30,0.0,Cosmos
2018-10-31,0.7000000000000001,Cosmos
2018-11-01,0.0,Cosmos
2018-11-02,0.0,Cosmos
2018-11-03,0.0,Cosmos
2018-11-04,0.0,Cosmos
2018-11-05,0.0,Cosmos
2018-11-06,0.0,Cosmos
2018-11-07,0.0,Cosmos
2018-11-08,0.0,Cosmos
2018-11-09,0.25,Cosmos
2018-11-10,0.0,Cosmos
2018-11-11,0.0,Cosmos
2018-11-12,0.78,Cosmos
2018-11-13,0.23,Cosmos
2018-11-14,0.0,Cosmos
2018-11-15,0.0,Cosmos
2018-11-16,0.0,Cosmos
2018-11-17,0.0,Cosmos
2018-11-18,0.0,Cosmos
2018-11-19,0.0,Cosmos
2018-11-20,0.56,Cosmos
2018-11-21,1.0,Cosmos
2018-11-22,0.0,Cosmos
2018-11-23,0.0,Cosmos
2018-11-24,0.0,Cosmos
2018-11-25,0.0,Cosmos
2018-11-26,0.0,Cosmos
2018-11-27,0.25,Cosmos
2018-11-28,0.0,Cosmos
2018-11-29,0.0,Cosmos
2018-11-30,0.0,Cosmos
2018-12-01,0.0,Cosmos
2018-12-02,0.0,Cosmos
2018-12-03,0.0,Cosmos
2018-12-04,0.0,Cosmos
2018-12-05,2.45,Cosmos
2018-12-06,0.0,Cosmos
2018-12-07,0.0,Cosmos
2018-12-08,0.0,Cosmos
2018-12-09,0.0,Cosmos
2018-12-10,0.0,Cosmos
2018-12-11,0.0,Cosmos
2018-12-12,0.0,Cosmos
2018-12-13,0.0,Cosmos
2018-12-14,0.0,Cosmos
2018-12-15,0.0,Cosmos
2018-12-16,0.0,Cosmos
2018-12-17,0.0,Cosmos
2018-12-18,0.0,Cosmos
2018-12-19,0.0,Cosmos
2018-12-20,0.0,Cosmos
2018-12-21,0.0,Cosmos
2018-12-22,2.75,Cosmos
2018-12-23,0.0,Cosmos
2018-12-24,0.0,Cosmos
2018-12-25,0.0,Cosmos
2018-12-26,0.0,Cosmos
2018-12-27,0.0,Cosmos
2018-12-28,3.0,Cosmos
2018-12-29,5.0,Cosmos
2018-12-30,0.0,Cosmos
2018-12-31,0.0,Cosmos
2019-01-01,0.0,Cosmos
2019-01-02,0.0,Cosmos
2019-01-03,0.0,Cosmos
2019-01-04,0.0,Cosmos
2019-01-05,0.0,Cosmos
2019-01-06,0.0,Cosmos
2019-01-07,0.0,Cosmos
2019-01-08,0.0,Cosmos
2019-01-09,3.06,Cosmos
2019-01-10,3.24,Cosmos
2019-01-11,0.0,Cosmos
2019-01-12,0.0,Cosmos
2019-01-13,0.0,Cosmos
2019-01-14,0.0,Cosmos
2019-01-15,2.52,Cosmos
2019-01-16,0.0,Cosmos
2019-01-17,4.9799999999999995,Cosmos
2019-01-18,0.0,Cosmos
2019-01-19,0.0,Cosmos
2019-01-20,3.78,Cosmos
2019-01-21,6.0,Cosmos
2019-01-22,0.0,Cosmos
2019-01-23,0.0,Cosmos
2019-01-24,0.0,Cosmos
2019-01-25,0.0,Cosmos
2019-01-26,0.0,Cosmos
2019-01-27,0.0,Cosmos
2019-01-28,2.28,Cosmos
2019-01-29,0.0,Cosmos
2019-01-30,0.0,Cosmos
2019-01-31,0.0,Cosmos
2019-02-01,0.0,Cosmos
2019-02-02,5.44,Cosmos
2019-02-03,0.0,Cosmos
2019-02-04,0.0,Cosmos
2019-02-05,0.0,Cosmos
2019-02-06,0.0,Cosmos
2019-02-07,0.0,Cosmos
2019-02-08,0.0,Cosmos
2019-02-09,0.0,Cosmos
2019-02-10,5.28,Cosmos
2019-02-11,0.0,Cosmos
2019-02-12,0.0,Cosmos
2019-02-13,0.0,Cosmos
2019-02-14,0.0,Cosmos
2019-02-15,0.0,Cosmos
2019-02-16,4.96,Cosmos
2019-02-17,0.0,Cosmos
2019-02-18,7.52,Cosmos
2019-02-19,0.0,Cosmos
2019-02-20,0.0,Cosmos
2019-02-21,8.0,Cosmos
2019-02-22,0.0,Cosmos
2019-02-23,0.0,Cosmos
2019-02-24,0.0,Cosmos
2019-02-25,0.0,Cosmos
2019-02-26,3.84,Cosmos
2019-02-27,0.0,Cosmos
2019-02-28,0.0,Cosmos
2019-03-01,0.0,Cosmos
2019-03-02,0.0,Cosmos
2019-03-03,0.0,Cosmos
2019-03-04,10.0,Cosmos
2019-03-05,2.1,Cosmos
2019-03-06,0.0,Cosmos
2019-03-07,0.0,Cosmos
2019-03-08,0.0,Cosmos
2019-03-09,0.0,Cosmos
2019-03-10,5.800000000000001,Cosmos
2019-03-11,0.0,Cosmos
2019-03-12,0.0,Cosmos
2019-03-13,0.0,Cosmos
2019-03-14,0.0,Cosmos
2019-03-15,7.1000000000000005,Cosmos
2019-03-16,2.6,Cosmos
2019-03-17,7.4,Cosmos
2019-03-18,0.0,Cosmos
2019-03-19,0.0,Cosmos
2019-03-20,2.8000000000000003,Cosmos
2019-03-21,0.0,Cosmos
2019-03-22,0.0,Cosmos
2019-03-23,2.5,Cosmos
2019-03-24,0.0,Cosmos
2019-03-25,2.6,Cosmos
2019-03-26,0.0,Cosmos
2019-03-27,0.0,Cosmos
2019-03-28,0.0,Cosmos
2019-03-29,0.0,Cosmos
2019-03-30,0.0,Cosmos
2019-03-31,0.0,Cosmos
2019-04-01,5.880000000000001,Cosmos
2019-04-02,2.8000000000000003,Cosmos
2019-04-03,0.0,Cosmos
2019-04-04,0.0,Cosmos
2019-04-05,0.0,Cosmos
2019-04-06,0.0,Cosmos
2019-04-07,0.0,Cosmos
2019-04-08,2.9400000000000004,Cosmos
2019-04-09,3.78,Cosmos
2019-04-10,0.0,Cosmos
2019-04-11,5.6000000000000005,Cosmos
2019-04-12,0.0,Cosmos
2019-04-13,14.000000000000002,Cosmos
2019-04-14,0.0,Cosmos
2019-04-15,0.0,Cosmos
2019-04-16,0.0,Cosmos
2019-04-17,0.0,Cosmos
2019-04-18,0.0,Cosmos
2019-04-19,4.48,Cosmos
2019-04-20,0.0,Cosmos
2019-04-21,0.0,Cosmos
2019-04-22,0.0,Cosmos
2019-04-23,0.0,Cosmos
2019-04-24,0.0,Cosmos
2019-04-25,0.0,Cosmos
2019-04-26,0.0,Cosmos
2019-04-27,5.32,Cosmos
2019-04-28,0.0,Cosmos
2019-04-29,4.760000000000001,Cosmos
2019-04-30,3.78,Cosmos
2019-05-01,0.0,Cosmos
2019-05-02,0.0,Cosmos
2019-05-03,0.0,Cosmos
2019-05-04,0.0,Cosmos
2019-05-05,0.0,Cosmos
2019-05-06,0.0,Cosmos
2019-05-07,0.0,Cosmos
2019-05-08,0.0,Cosmos
2019-05-09,0.0,Cosmos
2019-05-10,4.2,Cosmos
2019-05-11,0.0,Cosmos
2019-05-12,4.2,Cosmos
2019-05-13,0.0,Cosmos
2019-05-14,0.0,Cosmos
2019-05-15,7.4,Cosmos
2019-05-16,6.1000000000000005,Cosmos
2019-05-17,0.0,Cosmos
2019-05-18,0.0,Cosmos
2019-05-19,0.0,Cosmos
2019-05-20,5.300000000000001,Cosmos
2019-05-21,3.7,Cosmos
2019-05-22,0.0,Cosmos
2019-05-23,0.0,Cosmos
2019-05-24,0.0,Cosmos
2019-05-25,5.1000000000000005,Cosmos
2019-05-26,0.0,Cosmos
2019-05-27,10.0,Cosmos
2019-05-28,0.0,Cosmos
2019-05-29,9.2,Cosmos
2019-05-30,0.0,Cosmos
2019-05-31,0.0,Cosmos
2019-06-01,0.0,Cosmos
2019-06-02,0.0,Cosmos
2019-06-03,4.41,Cosmos
2019-06-04,0.0,Cosmos
2019-06-05,3.69,Cosmos
2019-06-06,0.0,Cosmos
2019-06-07,3.51,Cosmos
2019-06-08,0.0,Cosmos
2019-06-09,6.4799999999999995,Cosmos
2019-06-10,0.0,Cosmos
2019-06-11,0.0,Cosmos
2019-06-12,0.0,Cosmos
2019-06-13,0.0,Cosmos
2019-06-14,0.0,Cosmos
2019-06-15,3.06,Cosmos
2019-06-16,4.41,Cosmos
2019-06-17,0.0,Cosmos
2019-06-18,2.25,Cosmos
2019-06-19,0.0,Cosmos
2019-06-20,2.6999999999999997,Cosmos
2019-06-21,3.24,Cosmos
2019-06-22,0.0,Cosmos
2019-06-23,2.6999999999999997,Cosmos
2019-06-24,0.0,Cosmos
2019-06-25,4.05,Cosmos
2019-06-26,0.0,Cosmos
2019-06-27,0.0,Cosmos
2019-06-28,0.0,Cosmos
2019-06-29,9.0,Cosmos
2019-06-30,0.0,Cosmos
2019-07-01,4.0,Cosmos
2019-07-02,2.56,Cosmos
2019-07-03,2.48,Cosmos
2019-07-04,8.0,Cosmos
2019-07-05,3.44,Cosmos
2019-07-06,0.0,Cosmos
2019-07-07,0.0,Cosmos
2019-07-08,0.0,Cosmos
2019-07-09,0.0,Cosmos
2019-07-10,0.0,Cosmos
2019-07-11,0.0,Cosmos
2019-07-12,0.0,Cosmos
2019-07-13,0.0,Cosmos
2019-07-14,0.0,Cosmos
2019-07-15,0.0,Cosmos
2019-07-16,0.0,Cosmos
2019-07-17,3.44,Cosmos
2019-07-18,0.0,Cosmos
2019-07-19,0.0,Cosmos
2019-07-20,0.0,Cosmos
2019-07-21,0.0,Cosmos
2019-07-22,0.0,Cosmos
2019-07-23,4.24,Cosmos
2019-07-24,3.76,Cosmos
2019-07-25,0.0,Cosmos
2019-07-26,0.0,Cosmos
2019-07-27,0.0,Cosmos
2019-07-28,0.0,Cosmos
2019-07-29,3.6,Cosmos
2019-07-30,0.0,Cosmos
2019-07-31,0.0,Cosmos
2019-08-01,0.0,Cosmos
2019-08-02,0.0,Cosmos
2019-08-03,0.0,Cosmos
2019-08-04,0.0,Cosmos
2019-08-05,0.0,Cosmos
2019-08-06,6.6,Cosmos
2019-08-07,0.0,Cosmos
2019-08-08,11.0,Cosmos
2019-08-09,0.0,Cosmos
2019-08-10,0.0,Cosmos
2019-08-11,0.0,Cosmos
2019-08-12,0.0,Cosmos
2019-08-13,0.0,Cosmos
2019-08-14,0.0,Cosmos
2019-08-15,2.75,Cosmos
2019-08-16,0.0,Cosmos
2019-08-17,5.61,Cosmos
2019-08-18,4.84,Cosmos
2019-08-19,3.52,Cosmos
2019-08-20,0.0,Cosmos
2019-08-21,0.0,Cosmos
2019-08-22,0.0,Cosmos
2019-08-23,0.0,Cosmos
2019-08-24,5.83,Cosmos
2019-08-25,0.0,Cosmos
2019-08-26,2.75,Cosmos
2019-08-27,0.0,Cosmos
2019-08-28,0.0,Cosmos
2019-08-29,0.0,Cosmos
2019-08-30,0.0,Cosmos
2019-08-31,2.75,Cosmos
2019-09-01,0.0,Cosmos
2019-09-02,8.0,Cosmos
2019-09-03,0.0,Cosmos
2019-09-04,0.0,Cosmos
2019-09-05,0.0,Cosmos
2019-09-06,0.0,Cosmos
2019-09-07,0.0,Cosmos
2019-09-08,0.0,Cosmos
2019-09-09,0.0,Cosmos
2019-09-10,0.0,Cosmos
2019-09-11,0.0,Cosmos
2019-09-12,0.0,Cosmos
2019-09-13,0.0,Cosmos
2019-09-14,0.0,Cosmos
2019-09-15,0.0,Cosmos
2019-09-16,6.5600000000000005,Cosmos
2019-09-17,4.0,Cosmos
2019-09-18,0.0,Cosmos
2019-09-19,0.0,Cosmos
2019-09-20,0.0,Cosmos
2019-09-21,0.0,Cosmos
2019-09-22,0.0,Cosmos
2019-09-23,0.0,Cosmos
2019-09-24,0.0,Cosmos
2019-09-25,0.0,Cosmos
2019-09-26,4.88,Cosmos
2019-09-27,0.0,Cosmos
2019-09-28,5.92,Cosmos
2019-09-29,0.0,Cosmos
2019-09-30,0.0,Cosmos
2019-10-01,1.05,Cosmos
2019-10-02,0.0,Cosmos
2019-10-03,0.0,Cosmos
2019-10-04,0.0,Cosmos
2019-10-05,1.15,Cosmos
2019-10-06,3.0500000000000003,Cosmos
2019-10-07,2.35,Cosmos
2019-10-08,2.75,Cosmos
2019-10-09,0.0,Cosmos
2019-10-10,0.0,Cosmos
2019-10-11,0.0,Cosmos
2019-10-12,0.0,Cosmos
2019-10-13,1.25,Cosmos
2019-10-14,1.0,Cosmos
2019-10-15,0.0,Cosmos
2019-10-16,0.0,Cosmos
2019-10-17,5.0,Cosmos
2019-10-18,0.0,Cosmos
2019-10-19,0.0,Cosmos
2019-10-20,0.0,Cosmos
2019-10-21,0.0,Cosmos
2019-10-22,0.0,Cosmos
2019-10-23,0.0,Cosmos
2019-10-24,0.0,Cosmos
2019-10-25,0.0,Cosmos
2019-10-26,0.0,Cosmos
2019-10-27,0.0,Cosmos
2019-10-28,0.0,Cosmos
2019-10-29,0.0,Cosmos
2019-10-30,0.0,Cosmos
2019-10-31,0.0,Cosmos
2019-11-01,0.0,Cosmos
2019-11-02,0.0,Cosmos
2019-11-03,0.0,Cosmos
2019-11-04,0.0,Cosmos
2019-11-05,0.0,Cosmos
2019-11-06,0.0,Cosmos
2019-11-07,0.0,Cosmos
2019-11-08,0.0,Cosmos
2019-11-09,1.08,Cosmos
2019-11-10,0.0,Cosmos
2019-11-11,0.0,Cosmos
2019-11-12,0.0,Cosmos
2019-11-13,0.0,Cosmos
2019-11-14,0.0,Cosmos
2019-11-15,1.2,Cosmos
2019-11-16,0.0,Cosmos
2019-11-17,0.0,Cosmos
2019-11-18,0.0,Cosmos
2019-11-19,2.8000000000000003,Cosmos
2019-11-20,0.0,Cosmos
2019-11-21,0.0,Cosmos
2019-11-22,0.0,Cosmos
2019-11-23,0.0,Cosmos
2019-11-24,2.04,Cosmos
2019-11-25,4.0,Cosmos
2019-11-26,0.0,Cosmos
2019-11-27,0.0,Cosmos
2019-11-28,1.48,Cosmos
2019-11-29,0.0,Cosmos
2019-11-30,0.0,Cosmos
2019-12-01,4.6000000000000005,Cosmos
2019-12-02,0.0,Cosmos
2019-12-03,4.7,Cosmos
2019-12-04,0.0,Cosmos
2019-12-05,3.4000000000000004,Cosmos
2019-12-06,0.0,Cosmos
2019-12-07,0.0,Cosmos
2019-12-08,0.0,Cosmos
2019-12-09,6.300000000000001,Cosmos
2019-12-10,2.5,Cosmos
2019-12-11,0.0,Cosmos
2019-12-12,0.0,Cosmos
2019-12-13,0.0,Cosmos
2019-12-14,0.0,Cosmos
2019-12-15,6.7,Cosmos
2019-12-16,0.0,Cosmos
2019-12-17,10.0,Cosmos
2019-12-18,0.0,Cosmos
2019-12-19,0.0,Cosmos
2019-12-20,0.0,Cosmos
2019-12-21,3.3000000000000003,Cosmos
2019-12-22,0.0,Cosmos
2019-12-23,0.0,Cosmos
2019-12-24,6.9,Cosmos
2019-12-25,0.0,Cosmos
2019-12-26,0.0,Cosmos
2019-12-27,0.0,Cosmos
2019-12-28,0.0,Cosmos
2019-12-29,0.0,Cosmos
2019-12-30,0.0,Cosmos
2019-12-31,3.6,Cosmos
2020-01-01,0.0,Cosmos
2020-01-02,0.0,Cosmos
2020-01-03,0.0,Cosmos
2020-01-04,0.0,Cosmos
2020-01-05,0.0,Cosmos
2020-01-06,4.73,Cosmos
2020-01-07,0.0,Cosmos
2020-01-08,4.95,Cosmos
2020-01-09,0.0,Cosmos
2020-01-10,0.0,Cosmos
2020-01-11,0.0,Cosmos
2020-01-12,3.85,Cosmos
2020-01-13,0.0,Cosmos
2020-01-14,3.08,Cosmos
2020-01-15,0.0,Cosmos
2020-01-16,0.0,Cosmos
2020-01-17,11.0,Cosmos
2020-01-18,0.0,Cosmos
2020-01-19,0.0,Cosmos
2020-01-20,6.38,Cosmos
2020-01-21,0.0,Cosmos
2020-01-22,1.87,Cosmos
2020-01-23,2.31,Cosmos
2020-01-24,0.0,Cosmos
2020-01-25,0.0,Cosmos
2020-01-26,4.51,Cosmos
2020-01-27,7.48,Cosmos
2020-01-28,0.0,Cosmos
2020-01-29,0.0,Cosmos
2020-01-30,3.3,Cosmos
2020-01-31,0.0,Cosmos
2020-02-01,0.0,Cosmos
2020-02-02,0.0,Cosmos
2020-02-03,0.0,Cosmos
2020-02-04,0.0,Cosmos
2020-02-05,0.0,Cosmos
2020-02-06,7.000000000000001,Cosmos
2020-02-07,0.0,Cosmos
2020-02-08,0.0,Cosmos
2020-02-09,0.0,Cosmos
2020-02-10,6.720000000000001,Cosmos
2020-02-11,0.0,Cosmos
2020-02-12,6.930000000000001,Cosmos
2020-02-13,0.0,Cosmos
2020-02-14,0.0,Cosmos
2020-02-15,0.0,Cosmos
2020-02-16,0.0,Cosmos
2020-02-17,0.0,Cosmos
2020-02-18,0.0,Cosmos
2020-02-19,5.460000000000001,Cosmos
2020-02-20,0.0,Cosmos
2020-02-21,6.65,Cosmos
2020-02-22,0.0,Cosmos
2020-02-23,0.0,Cosmos
2020-02-24,0.0,Cosmos
2020-02-25,0.0,Cosmos
2020-02-26,0.0,Cosmos
2020-02-27,0.0,Cosmos
2020-02-28,0.0,Cosmos
2020-02-29,6.720000000000001,Cosmos
2020-03-01,0.0,Cosmos
2020-03-02,0.0,Cosmos
2020-03-03,0.0,Cosmos
2020-03-04,0.0,Cosmos
2020-03-05,0.0,Cosmos
2020-03-06,0.0,Cosmos
2020-03-07,5.36,Cosmos
2020-03-08,0.0,Cosmos
2020-03-09,4.88,Cosmos
2020-03-10,2.88,Cosmos
2020-03-11,0.0,Cosmos
2020-03-12,0.0,Cosmos
2020-03-13,0.0,Cosmos
2020-03-14,7.6,Cosmos
2020-03-15,6.16,Cosmos
2020-03-16,6.96,Cosmos
2020-03-17,0.0,Cosmos
2020-03-18,8.0,Cosmos
2020-03-19,0.0,Cosmos
2020-03-20,0.0,Cosmos
2020-03-21,6.16,Cosmos
2020-03-22,0.0,Cosmos
2020-03-23,0.0,Cosmos
2020-03-24,0.0,Cosmos
2020-03-25,0.0,Cosmos
2020-03-26,3.92,Cosmos
2020-03-27,0.0,Cosmos
2020-03-28,0.0,Cosmos
2020-03-29,0.0,Cosmos
2020-03-30,0.0,Cosmos
2020-03-31,0.0,Cosmos
2020-04-01,0.0,Cosmos
2020-04-02,0.0,Cosmos
2020-04-03,0.0,Cosmos
2020-04-04,0.0,Cosmos
2020-04-05,5.7,Cosmos
2020-04-06,7.5,Cosmos
2020-04-07,0.0,Cosmos
2020-04-08,4.0,Cosmos
2020-04-09,0.0,Cosmos
2020-04-10,5.4,Cosmos
2020-04-11,8.200000000000001,Cosmos
2020-04-12,10.0,Cosmos
2020-04-13,3.1,Cosmos
2020-04-14,0.0,Cosmos
2020-04-15,3.2,Cosmos
2020-04-16,0.0,Cosmos
2020-04-17,7.1000000000000005,Cosmos
2020-04-18,4.800000000000001,Cosmos
2020-04-19,0.0,Cosmos
2020-04-20,0.0,Cosmos
2020-04-21,4.5,Cosmos
2020-04-22,0.0,Cosmos
2020-04-23,4.9,Cosmos
2020-04-24,0.0,Cosmos
2020-04-25,0.0,Cosmos
2020-04-26,0.0,Cosmos
2020-04-27,0.0,Cosmos
2020-04-28,3.0,Cosmos
2020-04-29,5.6000000000000005,Cosmos
2020-04-30,0.0,Cosmos
2020-05-01,7.67,Cosmos
2020-05-02,0.0,Cosmos
2020-05-03,13.0,Cosmos
2020-05-04,0.0,Cosmos
2020-05-05,3.51,Cosmos
2020-05-06,0.0,Cosmos
2020-05-07,0.0,Cosmos
2020-05-08,0.0,Cosmos
2020-05-09,5.8500000000000005,Cosmos
2020-05-10,0.0,Cosmos
2020-05-11,0.0,Cosmos
2020-05-12,0.0,Cosmos
2020-05-13,0.0,Cosmos
2020-05-14,0.0,Cosmos
2020-05-15,0.0,Cosmos
2020-05-16,0.0,Cosmos
2020-05-17,4.03,Cosmos
2020-05-18,7.67,Cosmos
2020-05-19,0.0,Cosmos
2020-05-20,0.0,Cosmos
2020-05-21,6.76,Cosmos
2020-05-22,3.64,Cosmos
2020-05-23,0.0,Cosmos
2020-05-24,0.0,Cosmos
2020-05-25,0.0,Cosmos
2020-05-26,4.8100000000000005,Cosmos
2020-05-27,3.9,Cosmos
2020-05-28,7.54,Cosmos
2020-05-29,0.0,Cosmos
2020-05-30,6.24,Cosmos
2020-05-31,4.94,Cosmos
2020-06-01,0.0,Cosmos
2020-06-02,0.0,Cosmos
2020-06-03,5.39,Cosmos
2020-06-04,0.0,Cosmos
2020-06-05,0.0,Cosmos
2020-06-06,4.62,Cosmos
2020-06-07,0.0,Cosmos
2020-06-08,0.0,Cosmos
2020-06-09,8.03,Cosmos
2020-06-10,0.0,Cosmos
2020-06-11,10.34,Cosmos
2020-06-12,11.0,Cosmos
2020-06-13,0.0,Cosmos
2020-06-14,0.0,Cosmos
2020-06-15,0.0,Cosmos
2020-06-16,0.0,Cosmos
2020-06-17,0.0,Cosmos
2020-06-18,0.0,Cosmos
2020-06-19,4.62,Cosmos
2020-06-20,0.0,Cosmos
2020-06-21,0.0,Cosmos
2020-06-22,8.25,Cosmos
2020-06-23,10.01,Cosmos
2020-06-24,8.91,Cosmos
2020-06-25,6.71,Cosmos
2020-06-26,0.0,Cosmos
2020-06-27,10.12,Cosmos
2020-06-28,0.0,Cosmos
2020-06-29,0.0,Cosmos
2020-06-30,5.61,Cosmos
2020-07-01,0.0,Cosmos
2020-07-02,0.0,Cosmos
2020-07-03,8.120000000000001,Cosmos
2020-07-04,0.0,Cosmos
2020-07-05,12.32,Cosmos
2020-07-06,0.0,Cosmos
2020-07-07,0.0,Cosmos
2020-07-08,0.0,Cosmos
2020-07-09,0.0,Cosmos
2020-07-10,9.1,Cosmos
2020-07-11,0.0,Cosmos
2020-07-12,11.48,Cosmos
2020-07-13,5.040000000000001,Cosmos
2020-07-14,0.0,Cosmos
2020-07-15,0.0,Cosmos
2020-07-16,4.9,Cosmos
2020-07-17,0.0,Cosmos
2020-07-18,0.0,Cosmos
2020-07-19,6.720000000000001,Cosmos
2020-07-20,4.2,Cosmos
2020-07-21,0.0,Cosmos
2020-07-22,4.48,Cosmos
2020-07-23,0.0,Cosmos
2020-07-24,11.9,Cosmos
2020-07-25,5.32,Cosmos
2020-07-26,9.38,Cosmos
2020-07-27,0.0,Cosmos
2020-07-28,14.000000000000002,Cosmos
2020-07-29,0.0,Cosmos
2020-07-30,0.0,Cosmos
2020-07-31,7.000000000000001,Cosmos
2020-08-01,0.0,Cosmos
2020-08-02,0.0,Cosmos
2020-08-03,0.0,Cosmos
2020-08-04,0.0,Cosmos
2020-08-05,8.67,Cosmos
2020-08-06,0.0,Cosmos
2020-08-07,0.0,Cosmos
2020-08-08,6.630000000000001,Cosmos
2020-08-09,0.0,Cosmos
2020-08-10,17.0,Cosmos
2020-08-11,0.0,Cosmos
2020-08-12,8.16,Cosmos
2020-08-13,0.0,Cosmos
2020-08-14,0.0,Cosmos
2020-08-15,0.0,Cosmos
2020-08-16,0.0,Cosmos
2020-08-17,0.0,Cosmos
2020-08-18,7.48,Cosmos
2020-08-19,0.0,Cosmos
2020-08-20,11.73,Cosmos
2020-08-21,9.35,Cosmos
2020-08-22,6.630000000000001,Cosmos
2020-08-23,12.07,Cosmos
2020-08-24,5.61,Cosmos
2020-08-25,16.66,Cosmos
2020-08-26,0.0,Cosmos
2020-08-27,0.0,Cosmos
2020-08-28,0.0,Cosmos
2020-08-29,9.69,Cosmos
2020-08-30,9.18,Cosmos
2020-08-31,8.84,Cosmos
2020-09-01,0.0,Cosmos
2020-09-02,3.84,Cosmos
2020-09-03,6.12,Cosmos
2020-09-04,0.0,Cosmos
2020-09-05,6.4799999999999995,Cosmos
2020-09-06,0.0,Cosmos
2020-09-07,12.0,Cosmos
2020-09-08,0.0,Cosmos
2020-09-09,0.0,Cosmos
2020-09-10,8.52,Cosmos
2020-09-11,0.0,Cosmos
2020-09-12,0.0,Cosmos
2020-09-13,0.0,Cosmos
2020-09-14,0.0,Cosmos
2020-09-15,0.0,Cosmos
2020-09-16,0.0,Cosmos
2020-09-17,0.0,Cosmos
2020-09-18,0.0,Cosmos
2020-09-19,0.0,Cosmos
2020-09-20,3.36,Cosmos
2020-09-21,3.72,Cosmos
2020-09-22,0.0,Cosmos
2020-09-23,0.0,Cosmos
2020-09-24,3.72,Cosmos
2020-09-25,0.0,Cosmos
2020-09-26,10.2,Cosmos
2020-09-27,0.0,Cosmos
2020-09-28,3.24,Cosmos
2020-09-29,0.0,Cosmos
2020-09-30,3.36,Cosmos
2020-10-01,8.28,Cosmos
2020-10-02,0.0,Cosmos
2020-10-03,5.16,Cosmos
2020-10-04,0.0,Cosmos
2020-10-05,0.0,Cosmos
2020-10-06,0.0,Cosmos
2020-10-07,4.2,Cosmos
2020-10-08,0.0,Cosmos
2020-10-09,0.0,Cosmos
2020-10-10,0.0,Cosmos
2020-10-11,0.0,Cosmos
2020-10-12,12.0,Cosmos
2020-10-13,4.68,Cosmos
2020-10-14,0.0,Cosmos
2020-10-15,7.56,Cosmos
2020-10-16,0.0,Cosmos
2020-10-17,0.0,Cosmos
2020-10-18,0.0,Cosmos
2020-10-19,6.84,Cosmos
2020-10-20,0.0,Cosmos
2020-10-21,0.0,Cosmos
2020-10-22,10.32,Cosmos
2020-10-23,0.0,Cosmos
2020-10-24,7.92,Cosmos
2020-10-25,0.0,Cosmos
2020-10-26,4.68,Cosmos
2020-10-27,0.0,Cosmos
2020-10-28,6.0,Cosmos
2020-10-29,0.0,Cosmos
2020-10-30,5.64,Cosmos
2020-10-31,9.6,Cosmos
2020-11-01,0.0,Cosmos
2020-11-02,0.0,Cosmos
2020-11-03,0.0,Cosmos
2020-11-04,0.0,Cosmos
2020-11-05,0.0,Cosmos
2020-11-06,4.55,Cosmos
2020-11-07,3.38,Cosmos
2020-11-08,4.29,Cosmos
2020-11-09,0.0,Cosmos
2020-11-10,0.0,Cosmos
2020-11-11,0.0,Cosmos
2020-11-12,0.0,Cosmos
2020-11-13,3.77,Cosmos
2020-11-14,4.42,Cosmos
2020-11-15,13.0,Cosmos
2020-11-16,3.51,Cosmos
2020-11-17,4.94,Cosmos
2020-11-18,0.0,Cosmos
2020-11-19,0.0,Cosmos
2020-11-20,0.0,Cosmos
2020-11-21,0.0,Cosmos
2020-11-22,0.0,Cosmos
2020-11-23,2.8600000000000003,Cosmos
2020-11-24,5.8500000000000005,Cosmos
2020-11-25,0.0,Cosmos
2020-11-26,6.37,Cosmos
2020-11-27,0.0,Cosmos
2020-11-28,0.0,Cosmos
2020-11-29,0.0,Cosmos
2020-11-30,0.0,Cosmos
2020-12-01,0.0,Cosmos
2020-12-02,7.36,Cosmos
2020-12-03,3.84,Cosmos
2020-12-04,12.48,Cosmos
2020-12-05,4.64,Cosmos
2020-12-06,3.84,Cosmos
2020-12-07,8.16,Cosmos
2020-12-08,0.0,Cosmos
2020-12-09,0.0,Cosmos
2020-12-10,0.0,Cosmos
2020-12-11,0.0,Cosmos
2020-12-12,7.04,Cosmos
2020-12-13,4.8,Cosmos
2020-12-14,6.24,Cosmos
2020-12-15,0.0,Cosmos
2020-12-16,3.84,Cosmos
2020-12-17,5.76,Cosmos
2020-12-18,4.32,Cosmos
2020-12-19,0.0,Cosmos
2020-12-20,0.0,Cosmos
2020-12-21,6.5600000000000005,Cosmos
2020-12-22,0.0,Cosmos
2020-12-23,0.0,Cosmos
2020-12-24,6.08,Cosmos
2020-12-25,0.0,Cosmos
2020-12-26,16.0,Cosmos
2020-12-27,6.88,Cosmos
2020-12-28,0.0,Cosmos
2020-12-29,4.8,Cosmos
2020-12-30,8.96,Cosmos
2020-12-31,0.0,Cosmos
2021-01-01,13.32,Cosmos
2021-01-02,0.0,Cosmos
2021-01-03,15.91,Cosmos
2021-01-04,0.0,Cosmos
2021-01-05,9.25,Cosmos
2021-01-06,16.65,Cosmos
2021-01-07,11.1,Cosmos
2021-01-08,16.28,Cosmos
2021-01-09,10.73,Cosmos
2021-01-10,15.91,Cosmos
2021-01-11,27.75,Cosmos
2021-01-12,0.0,Cosmos
2021-01-13,0.0,Cosmos
2021-01-14,12.58,Cosmos
2021-01-15,37.0,Cosmos
2021-01-16,21.09,Cosmos
2021-01-17,9.99,Cosmos
2021-01-18,0.0,Cosmos
2021-01-19,7.4,Cosmos
2021-01-20,0.0,Cosmos
2021-01-21,17.02,Cosmos
2021-01-22,15.17,Cosmos
2021-01-23,11.1,Cosmos
2021-01-24,0.0,Cosmos
2021-01-25,0.0,Cosmos
2021-01-26,15.54,Cosmos
2021-01-27,10.36,Cosmos
2021-01-28,7.4,Cosmos
2021-01-29,21.09,Cosmos
2021-01-30,35.89,Cosmos
2021-01-31,0.0,Cosmos
2021-02-01,25.0,Cosmos
2021-02-02,26.0,Cosmos
2021-02-03,33.0,Cosmos
2021-02-04,18.0,Cosmos
2021-02-05,25.0,Cosmos
2021-02-06,33.0,Cosmos
2021-02-07,48.0,Cosmos
2021-02-08,49.0,Cosmos
2021-02-09,69.0,Cosmos
2021-02-10,20.0,Cosmos
2021-02-11,47.0,Cosmos
2021-02-12,38.0,Cosmos
2021-02-13,83.0,Cosmos
2021-02-14,10.0,Cosmos
2021-02-15,50.0,Cosmos
2021-02-16,56.0,Cosmos
2021-02-17,100.0,Cosmos
2021-02-18,60.0,Cosmos
2021-02-19,34.0,Cosmos
2021-02-20,42.0,Cosmos
2021-02-21,65.0,Cosmos
2021-02-22,37.0,Cosmos
2021-02-23,52.0,Cosmos
2021-02-24,26.0,Cosmos
2021-02-25,41.0,Cosmos
2021-02-26,70.0,Cosmos
2021-02-27,24.0,Cosmos
2021-02-28,38.0,Cosmos
2021-03-01,34.309999999999995,Cosmos
2021-03-02,0.0,Cosmos
2021-03-03,45.59,Cosmos
2021-03-04,34.78,Cosmos
2021-03-05,0.0,Cosmos
2021-03-06,42.77,Cosmos
2021-03-07,30.08,Cosmos
2021-03-08,15.98,Cosmos
2021-03-09,34.78,Cosmos
2021-03-10,0.0,Cosmos
2021-03-11,23.5,Cosmos
2021-03-12,17.39,Cosmos
2021-03-13,0.0,Cosmos
2021-03-14,43.239999999999995,Cosmos
2021-03-15,0.0,Cosmos
2021-03-16,40.419999999999995,Cosmos
2021-03-17,47.0,Cosmos
2021-03-18,23.97,Cosmos
2021-03-19,21.15,Cosmos
2021-03-20,0.0,Cosmos
2021-03-21,15.98,Cosmos
2021-03-22,0.0,Cosmos
2021-03-23,0.0,Cosmos
2021-03-24,26.79,Cosmos
2021-03-25,25.38,Cosmos
2021-03-26,0.0,Cosmos
2021-03-27,16.45,Cosmos
2021-03-28,14.1,Cosmos
2021-03-29,0.0,Cosmos
2021-03-30,23.03,Cosmos
2021-03-31,20.209999999999997,Cosmos
2021-04-01,19.6,Cosmos
2021-04-02,41.3,Cosmos
2021-04-03,23.1,Cosmos
2021-04-04,0.0,Cosmos
2021-04-05,32.9,Cosmos
2021-04-06,20.299999999999997,Cosmos
2021-04-07,0.0,Cosmos
2021-04-08,25.2,Cosmos
2021-04-09,0.0,Cosmos
2021-04-10,33.599999999999994,Cosmos
2021-04-11,49.7,Cosmos
2021-04-12,19.6,Cosmos
2021-04-13,59.49999999999999,Cosmos
2021-04-14,14.0,Cosmos
2021-04-15,51.8,Cosmos
2021-04-16,54.599999999999994,Cosmos
2021-04-17,0.0,Cosmos
2021-04-18,42.7,Cosmos
2021-04-19,20.299999999999997,Cosmos
2021-04-20,35.0,Cosmos
2021-04-21,33.599999999999994,Cosmos
2021-04-22,56.7,Cosmos
2021-04-23,54.599999999999994,Cosmos
2021-04-24,60.2,Cosmos
2021-04-25,39.2,Cosmos
2021-04-26,38.5,Cosmos
2021-04-27,56.7,Cosmos
2021-04-28,41.3,Cosmos
2021-04-29,60.9,Cosmos
2021-04-30,70.0,Cosmos
2021-05-01,22.41,Cosmos
2021-05-02,37.35,Cosmos
2021-05-03,51.46,Cosmos
2021-05-04,21.58,Cosmos
2021-05-05,57.27,Cosmos
2021-05-06,72.21,Cosmos
2021-05-07,66.39999999999999,Cosmos
2021-05-08,15.77,Cosmos
2021-05-09,36.52,Cosmos
2021-05-10,56.44,Cosmos
2021-05-11,83.0,Cosmos
2021-05-12,0.0,Cosmos
2021-05-13,53.12,Cosmos
2021-05-14,58.099999999999994,Cosmos
2021-05-15,76.36,Cosmos
2021-05-16,73.03999999999999,Cosmos
2021-05-17,72.21,Cosmos
2021-05-18,34.86,Cosmos
2021-05-19,47.309999999999995,Cosmos
2021-05-20,79.67999999999999,Cosmos
2021-05-21,42.33,Cosmos
2021-05-22,53.12,Cosmos
2021-05-23,16.599999999999998,Cosmos
2021-05-24,19.92,Cosmos
2021-05-25,75.53,Cosmos
2021-05-26,30.709999999999997,Cosmos
2021-05-27,54.779999999999994,Cosmos
2021-05-28,0.0,Cosmos
2021-05-29,15.77,Cosmos
2021-05-30,0.0,Cosmos
2021-05-31,38.18,Cosmos
2021-06-01,17.1,Cosmos
2021-06-02,11.02,Cosmos
2021-06-03,20.14,Cosmos
2021-06-04,38.0,Cosmos
2021-06-05,14.44,Cosmos
2021-06-06,11.78,Cosmos
2021-06-07,13.68,Cosmos
2021-06-08,14.82,Cosmos
2021-06-09,12.16,Cosmos
2021-06-10,10.64,Cosmos
2021-06-11,0.0,Cosmos
2021-06-12,0.0,Cosmos
2021-06-13,0.0,Cosmos
2021-06-14,0.0,Cosmos
2021-06-15,22.8,Cosmos
2021-06-16,14.82,Cosmos
2021-06-17,10.26,Cosmos
2021-06-18,0.0,Cosmos
2021-06-19,0.0,Cosmos
2021-06-20,21.66,Cosmos
2021-06-21,10.26,Cosmos
2021-06-22,12.54,Cosmos
2021-06-23,0.0,Cosmos
2021-06-24,0.0,Cosmos
2021-06-25,0.0,Cosmos
2021-06-26,9.12,Cosmos
2021-06-27,12.92,Cosmos
2021-06-28,0.0,Cosmos
2021-06-29,9.12,Cosmos
2021-06-30,0.0,Cosmos
2021-07-01,8.100000000000001,Cosmos
2021-07-02,9.72,Cosmos
2021-07-03,12.96,Cosmos
2021-07-04,10.53,Cosmos
2021-07-05,11.07,Cosmos
2021-07-06,0.0,Cosmos
2021-07-07,0.0,Cosmos
2021-07-08,6.210000000000001,Cosmos
2021-07-09,27.0,Cosmos
2021-07-10,0.0,Cosmos
2021-07-11,24.3,Cosmos
2021-07-12,0.0,Cosmos
2021-07-13,0.0,Cosmos
2021-07-14,7.83,Cosmos
2021-07-15,0.0,Cosmos
2021-07-16,9.99,Cosmos
2021-07-17,0.0,Cosmos
2021-07-18,0.0,Cosmos
2021-07-19,0.0,Cosmos
2021-07-20,17.28,Cosmos
2021-07-21,17.55,Cosmos
2021-07-22,0.0,Cosmos
2021-07-23,6.75,Cosmos
2021-07-24,23.76,Cosmos
2021-07-25,10.53,Cosmos
2021-07-26,6.210000000000001,Cosmos
2021-07-27,7.83,Cosmos
2021-07-28,7.83,Cosmos
2021-07-29,14.04,Cosmos
2021-07-30,6.210000000000001,Cosmos
2021-07-31,7.56,Cosmos
2021-08-01,11.16,Cosmos
2021-08-02,0.0,Cosmos
2021-08-03,0.0,Cosmos
2021-08-04,9.3,Cosmos
2021-08-05,0.0,Cosmos
2021-08-06,9.3,Cosmos
2021-08-07,13.64,Cosmos
2021-08-08,0.0,Cosmos
2021-08-09,16.12,Cosmos
2021-08-10,5.89,Cosmos
2021-08-11,10.23,Cosmos
2021-08-12,8.68,Cosmos
2021-08-13,0.0,Cosmos
2021-08-14,31.0,Cosmos
2021-08-15,8.06,Cosmos
2021-08-16,18.6,Cosmos
2021-08-17,6.2,Cosmos
2021-08-18,0.0,Cosmos
2021-08-19,14.88,Cosmos
2021-08-20,10.85,Cosmos
2021-08-21,13.64,Cosmos
2021-08-22,5.89,Cosmos
2021-08-23,0.0,Cosmos
2021-08-24,0.0,Cosmos
2021-08-25,9.92,Cosmos
2021-08-26,0.0,Cosmos
2021-08-27,13.95,Cosmos
2021-08-28,19.22,Cosmos
2021-08-29,0.0,Cosmos
2021-08-30,0.0,Cosmos
2021-08-31,9.92,Cosmos
2021-09-01,30.959999999999997,Cosmos
2021-09-02,21.6,Cosmos
2021-09-03,0.0,Cosmos
2021-09-04,0.0,Cosmos
2021-09-05,20.16,Cosmos
2021-09-06,19.44,Cosmos
2021-09-07,28.08,Cosmos
2021-09-08,0.0,Cosmos
2021-09-09,19.44,Cosmos
2021-09-10,24.48,Cosmos
2021-09-11,15.12,Cosmos
2021-09-12,7.92,Cosmos
2021-09-13,23.04,Cosmos
2021-09-14,41.04,Cosmos
2021-09-15,27.36,Cosmos
2021-09-16,0.0,Cosmos
2021-09-17,66.24,Cosmos
2021-09-18,24.48,Cosmos
2021-09-19,72.0,Cosmos
2021-09-20,41.76,Cosmos
2021-09-21,20.88,Cosmos
2021-09-22,39.6,Cosmos
2021-09-23,39.6,Cosmos
2021-09-24,25.2,Cosmos
2021-09-25,18.0,Cosmos
2021-09-26,10.8,Cosmos
2021-09-27,18.0,Cosmos
2021-09-28,13.68,Cosmos
2021-09-29,12.96,Cosmos
2021-09-30,23.76,Cosmos
2021-10-01,0.0,Cosmos
2021-10-02,19.08,Cosmos
2021-10-03,0.0,Cosmos
2021-10-04,22.790000000000003,Cosmos
2021-10-05,49.82,Cosmos
2021-10-06,0.0,Cosmos
2021-10-07,0.0,Cosmos
2021-10-08,0.0,Cosmos
2021-10-09,0.0,Cosmos
2021-10-10,29.15,Cosmos
2021-10-11,9.01,Cosmos
2021-10-12,28.62,Cosmos
2021-10-13,53.0,Cosmos
2021-10-14,0.0,Cosmos
2021-10-15,31.270000000000003,Cosmos
2021-10-16,12.72,Cosmos
2021-10-17,49.29,Cosmos
2021-10-18,27.03,Cosmos
2021-10-19,0.0,Cosmos
2021-10-20,0.0,Cosmos
2021-10-21,41.34,Cosmos
2021-10-22,34.980000000000004,Cosmos
2021-10-23,23.85,Cosmos
2021-10-24,35.510000000000005,Cosmos
2021-10-25,0.0,Cosmos
2021-10-26,35.510000000000005,Cosmos
2021-10-27,34.980000000000004,Cosmos
2021-10-28,36.04,Cosmos
2021-10-29,28.62,Cosmos
2021-10-30,21.73,Cosmos
2021-10-31,11.13,Cosmos
2021-11-01,0.0,Cosmos
2021-11-02,0.0,Cosmos
2021-11-03,29.5,Cosmos
2021-11-04,13.0,Cosmos
2021-11-05,16.5,Cosmos
2021-11-06,23.0,Cosmos
2021-11-07,23.5,Cosmos
2021-11-08,12.5,Cosmos
2021-11-09,11.0,Cosmos
2021-11-10,36.0,Cosmos
2021-11-11,50.0,Cosmos
2021-11-12,13.5,Cosmos
2021-11-13,16.5,Cosmos
2021-11-14,15.5,Cosmos
2021-11-15,0.0,Cosmos
2021-11-16,13.5,Cosmos
2021-11-17,27.5,Cosmos
2021-11-18,15.0,Cosmos
2021-11-19,11.0,Cosmos
2021-11-20,0.0,Cosmos
2021-11-21,0.0,Cosmos
2021-11-22,38.0,Cosmos
2021-11-23,17.0,Cosmos
2021-11-24,23.0,Cosmos
2021-11-25,0.0,Cosmos
2021-11-26,28.0,Cosmos
2021-11-27,11.0,Cosmos
2021-11-28,22.0,Cosmos
2021-11-29,12.5,Cosmos
2021-11-30,15.5,Cosmos
2021-12-01,18.0,Cosmos
2021-12-02,0.0,Cosmos
2021-12-03,9.9,Cosmos
2021-12-04,14.4,Cosmos
2021-12-05,18.9,Cosmos
2021-12-06,14.4,Cosmos
2021-12-07,23.4,Cosmos
2021-12-08,0.0,Cosmos
2021-12-09,16.650000000000002,Cosmos
2021-12-10,0.0,Cosmos
2021-12-11,0.0,Cosmos
2021-12-12,8.1,Cosmos
2021-12-13,8.55,Cosmos
2021-12-14,22.05,Cosmos
2021-12-15,0.0,Cosmos
2021-12-16,18.45,Cosmos
2021-12-17,18.45,Cosmos
2021-12-18,13.95,Cosmos
2021-12-19,11.25,Cosmos
2021-12-20,0.0,Cosmos
2021-12-21,14.85,Cosmos
2021-12-22,13.95,Cosmos
2021-12-23,45.0,Cosmos
2021-12-24,23.85,Cosmos
2021-12-25,0.0,Cosmos
2021-12-26,32.4,Cosmos
2021-12-27,24.75,Cosmos
2021-12-28,0.0,Cosmos
2021-12-29,8.55,Cosmos
2021-12-30,0.0,Cosmos
2021-12-31,9.0,Cosmos
2022-01-01,13.5,Cosmos
2022-01-02,32.25,Cosmos
2022-01-03,0.0,Cosmos
2022-01-04,75.0,Cosmos
2022-01-05,72.75,Cosmos
2022-01-06,19.5,Cosmos
2022-01-07,36.0,Cosmos
2022-01-08,53.25,Cosmos
2022-01-09,26.25,Cosmos
2022-01-10,24.75,Cosmos
2022-01-11,34.5,Cosmos
2022-01-12,32.25,Cosmos
2022-01-13,22.5,Cosmos
2022-01-14,0.0,Cosmos
2022-01-15,0.0,Cosmos
2022-01-16,57.0,Cosmos
2022-01-17,23.25,Cosmos
2022-01-18,18.75,Cosmos
2022-01-19,16.5,Cosmos
2022-01-20,21.0,Cosmos
2022-01-21,18.75,Cosmos
2022-01-22,24.0,Cosmos
2022-01-23,0.0,Cosmos
2022-01-24,12.0,Cosmos
2022-01-25,28.5,Cosmos
2022-01-26,14.25,Cosmos
2022-01-27,10.5,Cosmos
2022-01-28,33.0,Cosmos
2022-01-29,11.25,Cosmos
2022-01-30,0.0,Cosmos
2022-01-31,18.75,Cosmos
2022-02-01,18.33,Cosmos
2022-02-02,9.87,Cosmos
2022-02-03,23.03,Cosmos
2022-02-04,28.2,Cosmos
2022-02-05,47.0,Cosmos
2022-02-06,16.45,Cosmos
2022-02-07,14.57,Cosmos
2022-02-08,0.0,Cosmos
2022-02-09,34.78,Cosmos
2022-02-10,16.45,Cosmos
2022-02-11,0.0,Cosmos
2022-02-12,0.0,Cosmos
2022-02-13,19.27,Cosmos
2022-02-14,13.16,Cosmos
2022-02-15,18.33,Cosmos
2022-02-16,26.32,Cosmos
2022-02-17,0.0,Cosmos
2022-02-18,17.39,Cosmos
2022-02-19,30.549999999999997,Cosmos
2022-02-20,24.44,Cosmos
2022-02-21,18.33,Cosmos
2022-02-22,0.0,Cosmos
2022-02-23,18.33,Cosmos
2022-02-24,32.9,Cosmos
2022-02-25,8.459999999999999,Cosmos
2022-02-26,12.22,Cosmos
2022-02-27,38.07,Cosmos
2022-02-28,0.0,Cosmos
2022-03-01,10.15,Cosmos
2022-03-02,10.85,Cosmos
2022-03-03,5.949999999999999,Cosmos
2022-03-04,12.25,Cosmos
2022-03-05,0.0,Cosmos
2022-03-06,5.949999999999999,Cosmos
2022-03-07,10.15,Cosmos
2022-03-08,26.25,Cosmos
2022-03-09,13.3,Cosmos
2022-03-10,9.8,Cosmos
2022-03-11,10.5,Cosmos
2022-03-12,6.6499999999999995,Cosmos
2022-03-13,0.0,Cosmos
2022-03-14,10.5,Cosmos
2022-03-15,9.8,Cosmos
2022-03-16,0.0,Cosmos
2022-03-17,35.0,Cosmos
2022-03-18,11.2,Cosmos
2022-03-19,8.399999999999999,Cosmos
2022-03-20,0.0,Cosmos
2022-03-21,0.0,Cosmos
2022-03-22,8.399999999999999,Cosmos
2022-03-23,12.95,Cosmos
2022-03-24,0.0,Cosmos
2022-03-25,9.45,Cosmos
2022-03-26,0.0,Cosmos
2022-03-27,5.25,Cosmos
2022-03-28,6.3,Cosmos
2022-03-29,8.399999999999999,Cosmos
2022-03-30,9.45,Cosmos
2022-03-31,14.7,Cosmos
2022-04-01,18.15,Cosmos
2022-04-02,23.76,Cosmos
2022-04-03,18.81,Cosmos
2022-04-04,27.39,Cosmos
2022-04-05,22.11,Cosmos
2022-04-06,14.19,Cosmos
2022-04-07,12.21,Cosmos
2022-04-08,0.0,Cosmos
2022-04-09,32.34,Cosmos
2022-04-10,0.0,Cosmos
2022-04-11,0.0,Cosmos
2022-04-12,21.12,Cosmos
2022-04-13,22.44,Cosmos
2022-04-14,12.54,Cosmos
2022-04-15,0.0,Cosmos
2022-04-16,0.0,Cosmos
2022-04-17,22.44,Cosmos
2022-04-18,8.25,Cosmos
2022-04-19,22.11,Cosmos
2022-04-20,33.0,Cosmos
2022-04-21,14.85,Cosmos
2022-04-22,0.0,Cosmos
2022-04-23,0.0,Cosmos
2022-04-24,10.89,Cosmos
2022-04-25,12.54,Cosmos
2022-04-26,7.92,Cosmos
2022-04-27,0.0,Cosmos
2022-04-28,13.53,Cosmos
2022-04-29,0.0,Cosmos
2022-04-30,19.14,Cosmos
2022-05-01,11.22,Cosmos
2022-05-02,8.84,Cosmos
2022-05-03,0.0,Cosmos
2022-05-04,7.140000000000001,Cosmos
2022-05-05,11.22,Cosmos
2022-05-06,18.360000000000003,Cosmos
2022-05-07,34.0,Cosmos
2022-05-08,20.06,Cosmos
2022-05-09,9.18,Cosmos
2022-05-10,0.0,Cosmos
2022-05-11,34.0,Cosmos
2022-05-12,8.5,Cosmos
2022-05-13,19.72,Cosmos
2022-05-14,0.0,Cosmos
2022-05-15,33.660000000000004,Cosmos
2022-05-16,0.0,Cosmos
2022-05-17,28.9,Cosmos
2022-05-18,12.920000000000002,Cosmos
2022-05-19,0.0,Cosmos
2022-05-20,0.0,Cosmos
2022-05-21,0.0,Cosmos
2022-05-22,25.16,Cosmos
2022-05-23,0.0,Cosmos
2022-05-24,18.360000000000003,Cosmos
2022-05-25,10.88,Cosmos
2022-05-26,15.3,Cosmos
2022-05-27,9.86,Cosmos
2022-05-28,0.0,Cosmos
2022-05-29,0.0,Cosmos
2022-05-30,0.0,Cosmos
2022-05-31,0.0,Cosmos
2022-06-01,0.0,Cosmos
2022-06-02,11.34,Cosmos
2022-06-03,9.24,Cosmos
2022-06-04,0.0,Cosmos
2022-06-05,0.0,Cosmos
2022-06-06,7.14,Cosmos
2022-06-07,0.0,Cosmos
2022-06-08,0.0,Cosmos
2022-06-09,0.0,Cosmos
2022-06-10,12.81,Cosmos
2022-06-11,0.0,Cosmos
2022-06-12,0.0,Cosmos
2022-06-13,12.18,Cosmos
2022-06-14,14.28,Cosmos
2022-06-15,11.76,Cosmos
2022-06-16,11.13,Cosmos
2022-06-17,0.0,Cosmos
2022-06-18,0.0,Cosmos
2022-06-19,10.71,Cosmos
2022-06-20,0.0,Cosmos
2022-06-21,0.0,Cosmos
2022-06-22,21.0,Cosmos
2022-06-23,17.43,Cosmos
2022-06-24,11.97,Cosmos
2022-06-25,0.0,Cosmos
2022-06-26,0.0,Cosmos
2022-06-27,0.0,Cosmos
2022-06-28,0.0,Cosmos
2022-06-29,16.169999999999998,Cosmos
2022-06-30,0.0,Cosmos
2022-07-01,21.62,Cosmos
2022-07-02,0.0,Cosmos
2022-07-03,0.0,Cosmos
2022-07-04,16.79,Cosmos
2022-07-05,8.05,Cosmos
2022-07-06,6.67,Cosmos
2022-07-07,0.0,Cosmos
2022-07-08,0.0,Cosmos
2022-07-09,7.36,Cosmos
2022-07-10,0.0,Cosmos
2022-07-11,11.96,Cosmos
2022-07-12,0.0,Cosmos
2022-07-13,0.0,Cosmos
2022-07-14,0.0,Cosmos
2022-07-15,9.2,Cosmos
2022-07-16,0.0,Cosmos
2022-07-17,0.0,Cosmos
2022-07-18,22.540000000000003,Cosmos
2022-07-19,23.0,Cosmos
2022-07-20,0.0,Cosmos
2022-07-21,0.0,Cosmos
2022-07-22,15.64,Cosmos
2022-07-23,16.1,Cosmos
2022-07-24,0.0,Cosmos
2022-07-25,8.280000000000001,Cosmos
2022-07-26,19.78,Cosmos
2022-07-27,0.0,Cosmos
2022-07-28,0.0,Cosmos
2022-07-29,16.79,Cosmos
2022-07-30,0.0,Cosmos
2022-07-31,0.0,Cosmos
2022-08-01,0.0,Cosmos
2022-08-02,6.2,Cosmos
2022-08-03,3.4000000000000004,Cosmos
2022-08-04,0.0,Cosmos
2022-08-05,5.800000000000001,Cosmos
2022-08-06,0.0,Cosmos
2022-08-07,0.0,Cosmos
2022-08-08,10.0,Cosmos
2022-08-09,20.0,Cosmos
2022-08-10,0.0,Cosmos
2022-08-11,9.2,Cosmos
2022-08-12,0.0,Cosmos
2022-08-13,4.0,Cosmos
2022-08-14,8.4,Cosmos
2022-08-15,4.0,Cosmos
2022-08-16,5.0,Cosmos
2022-08-17,8.6,Cosmos
2022-08-18,5.4,Cosmos
2022-08-19,0.0,Cosmos
2022-08-20,0.0,Cosmos
2022-08-21,0.0,Cosmos
2022-08-22,0.0,Cosmos
2022-08-23,8.200000000000001,Cosmos
2022-08-24,3.2,Cosmos
2022-08-25,6.4,Cosmos
2022-08-26,2.8000000000000003,Cosmos
2022-08-27,0.0,Cosmos
2022-08-28,0.0,Cosmos
2022-08-29,4.6000000000000005,Cosmos
2022-08-30,7.800000000000001,Cosmos
2022-08-31,0.0,Cosmos
2022-09-01,10.08,Cosmos
2022-09-02,5.88,Cosmos
2022-09-03,9.87,Cosmos
2022-09-04,10.08,Cosmos
2022-09-05,0.0,Cosmos
2022-09-06,0.0,Cosmos
2022-09-07,21.0,Cosmos
2022-09-08,0.0,Cosmos
2022-09-09,5.88,Cosmos
2022-09-10,4.83,Cosmos
2022-09-11,0.0,Cosmos
2022-09-12,0.0,Cosmos
2022-09-13,7.14,Cosmos
2022-09-14,0.0,Cosmos
2022-09-15,0.0,Cosmos
2022-09-16,4.2,Cosmos
2022-09-17,13.65,Cosmos
2022-09-18,6.51,Cosmos
2022-09-19,0.0,Cosmos
2022-09-20,8.19,Cosmos
2022-09-21,5.67,Cosmos
2022-09-22,0.0,Cosmos
2022-09-23,0.0,Cosmos
2022-09-24,8.82,Cosmos
2022-09-25,11.97,Cosmos
2022-09-26,6.51,Cosmos
2022-09-27,8.4,Cosmos
2022-09-28,8.61,Cosmos
2022-09-29,0.0,Cosmos
2022-09-30,0.0,Cosmos
2022-10-01,0.0,Cosmos
2022-10-02,0.0,Cosmos
2022-10-03,13.8,Cosmos
2022-10-04,13.8,Cosmos
2022-10-05,0.0,Cosmos
2022-10-06,7.2,Cosmos
2022-10-07,0.0,Cosmos
2022-10-08,0.0,Cosmos
2022-10-09,9.0,Cosmos
2022-10-10,14.4,Cosmos
2022-10-11,7.2,Cosmos
2022-10-12,20.0,Cosmos
2022-10-13,0.0,Cosmos
2022-10-14,14.0,Cosmos
2022-10-15,18.4,Cosmos
2022-10-16,0.0,Cosmos
2022-10-17,0.0,Cosmos
2022-10-18,0.0,Cosmos
2022-10-19,0.0,Cosmos
2022-10-20,14.8,Cosmos
2022-10-21,0.0,Cosmos
2022-10-22,7.2,Cosmos
2022-10-23,8.6,Cosmos
2022-10-24,9.0,Cosmos
2022-10-25,0.0,Cosmos
2022-10-26,0.0,Cosmos
2022-10-27,0.0,Cosmos
2022-10-28,0.0,Cosmos
2022-10-29,0.0,Cosmos
2022-10-30,0.0,Cosmos
2022-10-31,0.0,Cosmos
2022-11-01,0.0,Cosmos
2022-11-02,7.590000000000001,Cosmos
2022-11-03,0.0,Cosmos
2022-11-04,9.2,Cosmos
2022-11-05,5.29,Cosmos
2022-11-06,23.0,Cosmos
2022-11-07,5.0600000000000005,Cosmos
2022-11-08,0.0,Cosmos
2022-11-09,8.280000000000001,Cosmos
2022-11-10,0.0,Cosmos
2022-11-11,5.29,Cosmos
2022-11-12,5.98,Cosmos
2022-11-13,0.0,Cosmos
2022-11-14,0.0,Cosmos
2022-11-15,9.2,Cosmos
2022-11-16,0.0,Cosmos
2022-11-17,0.0,Cosmos
2022-11-18,7.82,Cosmos
2022-11-19,13.34,Cosmos
2022-11-20,6.44,Cosmos
2022-11-21,0.0,Cosmos
2022-11-22,4.83,Cosmos
2022-11-23,9.2,Cosmos
2022-11-24,9.89,Cosmos
2022-11-25,0.0,Cosmos
2022-11-26,4.140000000000001,Cosmos
2022-11-27,11.73,Cosmos
2022-11-28,0.0,Cosmos
2022-11-29,6.21,Cosmos
2022-11-30,0.0,Cosmos
2022-12-01,0.0,Cosmos
2022-12-02,3.52,Cosmos
2022-12-03,0.0,Cosmos
2022-12-04,3.68,Cosmos
2022-12-05,9.76,Cosmos
2022-12-06,3.36,Cosmos
2022-12-07,3.04,Cosmos
2022-12-08,7.52,Cosmos
2022-12-09,5.44,Cosmos
2022-12-10,0.0,Cosmos
2022-12-11,0.0,Cosmos
2022-12-12,0.0,Cosmos
2022-12-13,5.92,Cosmos
2022-12-14,4.48,Cosmos
2022-12-15,0.0,Cosmos
2022-12-16,6.08,Cosmos
2022-12-17,7.84,Cosmos
2022-12-18,0.0,Cosmos
2022-12-19,0.0,Cosmos
2022-12-20,4.32,Cosmos
2022-12-21,0.0,Cosmos
2022-12-22,0.0,Cosmos
2022-12-23,3.52,Cosmos
2022-12-24,8.96,Cosmos
2022-12-25,7.04,Cosmos
2022-12-26,16.0,Cosmos
2022-12-27,0.0,Cosmos
2022-12-28,3.52,Cosmos
2022-12-29,8.0,Cosmos
2022-12-30,5.28,Cosmos
2022-12-31,3.68,Cosmos
2023-01-01,0.0,Cosmos
2023-01-02,0.0,Cosmos
2023-01-03,14.5,Cosmos
2023-01-04,5.25,Cosmos
2023-01-05,0.0,Cosmos
2023-01-06,0.0,Cosmos
2023-01-07,12.5,Cosmos
2023-01-08,6.0,Cosmos
2023-01-09,10.25,Cosmos
2023-01-10,0.0,Cosmos
2023-01-11,0.0,Cosmos
2023-01-12,25.0,Cosmos
2023-01-13,0.0,Cosmos
2023-01-14,0.0,Cosmos
2023-01-15,0.0,Cosmos
2023-01-16,0.0,Cosmos
2023-01-17,6.25,Cosmos
2023-01-18,0.0,Cosmos
2023-01-19,10.0,Cosmos
2023-01-20,8.0,Cosmos
2023-01-21,0.0,Cosmos
2023-01-22,0.0,Cosmos
2023-01-23,9.75,Cosmos
2023-01-24,20.25,Cosmos
2023-01-25,0.0,Cosmos
2023-01-26,0.0,Cosmos
2023-01-27,13.75,Cosmos
2023-01-28,6.75,Cosmos
2023-01-29,9.0,Cosmos
2023-01-30,0.0,Cosmos
2023-01-31,15.0,Cosmos
2023-02-01,0.0,Cosmos
2023-02-02,16.28,Cosmos
2023-02-03,19.58,Cosmos
2023-02-04,0.0,Cosmos
2023-02-05,13.64,Cosmos
2023-02-06,0.0,Cosmos
2023-02-07,18.04,Cosmos
2023-02-08,0.0,Cosmos
2023-02-09,0.0,Cosmos
2023-02-10,0.0,Cosmos
2023-02-11,0.0,Cosmos
2023-02-12,0.0,Cosmos
2023-02-13,8.58,Cosmos
2023-02-14,0.0,Cosmos
2023-02-15,8.8,Cosmos
2023-02-16,0.0,Cosmos
2023-02-17,22.0,Cosmos
2023-02-18,0.0,Cosmos
2023-02-19,0.0,Cosmos
2023-02-20,14.52,Cosmos
2023-02-21,20.24,Cosmos
2023-02-22,0.0,Cosmos
2023-02-23,11.22,Cosmos
2023-02-24,0.0,Cosmos
2023-02-25,0.0,Cosmos
2023-02-26,10.78,Cosmos
2023-02-27,0.0,Cosmos
2023-02-28,0.0,Cosmos
2023-03-01,10.64,Cosmos
2023-03-02,0.0,Cosmos
2023-03-03,18.43,Cosmos
2023-03-04,15.96,Cosmos
2023-03-05,8.17,Cosmos
2023-03-06,19.0,Cosmos
2023-03-07,0.0,Cosmos
2023-03-08,0.0,Cosmos
2023-03-09,0.0,Cosmos
2023-03-10,0.0,Cosmos
2023-03-11,13.49,Cosmos
2023-03-12,0.0,Cosmos
2023-03-13,0.0,Cosmos
2023-03-14,10.26,Cosmos
2023-03-15,10.64,Cosmos
2023-03-16,0.0,Cosmos
2023-03-17,0.0,Cosmos
2023-03-18,0.0,Cosmos
2023-03-19,0.0,Cosmos
2023-03-20,16.53,Cosmos
2023-03-21,0.0,Cosmos
2023-03-22,0.0,Cosmos
2023-03-23,6.65,Cosmos
2023-03-24,0.0,Cosmos
2023-03-25,0.0,Cosmos
2023-03-26,0.0,Cosmos
2023-03-27,0.0,Cosmos
2023-03-28,0.0,Cosmos
2023-03-29,0.0,Cosmos
2023-03-30,0.0,Cosmos
2023-03-31,17.1,Cosmos
2023-04-01,0.0,Cosmos
2023-04-02,0.0,Cosmos
2023-04-03,0.0,Cosmos
2023-04-04,0.0,Cosmos
2023-04-05,0.0,Cosmos
2023-04-06,0.0,Cosmos
2023-04-07,0.0,Cosmos
2023-04-08,14.28,Cosmos
2023-04-09,0.0,Cosmos
2023-04-10,0.0,Cosmos
2023-04-11,6.630000000000001,Cosmos
2023-04-12,17.0,Cosmos
2023-04-13,0.0,Cosmos
2023-04-14,9.86,Cosmos
2023-04-15,13.77,Cosmos
2023-04-16,0.0,Cosmos
2023-04-17,0.0,Cosmos
2023-04-18,7.48,Cosmos
2023-04-19,0.0,Cosmos
2023-04-20,8.67,Cosmos
2023-04-21,0.0,Cosmos
2023-04-22,0.0,Cosmos
2023-04-23,0.0,Cosmos
2023-04-24,11.39,Cosmos
2023-04-25,0.0,Cosmos
2023-04-26,0.0,Cosmos
2023-04-27,0.0,Cosmos
2023-04-28,0.0,Cosmos
2023-04-29,0.0,Cosmos
2023-04-30,11.22,Cosmos
2023-05-01,7.08,Cosmos
2023-05-02,0.0,Cosmos
2023-05-03,6.359999999999999,Cosmos
2023-05-04,9.96,Cosmos
2023-05-05,0.0,Cosmos
2023-05-06,0.0,Cosmos
2023-05-07,8.28,Cosmos
2023-05-08,12.0,Cosmos
2023-05-09,0.0,Cosmos
2023-05-10,0.0,Cosmos
2023-05-11,0.0,Cosmos
2023-05-12,6.359999999999999,Cosmos
2023-05-13,0.0,Cosmos
2023-05-14,0.0,Cosmos
2023-05-15,0.0,Cosmos
2023-05-16,4.68,Cosmos
2023-05-17,0.0,Cosmos
2023-05-18,5.279999999999999,Cosmos
2023-05-19,0.0,Cosmos
2023-05-20,0.0,Cosmos
2023-05-21,7.92,Cosmos
2023-05-22,6.359999999999999,Cosmos
2023-05-23,0.0,Cosmos
2023-05-24,0.0,Cosmos
2023-05-25,5.88,Cosmos
2023-05-26,0.0,Cosmos
2023-05-27,0.0,Cosmos
2023-05-28,0.0,Cosmos
2023-05-29,9.72,Cosmos
2023-05-30,0.0,Cosmos
2023-05-31,0.0,Cosmos
2023-06-01,0.0,Cosmos
2023-06-02,0.0,Cosmos
2023-06-03,0.0,Cosmos
2023-06-04,8.84,Cosmos
2023-06-05,0.0,Cosmos
2023-06-06,0.0,Cosmos
2023-06-07,0.0,Cosmos
2023-06-08,14.45,Cosmos
2023-06-09,0.0,Cosmos
2023-06-10,6.12,Cosmos
2023-06-11,11.22,Cosmos
2023-06-12,6.12,Cosmos
2023-06-13,6.460000000000001,Cosmos
2023-06-14,5.61,Cosmos
2023-06-15,0.0,Cosmos
2023-06-16,6.970000000000001,Cosmos
2023-06-17,10.2,Cosmos
2023-06-18,0.0,Cosmos
2023-06-19,0.0,Cosmos
2023-06-20,0.0,Cosmos
2023-06-21,7.99,Cosmos
2023-06-22,17.0,Cosmos
2023-06-23,0.0,Cosmos
2023-06-24,6.800000000000001,Cosmos
2023-06-25,0.0,Cosmos
2023-06-26,0.0,Cosmos
2023-06-27,9.52,Cosmos
2023-06-28,0.0,Cosmos
2023-06-29,7.140000000000001,Cosmos
2023-06-30,7.48,Cosmos
2023-07-01,0.0,Cosmos
2023-07-02,0.0,Cosmos
2023-07-03,6.46,Cosmos
2023-07-04,14.82,Cosmos
2023-07-05,0.0,Cosmos
2023-07-06,0.0,Cosmos
2023-07-07,0.0,Cosmos
2023-07-08,0.0,Cosmos
2023-07-09,7.6,Cosmos
2023-07-10,9.5,Cosmos
2023-07-11,15.39,Cosmos
2023-07-12,0.0,Cosmos
2023-07-13,0.0,Cosmos
2023-07-14,15.39,Cosmos
2023-07-15,7.41,Cosmos
2023-07-16,0.0,Cosmos
2023-07-17,0.0,Cosmos
2023-07-18,19.0,Cosmos
2023-07-19,0.0,Cosmos
2023-07-20,5.89,Cosmos
2023-07-21,7.6,Cosmos
2023-07-22,0.0,Cosmos
2023-07-23,12.35,Cosmos
2023-07-24,10.83,Cosmos
2023-07-25,0.0,Cosmos
2023-07-26,0.0,Cosmos
2023-07-27,6.08,Cosmos
2023-07-28,0.0,Cosmos
2023-07-29,0.0,Cosmos
2023-07-30,10.07,Cosmos
2023-07-31,0.0,Cosmos
2023-08-01,15.0,Cosmos
2023-08-02,0.0,Cosmos
2023-08-03,5.1,Cosmos
2023-08-04,0.0,Cosmos
2023-08-05,0.0,Cosmos
2023-08-06,0.0,Cosmos
2023-08-07,11.4,Cosmos
2023-08-08,0.0,Cosmos
2023-08-09,11.85,Cosmos
2023-08-10,0.0,Cosmos
2023-08-11,0.0,Cosmos
2023-08-12,8.1,Cosmos
2023-08-13,0.0,Cosmos
2023-08-14,0.0,Cosmos
2023-08-15,0.0,Cosmos
2023-08-16,6.75,Cosmos
2023-08-17,0.0,Cosmos
2023-08-18,8.25,Cosmos
2023-08-19,0.0,Cosmos
2023-08-20,9.75,Cosmos
2023-08-21,0.0,Cosmos
2023-08-22,0.0,Cosmos
2023-08-23,0.0,Cosmos
2023-08-24,10.05,Cosmos
2023-08-25,0.0,Cosmos
2023-08-26,0.0,Cosmos
2023-08-27,14.1,Cosmos
2023-08-28,0.0,Cosmos
2023-08-29,4.8,Cosmos
2023-08-30,3.3,Cosmos
2023-08-31,0.0,Cosmos
2023-09-01,0.0,Cosmos
2023-09-02,5.8500000000000005,Cosmos
2023-09-03,2.8600000000000003,Cosmos
2023-09-04,0.0,Cosmos
2023-09-05,0.0,Cosmos
2023-09-06,0.0,Cosmos
2023-09-07,5.98,Cosmos
2023-09-08,0.0,Cosmos
2023-09-09,3.38,Cosmos
2023-09-10,0.0,Cosmos
2023-09-11,0.0,Cosmos
2023-09-12,0.0,Cosmos
2023-09-13,0.0,Cosmos
2023-09-14,0.0,Cosmos
2023-09-15,0.0,Cosmos
2023-09-16,13.0,Cosmos
2023-09-17,0.0,Cosmos
2023-09-18,2.47,Cosmos
2023-09-19,4.8100000000000005,Cosmos
2023-09-20,0.0,Cosmos
2023-09-21,0.0,Cosmos
2023-09-22,11.44,Cosmos
2023-09-23,3.25,Cosmos
2023-09-24,0.0,Cosmos
2023-09-25,8.19,Cosmos
2023-09-26,0.0,Cosmos
2023-09-27,0.0,Cosmos
2023-09-28,0.0,Cosmos
2023-09-29,0.0,Cosmos
2023-09-30,0.0,Cosmos
2023-10-01,9.49,Cosmos
2023-10-02,5.720000000000001,Cosmos
2023-10-03,0.0,Cosmos
2023-10-04,6.11,Cosmos
2023-10-05,5.59,Cosmos
2023-10-06,0.0,Cosmos
2023-10-07,0.0,Cosmos
2023-10-08,0.0,Cosmos
2023-10-09,0.0,Cosmos
2023-10-10,0.0,Cosmos
2023-10-11,0.0,Cosmos
2023-10-12,0.0,Cosmos
2023-10-13,0.0,Cosmos
2023-10-14,0.0,Cosmos
2023-10-15,8.32,Cosmos
2023-10-16,0.0,Cosmos
2023-10-17,0.0,Cosmos
2023-10-18,3.64,Cosmos
2023-10-19,0.0,Cosmos
2023-10-20,0.0,Cosmos
2023-10-21,6.37,Cosmos
2023-10-22,0.0,Cosmos
2023-10-23,0.0,Cosmos
2023-10-24,0.0,Cosmos
2023-10-25,6.890000000000001,Cosmos
2023-10-26,13.0,Cosmos
2023-10-27,4.8100000000000005,Cosmos
2023-10-28,0.0,Cosmos
2023-10-29,0.0,Cosmos
2023-10-30,12.22,Cosmos
2023-10-31,0.0,Cosmos
2023-11-01,13.12,Cosmos
2023-11-02,6.24,Cosmos
2023-11-03,14.56,Cosmos
2023-11-04,0.0,Cosmos
2023-11-05,10.56,Cosmos
2023-11-06,7.84,Cosmos
2023-11-07,0.0,Cosmos
2023-11-08,5.28,Cosmos
2023-11-09,0.0,Cosmos
2023-11-10,16.0,Cosmos
2023-11-11,6.24,Cosmos
2023-11-12,0.0,Cosmos
2023-11-13,12.16,Cosmos
2023-11-14,9.92,Cosmos
2023-11-15,9.44,Cosmos
2023-11-16,6.4,Cosmos
2023-11-17,6.24,Cosmos
2023-11-18,0.0,Cosmos
2023-11-19,0.0,Cosmos
2023-11-20,0.0,Cosmos
2023-11-21,0.0,Cosmos
2023-11-22,10.72,Cosmos
2023-11-23,0.0,Cosmos
2023-11-24,0.0,Cosmos
2023-11-25,0.0,Cosmos
2023-11-26,6.24,Cosmos
2023-11-27,9.6,Cosmos
2023-11-28,0.0,Cosmos
2023-11-29,0.0,Cosmos
2023-11-30,0.0,Cosmos
2023-12-01,0.0,Cosmos
2023-12-02,0.0,Cosmos
2023-12-03,17.1,Cosmos
2023-12-04,0.0,Cosmos
2023-12-05,0.0,Cosmos
2023-12-06,0.0,Cosmos
2023-12-07,0.0,Cosmos
2023-12-08,0.0,Cosmos
2023-12-09,0.0,Cosmos
2023-12-10,6.65,Cosmos
2023-12-11,0.0,Cosmos
2023-12-12,8.74,Cosmos
2023-12-13,0.0,Cosmos
2023-12-14,18.62,Cosmos
2023-12-15,0.0,Cosmos
2023-12-16,6.84,Cosmos
2023-12-17,0.0,Cosmos
2023-12-18,0.0,Cosmos
2023-12-19,0.0,Cosmos
2023-12-20,9.12,Cosmos
2023-12-21,0.0,Cosmos
2023-12-22,0.0,Cosmos
2023-12-23,11.78,Cosmos
2023-12-24,9.12,Cosmos
2023-12-25,0.0,Cosmos
2023-12-26,5.51,Cosmos
2023-12-27,9.31,Cosmos
2023-12-28,19.0,Cosmos
2023-12-29,9.12,Cosmos
2023-12-30,0.0,Cosmos
2023-12-31,4.94,Cosmos
