date,Polygon price
2013-01-01,0.0
2013-01-02,0.0
2013-01-03,0.0
2013-01-04,0.0
2013-01-05,0.0
2013-01-06,0.0
2013-01-07,0.0
2013-01-08,0.0
2013-01-09,0.0
2013-01-10,0.0
2013-01-11,0.0
2013-01-12,0.0
2013-01-13,0.0
2013-01-14,0.0
2013-01-15,0.0
2013-01-16,0.0
2013-01-17,0.0
2013-01-18,0.0
2013-01-19,0.0
2013-01-20,0.0
2013-01-21,0.0
2013-01-22,0.0
2013-01-23,0.0
2013-01-24,0.0
2013-01-25,0.0
2013-01-26,0.0
2013-01-27,0.0
2013-01-28,0.0
2013-01-29,0.0
2013-01-30,0.0
2013-01-31,0.0
2013-02-01,0.0
2013-02-02,0.0
2013-02-03,0.0
2013-02-04,0.4
2013-02-05,0.0
2013-02-06,0.0
2013-02-07,0.0
2013-02-08,0.0
2013-02-09,0.0
2013-02-10,0.0
2013-02-11,0.34
2013-02-12,0.0
2013-02-13,0.0
2013-02-14,0.0
2013-02-15,0.41000000000000003
2013-02-16,0.0
2013-02-17,0.0
2013-02-18,0.0
2013-02-19,0.0
2013-02-20,0.0
2013-02-21,0.32
2013-02-22,1.0
2013-02-23,0.37
2013-02-24,0.0
2013-02-25,0.0
2013-02-26,0.0
2013-02-27,0.0
2013-02-28,0.0
2013-03-01,0.0
2013-03-02,0.0
2013-03-03,0.0
2013-03-04,0.0
2013-03-05,0.0
2013-03-06,0.0
2013-03-07,0.0
2013-03-08,0.0
2013-03-09,0.0
2013-03-10,0.0
2013-03-11,0.0
2013-03-12,0.0
2013-03-13,0.0
2013-03-14,0.0
2013-03-15,0.0
2013-03-16,0.0
2013-03-17,0.0
2013-03-18,0.0
2013-03-19,0.0
2013-03-20,0.0
2013-03-21,0.0
2013-03-22,0.0
2013-03-23,0.0
2013-03-24,0.0
2013-03-25,0.0
2013-03-26,0.0
2013-03-27,0.0
2013-03-28,0.0
2013-03-29,0.0
2013-03-30,0.0
2013-03-31,0.0
2013-04-01,0.0
2013-04-02,0.0
2013-04-03,0.0
2013-04-04,0.0
2013-04-05,0.0
2013-04-06,0.0
2013-04-07,0.0
2013-04-08,0.0
2013-04-09,0.0
2013-04-10,0.0
2013-04-11,0.0
2013-04-12,0.0
2013-04-13,0.0
2013-04-14,0.62
2013-04-15,0.53
2013-04-16,0.62
2013-04-17,0.0
2013-04-18,0.0
2013-04-19,0.76
2013-04-20,0.0
2013-04-21,0.0
2013-04-22,1.0
2013-04-23,0.0
2013-04-24,0.0
2013-04-25,0.0
2013-04-26,0.89
2013-04-27,0.0
2013-04-28,0.0
2013-04-29,0.0
2013-04-30,0.0
2013-05-01,0.0
2013-05-02,0.0
2013-05-03,0.26
2013-05-04,0.0
2013-05-05,0.0
2013-05-06,1.0
2013-05-07,0.16
2013-05-08,0.0
2013-05-09,0.0
2013-05-10,0.0
2013-05-11,0.0
2013-05-12,0.0
2013-05-13,0.0
2013-05-14,0.0
2013-05-15,0.22
2013-05-16,0.0
2013-05-17,0.0
2013-05-18,0.0
2013-05-19,0.0
2013-05-20,0.0
2013-05-21,0.0
2013-05-22,0.0
2013-05-23,0.67
2013-05-24,0.0
2013-05-25,0.0
2013-05-26,0.0
2013-05-27,0.18
2013-05-28,0.0
2013-05-29,0.0
2013-05-30,0.0
2013-05-31,0.0
2013-06-01,0.0
2013-06-02,0.0
2013-06-03,0.0
2013-06-04,0.0
2013-06-05,0.0
2013-06-06,0.0
2013-06-07,0.0
2013-06-08,0.0
2013-06-09,0.0
2013-06-10,0.0
2013-06-11,0.0
2013-06-12,0.0
2013-06-13,0.0
2013-06-14,0.0
2013-06-15,1.0
2013-06-16,0.0
2013-06-17,0.0
2013-06-18,0.0
2013-06-19,0.0
2013-06-20,0.0
2013-06-21,0.0
2013-06-22,0.0
2013-06-23,0.0
2013-06-24,0.0
2013-06-25,0.0
2013-06-26,0.84
2013-06-27,0.0
2013-06-28,0.0
2013-06-29,0.0
2013-06-30,0.0
2013-07-01,0.0
2013-07-02,0.0
2013-07-03,0.0
2013-07-04,0.0
2013-07-05,0.0
2013-07-06,0.0
2013-07-07,0.0
2013-07-08,0.0
2013-07-09,0.0
2013-07-10,0.0
2013-07-11,0.0
2013-07-12,0.0
2013-07-13,0.0
2013-07-14,0.0
2013-07-15,0.0
2013-07-16,0.0
2013-07-17,0.0
2013-07-18,0.0
2013-07-19,0.0
2013-07-20,0.0
2013-07-21,0.0
2013-07-22,0.0
2013-07-23,0.0
2013-07-24,0.0
2013-07-25,0.0
2013-07-26,0.0
2013-07-27,0.0
2013-07-28,0.0
2013-07-29,0.0
2013-07-30,0.0
2013-07-31,0.0
2013-08-01,0.0
2013-08-02,0.0
2013-08-03,0.0
2013-08-04,0.0
2013-08-05,0.0
2013-08-06,0.0
2013-08-07,0.0
2013-08-08,0.0
2013-08-09,0.0
2013-08-10,0.0
2013-08-11,0.0
2013-08-12,0.0
2013-08-13,0.0
2013-08-14,0.0
2013-08-15,0.0
2013-08-16,0.0
2013-08-17,0.0
2013-08-18,0.0
2013-08-19,0.0
2013-08-20,0.0
2013-08-21,0.0
2013-08-22,0.0
2013-08-23,0.0
2013-08-24,0.0
2013-08-25,0.0
2013-08-26,0.0
2013-08-27,0.0
2013-08-28,0.0
2013-08-29,0.0
2013-08-30,0.0
2013-08-31,0.0
2013-09-01,0.0
2013-09-02,0.0
2013-09-03,0.0
2013-09-04,0.0
2013-09-05,0.0
2013-09-06,0.0
2013-09-07,0.0
2013-09-08,0.0
2013-09-09,0.0
2013-09-10,0.0
2013-09-11,0.0
2013-09-12,0.0
2013-09-13,0.0
2013-09-14,0.0
2013-09-15,0.0
2013-09-16,0.0
2013-09-17,0.0
2013-09-18,0.0
2013-09-19,0.0
2013-09-20,0.0
2013-09-21,0.0
2013-09-22,0.0
2013-09-23,0.0
2013-09-24,0.0
2013-09-25,0.0
2013-09-26,0.0
2013-09-27,0.0
2013-09-28,0.0
2013-09-29,0.0
2013-09-30,0.0
2013-10-01,0.0
2013-10-02,0.0
2013-10-03,0.0
2013-10-04,0.0
2013-10-05,0.0
2013-10-06,0.0
2013-10-07,0.0
2013-10-08,0.0
2013-10-09,0.0
2013-10-10,0.0
2013-10-11,0.0
2013-10-12,0.0
2013-10-13,0.0
2013-10-14,0.0
2013-10-15,0.0
2013-10-16,0.0
2013-10-17,0.0
2013-10-18,0.0
2013-10-19,0.0
2013-10-20,0.0
2013-10-21,0.0
2013-10-22,0.0
2013-10-23,0.0
2013-10-24,0.0
2013-10-25,0.0
2013-10-26,0.0
2013-10-27,0.0
2013-10-28,0.0
2013-10-29,0.0
2013-10-30,0.0
2013-10-31,0.0
2013-11-01,0.0
2013-11-02,0.0
2013-11-03,0.0
2013-11-04,0.53
2013-11-05,0.0
2013-11-06,0.0
2013-11-07,0.0
2013-11-08,0.49
2013-11-09,0.9400000000000001
2013-11-10,0.0
2013-11-11,0.0
2013-11-12,0.0
2013-11-13,0.0
2013-11-14,0.0
2013-11-15,0.35000000000000003
2013-11-16,0.0
2013-11-17,0.0
2013-11-18,0.0
2013-11-19,0.0
2013-11-20,0.9
2013-11-21,0.0
2013-11-22,0.0
2013-11-23,0.0
2013-11-24,1.0
2013-11-25,0.41000000000000003
2013-11-26,0.0
2013-11-27,0.0
2013-11-28,0.0
2013-11-29,0.0
2013-11-30,0.0
2013-12-01,0.0
2013-12-02,0.0
2013-12-03,0.0
2013-12-04,0.0
2013-12-05,0.0
2013-12-06,0.0
2013-12-07,0.0
2013-12-08,0.0
2013-12-09,0.0
2013-12-10,0.0
2013-12-11,0.0
2013-12-12,0.0
2013-12-13,0.0
2013-12-14,0.0
2013-12-15,0.0
2013-12-16,0.0
2013-12-17,0.0
2013-12-18,0.0
2013-12-19,0.0
2013-12-20,0.0
2013-12-21,0.0
2013-12-22,0.0
2013-12-23,0.0
2013-12-24,0.0
2013-12-25,0.0
2013-12-26,0.0
2013-12-27,0.0
2013-12-28,0.0
2013-12-29,0.0
2013-12-30,0.0
2013-12-31,0.0
2014-01-01,0.0
2014-01-02,0.0
2014-01-03,0.0
2014-01-04,0.0
2014-01-05,0.0
2014-01-06,0.0
2014-01-07,0.0
2014-01-08,0.0
2014-01-09,0.75
2014-01-10,0.0
2014-01-11,0.0
2014-01-12,0.0
2014-01-13,0.0
2014-01-14,0.0
2014-01-15,0.47000000000000003
2014-01-16,0.0
2014-01-17,0.0
2014-01-18,0.0
2014-01-19,0.0
2014-01-20,0.0
2014-01-21,0.0
2014-01-22,0.0
2014-01-23,0.0
2014-01-24,0.0
2014-01-25,0.0
2014-01-26,1.0
2014-01-27,0.65
2014-01-28,0.0
2014-01-29,0.0
2014-01-30,0.0
2014-01-31,0.0
2014-02-01,0.0
2014-02-02,0.0
2014-02-03,0.0
2014-02-04,0.0
2014-02-05,0.0
2014-02-06,0.0
2014-02-07,0.0
2014-02-08,0.0
2014-02-09,0.0
2014-02-10,0.0
2014-02-11,0.0
2014-02-12,0.0
2014-02-13,0.0
2014-02-14,0.0
2014-02-15,0.0
2014-02-16,0.0
2014-02-17,0.0
2014-02-18,0.0
2014-02-19,0.0
2014-02-20,0.0
2014-02-21,0.0
2014-02-22,0.0
2014-02-23,0.0
2014-02-24,0.0
2014-02-25,0.0
2014-02-26,0.0
2014-02-27,0.0
2014-02-28,0.0
2014-03-01,0.0
2014-03-02,0.0
2014-03-03,0.0
2014-03-04,0.0
2014-03-05,0.0
2014-03-06,0.0
2014-03-07,0.0
2014-03-08,0.0
2014-03-09,0.0
2014-03-10,0.0
2014-03-11,0.0
2014-03-12,0.0
2014-03-13,0.0
2014-03-14,0.0
2014-03-15,0.0
2014-03-16,0.0
2014-03-17,0.0
2014-03-18,0.0
2014-03-19,0.0
2014-03-20,0.0
2014-03-21,0.0
2014-03-22,0.0
2014-03-23,0.0
2014-03-24,0.0
2014-03-25,0.0
2014-03-26,0.0
2014-03-27,0.0
2014-03-28,0.0
2014-03-29,0.0
2014-03-30,0.0
2014-03-31,0.0
2014-04-01,0.0
2014-04-02,0.0
2014-04-03,0.0
2014-04-04,0.0
2014-04-05,0.0
2014-04-06,0.0
2014-04-07,0.0
2014-04-08,0.0
2014-04-09,0.0
2014-04-10,0.0
2014-04-11,0.0
2014-04-12,0.0
2014-04-13,0.0
2014-04-14,0.0
2014-04-15,0.0
2014-04-16,0.0
2014-04-17,0.0
2014-04-18,0.0
2014-04-19,0.0
2014-04-20,0.0
2014-04-21,0.0
2014-04-22,0.0
2014-04-23,0.0
2014-04-24,0.0
2014-04-25,0.0
2014-04-26,0.0
2014-04-27,0.0
2014-04-28,0.0
2014-04-29,0.0
2014-04-30,0.0
2014-05-01,0.0
2014-05-02,0.0
2014-05-03,0.0
2014-05-04,0.0
2014-05-05,0.0
2014-05-06,0.0
2014-05-07,0.0
2014-05-08,0.0
2014-05-09,0.0
2014-05-10,0.0
2014-05-11,0.0
2014-05-12,0.0
2014-05-13,0.0
2014-05-14,0.0
2014-05-15,0.0
2014-05-16,0.0
2014-05-17,0.0
2014-05-18,0.0
2014-05-19,0.0
2014-05-20,0.0
2014-05-21,0.0
2014-05-22,0.0
2014-05-23,0.0
2014-05-24,0.0
2014-05-25,0.0
2014-05-26,0.0
2014-05-27,0.0
2014-05-28,0.0
2014-05-29,0.0
2014-05-30,0.0
2014-05-31,0.0
2014-06-01,0.0
2014-06-02,0.0
2014-06-03,0.0
2014-06-04,0.0
2014-06-05,0.0
2014-06-06,0.0
2014-06-07,0.0
2014-06-08,0.0
2014-06-09,0.0
2014-06-10,0.73
2014-06-11,0.89
2014-06-12,0.0
2014-06-13,0.0
2014-06-14,0.0
2014-06-15,0.0
2014-06-16,0.0
2014-06-17,0.0
2014-06-18,0.0
2014-06-19,0.0
2014-06-20,0.0
2014-06-21,0.0
2014-06-22,0.0
2014-06-23,0.0
2014-06-24,0.0
2014-06-25,0.0
2014-06-26,0.0
2014-06-27,1.0
2014-06-28,0.0
2014-06-29,0.0
2014-06-30,0.0
2014-07-01,0.0
2014-07-02,0.0
2014-07-03,0.0
2014-07-04,0.0
2014-07-05,0.0
2014-07-06,0.0
2014-07-07,0.0
2014-07-08,0.0
2014-07-09,0.0
2014-07-10,0.0
2014-07-11,0.0
2014-07-12,0.0
2014-07-13,0.0
2014-07-14,0.0
2014-07-15,0.0
2014-07-16,0.0
2014-07-17,0.0
2014-07-18,0.0
2014-07-19,0.0
2014-07-20,0.0
2014-07-21,0.0
2014-07-22,0.0
2014-07-23,0.0
2014-07-24,0.0
2014-07-25,0.0
2014-07-26,0.0
2014-07-27,0.0
2014-07-28,0.0
2014-07-29,0.0
2014-07-30,0.0
2014-07-31,0.0
2014-08-01,0.0
2014-08-02,0.0
2014-08-03,0.0
2014-08-04,0.0
2014-08-05,0.0
2014-08-06,0.0
2014-08-07,0.0
2014-08-08,0.0
2014-08-09,0.0
2014-08-10,0.0
2014-08-11,0.0
2014-08-12,0.0
2014-08-13,0.0
2014-08-14,0.0
2014-08-15,0.0
2014-08-16,0.0
2014-08-17,0.0
2014-08-18,0.0
2014-08-19,0.0
2014-08-20,0.0
2014-08-21,0.0
2014-08-22,0.0
2014-08-23,0.0
2014-08-24,0.0
2014-08-25,0.0
2014-08-26,0.0
2014-08-27,0.0
2014-08-28,0.0
2014-08-29,0.0
2014-08-30,0.0
2014-08-31,0.0
2014-09-01,0.0
2014-09-02,0.0
2014-09-03,0.0
2014-09-04,0.0
2014-09-05,0.0
2014-09-06,0.0
2014-09-07,0.0
2014-09-08,0.0
2014-09-09,0.0
2014-09-10,0.0
2014-09-11,0.0
2014-09-12,0.0
2014-09-13,0.0
2014-09-14,0.0
2014-09-15,0.0
2014-09-16,0.0
2014-09-17,0.0
2014-09-18,0.0
2014-09-19,0.0
2014-09-20,0.0
2014-09-21,0.0
2014-09-22,0.0
2014-09-23,0.0
2014-09-24,0.0
2014-09-25,0.0
2014-09-26,0.0
2014-09-27,0.0
2014-09-28,0.0
2014-09-29,0.0
2014-09-30,0.0
2014-10-01,0.0
2014-10-02,0.0
2014-10-03,0.0
2014-10-04,0.0
2014-10-05,0.0
2014-10-06,0.0
2014-10-07,0.0
2014-10-08,0.0
2014-10-09,0.0
2014-10-10,0.0
2014-10-11,0.0
2014-10-12,0.0
2014-10-13,0.0
2014-10-14,0.0
2014-10-15,0.0
2014-10-16,0.0
2014-10-17,0.0
2014-10-18,0.0
2014-10-19,0.0
2014-10-20,0.0
2014-10-21,0.0
2014-10-22,0.0
2014-10-23,0.0
2014-10-24,0.0
2014-10-25,0.0
2014-10-26,0.0
2014-10-27,0.0
2014-10-28,0.0
2014-10-29,0.0
2014-10-30,0.0
2014-10-31,0.0
2014-11-01,0.0
2014-11-02,0.0
2014-11-03,0.0
2014-11-04,0.0
2014-11-05,0.0
2014-11-06,0.0
2014-11-07,0.0
2014-11-08,0.0
2014-11-09,0.0
2014-11-10,0.0
2014-11-11,0.0
2014-11-12,0.0
2014-11-13,0.0
2014-11-14,0.0
2014-11-15,0.0
2014-11-16,0.0
2014-11-17,0.0
2014-11-18,0.0
2014-11-19,0.0
2014-11-20,0.0
2014-11-21,0.0
2014-11-22,0.0
2014-11-23,0.0
2014-11-24,0.0
2014-11-25,0.0
2014-11-26,0.0
2014-11-27,0.0
2014-11-28,0.0
2014-11-29,0.0
2014-11-30,0.0
2014-12-01,0.0
2014-12-02,0.0
2014-12-03,0.0
2014-12-04,0.0
2014-12-05,0.0
2014-12-06,0.0
2014-12-07,0.0
2014-12-08,0.0
2014-12-09,0.0
2014-12-10,0.0
2014-12-11,0.0
2014-12-12,0.0
2014-12-13,0.0
2014-12-14,0.0
2014-12-15,0.0
2014-12-16,0.0
2014-12-17,0.0
2014-12-18,0.0
2014-12-19,0.0
2014-12-20,0.0
2014-12-21,0.0
2014-12-22,0.0
2014-12-23,0.0
2014-12-24,0.0
2014-12-25,0.0
2014-12-26,0.0
2014-12-27,0.0
2014-12-28,0.0
2014-12-29,0.0
2014-12-30,0.0
2014-12-31,0.0
2015-01-01,0.0
2015-01-02,0.0
2015-01-03,0.0
2015-01-04,0.0
2015-01-05,0.0
2015-01-06,0.0
2015-01-07,0.0
2015-01-08,0.0
2015-01-09,0.0
2015-01-10,0.0
2015-01-11,0.0
2015-01-12,0.0
2015-01-13,0.0
2015-01-14,0.0
2015-01-15,0.0
2015-01-16,0.0
2015-01-17,0.0
2015-01-18,0.0
2015-01-19,0.0
2015-01-20,0.0
2015-01-21,0.0
2015-01-22,0.0
2015-01-23,0.0
2015-01-24,0.0
2015-01-25,0.0
2015-01-26,0.0
2015-01-27,0.0
2015-01-28,0.0
2015-01-29,0.0
2015-01-30,0.0
2015-01-31,0.0
2015-02-01,0.0
2015-02-02,0.0
2015-02-03,0.0
2015-02-04,0.0
2015-02-05,0.0
2015-02-06,0.0
2015-02-07,0.0
2015-02-08,0.0
2015-02-09,0.0
2015-02-10,0.0
2015-02-11,0.0
2015-02-12,0.0
2015-02-13,0.0
2015-02-14,0.0
2015-02-15,0.0
2015-02-16,0.0
2015-02-17,0.0
2015-02-18,0.0
2015-02-19,0.0
2015-02-20,0.0
2015-02-21,0.0
2015-02-22,0.0
2015-02-23,0.0
2015-02-24,0.0
2015-02-25,0.0
2015-02-26,0.0
2015-02-27,0.0
2015-02-28,0.0
2015-03-01,0.0
2015-03-02,0.0
2015-03-03,0.0
2015-03-04,0.0
2015-03-05,0.0
2015-03-06,0.0
2015-03-07,0.0
2015-03-08,0.0
2015-03-09,0.0
2015-03-10,0.0
2015-03-11,0.0
2015-03-12,0.0
2015-03-13,0.0
2015-03-14,0.0
2015-03-15,0.0
2015-03-16,0.0
2015-03-17,0.0
2015-03-18,0.0
2015-03-19,0.0
2015-03-20,0.0
2015-03-21,0.0
2015-03-22,0.0
2015-03-23,0.0
2015-03-24,0.0
2015-03-25,0.0
2015-03-26,0.0
2015-03-27,0.0
2015-03-28,0.0
2015-03-29,0.0
2015-03-30,0.0
2015-03-31,0.0
2015-04-01,0.0
2015-04-02,0.0
2015-04-03,0.0
2015-04-04,0.0
2015-04-05,0.0
2015-04-06,0.0
2015-04-07,0.0
2015-04-08,0.0
2015-04-09,0.0
2015-04-10,0.0
2015-04-11,0.0
2015-04-12,0.0
2015-04-13,0.0
2015-04-14,0.0
2015-04-15,0.0
2015-04-16,0.0
2015-04-17,0.0
2015-04-18,0.0
2015-04-19,0.0
2015-04-20,0.0
2015-04-21,0.0
2015-04-22,0.0
2015-04-23,0.0
2015-04-24,0.0
2015-04-25,0.0
2015-04-26,0.0
2015-04-27,0.0
2015-04-28,0.0
2015-04-29,0.0
2015-04-30,0.0
2015-05-01,0.0
2015-05-02,0.0
2015-05-03,0.0
2015-05-04,0.0
2015-05-05,0.0
2015-05-06,0.0
2015-05-07,0.0
2015-05-08,0.0
2015-05-09,0.0
2015-05-10,0.0
2015-05-11,0.0
2015-05-12,0.0
2015-05-13,0.0
2015-05-14,0.0
2015-05-15,0.0
2015-05-16,0.0
2015-05-17,0.0
2015-05-18,0.0
2015-05-19,0.0
2015-05-20,0.0
2015-05-21,0.0
2015-05-22,0.0
2015-05-23,0.0
2015-05-24,0.0
2015-05-25,0.0
2015-05-26,0.0
2015-05-27,0.0
2015-05-28,0.0
2015-05-29,0.0
2015-05-30,0.0
2015-05-31,0.0
2015-06-01,0.0
2015-06-02,0.0
2015-06-03,0.0
2015-06-04,0.0
2015-06-05,0.0
2015-06-06,0.0
2015-06-07,0.0
2015-06-08,0.0
2015-06-09,0.0
2015-06-10,0.0
2015-06-11,0.0
2015-06-12,0.0
2015-06-13,0.0
2015-06-14,0.0
2015-06-15,0.0
2015-06-16,0.0
2015-06-17,0.0
2015-06-18,0.0
2015-06-19,0.0
2015-06-20,0.0
2015-06-21,0.0
2015-06-22,0.0
2015-06-23,0.0
2015-06-24,0.0
2015-06-25,0.0
2015-06-26,0.0
2015-06-27,0.0
2015-06-28,0.0
2015-06-29,0.0
2015-06-30,0.0
2015-07-01,0.0
2015-07-02,0.0
2015-07-03,0.0
2015-07-04,0.0
2015-07-05,0.0
2015-07-06,0.0
2015-07-07,0.0
2015-07-08,0.0
2015-07-09,0.0
2015-07-10,0.0
2015-07-11,0.0
2015-07-12,0.0
2015-07-13,0.0
2015-07-14,0.0
2015-07-15,0.0
2015-07-16,0.0
2015-07-17,0.0
2015-07-18,0.0
2015-07-19,0.0
2015-07-20,0.0
2015-07-21,0.0
2015-07-22,0.0
2015-07-23,0.0
2015-07-24,0.0
2015-07-25,0.0
2015-07-26,0.0
2015-07-27,0.0
2015-07-28,0.0
2015-07-29,0.0
2015-07-30,0.0
2015-07-31,0.0
2015-08-01,0.0
2015-08-02,0.0
2015-08-03,0.0
2015-08-04,0.0
2015-08-05,0.0
2015-08-06,0.0
2015-08-07,0.0
2015-08-08,0.0
2015-08-09,0.0
2015-08-10,0.0
2015-08-11,0.0
2015-08-12,0.0
2015-08-13,0.0
2015-08-14,0.0
2015-08-15,0.0
2015-08-16,0.0
2015-08-17,0.0
2015-08-18,0.0
2015-08-19,0.0
2015-08-20,0.0
2015-08-21,0.0
2015-08-22,0.0
2015-08-23,0.0
2015-08-24,0.0
2015-08-25,0.0
2015-08-26,0.0
2015-08-27,0.0
2015-08-28,0.0
2015-08-29,0.0
2015-08-30,0.0
2015-08-31,0.0
2015-09-01,0.0
2015-09-02,0.0
2015-09-03,0.0
2015-09-04,0.0
2015-09-05,0.0
2015-09-06,0.6
2015-09-07,0.0
2015-09-08,0.0
2015-09-09,0.0
2015-09-10,0.9
2015-09-11,0.65
2015-09-12,0.0
2015-09-13,0.76
2015-09-14,0.0
2015-09-15,0.0
2015-09-16,0.36
2015-09-17,0.43
2015-09-18,0.0
2015-09-19,0.0
2015-09-20,0.0
2015-09-21,0.4
2015-09-22,0.0
2015-09-23,0.91
2015-09-24,0.0
2015-09-25,0.0
2015-09-26,1.0
2015-09-27,0.0
2015-09-28,0.0
2015-09-29,0.85
2015-09-30,0.34
2015-10-01,0.0
2015-10-02,0.0
2015-10-03,0.0
2015-10-04,0.0
2015-10-05,0.0
2015-10-06,0.0
2015-10-07,0.0
2015-10-08,0.0
2015-10-09,0.0
2015-10-10,0.0
2015-10-11,0.0
2015-10-12,0.0
2015-10-13,0.0
2015-10-14,0.0
2015-10-15,0.0
2015-10-16,0.0
2015-10-17,0.0
2015-10-18,0.0
2015-10-19,0.0
2015-10-20,0.0
2015-10-21,0.0
2015-10-22,0.0
2015-10-23,0.0
2015-10-24,0.0
2015-10-25,0.0
2015-10-26,0.0
2015-10-27,0.0
2015-10-28,0.0
2015-10-29,0.0
2015-10-30,0.0
2015-10-31,0.0
2015-11-01,0.0
2015-11-02,0.0
2015-11-03,0.0
2015-11-04,0.0
2015-11-05,0.0
2015-11-06,0.0
2015-11-07,0.0
2015-11-08,0.0
2015-11-09,0.0
2015-11-10,0.0
2015-11-11,0.0
2015-11-12,0.0
2015-11-13,0.0
2015-11-14,0.0
2015-11-15,0.0
2015-11-16,0.0
2015-11-17,0.0
2015-11-18,0.0
2015-11-19,0.0
2015-11-20,0.0
2015-11-21,0.0
2015-11-22,0.0
2015-11-23,0.0
2015-11-24,0.0
2015-11-25,0.0
2015-11-26,0.0
2015-11-27,0.0
2015-11-28,0.0
2015-11-29,0.0
2015-11-30,0.0
2015-12-01,0.0
2015-12-02,0.0
2015-12-03,0.0
2015-12-04,0.0
2015-12-05,0.0
2015-12-06,0.0
2015-12-07,0.0
2015-12-08,0.0
2015-12-09,0.0
2015-12-10,0.0
2015-12-11,0.0
2015-12-12,0.0
2015-12-13,0.0
2015-12-14,0.0
2015-12-15,0.0
2015-12-16,0.0
2015-12-17,0.0
2015-12-18,0.0
2015-12-19,0.0
2015-12-20,0.0
2015-12-21,0.0
2015-12-22,0.0
2015-12-23,0.0
2015-12-24,0.0
2015-12-25,0.0
2015-12-26,0.0
2015-12-27,0.0
2015-12-28,0.0
2015-12-29,0.0
2015-12-30,0.0
2015-12-31,0.0
2016-01-01,0.0
2016-01-02,0.0
2016-01-03,0.0
2016-01-04,0.0
2016-01-05,0.0
2016-01-06,0.0
2016-01-07,0.0
2016-01-08,0.0
2016-01-09,0.0
2016-01-10,0.0
2016-01-11,0.0
2016-01-12,0.0
2016-01-13,0.0
2016-01-14,0.0
2016-01-15,0.0
2016-01-16,0.0
2016-01-17,0.0
2016-01-18,0.0
2016-01-19,0.0
2016-01-20,0.0
2016-01-21,0.0
2016-01-22,0.0
2016-01-23,0.0
2016-01-24,0.0
2016-01-25,0.0
2016-01-26,0.0
2016-01-27,0.0
2016-01-28,0.0
2016-01-29,0.0
2016-01-30,0.0
2016-01-31,0.0
2016-02-01,0.0
2016-02-02,1.0
2016-02-03,0.86
2016-02-04,0.0
2016-02-05,0.0
2016-02-06,0.48
2016-02-07,0.0
2016-02-08,0.0
2016-02-09,0.0
2016-02-10,0.37
2016-02-11,0.0
2016-02-12,0.42
2016-02-13,0.0
2016-02-14,0.0
2016-02-15,0.0
2016-02-16,0.0
2016-02-17,0.55
2016-02-18,0.0
2016-02-19,0.0
2016-02-20,0.79
2016-02-21,0.0
2016-02-22,0.0
2016-02-23,0.0
2016-02-24,0.0
2016-02-25,0.0
2016-02-26,0.65
2016-02-27,0.0
2016-02-28,0.66
2016-02-29,0.0
2016-03-01,0.0
2016-03-02,0.0
2016-03-03,0.0
2016-03-04,0.0
2016-03-05,0.0
2016-03-06,0.0
2016-03-07,0.0
2016-03-08,0.0
2016-03-09,0.0
2016-03-10,0.0
2016-03-11,0.0
2016-03-12,0.0
2016-03-13,0.0
2016-03-14,0.0
2016-03-15,0.0
2016-03-16,0.0
2016-03-17,0.0
2016-03-18,0.0
2016-03-19,0.0
2016-03-20,0.0
2016-03-21,0.0
2016-03-22,0.0
2016-03-23,0.0
2016-03-24,0.0
2016-03-25,0.0
2016-03-26,0.0
2016-03-27,0.0
2016-03-28,0.0
2016-03-29,0.0
2016-03-30,0.0
2016-03-31,0.0
2016-04-01,0.0
2016-04-02,0.0
2016-04-03,0.0
2016-04-04,0.0
2016-04-05,0.0
2016-04-06,0.0
2016-04-07,0.0
2016-04-08,0.0
2016-04-09,0.0
2016-04-10,0.0
2016-04-11,0.0
2016-04-12,0.0
2016-04-13,0.0
2016-04-14,0.0
2016-04-15,0.0
2016-04-16,0.0
2016-04-17,0.0
2016-04-18,0.0
2016-04-19,0.0
2016-04-20,0.0
2016-04-21,0.0
2016-04-22,0.0
2016-04-23,0.0
2016-04-24,0.0
2016-04-25,0.0
2016-04-26,0.0
2016-04-27,0.0
2016-04-28,0.0
2016-04-29,0.0
2016-04-30,0.0
2016-05-01,0.0
2016-05-02,0.0
2016-05-03,0.0
2016-05-04,0.0
2016-05-05,0.0
2016-05-06,0.0
2016-05-07,0.0
2016-05-08,0.0
2016-05-09,0.0
2016-05-10,0.0
2016-05-11,0.0
2016-05-12,0.0
2016-05-13,0.0
2016-05-14,0.0
2016-05-15,0.0
2016-05-16,0.0
2016-05-17,0.0
2016-05-18,0.0
2016-05-19,0.0
2016-05-20,0.0
2016-05-21,0.0
2016-05-22,0.0
2016-05-23,0.0
2016-05-24,0.0
2016-05-25,0.0
2016-05-26,0.0
2016-05-27,0.0
2016-05-28,0.0
2016-05-29,0.0
2016-05-30,0.0
2016-05-31,0.0
2016-06-01,0.0
2016-06-02,0.0
2016-06-03,0.0
2016-06-04,0.0
2016-06-05,0.0
2016-06-06,0.0
2016-06-07,0.0
2016-06-08,0.0
2016-06-09,0.0
2016-06-10,0.0
2016-06-11,0.0
2016-06-12,0.0
2016-06-13,0.0
2016-06-14,0.0
2016-06-15,0.0
2016-06-16,0.0
2016-06-17,0.0
2016-06-18,0.0
2016-06-19,0.0
2016-06-20,0.0
2016-06-21,0.0
2016-06-22,0.0
2016-06-23,0.0
2016-06-24,0.0
2016-06-25,0.0
2016-06-26,0.0
2016-06-27,0.0
2016-06-28,0.0
2016-06-29,0.0
2016-06-30,0.0
2016-07-01,0.0
2016-07-02,0.0
2016-07-03,0.0
2016-07-04,0.0
2016-07-05,0.0
2016-07-06,0.0
2016-07-07,0.0
2016-07-08,0.0
2016-07-09,0.0
2016-07-10,0.0
2016-07-11,0.0
2016-07-12,0.0
2016-07-13,0.0
2016-07-14,0.0
2016-07-15,0.0
2016-07-16,0.0
2016-07-17,0.0
2016-07-18,0.0
2016-07-19,0.0
2016-07-20,0.0
2016-07-21,0.0
2016-07-22,0.0
2016-07-23,0.0
2016-07-24,0.0
2016-07-25,0.0
2016-07-26,0.0
2016-07-27,0.0
2016-07-28,0.0
2016-07-29,0.0
2016-07-30,0.0
2016-07-31,0.0
2016-08-01,0.0
2016-08-02,0.0
2016-08-03,0.0
2016-08-04,0.0
2016-08-05,0.0
2016-08-06,0.0
2016-08-07,0.0
2016-08-08,0.0
2016-08-09,0.0
2016-08-10,0.0
2016-08-11,0.0
2016-08-12,0.0
2016-08-13,0.0
2016-08-14,0.0
2016-08-15,0.0
2016-08-16,0.0
2016-08-17,0.0
2016-08-18,0.0
2016-08-19,0.0
2016-08-20,0.0
2016-08-21,0.0
2016-08-22,0.0
2016-08-23,0.0
2016-08-24,0.0
2016-08-25,0.0
2016-08-26,0.0
2016-08-27,0.0
2016-08-28,0.0
2016-08-29,0.0
2016-08-30,0.0
2016-08-31,0.0
2016-09-01,0.0
2016-09-02,0.0
2016-09-03,0.0
2016-09-04,0.0
2016-09-05,0.0
2016-09-06,0.0
2016-09-07,0.0
2016-09-08,0.0
2016-09-09,0.0
2016-09-10,0.0
2016-09-11,0.0
2016-09-12,0.0
2016-09-13,0.0
2016-09-14,0.0
2016-09-15,0.0
2016-09-16,0.0
2016-09-17,0.0
2016-09-18,0.0
2016-09-19,0.0
2016-09-20,0.0
2016-09-21,0.0
2016-09-22,0.0
2016-09-23,0.0
2016-09-24,0.0
2016-09-25,0.0
2016-09-26,0.0
2016-09-27,0.0
2016-09-28,0.0
2016-09-29,0.0
2016-09-30,0.0
2016-10-01,0.0
2016-10-02,0.0
2016-10-03,0.0
2016-10-04,0.0
2016-10-05,0.0
2016-10-06,0.0
2016-10-07,0.0
2016-10-08,0.0
2016-10-09,0.0
2016-10-10,0.0
2016-10-11,0.0
2016-10-12,0.0
2016-10-13,0.0
2016-10-14,0.0
2016-10-15,0.0
2016-10-16,0.0
2016-10-17,0.0
2016-10-18,0.0
2016-10-19,0.0
2016-10-20,0.0
2016-10-21,0.0
2016-10-22,0.0
2016-10-23,0.0
2016-10-24,0.0
2016-10-25,0.0
2016-10-26,0.0
2016-10-27,0.0
2016-10-28,0.0
2016-10-29,0.0
2016-10-30,0.0
2016-10-31,0.0
2016-11-01,0.0
2016-11-02,0.0
2016-11-03,0.0
2016-11-04,0.0
2016-11-05,0.0
2016-11-06,0.0
2016-11-07,0.0
2016-11-08,0.0
2016-11-09,0.0
2016-11-10,0.0
2016-11-11,0.0
2016-11-12,0.0
2016-11-13,0.0
2016-11-14,0.0
2016-11-15,0.0
2016-11-16,0.0
2016-11-17,0.0
2016-11-18,0.0
2016-11-19,0.0
2016-11-20,0.0
2016-11-21,0.0
2016-11-22,0.0
2016-11-23,0.0
2016-11-24,0.0
2016-11-25,0.0
2016-11-26,0.0
2016-11-27,0.0
2016-11-28,0.0
2016-11-29,0.0
2016-11-30,0.0
2016-12-01,0.0
2016-12-02,0.0
2016-12-03,0.0
2016-12-04,0.0
2016-12-05,0.0
2016-12-06,0.0
2016-12-07,0.0
2016-12-08,0.0
2016-12-09,0.0
2016-12-10,0.0
2016-12-11,0.0
2016-12-12,0.0
2016-12-13,0.0
2016-12-14,0.0
2016-12-15,0.0
2016-12-16,0.0
2016-12-17,0.0
2016-12-18,0.0
2016-12-19,0.0
2016-12-20,0.0
2016-12-21,0.0
2016-12-22,0.0
2016-12-23,0.0
2016-12-24,0.0
2016-12-25,0.0
2016-12-26,0.0
2016-12-27,0.0
2016-12-28,0.0
2016-12-29,0.0
2016-12-30,0.0
2016-12-31,0.0
2017-01-01,0.0
2017-01-02,0.0
2017-01-03,0.0
2017-01-04,0.0
2017-01-05,0.0
2017-01-06,0.0
2017-01-07,0.0
2017-01-08,0.0
2017-01-09,0.0
2017-01-10,0.0
2017-01-11,0.0
2017-01-12,0.0
2017-01-13,0.0
2017-01-14,0.0
2017-01-15,0.0
2017-01-16,0.0
2017-01-17,0.0
2017-01-18,0.0
2017-01-19,0.0
2017-01-20,0.0
2017-01-21,0.0
2017-01-22,0.0
2017-01-23,0.0
2017-01-24,0.0
2017-01-25,0.0
2017-01-26,0.0
2017-01-27,0.0
2017-01-28,0.0
2017-01-29,0.0
2017-01-30,0.0
2017-01-31,0.0
2017-02-01,0.0
2017-02-02,0.0
2017-02-03,0.0
2017-02-04,0.0
2017-02-05,0.0
2017-02-06,0.0
2017-02-07,0.0
2017-02-08,0.0
2017-02-09,0.0
2017-02-10,0.0
2017-02-11,0.0
2017-02-12,0.0
2017-02-13,0.0
2017-02-14,0.0
2017-02-15,0.0
2017-02-16,0.0
2017-02-17,0.0
2017-02-18,0.0
2017-02-19,0.0
2017-02-20,0.0
2017-02-21,0.0
2017-02-22,0.0
2017-02-23,0.0
2017-02-24,0.0
2017-02-25,0.0
2017-02-26,0.0
2017-02-27,0.0
2017-02-28,0.0
2017-03-01,0.0
2017-03-02,0.0
2017-03-03,0.0
2017-03-04,0.0
2017-03-05,0.0
2017-03-06,0.62
2017-03-07,0.31
2017-03-08,0.0
2017-03-09,0.0
2017-03-10,0.43
2017-03-11,0.0
2017-03-12,0.0
2017-03-13,0.25
2017-03-14,0.21
2017-03-15,0.0
2017-03-16,0.0
2017-03-17,0.24
2017-03-18,0.0
2017-03-19,0.0
2017-03-20,0.0
2017-03-21,0.9400000000000001
2017-03-22,0.43
2017-03-23,0.38
2017-03-24,0.0
2017-03-25,1.0
2017-03-26,0.51
2017-03-27,0.0
2017-03-28,0.0
2017-03-29,0.76
2017-03-30,0.21
2017-03-31,0.49
2017-04-01,0.0
2017-04-02,0.0
2017-04-03,0.0
2017-04-04,0.0
2017-04-05,0.0
2017-04-06,0.0
2017-04-07,0.0
2017-04-08,0.0
2017-04-09,0.0
2017-04-10,0.0
2017-04-11,0.0
2017-04-12,0.0
2017-04-13,0.0
2017-04-14,0.0
2017-04-15,0.0
2017-04-16,0.0
2017-04-17,0.0
2017-04-18,0.0
2017-04-19,0.0
2017-04-20,0.0
2017-04-21,0.0
2017-04-22,0.0
2017-04-23,0.0
2017-04-24,0.0
2017-04-25,0.0
2017-04-26,0.0
2017-04-27,0.0
2017-04-28,0.0
2017-04-29,0.0
2017-04-30,0.0
2017-05-01,0.0
2017-05-02,0.0
2017-05-03,0.0
2017-05-04,0.0
2017-05-05,0.0
2017-05-06,0.0
2017-05-07,0.0
2017-05-08,0.0
2017-05-09,0.0
2017-05-10,0.0
2017-05-11,0.0
2017-05-12,0.0
2017-05-13,0.0
2017-05-14,0.0
2017-05-15,0.0
2017-05-16,0.0
2017-05-17,0.0
2017-05-18,0.0
2017-05-19,0.0
2017-05-20,0.0
2017-05-21,0.0
2017-05-22,0.0
2017-05-23,0.0
2017-05-24,0.0
2017-05-25,0.0
2017-05-26,0.0
2017-05-27,0.0
2017-05-28,0.0
2017-05-29,0.0
2017-05-30,0.0
2017-05-31,0.0
2017-06-01,0.0
2017-06-02,0.0
2017-06-03,0.0
2017-06-04,0.0
2017-06-05,0.0
2017-06-06,0.0
2017-06-07,0.0
2017-06-08,0.0
2017-06-09,0.0
2017-06-10,0.0
2017-06-11,0.0
2017-06-12,0.0
2017-06-13,0.0
2017-06-14,0.0
2017-06-15,0.0
2017-06-16,0.0
2017-06-17,0.0
2017-06-18,0.0
2017-06-19,0.0
2017-06-20,0.0
2017-06-21,0.0
2017-06-22,0.0
2017-06-23,0.0
2017-06-24,0.0
2017-06-25,0.0
2017-06-26,0.0
2017-06-27,0.0
2017-06-28,0.0
2017-06-29,0.0
2017-06-30,0.0
2017-07-01,0.0
2017-07-02,0.0
2017-07-03,0.0
2017-07-04,0.0
2017-07-05,0.0
2017-07-06,0.0
2017-07-07,0.0
2017-07-08,0.0
2017-07-09,0.0
2017-07-10,0.0
2017-07-11,0.0
2017-07-12,0.0
2017-07-13,0.0
2017-07-14,0.0
2017-07-15,0.0
2017-07-16,0.0
2017-07-17,0.0
2017-07-18,0.0
2017-07-19,0.0
2017-07-20,0.0
2017-07-21,0.0
2017-07-22,0.0
2017-07-23,0.0
2017-07-24,0.0
2017-07-25,0.0
2017-07-26,0.0
2017-07-27,0.0
2017-07-28,0.0
2017-07-29,0.0
2017-07-30,0.0
2017-07-31,0.0
2017-08-01,0.0
2017-08-02,0.0
2017-08-03,0.0
2017-08-04,0.0
2017-08-05,0.0
2017-08-06,0.0
2017-08-07,0.0
2017-08-08,0.0
2017-08-09,0.0
2017-08-10,0.0
2017-08-11,0.0
2017-08-12,0.0
2017-08-13,0.0
2017-08-14,0.0
2017-08-15,0.0
2017-08-16,0.0
2017-08-17,0.0
2017-08-18,0.0
2017-08-19,0.0
2017-08-20,0.0
2017-08-21,0.0
2017-08-22,0.0
2017-08-23,0.0
2017-08-24,0.0
2017-08-25,0.0
2017-08-26,0.0
2017-08-27,0.0
2017-08-28,0.0
2017-08-29,0.0
2017-08-30,0.0
2017-08-31,0.0
2017-09-01,0.0
2017-09-02,0.0
2017-09-03,0.0
2017-09-04,0.0
2017-09-05,0.0
2017-09-06,0.0
2017-09-07,0.0
2017-09-08,0.4
2017-09-09,0.0
2017-09-10,0.0
2017-09-11,0.0
2017-09-12,0.0
2017-09-13,1.0
2017-09-14,0.36
2017-09-15,0.32
2017-09-16,0.0
2017-09-17,0.0
2017-09-18,0.22
2017-09-19,0.6
2017-09-20,0.0
2017-09-21,0.0
2017-09-22,0.0
2017-09-23,0.0
2017-09-24,0.0
2017-09-25,0.3
2017-09-26,0.0
2017-09-27,0.0
2017-09-28,0.46
2017-09-29,0.0
2017-09-30,0.0
2017-10-01,1.0
2017-10-02,0.0
2017-10-03,0.0
2017-10-04,0.0
2017-10-05,0.0
2017-10-06,0.0
2017-10-07,0.0
2017-10-08,0.0
2017-10-09,0.0
2017-10-10,0.0
2017-10-11,0.0
2017-10-12,0.0
2017-10-13,0.0
2017-10-14,0.0
2017-10-15,0.0
2017-10-16,0.8
2017-10-17,0.0
2017-10-18,0.0
2017-10-19,0.0
2017-10-20,0.0
2017-10-21,0.0
2017-10-22,0.0
2017-10-23,0.0
2017-10-24,0.0
2017-10-25,0.77
2017-10-26,0.0
2017-10-27,0.0
2017-10-28,0.0
2017-10-29,0.0
2017-10-30,0.74
2017-10-31,0.0
2017-11-01,0.33
2017-11-02,0.2
2017-11-03,0.0
2017-11-04,0.0
2017-11-05,0.0
2017-11-06,0.42
2017-11-07,0.0
2017-11-08,0.0
2017-11-09,0.0
2017-11-10,0.0
2017-11-11,0.39
2017-11-12,0.0
2017-11-13,0.0
2017-11-14,0.0
2017-11-15,0.33
2017-11-16,0.0
2017-11-17,0.0
2017-11-18,0.0
2017-11-19,1.0
2017-11-20,0.24
2017-11-21,0.0
2017-11-22,0.4
2017-11-23,0.0
2017-11-24,0.0
2017-11-25,0.0
2017-11-26,0.0
2017-11-27,0.0
2017-11-28,0.64
2017-11-29,0.25
2017-11-30,0.0
2017-12-01,0.0
2017-12-02,0.0
2017-12-03,0.0
2017-12-04,0.0
2017-12-05,0.0
2017-12-06,0.0
2017-12-07,0.0
2017-12-08,0.0
2017-12-09,0.0
2017-12-10,0.0
2017-12-11,0.0
2017-12-12,0.0
2017-12-13,0.0
2017-12-14,0.0
2017-12-15,0.0
2017-12-16,0.0
2017-12-17,0.0
2017-12-18,0.0
2017-12-19,0.0
2017-12-20,0.0
2017-12-21,0.0
2017-12-22,0.0
2017-12-23,0.0
2017-12-24,0.0
2017-12-25,0.0
2017-12-26,0.0
2017-12-27,0.0
2017-12-28,0.0
2017-12-29,0.0
2017-12-30,0.0
2017-12-31,0.0
2018-01-01,0.0
2018-01-02,0.0
2018-01-03,0.0
2018-01-04,0.0
2018-01-05,0.0
2018-01-06,0.0
2018-01-07,0.0
2018-01-08,0.0
2018-01-09,0.0
2018-01-10,0.0
2018-01-11,0.0
2018-01-12,0.0
2018-01-13,0.0
2018-01-14,0.0
2018-01-15,0.0
2018-01-16,0.0
2018-01-17,0.0
2018-01-18,0.0
2018-01-19,0.0
2018-01-20,0.0
2018-01-21,0.0
2018-01-22,0.0
2018-01-23,0.0
2018-01-24,0.0
2018-01-25,0.0
2018-01-26,0.0
2018-01-27,0.0
2018-01-28,0.0
2018-01-29,0.0
2018-01-30,0.0
2018-01-31,0.0
2018-02-01,0.0
2018-02-02,0.0
2018-02-03,0.0
2018-02-04,0.0
2018-02-05,0.0
2018-02-06,0.0
2018-02-07,0.0
2018-02-08,0.0
2018-02-09,0.0
2018-02-10,0.0
2018-02-11,0.0
2018-02-12,0.0
2018-02-13,0.0
2018-02-14,0.0
2018-02-15,0.0
2018-02-16,0.0
2018-02-17,0.0
2018-02-18,0.0
2018-02-19,0.0
2018-02-20,0.0
2018-02-21,0.0
2018-02-22,0.0
2018-02-23,0.0
2018-02-24,0.0
2018-02-25,0.0
2018-02-26,0.0
2018-02-27,0.0
2018-02-28,0.0
2018-03-01,0.16
2018-03-02,0.0
2018-03-03,0.0
2018-03-04,0.0
2018-03-05,0.0
2018-03-06,0.3
2018-03-07,0.0
2018-03-08,0.0
2018-03-09,0.0
2018-03-10,0.0
2018-03-11,1.0
2018-03-12,0.0
2018-03-13,0.0
2018-03-14,0.0
2018-03-15,0.0
2018-03-16,0.0
2018-03-17,0.0
2018-03-18,0.0
2018-03-19,0.0
2018-03-20,0.0
2018-03-21,0.0
2018-03-22,0.0
2018-03-23,0.0
2018-03-24,0.0
2018-03-25,0.0
2018-03-26,0.2
2018-03-27,0.0
2018-03-28,0.0
2018-03-29,0.14
2018-03-30,0.0
2018-03-31,0.0
2018-04-01,0.0
2018-04-02,0.0
2018-04-03,0.0
2018-04-04,0.0
2018-04-05,0.0
2018-04-06,0.0
2018-04-07,0.0
2018-04-08,0.0
2018-04-09,0.0
2018-04-10,0.0
2018-04-11,0.0
2018-04-12,0.0
2018-04-13,0.0
2018-04-14,0.0
2018-04-15,0.0
2018-04-16,0.0
2018-04-17,0.0
2018-04-18,0.0
2018-04-19,0.0
2018-04-20,0.0
2018-04-21,0.0
2018-04-22,0.0
2018-04-23,0.0
2018-04-24,0.0
2018-04-25,0.0
2018-04-26,0.0
2018-04-27,0.0
2018-04-28,0.0
2018-04-29,0.0
2018-04-30,0.0
2018-05-01,0.0
2018-05-02,0.0
2018-05-03,0.0
2018-05-04,0.0
2018-05-05,0.0
2018-05-06,0.0
2018-05-07,0.0
2018-05-08,0.46
2018-05-09,0.0
2018-05-10,1.0
2018-05-11,0.0
2018-05-12,0.0
2018-05-13,0.0
2018-05-14,0.0
2018-05-15,0.0
2018-05-16,0.0
2018-05-17,0.0
2018-05-18,0.71
2018-05-19,0.0
2018-05-20,0.0
2018-05-21,0.0
2018-05-22,0.42
2018-05-23,0.0
2018-05-24,0.5
2018-05-25,0.0
2018-05-26,0.0
2018-05-27,0.0
2018-05-28,0.8
2018-05-29,0.0
2018-05-30,0.0
2018-05-31,0.0
2018-06-01,0.0
2018-06-02,0.0
2018-06-03,0.0
2018-06-04,0.0
2018-06-05,0.0
2018-06-06,0.0
2018-06-07,0.0
2018-06-08,0.0
2018-06-09,0.0
2018-06-10,0.0
2018-06-11,0.0
2018-06-12,0.0
2018-06-13,0.0
2018-06-14,0.0
2018-06-15,0.0
2018-06-16,0.0
2018-06-17,0.0
2018-06-18,0.0
2018-06-19,0.0
2018-06-20,0.0
2018-06-21,0.0
2018-06-22,0.0
2018-06-23,0.0
2018-06-24,0.0
2018-06-25,0.0
2018-06-26,0.0
2018-06-27,0.0
2018-06-28,0.0
2018-06-29,0.0
2018-06-30,0.0
2018-07-01,0.0
2018-07-02,0.0
2018-07-03,0.0
2018-07-04,0.98
2018-07-05,0.78
2018-07-06,0.0
2018-07-07,0.0
2018-07-08,0.78
2018-07-09,0.0
2018-07-10,0.42
2018-07-11,0.0
2018-07-12,0.0
2018-07-13,0.0
2018-07-14,0.0
2018-07-15,0.0
2018-07-16,0.0
2018-07-17,0.0
2018-07-18,0.0
2018-07-19,0.61
2018-07-20,0.0
2018-07-21,0.0
2018-07-22,0.0
2018-07-23,1.0
2018-07-24,0.0
2018-07-25,0.0
2018-07-26,0.0
2018-07-27,0.0
2018-07-28,0.0
2018-07-29,0.0
2018-07-30,0.0
2018-07-31,0.0
2018-08-01,0.62
2018-08-02,0.0
2018-08-03,0.0
2018-08-04,0.0
2018-08-05,0.0
2018-08-06,0.0
2018-08-07,0.0
2018-08-08,0.0
2018-08-09,0.85
2018-08-10,0.0
2018-08-11,0.0
2018-08-12,0.0
2018-08-13,0.0
2018-08-14,0.0
2018-08-15,0.0
2018-08-16,0.0
2018-08-17,0.0
2018-08-18,0.0
2018-08-19,0.0
2018-08-20,1.0
2018-08-21,0.0
2018-08-22,0.0
2018-08-23,0.0
2018-08-24,0.0
2018-08-25,0.0
2018-08-26,0.0
2018-08-27,0.0
2018-08-28,0.0
2018-08-29,0.0
2018-08-30,0.99
2018-08-31,0.0
2018-09-01,0.0
2018-09-02,0.0
2018-09-03,0.0
2018-09-04,0.0
2018-09-05,0.0
2018-09-06,0.0
2018-09-07,0.0
2018-09-08,0.0
2018-09-09,0.0
2018-09-10,0.0
2018-09-11,0.0
2018-09-12,0.0
2018-09-13,0.0
2018-09-14,0.0
2018-09-15,0.0
2018-09-16,0.0
2018-09-17,0.0
2018-09-18,0.0
2018-09-19,0.0
2018-09-20,0.0
2018-09-21,0.0
2018-09-22,0.0
2018-09-23,0.0
2018-09-24,0.0
2018-09-25,0.0
2018-09-26,0.0
2018-09-27,0.0
2018-09-28,0.0
2018-09-29,0.0
2018-09-30,0.0
2018-10-01,0.0
2018-10-02,0.0
2018-10-03,0.0
2018-10-04,0.0
2018-10-05,0.0
2018-10-06,0.0
2018-10-07,0.0
2018-10-08,0.0
2018-10-09,0.0
2018-10-10,0.0
2018-10-11,0.0
2018-10-12,0.0
2018-10-13,0.0
2018-10-14,0.0
2018-10-15,0.0
2018-10-16,0.0
2018-10-17,0.0
2018-10-18,0.0
2018-10-19,0.0
2018-10-20,0.0
2018-10-21,0.0
2018-10-22,0.0
2018-10-23,0.0
2018-10-24,0.0
2018-10-25,0.0
2018-10-26,0.0
2018-10-27,0.0
2018-10-28,0.0
2018-10-29,0.0
2018-10-30,0.0
2018-10-31,0.0
2018-11-01,0.0
2018-11-02,0.0
2018-11-03,0.0
2018-11-04,0.0
2018-11-05,0.0
2018-11-06,0.0
2018-11-07,0.0
2018-11-08,0.0
2018-11-09,0.0
2018-11-10,0.0
2018-11-11,0.0
2018-11-12,0.0
2018-11-13,0.0
2018-11-14,0.0
2018-11-15,0.0
2018-11-16,0.0
2018-11-17,0.0
2018-11-18,0.0
2018-11-19,0.0
2018-11-20,0.0
2018-11-21,0.0
2018-11-22,0.0
2018-11-23,0.0
2018-11-24,0.0
2018-11-25,0.0
2018-11-26,0.0
2018-11-27,0.0
2018-11-28,0.0
2018-11-29,0.0
2018-11-30,0.0
2018-12-01,0.0
2018-12-02,0.0
2018-12-03,0.0
2018-12-04,0.0
2018-12-05,0.0
2018-12-06,0.0
2018-12-07,0.0
2018-12-08,0.0
2018-12-09,0.0
2018-12-10,0.0
2018-12-11,0.0
2018-12-12,0.0
2018-12-13,0.0
2018-12-14,0.0
2018-12-15,0.0
2018-12-16,0.0
2018-12-17,0.0
2018-12-18,0.0
2018-12-19,0.0
2018-12-20,0.0
2018-12-21,0.0
2018-12-22,0.0
2018-12-23,0.0
2018-12-24,0.0
2018-12-25,0.0
2018-12-26,0.0
2018-12-27,0.0
2018-12-28,0.0
2018-12-29,0.0
2018-12-30,0.0
2018-12-31,0.0
2019-01-01,0.0
2019-01-02,0.79
2019-01-03,0.0
2019-01-04,0.0
2019-01-05,0.86
2019-01-06,0.0
2019-01-07,0.0
2019-01-08,0.45
2019-01-09,0.0
2019-01-10,0.0
2019-01-11,0.0
2019-01-12,0.0
2019-01-13,0.0
2019-01-14,0.0
2019-01-15,0.6
2019-01-16,0.0
2019-01-17,0.0
2019-01-18,0.0
2019-01-19,0.0
2019-01-20,0.0
2019-01-21,0.0
2019-01-22,0.0
2019-01-23,0.0
2019-01-24,0.0
2019-01-25,0.4
2019-01-26,1.0
2019-01-27,0.0
2019-01-28,0.0
2019-01-29,0.0
2019-01-30,0.45
2019-01-31,0.0
2019-02-01,0.0
2019-02-02,0.0
2019-02-03,0.0
2019-02-04,0.0
2019-02-05,0.0
2019-02-06,0.0
2019-02-07,0.0
2019-02-08,0.0
2019-02-09,0.0
2019-02-10,0.0
2019-02-11,0.0
2019-02-12,0.0
2019-02-13,0.0
2019-02-14,0.0
2019-02-15,0.0
2019-02-16,0.0
2019-02-17,0.0
2019-02-18,0.0
2019-02-19,0.0
2019-02-20,0.0
2019-02-21,0.0
2019-02-22,0.0
2019-02-23,0.0
2019-02-24,0.0
2019-02-25,0.0
2019-02-26,0.0
2019-02-27,0.0
2019-02-28,0.0
2019-03-01,0.0
2019-03-02,0.0
2019-03-03,0.0
2019-03-04,0.0
2019-03-05,0.0
2019-03-06,0.0
2019-03-07,0.0
2019-03-08,0.0
2019-03-09,0.0
2019-03-10,0.0
2019-03-11,0.0
2019-03-12,0.0
2019-03-13,0.0
2019-03-14,0.0
2019-03-15,0.0
2019-03-16,0.0
2019-03-17,0.0
2019-03-18,0.0
2019-03-19,0.0
2019-03-20,0.0
2019-03-21,0.0
2019-03-22,0.0
2019-03-23,0.0
2019-03-24,0.0
2019-03-25,0.0
2019-03-26,0.0
2019-03-27,0.0
2019-03-28,0.0
2019-03-29,0.0
2019-03-30,0.0
2019-03-31,0.0
2019-04-01,0.0
2019-04-02,0.84
2019-04-03,0.0
2019-04-04,0.0
2019-04-05,0.0
2019-04-06,0.0
2019-04-07,0.0
2019-04-08,0.0
2019-04-09,0.0
2019-04-10,0.0
2019-04-11,1.0
2019-04-12,0.0
2019-04-13,0.0
2019-04-14,0.0
2019-04-15,0.59
2019-04-16,0.0
2019-04-17,0.0
2019-04-18,0.0
2019-04-19,0.0
2019-04-20,0.0
2019-04-21,0.96
2019-04-22,0.0
2019-04-23,0.0
2019-04-24,0.0
2019-04-25,0.0
2019-04-26,0.0
2019-04-27,0.0
2019-04-28,0.0
2019-04-29,0.34
2019-04-30,0.0
2019-05-01,0.0
2019-05-02,0.0
2019-05-03,0.0
2019-05-04,0.0
2019-05-05,0.0
2019-05-06,0.0
2019-05-07,0.0
2019-05-08,0.0
2019-05-09,0.0
2019-05-10,0.0
2019-05-11,0.0
2019-05-12,0.0
2019-05-13,0.0
2019-05-14,0.0
2019-05-15,0.0
2019-05-16,0.0
2019-05-17,0.0
2019-05-18,0.0
2019-05-19,0.0
2019-05-20,0.0
2019-05-21,0.0
2019-05-22,0.0
2019-05-23,0.0
2019-05-24,0.0
2019-05-25,0.0
2019-05-26,0.0
2019-05-27,0.0
2019-05-28,0.0
2019-05-29,0.0
2019-05-30,0.0
2019-05-31,0.0
2019-06-01,0.0
2019-06-02,0.0
2019-06-03,0.0
2019-06-04,0.0
2019-06-05,0.0
2019-06-06,0.0
2019-06-07,0.0
2019-06-08,0.0
2019-06-09,0.0
2019-06-10,0.0
2019-06-11,0.0
2019-06-12,0.0
2019-06-13,0.0
2019-06-14,0.0
2019-06-15,0.0
2019-06-16,0.0
2019-06-17,0.0
2019-06-18,0.0
2019-06-19,0.0
2019-06-20,0.0
2019-06-21,0.0
2019-06-22,0.0
2019-06-23,0.0
2019-06-24,0.0
2019-06-25,0.0
2019-06-26,0.0
2019-06-27,0.0
2019-06-28,0.0
2019-06-29,0.0
2019-06-30,0.0
2019-07-01,0.0
2019-07-02,0.0
2019-07-03,0.0
2019-07-04,0.0
2019-07-05,0.0
2019-07-06,0.0
2019-07-07,0.0
2019-07-08,0.0
2019-07-09,0.0
2019-07-10,0.0
2019-07-11,0.0
2019-07-12,0.0
2019-07-13,0.0
2019-07-14,0.0
2019-07-15,0.0
2019-07-16,0.0
2019-07-17,0.0
2019-07-18,0.0
2019-07-19,0.0
2019-07-20,0.0
2019-07-21,0.0
2019-07-22,0.0
2019-07-23,0.0
2019-07-24,0.0
2019-07-25,0.0
2019-07-26,0.0
2019-07-27,0.0
2019-07-28,0.0
2019-07-29,0.0
2019-07-30,0.0
2019-07-31,0.0
2019-08-01,0.0
2019-08-02,0.0
2019-08-03,0.0
2019-08-04,0.0
2019-08-05,0.0
2019-08-06,0.0
2019-08-07,0.0
2019-08-08,0.0
2019-08-09,0.0
2019-08-10,0.0
2019-08-11,0.0
2019-08-12,0.0
2019-08-13,0.0
2019-08-14,0.0
2019-08-15,0.0
2019-08-16,0.0
2019-08-17,0.0
2019-08-18,0.0
2019-08-19,0.0
2019-08-20,0.0
2019-08-21,0.0
2019-08-22,0.0
2019-08-23,0.0
2019-08-24,0.0
2019-08-25,0.0
2019-08-26,0.0
2019-08-27,0.0
2019-08-28,0.0
2019-08-29,0.0
2019-08-30,0.0
2019-08-31,0.0
2019-09-01,0.0
2019-09-02,1.0
2019-09-03,0.0
2019-09-04,0.32
2019-09-05,0.0
2019-09-06,0.0
2019-09-07,0.0
2019-09-08,0.0
2019-09-09,0.46
2019-09-10,0.0
2019-09-11,0.0
2019-09-12,0.0
2019-09-13,0.3
2019-09-14,0.0
2019-09-15,0.4
2019-09-16,0.26
2019-09-17,0.0
2019-09-18,0.52
2019-09-19,0.0
2019-09-20,0.0
2019-09-21,0.37
2019-09-22,0.51
2019-09-23,0.0
2019-09-24,0.0
2019-09-25,0.32
2019-09-26,0.0
2019-09-27,0.0
2019-09-28,0.0
2019-09-29,0.44
2019-09-30,0.0
2019-10-01,0.0
2019-10-02,0.0
2019-10-03,0.0
2019-10-04,0.0
2019-10-05,0.0
2019-10-06,0.0
2019-10-07,0.0
2019-10-08,0.0
2019-10-09,0.0
2019-10-10,0.0
2019-10-11,0.0
2019-10-12,0.0
2019-10-13,0.0
2019-10-14,0.0
2019-10-15,0.0
2019-10-16,0.0
2019-10-17,0.0
2019-10-18,0.0
2019-10-19,0.0
2019-10-20,0.0
2019-10-21,0.0
2019-10-22,0.0
2019-10-23,0.0
2019-10-24,0.0
2019-10-25,0.0
2019-10-26,0.0
2019-10-27,0.0
2019-10-28,0.0
2019-10-29,0.0
2019-10-30,0.0
2019-10-31,0.0
2019-11-01,0.0
2019-11-02,0.0
2019-11-03,0.0
2019-11-04,0.59
2019-11-05,0.0
2019-11-06,0.0
2019-11-07,0.0
2019-11-08,0.9500000000000001
2019-11-09,0.6900000000000001
2019-11-10,0.0
2019-11-11,0.0
2019-11-12,0.0
2019-11-13,0.0
2019-11-14,0.0
2019-11-15,0.0
2019-11-16,0.54
2019-11-17,0.0
2019-11-18,0.0
2019-11-19,0.66
2019-11-20,0.0
2019-11-21,0.5
2019-11-22,0.0
2019-11-23,0.0
2019-11-24,0.0
2019-11-25,1.0
2019-11-26,0.0
2019-11-27,0.0
2019-11-28,0.0
2019-11-29,0.51
2019-11-30,0.0
2019-12-01,0.0
2019-12-02,0.0
2019-12-03,0.0
2019-12-04,0.0
2019-12-05,0.0
2019-12-06,0.0
2019-12-07,0.0
2019-12-08,0.0
2019-12-09,0.0
2019-12-10,0.0
2019-12-11,0.0
2019-12-12,0.0
2019-12-13,0.0
2019-12-14,0.0
2019-12-15,0.0
2019-12-16,0.0
2019-12-17,0.0
2019-12-18,0.0
2019-12-19,0.0
2019-12-20,0.0
2019-12-21,0.0
2019-12-22,0.0
2019-12-23,0.0
2019-12-24,0.0
2019-12-25,0.0
2019-12-26,0.0
2019-12-27,0.0
2019-12-28,0.0
2019-12-29,0.0
2019-12-30,0.0
2019-12-31,0.0
2020-01-01,0.0
2020-01-02,0.0
2020-01-03,0.0
2020-01-04,0.0
2020-01-05,0.0
2020-01-06,0.0
2020-01-07,0.0
2020-01-08,0.0
2020-01-09,0.0
2020-01-10,0.0
2020-01-11,0.0
2020-01-12,0.0
2020-01-13,0.0
2020-01-14,0.0
2020-01-15,0.0
2020-01-16,0.0
2020-01-17,0.0
2020-01-18,0.0
2020-01-19,0.0
2020-01-20,0.0
2020-01-21,0.0
2020-01-22,0.0
2020-01-23,0.0
2020-01-24,0.0
2020-01-25,0.0
2020-01-26,0.0
2020-01-27,0.0
2020-01-28,0.0
2020-01-29,0.0
2020-01-30,0.0
2020-01-31,0.0
2020-02-01,0.0
2020-02-02,0.0
2020-02-03,0.0
2020-02-04,0.0
2020-02-05,0.0
2020-02-06,0.0
2020-02-07,0.0
2020-02-08,0.8200000000000001
2020-02-09,0.0
2020-02-10,0.0
2020-02-11,0.0
2020-02-12,0.49
2020-02-13,0.35000000000000003
2020-02-14,0.0
2020-02-15,0.0
2020-02-16,0.74
2020-02-17,0.0
2020-02-18,0.0
2020-02-19,0.0
2020-02-20,0.0
2020-02-21,0.0
2020-02-22,0.34
2020-02-23,0.0
2020-02-24,0.9500000000000001
2020-02-25,0.0
2020-02-26,0.6
2020-02-27,0.0
2020-02-28,1.0
2020-02-29,0.0
2020-03-01,0.0
2020-03-02,0.0
2020-03-03,0.0
2020-03-04,0.0
2020-03-05,0.0
2020-03-06,0.0
2020-03-07,0.0
2020-03-08,0.0
2020-03-09,0.0
2020-03-10,0.0
2020-03-11,0.0
2020-03-12,0.0
2020-03-13,0.0
2020-03-14,0.0
2020-03-15,0.0
2020-03-16,0.0
2020-03-17,0.0
2020-03-18,0.0
2020-03-19,0.0
2020-03-20,0.0
2020-03-21,0.0
2020-03-22,0.0
2020-03-23,0.0
2020-03-24,0.0
2020-03-25,0.0
2020-03-26,0.0
2020-03-27,0.0
2020-03-28,0.0
2020-03-29,0.0
2020-03-30,0.0
2020-03-31,0.0
2020-04-01,0.0
2020-04-02,0.0
2020-04-03,0.0
2020-04-04,0.0
2020-04-05,0.0
2020-04-06,0.0
2020-04-07,0.0
2020-04-08,0.0
2020-04-09,0.39
2020-04-10,0.0
2020-04-11,1.0
2020-04-12,0.0
2020-04-13,0.0
2020-04-14,0.0
2020-04-15,0.0
2020-04-16,0.0
2020-04-17,0.49
2020-04-18,0.0
2020-04-19,0.0
2020-04-20,0.43
2020-04-21,0.0
2020-04-22,0.0
2020-04-23,0.0
2020-04-24,0.0
2020-04-25,0.0
2020-04-26,0.0
2020-04-27,0.43
2020-04-28,0.0
2020-04-29,0.39
2020-04-30,0.0
2020-05-01,0.0
2020-05-02,0.0
2020-05-03,0.0
2020-05-04,0.0
2020-05-05,0.0
2020-05-06,0.0
2020-05-07,0.0
2020-05-08,0.0
2020-05-09,0.0
2020-05-10,0.0
2020-05-11,0.0
2020-05-12,0.0
2020-05-13,0.0
2020-05-14,0.0
2020-05-15,0.0
2020-05-16,0.0
2020-05-17,0.0
2020-05-18,0.0
2020-05-19,0.0
2020-05-20,0.0
2020-05-21,0.0
2020-05-22,0.0
2020-05-23,0.0
2020-05-24,0.0
2020-05-25,0.0
2020-05-26,0.0
2020-05-27,0.0
2020-05-28,0.0
2020-05-29,0.0
2020-05-30,0.0
2020-05-31,0.0
2020-06-01,0.19
2020-06-02,0.0
2020-06-03,0.0
2020-06-04,0.3
2020-06-05,0.0
2020-06-06,0.2
2020-06-07,0.0
2020-06-08,0.0
2020-06-09,0.16
2020-06-10,0.0
2020-06-11,0.0
2020-06-12,0.16
2020-06-13,0.0
2020-06-14,0.0
2020-06-15,0.0
2020-06-16,0.0
2020-06-17,0.0
2020-06-18,0.0
2020-06-19,0.0
2020-06-20,0.0
2020-06-21,0.0
2020-06-22,0.0
2020-06-23,0.0
2020-06-24,0.0
2020-06-25,0.2
2020-06-26,0.0
2020-06-27,0.0
2020-06-28,0.0
2020-06-29,1.0
2020-06-30,0.0
2020-07-01,0.0
2020-07-02,0.0
2020-07-03,0.0
2020-07-04,0.6
2020-07-05,0.0
2020-07-06,0.0
2020-07-07,0.0
2020-07-08,0.0
2020-07-09,0.0
2020-07-10,0.0
2020-07-11,0.0
2020-07-12,0.0
2020-07-13,0.0
2020-07-14,0.0
2020-07-15,0.0
2020-07-16,0.98
2020-07-17,0.0
2020-07-18,0.0
2020-07-19,0.0
2020-07-20,0.0
2020-07-21,0.0
2020-07-22,0.0
2020-07-23,0.0
2020-07-24,0.59
2020-07-25,0.0
2020-07-26,0.0
2020-07-27,0.5
2020-07-28,0.52
2020-07-29,0.61
2020-07-30,1.0
2020-07-31,0.0
2020-08-01,0.0
2020-08-02,0.0
2020-08-03,0.0
2020-08-04,0.0
2020-08-05,0.0
2020-08-06,0.0
2020-08-07,0.0
2020-08-08,0.0
2020-08-09,0.0
2020-08-10,0.0
2020-08-11,0.0
2020-08-12,0.0
2020-08-13,0.0
2020-08-14,0.0
2020-08-15,0.0
2020-08-16,0.0
2020-08-17,0.0
2020-08-18,0.0
2020-08-19,0.0
2020-08-20,0.0
2020-08-21,0.0
2020-08-22,0.0
2020-08-23,0.0
2020-08-24,0.0
2020-08-25,0.0
2020-08-26,0.0
2020-08-27,0.0
2020-08-28,0.0
2020-08-29,0.0
2020-08-30,0.0
2020-08-31,0.0
2020-09-01,0.0
2020-09-02,0.0
2020-09-03,0.0
2020-09-04,0.0
2020-09-05,0.0
2020-09-06,0.0
2020-09-07,0.0
2020-09-08,0.27
2020-09-09,0.0
2020-09-10,0.0
2020-09-11,0.0
2020-09-12,0.0
2020-09-13,0.0
2020-09-14,0.0
2020-09-15,0.0
2020-09-16,0.63
2020-09-17,0.0
2020-09-18,0.0
2020-09-19,0.0
2020-09-20,0.0
2020-09-21,0.0
2020-09-22,0.0
2020-09-23,0.0
2020-09-24,0.0
2020-09-25,1.0
2020-09-26,0.0
2020-09-27,0.49
2020-09-28,0.0
2020-09-29,0.0
2020-09-30,0.0
2020-10-01,0.0
2020-10-02,0.0
2020-10-03,0.0
2020-10-04,0.0
2020-10-05,0.0
2020-10-06,0.0
2020-10-07,0.0
2020-10-08,0.0
2020-10-09,0.0
2020-10-10,0.0
2020-10-11,0.0
2020-10-12,0.0
2020-10-13,0.0
2020-10-14,0.0
2020-10-15,0.0
2020-10-16,0.0
2020-10-17,0.0
2020-10-18,0.0
2020-10-19,0.0
2020-10-20,0.0
2020-10-21,0.0
2020-10-22,0.0
2020-10-23,0.0
2020-10-24,0.0
2020-10-25,0.0
2020-10-26,0.0
2020-10-27,0.0
2020-10-28,0.0
2020-10-29,0.0
2020-10-30,0.0
2020-10-31,0.0
2020-11-01,0.0
2020-11-02,0.37
2020-11-03,1.0
2020-11-04,0.0
2020-11-05,0.0
2020-11-06,0.0
2020-11-07,0.0
2020-11-08,0.0
2020-11-09,0.75
2020-11-10,0.0
2020-11-11,0.0
2020-11-12,0.0
2020-11-13,0.9500000000000001
2020-11-14,0.33
2020-11-15,0.0
2020-11-16,0.0
2020-11-17,0.0
2020-11-18,0.0
2020-11-19,0.0
2020-11-20,0.0
2020-11-21,0.0
2020-11-22,0.0
2020-11-23,0.45
2020-11-24,0.0
2020-11-25,0.0
2020-11-26,0.0
2020-11-27,0.53
2020-11-28,0.0
2020-11-29,0.0
2020-11-30,0.34
2020-12-01,0.0
2020-12-02,0.0
2020-12-03,0.0
2020-12-04,0.0
2020-12-05,0.0
2020-12-06,0.0
2020-12-07,0.0
2020-12-08,0.0
2020-12-09,0.0
2020-12-10,0.0
2020-12-11,0.0
2020-12-12,0.0
2020-12-13,0.0
2020-12-14,0.0
2020-12-15,0.0
2020-12-16,0.0
2020-12-17,0.0
2020-12-18,0.0
2020-12-19,0.0
2020-12-20,0.0
2020-12-21,0.0
2020-12-22,0.0
2020-12-23,0.0
2020-12-24,0.0
2020-12-25,0.0
2020-12-26,0.0
2020-12-27,0.0
2020-12-28,0.0
2020-12-29,0.0
2020-12-30,0.0
2020-12-31,0.0
2021-01-01,0.81
2021-01-02,0.6900000000000001
2021-01-03,0.0
2021-01-04,0.0
2021-01-05,0.0
2021-01-06,0.0
2021-01-07,0.0
2021-01-08,0.0
2021-01-09,0.0
2021-01-10,1.0
2021-01-11,0.0
2021-01-12,0.0
2021-01-13,0.0
2021-01-14,0.0
2021-01-15,0.0
2021-01-16,0.0
2021-01-17,0.63
2021-01-18,0.0
2021-01-19,0.0
2021-01-20,0.36
2021-01-21,0.61
2021-01-22,0.0
2021-01-23,0.0
2021-01-24,0.0
2021-01-25,0.0
2021-01-26,0.0
2021-01-27,0.0
2021-01-28,0.0
2021-01-29,0.0
2021-01-30,0.5
2021-01-31,0.37
2021-02-01,1.34
2021-02-02,0.0
2021-02-03,0.0
2021-02-04,0.6
2021-02-05,0.0
2021-02-06,0.0
2021-02-07,0.64
2021-02-08,0.66
2021-02-09,0.0
2021-02-10,0.0
2021-02-11,0.78
2021-02-12,0.0
2021-02-13,0.0
2021-02-14,0.0
2021-02-15,2.0
2021-02-16,0.0
2021-02-17,0.0
2021-02-18,0.0
2021-02-19,0.0
2021-02-20,0.66
2021-02-21,0.0
2021-02-22,0.92
2021-02-23,0.0
2021-02-24,0.0
2021-02-25,0.0
2021-02-26,1.26
2021-02-27,0.0
2021-02-28,1.06
2021-03-01,0.0
2021-03-02,2.04
2021-03-03,0.0
2021-03-04,1.44
2021-03-05,0.0
2021-03-06,0.0
2021-03-07,0.0
2021-03-08,0.0
2021-03-09,0.0
2021-03-10,3.36
2021-03-11,5.16
2021-03-12,12.0
2021-03-13,4.32
2021-03-14,5.3999999999999995
2021-03-15,8.16
2021-03-16,4.4399999999999995
2021-03-17,5.76
2021-03-18,5.52
2021-03-19,4.4399999999999995
2021-03-20,6.12
2021-03-21,4.4399999999999995
2021-03-22,3.96
2021-03-23,1.92
2021-03-24,1.7999999999999998
2021-03-25,3.12
2021-03-26,5.88
2021-03-27,2.04
2021-03-28,1.68
2021-03-29,4.8
2021-03-30,5.04
2021-03-31,3.0
2021-04-01,2.5
2021-04-02,3.5
2021-04-03,3.75
2021-04-04,3.75
2021-04-05,1.25
2021-04-06,4.5
2021-04-07,6.75
2021-04-08,3.0
2021-04-09,6.5
2021-04-10,3.0
2021-04-11,3.75
2021-04-12,4.0
2021-04-13,5.25
2021-04-14,4.75
2021-04-15,3.0
2021-04-16,5.5
2021-04-17,3.5
2021-04-18,4.5
2021-04-19,6.5
2021-04-20,5.25
2021-04-21,5.0
2021-04-22,7.75
2021-04-23,4.5
2021-04-24,2.5
2021-04-25,1.75
2021-04-26,14.75
2021-04-27,19.25
2021-04-28,25.0
2021-04-29,15.5
2021-04-30,21.25
2021-05-01,16.0
2021-05-02,20.0
2021-05-03,14.0
2021-05-04,20.0
2021-05-05,20.0
2021-05-06,18.0
2021-05-07,22.0
2021-05-08,25.0
2021-05-09,47.0
2021-05-10,28.0
2021-05-11,26.0
2021-05-12,51.0
2021-05-13,24.0
2021-05-14,53.0
2021-05-15,100.0
2021-05-16,55.0
2021-05-17,39.0
2021-05-18,98.0
2021-05-19,90.0
2021-05-20,53.0
2021-05-21,37.0
2021-05-22,33.0
2021-05-23,39.0
2021-05-24,50.0
2021-05-25,52.0
2021-05-26,95.0
2021-05-27,73.0
2021-05-28,55.0
2021-05-29,42.0
2021-05-30,36.0
2021-05-31,41.0
2021-06-01,41.85
2021-06-02,36.0
2021-06-03,38.7
2021-06-04,45.0
2021-06-05,31.95
2021-06-06,36.9
2021-06-07,23.85
2021-06-08,30.150000000000002
2021-06-09,22.05
2021-06-10,31.05
2021-06-11,19.35
2021-06-12,20.25
2021-06-13,27.45
2021-06-14,26.1
2021-06-15,22.95
2021-06-16,26.55
2021-06-17,34.2
2021-06-18,23.400000000000002
2021-06-19,16.650000000000002
2021-06-20,17.55
2021-06-21,18.900000000000002
2021-06-22,22.5
2021-06-23,12.15
2021-06-24,9.450000000000001
2021-06-25,9.450000000000001
2021-06-26,8.1
2021-06-27,9.0
2021-06-28,20.25
2021-06-29,14.85
2021-06-30,4.5
2021-07-01,14.200000000000001
2021-07-02,19.0
2021-07-03,11.200000000000001
2021-07-04,12.0
2021-07-05,11.8
2021-07-06,8.8
2021-07-07,16.8
2021-07-08,7.800000000000001
2021-07-09,13.8
2021-07-10,3.6
2021-07-11,0.0
2021-07-12,14.0
2021-07-13,15.0
2021-07-14,20.0
2021-07-15,11.4
2021-07-16,12.4
2021-07-17,12.4
2021-07-18,7.2
2021-07-19,13.4
2021-07-20,19.200000000000003
2021-07-21,13.4
2021-07-22,12.200000000000001
2021-07-23,10.0
2021-07-24,12.8
2021-07-25,14.4
2021-07-26,18.2
2021-07-27,18.6
2021-07-28,15.8
2021-07-29,12.8
2021-07-30,13.0
2021-07-31,11.600000000000001
2021-08-01,12.690000000000001
2021-08-02,6.210000000000001
2021-08-03,1.8900000000000001
2021-08-04,6.75
2021-08-05,7.0200000000000005
2021-08-06,10.8
2021-08-07,13.770000000000001
2021-08-08,16.470000000000002
2021-08-09,5.4
2021-08-10,13.5
2021-08-11,27.0
2021-08-12,11.34
2021-08-13,17.01
2021-08-14,18.09
2021-08-15,8.91
2021-08-16,10.530000000000001
2021-08-17,7.5600000000000005
2021-08-18,7.0200000000000005
2021-08-19,8.370000000000001
2021-08-20,17.01
2021-08-21,15.930000000000001
2021-08-22,16.740000000000002
2021-08-23,13.23
2021-08-24,18.36
2021-08-25,11.34
2021-08-26,5.67
2021-08-27,9.99
2021-08-28,11.34
2021-08-29,14.040000000000001
2021-08-30,8.64
2021-08-31,6.75
2021-09-01,20.46
2021-09-02,12.540000000000001
2021-09-03,18.7
2021-09-04,18.48
2021-09-05,16.72
2021-09-06,22.0
2021-09-07,12.76
2021-09-08,10.12
2021-09-09,11.44
2021-09-10,10.34
2021-09-11,15.4
2021-09-12,10.34
2021-09-13,3.96
2021-09-14,11.22
2021-09-15,10.56
2021-09-16,14.96
2021-09-17,8.36
2021-09-18,8.14
2021-09-19,7.7
2021-09-20,9.9
2021-09-21,13.64
2021-09-22,9.68
2021-09-23,11.88
2021-09-24,7.7
2021-09-25,0.0
2021-09-26,9.24
2021-09-27,6.38
2021-09-28,9.68
2021-09-29,4.84
2021-09-30,8.58
2021-10-01,7.539999999999999
2021-10-02,12.76
2021-10-03,7.249999999999999
2021-10-04,10.44
2021-10-05,10.729999999999999
2021-10-06,13.049999999999999
2021-10-07,6.09
2021-10-08,16.24
2021-10-09,10.729999999999999
2021-10-10,9.28
2021-10-11,8.7
2021-10-12,5.22
2021-10-13,6.67
2021-10-14,7.829999999999999
2021-10-15,13.629999999999999
2021-10-16,9.86
2021-10-17,13.919999999999998
2021-10-18,12.18
2021-10-19,11.02
2021-10-20,18.56
2021-10-21,20.009999999999998
2021-10-22,15.079999999999998
2021-10-23,20.88
2021-10-24,14.499999999999998
2021-10-25,13.919999999999998
2021-10-26,24.939999999999998
2021-10-27,14.79
2021-10-28,22.91
2021-10-29,28.999999999999996
2021-10-30,15.95
2021-10-31,17.11
2021-11-01,19.43
2021-11-02,28.999999999999996
2021-11-03,16.529999999999998
2021-11-04,22.619999999999997
2021-11-05,21.459999999999997
2021-11-06,16.529999999999998
2021-11-07,15.95
2021-11-08,16.82
2021-11-09,26.97
2021-11-10,21.169999999999998
2021-11-11,28.709999999999997
2021-11-12,18.27
2021-11-13,10.729999999999999
2021-11-14,9.86
2021-11-15,15.659999999999998
2021-11-16,14.499999999999998
2021-11-17,17.98
2021-11-18,13.919999999999998
2021-11-19,14.79
2021-11-20,9.28
2021-11-21,8.41
2021-11-22,13.049999999999999
2021-11-23,10.44
2021-11-24,17.11
2021-11-25,21.75
2021-11-26,14.209999999999999
2021-11-27,14.209999999999999
2021-11-28,9.28
2021-11-29,11.6
2021-11-30,16.529999999999998
2021-12-01,21.07
2021-12-02,24.08
2021-12-03,28.81
2021-12-04,36.12
2021-12-05,13.76
2021-12-06,30.099999999999998
2021-12-07,32.25
2021-12-08,27.09
2021-12-09,29.669999999999998
2021-12-10,23.22
2021-12-11,15.049999999999999
2021-12-12,13.33
2021-12-13,23.22
2021-12-14,13.76
2021-12-15,16.34
2021-12-16,21.93
2021-12-17,24.509999999999998
2021-12-18,17.2
2021-12-19,14.62
2021-12-20,21.07
2021-12-21,23.22
2021-12-22,28.81
2021-12-23,36.55
2021-12-24,28.81
2021-12-25,15.91
2021-12-26,27.95
2021-12-27,43.0
2021-12-28,22.36
2021-12-29,29.24
2021-12-30,29.669999999999998
2021-12-31,20.21
2022-01-01,21.44
2022-01-02,18.240000000000002
2022-01-03,15.36
2022-01-04,31.36
2022-01-05,30.72
2022-01-06,24.96
2022-01-07,19.84
2022-01-08,21.76
2022-01-09,20.8
2022-01-10,0.0
2022-01-11,21.76
2022-01-12,27.2
2022-01-13,32.0
2022-01-14,17.28
2022-01-15,11.84
2022-01-16,16.64
2022-01-17,19.52
2022-01-18,14.08
2022-01-19,16.96
2022-01-20,17.92
2022-01-21,22.080000000000002
2022-01-22,20.8
2022-01-23,17.92
2022-01-24,21.12
2022-01-25,26.560000000000002
2022-01-26,16.32
2022-01-27,12.48
2022-01-28,15.040000000000001
2022-01-29,16.0
2022-01-30,8.96
2022-01-31,14.72
2022-02-01,7.6000000000000005
2022-02-02,3.6
2022-02-03,9.4
2022-02-04,11.8
2022-02-05,8.6
2022-02-06,4.2
2022-02-07,16.0
2022-02-08,20.0
2022-02-09,11.8
2022-02-10,12.200000000000001
2022-02-11,11.0
2022-02-12,15.600000000000001
2022-02-13,2.4000000000000004
2022-02-14,6.0
2022-02-15,7.0
2022-02-16,9.200000000000001
2022-02-17,8.8
2022-02-18,5.0
2022-02-19,10.0
2022-02-20,9.8
2022-02-21,6.4
2022-02-22,4.6000000000000005
2022-02-23,5.6000000000000005
2022-02-24,11.0
2022-02-25,2.8000000000000003
2022-02-26,8.0
2022-02-27,5.0
2022-02-28,3.6
2022-03-01,8.19
2022-03-02,3.77
2022-03-03,9.1
2022-03-04,10.27
2022-03-05,7.0200000000000005
2022-03-06,0.0
2022-03-07,5.07
2022-03-08,6.5
2022-03-09,9.620000000000001
2022-03-10,8.19
2022-03-11,4.03
2022-03-12,0.0
2022-03-13,3.64
2022-03-14,4.8100000000000005
2022-03-15,7.41
2022-03-16,8.450000000000001
2022-03-17,5.07
2022-03-18,8.06
2022-03-19,6.37
2022-03-20,8.06
2022-03-21,6.76
2022-03-22,6.11
2022-03-23,4.29
2022-03-24,13.0
2022-03-25,6.37
2022-03-26,3.9000000000000004
2022-03-27,4.42
2022-03-28,6.63
2022-03-29,9.75
2022-03-30,11.05
2022-03-31,7.28
2022-04-01,8.4
2022-04-02,12.45
2022-04-03,7.05
2022-04-04,7.8
2022-04-05,6.75
2022-04-06,6.8999999999999995
2022-04-07,4.6499999999999995
2022-04-08,6.1499999999999995
2022-04-09,7.199999999999999
2022-04-10,2.85
2022-04-11,6.3
2022-04-12,13.2
2022-04-13,15.0
2022-04-14,2.1
2022-04-15,5.7
2022-04-16,6.3
2022-04-17,12.6
2022-04-18,5.55
2022-04-19,4.8
2022-04-20,6.45
2022-04-21,5.7
2022-04-22,10.5
2022-04-23,3.5999999999999996
2022-04-24,5.55
2022-04-25,7.35
2022-04-26,9.15
2022-04-27,7.199999999999999
2022-04-28,5.85
2022-04-29,10.5
2022-04-30,4.8
2022-05-01,9.940000000000001
2022-05-02,7.280000000000001
2022-05-03,5.74
2022-05-04,8.120000000000001
2022-05-05,4.0600000000000005
2022-05-06,6.580000000000001
2022-05-07,5.32
2022-05-08,7.420000000000001
2022-05-09,12.740000000000002
2022-05-10,12.740000000000002
2022-05-11,10.920000000000002
2022-05-12,12.740000000000002
2022-05-13,11.760000000000002
2022-05-14,11.620000000000001
2022-05-15,14.000000000000002
2022-05-16,2.5200000000000005
2022-05-17,12.740000000000002
2022-05-18,7.840000000000001
2022-05-19,10.920000000000002
2022-05-20,8.82
2022-05-21,2.9400000000000004
2022-05-22,6.720000000000001
2022-05-23,7.000000000000001
2022-05-24,0.0
2022-05-25,3.7800000000000002
2022-05-26,8.4
2022-05-27,5.880000000000001
2022-05-28,5.180000000000001
2022-05-29,3.9200000000000004
2022-05-30,5.180000000000001
2022-05-31,9.100000000000001
2022-06-01,8.32
2022-06-02,5.59
2022-06-03,8.84
2022-06-04,0.0
2022-06-05,3.12
2022-06-06,10.27
2022-06-07,7.54
2022-06-08,1.4300000000000002
2022-06-09,13.0
2022-06-10,3.9000000000000004
2022-06-11,6.37
2022-06-12,5.33
2022-06-13,8.32
2022-06-14,7.930000000000001
2022-06-15,7.54
2022-06-16,0.0
2022-06-17,1.4300000000000002
2022-06-18,8.19
2022-06-19,3.64
2022-06-20,5.2
2022-06-21,2.08
2022-06-22,3.12
2022-06-23,9.620000000000001
2022-06-24,12.22
2022-06-25,4.8100000000000005
2022-06-26,4.16
2022-06-27,5.2
2022-06-28,4.16
2022-06-29,2.47
2022-06-30,6.63
2022-07-01,3.15
2022-07-02,0.0
2022-07-03,4.5
2022-07-04,4.6499999999999995
2022-07-05,5.7
2022-07-06,2.55
2022-07-07,4.2
2022-07-08,4.2
2022-07-09,7.8
2022-07-10,5.1
2022-07-11,2.6999999999999997
2022-07-12,2.25
2022-07-13,6.0
2022-07-14,13.5
2022-07-15,3.5999999999999996
2022-07-16,7.35
2022-07-17,11.549999999999999
2022-07-18,15.0
2022-07-19,14.25
2022-07-20,10.049999999999999
2022-07-21,5.3999999999999995
2022-07-22,10.2
2022-07-23,7.8
2022-07-24,3.3
2022-07-25,4.05
2022-07-26,2.4
2022-07-27,1.7999999999999998
2022-07-28,10.5
2022-07-29,9.0
2022-07-30,9.75
2022-07-31,8.7
2022-08-01,9.9
2022-08-02,3.19
2022-08-03,5.61
2022-08-04,5.5
2022-08-05,4.29
2022-08-06,2.2
2022-08-07,3.96
2022-08-08,6.82
2022-08-09,4.62
2022-08-10,0.0
2022-08-11,8.03
2022-08-12,1.43
2022-08-13,11.0
2022-08-14,8.14
2022-08-15,5.72
2022-08-16,4.4
2022-08-17,2.86
2022-08-18,5.83
2022-08-19,3.41
2022-08-20,3.63
2022-08-21,6.05
2022-08-22,2.31
2022-08-23,5.94
2022-08-24,3.08
2022-08-25,3.96
2022-08-26,3.3
2022-08-27,4.73
2022-08-28,3.63
2022-08-29,3.63
2022-08-30,3.19
2022-08-31,0.0
2022-09-01,1.76
2022-09-02,4.4
2022-09-03,0.0
2022-09-04,4.88
2022-09-05,2.48
2022-09-06,6.0
2022-09-07,2.32
2022-09-08,0.0
2022-09-09,0.0
2022-09-10,3.36
2022-09-11,0.0
2022-09-12,6.640000000000001
2022-09-13,6.5600000000000005
2022-09-14,8.0
2022-09-15,5.28
2022-09-16,1.76
2022-09-17,0.0
2022-09-18,5.5200000000000005
2022-09-19,4.48
2022-09-20,2.64
2022-09-21,6.16
2022-09-22,5.6000000000000005
2022-09-23,4.24
2022-09-24,0.0
2022-09-25,0.0
2022-09-26,0.0
2022-09-27,1.68
2022-09-28,4.4
2022-09-29,0.0
2022-09-30,1.6
2022-10-01,2.88
2022-10-02,2.24
2022-10-03,2.96
2022-10-04,2.8000000000000003
2022-10-05,2.32
2022-10-06,4.08
2022-10-07,0.0
2022-10-08,4.0
2022-10-09,0.0
2022-10-10,2.72
2022-10-11,7.2
2022-10-12,1.92
2022-10-13,3.92
2022-10-14,4.72
2022-10-15,3.2
2022-10-16,7.44
2022-10-17,7.44
2022-10-18,0.0
2022-10-19,4.96
2022-10-20,2.8000000000000003
2022-10-21,2.4
2022-10-22,4.5600000000000005
2022-10-23,0.0
2022-10-24,3.92
2022-10-25,6.8
2022-10-26,2.72
2022-10-27,7.44
2022-10-28,8.0
2022-10-29,4.0
2022-10-30,6.24
2022-10-31,0.0
2022-11-01,0.0
2022-11-02,3.3600000000000003
2022-11-03,3.7800000000000002
2022-11-04,14.000000000000002
2022-11-05,9.8
2022-11-06,5.6000000000000005
2022-11-07,8.82
2022-11-08,9.8
2022-11-09,8.540000000000001
2022-11-10,7.280000000000001
2022-11-11,8.96
2022-11-12,5.32
2022-11-13,5.180000000000001
2022-11-14,6.86
2022-11-15,4.2
2022-11-16,4.2
2022-11-17,5.460000000000001
2022-11-18,2.3800000000000003
2022-11-19,3.7800000000000002
2022-11-20,2.3800000000000003
2022-11-21,2.24
2022-11-22,3.22
2022-11-23,3.9200000000000004
2022-11-24,3.9200000000000004
2022-11-25,2.1
2022-11-26,3.9200000000000004
2022-11-27,0.0
2022-11-28,4.2
2022-11-29,5.460000000000001
2022-11-30,3.5000000000000004
2022-12-01,4.760000000000001
2022-12-02,7.000000000000001
2022-12-03,3.0100000000000002
2022-12-04,1.8200000000000003
2022-12-05,2.31
2022-12-06,3.1500000000000004
2022-12-07,1.54
2022-12-08,0.0
2022-12-09,5.180000000000001
2022-12-10,0.0
2022-12-11,2.0300000000000002
2022-12-12,2.1
2022-12-13,3.5700000000000003
2022-12-14,1.33
2022-12-15,1.12
2022-12-16,5.390000000000001
2022-12-17,3.2900000000000005
2022-12-18,1.6800000000000002
2022-12-19,2.87
2022-12-20,3.43
2022-12-21,2.66
2022-12-22,0.0
2022-12-23,1.6800000000000002
2022-12-24,0.0
2022-12-25,0.0
2022-12-26,3.6400000000000006
2022-12-27,0.0
2022-12-28,1.6800000000000002
2022-12-29,2.31
2022-12-30,3.1500000000000004
2022-12-31,0.0
2023-01-01,0.0
2023-01-02,3.78
2023-01-03,3.2399999999999998
2023-01-04,1.6199999999999999
2023-01-05,0.0
2023-01-06,2.88
2023-01-07,0.0
2023-01-08,0.0
2023-01-09,1.17
2023-01-10,2.88
2023-01-11,2.61
2023-01-12,3.2399999999999998
2023-01-13,3.8699999999999997
2023-01-14,4.32
2023-01-15,3.69
2023-01-16,2.9699999999999998
2023-01-17,0.0
2023-01-18,0.0
2023-01-19,4.14
2023-01-20,2.6999999999999997
2023-01-21,8.01
2023-01-22,3.96
2023-01-23,2.88
2023-01-24,2.34
2023-01-25,4.41
2023-01-26,5.49
2023-01-27,9.0
2023-01-28,5.22
2023-01-29,5.49
2023-01-30,1.26
2023-01-31,4.41
2023-02-01,7.700000000000001
2023-02-02,5.180000000000001
2023-02-03,6.300000000000001
2023-02-04,5.180000000000001
2023-02-05,3.6400000000000006
2023-02-06,3.08
2023-02-07,2.8000000000000003
2023-02-08,4.48
2023-02-09,1.54
2023-02-10,5.880000000000001
2023-02-11,2.3800000000000003
2023-02-12,1.6800000000000002
2023-02-13,2.3800000000000003
2023-02-14,2.66
2023-02-15,2.1
2023-02-16,10.780000000000001
2023-02-17,8.4
2023-02-18,13.72
2023-02-19,14.000000000000002
2023-02-20,7.420000000000001
2023-02-21,8.260000000000002
2023-02-22,4.62
2023-02-23,3.22
2023-02-24,3.08
2023-02-25,2.1
2023-02-26,5.6000000000000005
2023-02-27,3.7800000000000002
2023-02-28,3.5000000000000004
2023-03-01,3.2
2023-03-02,1.6
2023-03-03,6.300000000000001
2023-03-04,3.6
2023-03-05,0.0
2023-03-06,5.6000000000000005
2023-03-07,4.800000000000001
2023-03-08,4.800000000000001
2023-03-09,2.1
2023-03-10,5.6000000000000005
2023-03-11,3.2
2023-03-12,0.0
2023-03-13,5.7
2023-03-14,4.0
2023-03-15,5.4
2023-03-16,3.3000000000000003
2023-03-17,5.2
2023-03-18,0.0
2023-03-19,6.800000000000001
2023-03-20,6.4
2023-03-21,10.0
2023-03-22,8.0
2023-03-23,7.2
2023-03-24,1.7000000000000002
2023-03-25,4.1000000000000005
2023-03-26,5.300000000000001
2023-03-27,3.7
2023-03-28,5.6000000000000005
2023-03-29,4.4
2023-03-30,6.2
2023-03-31,8.6
2023-04-01,4.8
2023-04-02,3.52
2023-04-03,2.48
2023-04-04,6.16
2023-04-05,4.96
2023-04-06,3.36
2023-04-07,4.4
2023-04-08,7.92
2023-04-09,6.24
2023-04-10,1.44
2023-04-11,5.28
2023-04-12,3.52
2023-04-13,4.72
2023-04-14,6.4
2023-04-15,2.72
2023-04-16,0.0
2023-04-17,2.32
2023-04-18,8.0
2023-04-19,2.72
2023-04-20,3.92
2023-04-21,1.28
2023-04-22,3.92
2023-04-23,4.8
2023-04-24,3.44
2023-04-25,2.96
2023-04-26,2.4
2023-04-27,4.48
2023-04-28,2.64
2023-04-29,3.52
2023-04-30,1.36
2023-05-01,2.5900000000000003
2023-05-02,3.08
2023-05-03,3.2900000000000005
2023-05-04,1.2600000000000002
2023-05-05,4.2700000000000005
2023-05-06,0.0
2023-05-07,4.2700000000000005
2023-05-08,1.6800000000000002
2023-05-09,3.99
2023-05-10,2.5900000000000003
2023-05-11,0.0
2023-05-12,2.7300000000000004
2023-05-13,3.6400000000000006
2023-05-14,5.880000000000001
2023-05-15,1.54
2023-05-16,5.180000000000001
2023-05-17,0.0
2023-05-18,5.6000000000000005
2023-05-19,3.9200000000000004
2023-05-20,0.0
2023-05-21,2.45
2023-05-22,3.7100000000000004
2023-05-23,3.22
2023-05-24,4.970000000000001
2023-05-25,2.87
2023-05-26,4.41
2023-05-27,1.7500000000000002
2023-05-28,2.5900000000000003
2023-05-29,1.7500000000000002
2023-05-30,7.000000000000001
2023-05-31,2.7300000000000004
2023-06-01,5.84
2023-06-02,4.4
2023-06-03,3.36
2023-06-04,0.0
2023-06-05,3.2800000000000002
2023-06-06,4.96
2023-06-07,4.8
2023-06-08,3.44
2023-06-09,2.72
2023-06-10,8.0
2023-06-11,0.0
2023-06-12,2.32
2023-06-13,1.28
2023-06-14,4.72
2023-06-15,5.92
2023-06-16,0.0
2023-06-17,2.56
2023-06-18,2.72
2023-06-19,4.5600000000000005
2023-06-20,0.0
2023-06-21,2.8000000000000003
2023-06-22,0.0
2023-06-23,2.16
2023-06-24,3.44
2023-06-25,2.56
2023-06-26,5.5200000000000005
2023-06-27,3.68
2023-06-28,4.08
2023-06-29,2.96
2023-06-30,1.12
2023-07-01,0.0
2023-07-02,1.68
2023-07-03,2.46
2023-07-04,1.08
2023-07-05,1.7999999999999998
2023-07-06,1.26
2023-07-07,0.0
2023-07-08,1.02
2023-07-09,0.0
2023-07-10,1.7999999999999998
2023-07-11,4.14
2023-07-12,1.74
2023-07-13,5.1
2023-07-14,6.0
2023-07-15,4.2
2023-07-16,4.4399999999999995
2023-07-17,1.56
2023-07-18,1.08
2023-07-19,0.0
2023-07-20,1.3199999999999998
2023-07-21,0.0
2023-07-22,3.0
2023-07-23,3.48
2023-07-24,1.2
2023-07-25,0.96
2023-07-26,1.68
2023-07-27,4.32
2023-07-28,2.16
2023-07-29,1.2
2023-07-30,0.0
2023-07-31,0.0
2023-08-01,2.2800000000000002
2023-08-02,1.84
2023-08-03,2.64
2023-08-04,1.52
2023-08-05,0.0
2023-08-06,1.2
2023-08-07,0.0
2023-08-08,1.52
2023-08-09,2.8000000000000003
2023-08-10,0.0
2023-08-11,0.0
2023-08-12,0.0
2023-08-13,0.0
2023-08-14,1.96
2023-08-15,0.0
2023-08-16,2.88
2023-08-17,1.48
2023-08-18,3.0
2023-08-19,0.0
2023-08-20,0.0
2023-08-21,1.52
2023-08-22,2.08
2023-08-23,4.0
2023-08-24,0.0
2023-08-25,0.0
2023-08-26,0.0
2023-08-27,2.32
2023-08-28,0.0
2023-08-29,3.16
2023-08-30,1.2
2023-08-31,1.36
2023-09-01,1.36
2023-09-02,0.0
2023-09-03,0.0
2023-09-04,2.84
2023-09-05,0.0
2023-09-06,1.44
2023-09-07,4.0
2023-09-08,3.36
2023-09-09,0.0
2023-09-10,0.0
2023-09-11,0.0
2023-09-12,0.0
2023-09-13,0.0
2023-09-14,3.08
2023-09-15,2.4
2023-09-16,0.0
2023-09-17,0.0
2023-09-18,4.0
2023-09-19,3.64
2023-09-20,0.0
2023-09-21,2.44
2023-09-22,0.0
2023-09-23,0.0
2023-09-24,1.72
2023-09-25,1.32
2023-09-26,2.72
2023-09-27,1.8
2023-09-28,0.0
2023-09-29,3.64
2023-09-30,0.0
2023-10-01,0.0
2023-10-02,1.28
2023-10-03,0.0
2023-10-04,4.0
2023-10-05,1.8800000000000001
2023-10-06,2.44
2023-10-07,0.0
2023-10-08,2.24
2023-10-09,2.88
2023-10-10,0.0
2023-10-11,0.0
2023-10-12,0.0
2023-10-13,1.2
2023-10-14,0.0
2023-10-15,1.48
2023-10-16,2.84
2023-10-17,1.28
2023-10-18,2.32
2023-10-19,0.0
2023-10-20,0.76
2023-10-21,0.0
2023-10-22,0.0
2023-10-23,0.0
2023-10-24,2.2
2023-10-25,1.6400000000000001
2023-10-26,0.92
2023-10-27,0.0
2023-10-28,0.0
2023-10-29,2.0
2023-10-30,0.0
2023-10-31,3.0
2023-11-01,2.3800000000000003
2023-11-02,4.83
2023-11-03,1.4000000000000001
2023-11-04,1.8200000000000003
2023-11-05,3.1500000000000004
2023-11-06,0.0
2023-11-07,0.0
2023-11-08,6.44
2023-11-09,6.090000000000001
2023-11-10,2.5900000000000003
2023-11-11,5.880000000000001
2023-11-12,0.0
2023-11-13,3.5700000000000003
2023-11-14,2.8000000000000003
2023-11-15,4.62
2023-11-16,4.130000000000001
2023-11-17,3.7100000000000004
2023-11-18,5.53
2023-11-19,2.3800000000000003
2023-11-20,7.000000000000001
2023-11-21,0.0
2023-11-22,1.33
2023-11-23,0.0
2023-11-24,0.0
2023-11-25,2.3800000000000003
2023-11-26,3.22
2023-11-27,4.2
2023-11-28,5.11
2023-11-29,2.7300000000000004
2023-11-30,0.0
2023-12-01,8.0
2023-12-02,1.6
2023-12-03,2.0
2023-12-04,0.0
2023-12-05,4.4
2023-12-06,5.76
2023-12-07,6.24
2023-12-08,4.32
2023-12-09,2.64
2023-12-10,3.84
2023-12-11,1.84
2023-12-12,2.64
2023-12-13,5.2
2023-12-14,1.76
2023-12-15,2.08
2023-12-16,0.0
2023-12-17,0.0
2023-12-18,2.24
2023-12-19,1.36
2023-12-20,2.24
2023-12-21,1.76
2023-12-22,2.4
2023-12-23,4.48
2023-12-24,0.0
2023-12-25,7.6000000000000005
2023-12-26,5.04
2023-12-27,4.8
2023-12-28,5.2
2023-12-29,2.72
2023-12-30,0.0
2023-12-31,4.72
