date,XRP price
2013-01-01,0.0
2013-01-02,0.0
2013-01-03,0.0
2013-01-04,0.0
2013-01-05,0.0
2013-01-06,0.0
2013-01-07,0.0
2013-01-08,0.0
2013-01-09,0.0
2013-01-10,0.0
2013-01-11,0.0
2013-01-12,0.0
2013-01-13,0.0
2013-01-14,0.0
2013-01-15,0.0
2013-01-16,0.0
2013-01-17,0.0
2013-01-18,0.0
2013-01-19,0.0
2013-01-20,0.0
2013-01-21,0.0
2013-01-22,0.0
2013-01-23,0.0
2013-01-24,0.0
2013-01-25,0.0
2013-01-26,0.0
2013-01-27,0.0
2013-01-28,0.0
2013-01-29,0.0
2013-01-30,0.0
2013-01-31,0.0
2013-02-01,0.0
2013-02-02,0.0
2013-02-03,0.0
2013-02-04,0.0
2013-02-05,0.0
2013-02-06,0.0
2013-02-07,0.0
2013-02-08,0.0
2013-02-09,0.0
2013-02-10,0.0
2013-02-11,0.0
2013-02-12,0.0
2013-02-13,0.0
2013-02-14,0.0
2013-02-15,0.0
2013-02-16,0.0
2013-02-17,0.0
2013-02-18,0.0
2013-02-19,0.0
2013-02-20,0.0
2013-02-21,0.0
2013-02-22,0.0
2013-02-23,0.0
2013-02-24,0.0
2013-02-25,0.0
2013-02-26,0.0
2013-02-27,0.0
2013-02-28,0.0
2013-03-01,0.0
2013-03-02,0.0
2013-03-03,0.0
2013-03-04,0.0
2013-03-05,0.0
2013-03-06,0.0
2013-03-07,0.0
2013-03-08,0.0
2013-03-09,0.0
2013-03-10,0.0
2013-03-11,0.0
2013-03-12,0.0
2013-03-13,0.0
2013-03-14,0.0
2013-03-15,0.0
2013-03-16,0.0
2013-03-17,0.0
2013-03-18,0.0
2013-03-19,0.0
2013-03-20,0.0
2013-03-21,0.0
2013-03-22,0.0
2013-03-23,0.0
2013-03-24,0.0
2013-03-25,0.0
2013-03-26,0.0
2013-03-27,0.0
2013-03-28,0.0
2013-03-29,0.0
2013-03-30,0.0
2013-03-31,0.0
2013-04-01,0.0
2013-04-02,0.0
2013-04-03,0.0
2013-04-04,0.0
2013-04-05,0.0
2013-04-06,0.0
2013-04-07,0.0
2013-04-08,0.0
2013-04-09,0.0
2013-04-10,0.0
2013-04-11,0.0
2013-04-12,0.0
2013-04-13,0.0
2013-04-14,0.0
2013-04-15,0.0
2013-04-16,0.0
2013-04-17,0.0
2013-04-18,0.0
2013-04-19,0.0
2013-04-20,0.0
2013-04-21,0.0
2013-04-22,0.0
2013-04-23,0.0
2013-04-24,0.0
2013-04-25,0.0
2013-04-26,0.0
2013-04-27,0.0
2013-04-28,0.0
2013-04-29,0.0
2013-04-30,0.0
2013-05-01,0.0
2013-05-02,0.0
2013-05-03,0.0
2013-05-04,0.0
2013-05-05,0.0
2013-05-06,0.0
2013-05-07,0.0
2013-05-08,0.0
2013-05-09,0.0
2013-05-10,0.0
2013-05-11,0.0
2013-05-12,0.0
2013-05-13,0.0
2013-05-14,0.0
2013-05-15,0.0
2013-05-16,0.0
2013-05-17,0.0
2013-05-18,0.0
2013-05-19,0.0
2013-05-20,0.0
2013-05-21,0.0
2013-05-22,0.0
2013-05-23,0.0
2013-05-24,0.0
2013-05-25,0.0
2013-05-26,0.0
2013-05-27,0.0
2013-05-28,0.0
2013-05-29,0.0
2013-05-30,0.0
2013-05-31,0.0
2013-06-01,0.0
2013-06-02,0.0
2013-06-03,0.0
2013-06-04,0.0
2013-06-05,0.0
2013-06-06,0.0
2013-06-07,0.0
2013-06-08,0.0
2013-06-09,0.0
2013-06-10,0.0
2013-06-11,0.0
2013-06-12,0.0
2013-06-13,0.0
2013-06-14,0.0
2013-06-15,0.0
2013-06-16,0.0
2013-06-17,0.0
2013-06-18,0.0
2013-06-19,0.0
2013-06-20,0.0
2013-06-21,0.0
2013-06-22,0.0
2013-06-23,0.0
2013-06-24,0.0
2013-06-25,0.0
2013-06-26,0.0
2013-06-27,0.0
2013-06-28,0.0
2013-06-29,0.0
2013-06-30,0.0
2013-07-01,0.0
2013-07-02,0.0
2013-07-03,0.0
2013-07-04,0.0
2013-07-05,0.0
2013-07-06,0.0
2013-07-07,0.0
2013-07-08,0.0
2013-07-09,0.0
2013-07-10,0.0
2013-07-11,0.0
2013-07-12,0.0
2013-07-13,0.0
2013-07-14,0.0
2013-07-15,0.0
2013-07-16,0.0
2013-07-17,0.0
2013-07-18,0.0
2013-07-19,0.0
2013-07-20,0.0
2013-07-21,0.0
2013-07-22,0.0
2013-07-23,0.0
2013-07-24,0.0
2013-07-25,0.0
2013-07-26,0.0
2013-07-27,0.0
2013-07-28,0.0
2013-07-29,0.0
2013-07-30,0.0
2013-07-31,0.0
2013-08-01,0.0
2013-08-02,0.0
2013-08-03,0.0
2013-08-04,0.0
2013-08-05,0.0
2013-08-06,0.0
2013-08-07,0.0
2013-08-08,0.0
2013-08-09,0.0
2013-08-10,0.0
2013-08-11,0.0
2013-08-12,0.0
2013-08-13,0.0
2013-08-14,0.0
2013-08-15,0.0
2013-08-16,0.0
2013-08-17,0.0
2013-08-18,0.0
2013-08-19,0.0
2013-08-20,0.0
2013-08-21,0.0
2013-08-22,0.0
2013-08-23,0.0
2013-08-24,0.0
2013-08-25,0.0
2013-08-26,0.0
2013-08-27,0.0
2013-08-28,0.0
2013-08-29,0.0
2013-08-30,0.0
2013-08-31,0.0
2013-09-01,0.0
2013-09-02,0.0
2013-09-03,0.0
2013-09-04,0.0
2013-09-05,0.0
2013-09-06,0.0
2013-09-07,0.0
2013-09-08,0.0
2013-09-09,0.0
2013-09-10,0.0
2013-09-11,0.0
2013-09-12,0.0
2013-09-13,0.0
2013-09-14,0.0
2013-09-15,0.0
2013-09-16,0.0
2013-09-17,0.0
2013-09-18,0.0
2013-09-19,0.0
2013-09-20,0.0
2013-09-21,0.0
2013-09-22,0.0
2013-09-23,0.0
2013-09-24,0.0
2013-09-25,0.0
2013-09-26,0.0
2013-09-27,0.0
2013-09-28,0.0
2013-09-29,0.0
2013-09-30,0.0
2013-10-01,0.0
2013-10-02,0.0
2013-10-03,0.0
2013-10-04,0.0
2013-10-05,0.0
2013-10-06,0.0
2013-10-07,0.0
2013-10-08,0.0
2013-10-09,0.0
2013-10-10,0.0
2013-10-11,0.0
2013-10-12,0.0
2013-10-13,0.0
2013-10-14,0.0
2013-10-15,0.0
2013-10-16,0.0
2013-10-17,0.0
2013-10-18,0.0
2013-10-19,0.0
2013-10-20,0.0
2013-10-21,0.0
2013-10-22,0.0
2013-10-23,0.0
2013-10-24,0.0
2013-10-25,0.0
2013-10-26,0.0
2013-10-27,0.0
2013-10-28,0.0
2013-10-29,0.0
2013-10-30,0.0
2013-10-31,0.0
2013-11-01,0.0
2013-11-02,0.0
2013-11-03,0.0
2013-11-04,0.0
2013-11-05,0.0
2013-11-06,0.0
2013-11-07,0.0
2013-11-08,0.0
2013-11-09,0.0
2013-11-10,0.0
2013-11-11,0.0
2013-11-12,0.0
2013-11-13,0.0
2013-11-14,0.0
2013-11-15,0.0
2013-11-16,0.0
2013-11-17,0.0
2013-11-18,0.0
2013-11-19,0.0
2013-11-20,0.0
2013-11-21,0.0
2013-11-22,0.0
2013-11-23,0.0
2013-11-24,0.0
2013-11-25,0.0
2013-11-26,0.0
2013-11-27,0.0
2013-11-28,0.0
2013-11-29,0.0
2013-11-30,0.0
2013-12-01,0.0
2013-12-02,0.0
2013-12-03,0.0
2013-12-04,0.0
2013-12-05,0.0
2013-12-06,0.0
2013-12-07,0.0
2013-12-08,0.0
2013-12-09,0.0
2013-12-10,0.0
2013-12-11,0.0
2013-12-12,0.0
2013-12-13,0.0
2013-12-14,0.0
2013-12-15,0.0
2013-12-16,0.0
2013-12-17,0.0
2013-12-18,0.0
2013-12-19,0.0
2013-12-20,0.0
2013-12-21,0.0
2013-12-22,0.0
2013-12-23,0.0
2013-12-24,0.0
2013-12-25,0.0
2013-12-26,0.0
2013-12-27,0.0
2013-12-28,0.0
2013-12-29,0.0
2013-12-30,0.0
2013-12-31,0.0
2014-01-01,0.0
2014-01-02,0.0
2014-01-03,0.0
2014-01-04,0.0
2014-01-05,0.0
2014-01-06,0.0
2014-01-07,0.0
2014-01-08,0.0
2014-01-09,0.0
2014-01-10,0.0
2014-01-11,0.0
2014-01-12,0.0
2014-01-13,0.0
2014-01-14,0.0
2014-01-15,0.0
2014-01-16,0.0
2014-01-17,0.0
2014-01-18,0.0
2014-01-19,0.0
2014-01-20,0.0
2014-01-21,0.0
2014-01-22,0.0
2014-01-23,0.0
2014-01-24,0.0
2014-01-25,0.0
2014-01-26,0.0
2014-01-27,0.0
2014-01-28,0.0
2014-01-29,0.0
2014-01-30,0.0
2014-01-31,0.0
2014-02-01,0.0
2014-02-02,0.0
2014-02-03,0.0
2014-02-04,0.0
2014-02-05,0.0
2014-02-06,0.0
2014-02-07,0.0
2014-02-08,0.0
2014-02-09,0.0
2014-02-10,0.0
2014-02-11,0.0
2014-02-12,0.0
2014-02-13,0.0
2014-02-14,0.0
2014-02-15,0.0
2014-02-16,0.0
2014-02-17,0.0
2014-02-18,0.0
2014-02-19,0.0
2014-02-20,0.0
2014-02-21,0.0
2014-02-22,0.0
2014-02-23,0.0
2014-02-24,0.0
2014-02-25,0.0
2014-02-26,0.0
2014-02-27,0.0
2014-02-28,0.0
2014-03-01,0.0
2014-03-02,0.0
2014-03-03,0.0
2014-03-04,0.0
2014-03-05,0.0
2014-03-06,0.0
2014-03-07,0.0
2014-03-08,0.0
2014-03-09,0.0
2014-03-10,0.0
2014-03-11,0.0
2014-03-12,0.0
2014-03-13,0.0
2014-03-14,0.0
2014-03-15,0.0
2014-03-16,0.0
2014-03-17,0.0
2014-03-18,0.0
2014-03-19,0.0
2014-03-20,0.0
2014-03-21,0.0
2014-03-22,0.0
2014-03-23,0.0
2014-03-24,0.0
2014-03-25,0.0
2014-03-26,0.0
2014-03-27,0.0
2014-03-28,0.0
2014-03-29,0.0
2014-03-30,0.0
2014-03-31,0.0
2014-04-01,0.0
2014-04-02,0.0
2014-04-03,0.0
2014-04-04,0.0
2014-04-05,0.0
2014-04-06,0.0
2014-04-07,0.0
2014-04-08,0.0
2014-04-09,0.0
2014-04-10,0.0
2014-04-11,0.0
2014-04-12,0.0
2014-04-13,0.0
2014-04-14,0.0
2014-04-15,0.0
2014-04-16,0.0
2014-04-17,0.0
2014-04-18,0.0
2014-04-19,0.0
2014-04-20,0.0
2014-04-21,0.0
2014-04-22,0.0
2014-04-23,0.0
2014-04-24,0.0
2014-04-25,0.0
2014-04-26,0.0
2014-04-27,0.0
2014-04-28,0.0
2014-04-29,0.0
2014-04-30,0.0
2014-05-01,0.0
2014-05-02,0.0
2014-05-03,0.0
2014-05-04,0.0
2014-05-05,0.0
2014-05-06,0.0
2014-05-07,0.0
2014-05-08,0.0
2014-05-09,0.0
2014-05-10,0.0
2014-05-11,0.0
2014-05-12,0.0
2014-05-13,0.0
2014-05-14,0.0
2014-05-15,0.0
2014-05-16,0.0
2014-05-17,0.0
2014-05-18,0.0
2014-05-19,0.0
2014-05-20,0.0
2014-05-21,0.0
2014-05-22,0.0
2014-05-23,0.0
2014-05-24,0.0
2014-05-25,0.0
2014-05-26,0.0
2014-05-27,0.0
2014-05-28,0.0
2014-05-29,0.0
2014-05-30,0.0
2014-05-31,0.0
2014-06-01,0.0
2014-06-02,0.0
2014-06-03,0.0
2014-06-04,0.0
2014-06-05,0.0
2014-06-06,0.0
2014-06-07,0.0
2014-06-08,0.0
2014-06-09,0.0
2014-06-10,0.0
2014-06-11,0.0
2014-06-12,0.0
2014-06-13,0.0
2014-06-14,0.0
2014-06-15,0.0
2014-06-16,0.0
2014-06-17,0.0
2014-06-18,0.0
2014-06-19,0.0
2014-06-20,0.0
2014-06-21,0.0
2014-06-22,0.0
2014-06-23,0.0
2014-06-24,0.0
2014-06-25,0.0
2014-06-26,0.0
2014-06-27,0.0
2014-06-28,0.0
2014-06-29,0.0
2014-06-30,0.0
2014-07-01,0.0
2014-07-02,0.0
2014-07-03,0.0
2014-07-04,0.0
2014-07-05,0.0
2014-07-06,0.0
2014-07-07,0.0
2014-07-08,0.0
2014-07-09,0.0
2014-07-10,0.0
2014-07-11,0.0
2014-07-12,0.0
2014-07-13,0.0
2014-07-14,0.0
2014-07-15,0.0
2014-07-16,0.0
2014-07-17,0.0
2014-07-18,0.0
2014-07-19,0.0
2014-07-20,0.0
2014-07-21,0.0
2014-07-22,0.0
2014-07-23,0.0
2014-07-24,0.0
2014-07-25,0.0
2014-07-26,0.0
2014-07-27,0.0
2014-07-28,0.0
2014-07-29,0.0
2014-07-30,0.0
2014-07-31,0.0
2014-08-01,0.0
2014-08-02,0.0
2014-08-03,0.0
2014-08-04,0.0
2014-08-05,0.0
2014-08-06,0.0
2014-08-07,0.0
2014-08-08,0.0
2014-08-09,0.0
2014-08-10,0.0
2014-08-11,0.0
2014-08-12,0.0
2014-08-13,0.0
2014-08-14,0.0
2014-08-15,0.0
2014-08-16,0.0
2014-08-17,0.0
2014-08-18,0.0
2014-08-19,0.0
2014-08-20,0.0
2014-08-21,0.0
2014-08-22,0.0
2014-08-23,0.0
2014-08-24,0.0
2014-08-25,0.0
2014-08-26,0.0
2014-08-27,0.0
2014-08-28,0.0
2014-08-29,0.0
2014-08-30,0.0
2014-08-31,0.0
2014-09-01,0.0
2014-09-02,0.0
2014-09-03,0.0
2014-09-04,0.0
2014-09-05,0.0
2014-09-06,0.0
2014-09-07,0.0
2014-09-08,0.0
2014-09-09,0.0
2014-09-10,0.0
2014-09-11,0.0
2014-09-12,0.0
2014-09-13,0.0
2014-09-14,0.0
2014-09-15,0.0
2014-09-16,0.0
2014-09-17,0.0
2014-09-18,0.0
2014-09-19,0.0
2014-09-20,0.0
2014-09-21,0.0
2014-09-22,0.0
2014-09-23,0.0
2014-09-24,0.0
2014-09-25,0.0
2014-09-26,0.0
2014-09-27,0.0
2014-09-28,0.0
2014-09-29,0.0
2014-09-30,0.0
2014-10-01,0.0
2014-10-02,0.0
2014-10-03,0.0
2014-10-04,0.0
2014-10-05,0.0
2014-10-06,0.0
2014-10-07,0.0
2014-10-08,0.0
2014-10-09,0.0
2014-10-10,0.0
2014-10-11,0.0
2014-10-12,0.0
2014-10-13,0.0
2014-10-14,0.0
2014-10-15,0.0
2014-10-16,0.0
2014-10-17,0.0
2014-10-18,0.0
2014-10-19,0.0
2014-10-20,0.0
2014-10-21,0.0
2014-10-22,0.0
2014-10-23,0.0
2014-10-24,0.0
2014-10-25,0.0
2014-10-26,0.0
2014-10-27,0.0
2014-10-28,0.0
2014-10-29,0.0
2014-10-30,0.0
2014-10-31,0.0
2014-11-01,0.0
2014-11-02,0.0
2014-11-03,0.0
2014-11-04,0.0
2014-11-05,0.0
2014-11-06,0.0
2014-11-07,0.0
2014-11-08,0.0
2014-11-09,0.0
2014-11-10,0.0
2014-11-11,0.0
2014-11-12,0.0
2014-11-13,0.0
2014-11-14,0.0
2014-11-15,0.0
2014-11-16,0.0
2014-11-17,0.0
2014-11-18,0.0
2014-11-19,0.0
2014-11-20,0.0
2014-11-21,0.0
2014-11-22,0.0
2014-11-23,0.0
2014-11-24,0.0
2014-11-25,0.0
2014-11-26,0.0
2014-11-27,0.0
2014-11-28,0.0
2014-11-29,0.0
2014-11-30,0.0
2014-12-01,0.0
2014-12-02,0.0
2014-12-03,0.0
2014-12-04,0.0
2014-12-05,0.0
2014-12-06,0.0
2014-12-07,0.0
2014-12-08,0.0
2014-12-09,0.0
2014-12-10,0.0
2014-12-11,0.0
2014-12-12,0.0
2014-12-13,0.0
2014-12-14,0.0
2014-12-15,0.0
2014-12-16,0.0
2014-12-17,0.0
2014-12-18,0.0
2014-12-19,0.0
2014-12-20,0.0
2014-12-21,0.0
2014-12-22,0.0
2014-12-23,0.0
2014-12-24,0.0
2014-12-25,0.0
2014-12-26,0.0
2014-12-27,0.0
2014-12-28,0.0
2014-12-29,0.0
2014-12-30,0.0
2014-12-31,0.0
2015-01-01,0.0
2015-01-02,0.0
2015-01-03,0.0
2015-01-04,0.0
2015-01-05,0.0
2015-01-06,0.0
2015-01-07,0.0
2015-01-08,0.0
2015-01-09,0.0
2015-01-10,0.0
2015-01-11,0.0
2015-01-12,0.0
2015-01-13,0.0
2015-01-14,0.0
2015-01-15,0.0
2015-01-16,0.0
2015-01-17,0.0
2015-01-18,0.0
2015-01-19,0.0
2015-01-20,0.0
2015-01-21,0.0
2015-01-22,0.0
2015-01-23,0.0
2015-01-24,0.0
2015-01-25,0.0
2015-01-26,0.0
2015-01-27,0.0
2015-01-28,0.0
2015-01-29,0.0
2015-01-30,0.0
2015-01-31,0.0
2015-02-01,0.0
2015-02-02,0.0
2015-02-03,0.0
2015-02-04,0.0
2015-02-05,0.0
2015-02-06,0.0
2015-02-07,0.0
2015-02-08,0.0
2015-02-09,0.0
2015-02-10,0.0
2015-02-11,0.0
2015-02-12,0.0
2015-02-13,0.0
2015-02-14,0.0
2015-02-15,0.0
2015-02-16,0.0
2015-02-17,0.0
2015-02-18,0.0
2015-02-19,0.0
2015-02-20,0.0
2015-02-21,0.0
2015-02-22,0.0
2015-02-23,0.0
2015-02-24,0.0
2015-02-25,0.0
2015-02-26,0.0
2015-02-27,0.0
2015-02-28,0.0
2015-03-01,0.0
2015-03-02,0.0
2015-03-03,0.0
2015-03-04,0.0
2015-03-05,0.0
2015-03-06,0.0
2015-03-07,0.0
2015-03-08,0.0
2015-03-09,0.0
2015-03-10,0.0
2015-03-11,0.0
2015-03-12,0.0
2015-03-13,0.0
2015-03-14,0.0
2015-03-15,0.0
2015-03-16,0.0
2015-03-17,0.0
2015-03-18,0.0
2015-03-19,0.0
2015-03-20,0.0
2015-03-21,0.0
2015-03-22,0.0
2015-03-23,0.0
2015-03-24,0.0
2015-03-25,0.0
2015-03-26,0.0
2015-03-27,0.0
2015-03-28,0.0
2015-03-29,0.0
2015-03-30,0.0
2015-03-31,0.0
2015-04-01,0.0
2015-04-02,0.0
2015-04-03,0.0
2015-04-04,0.0
2015-04-05,0.0
2015-04-06,0.0
2015-04-07,0.0
2015-04-08,0.0
2015-04-09,0.0
2015-04-10,0.0
2015-04-11,0.0
2015-04-12,0.0
2015-04-13,0.0
2015-04-14,0.0
2015-04-15,0.0
2015-04-16,0.0
2015-04-17,0.0
2015-04-18,0.0
2015-04-19,0.0
2015-04-20,0.0
2015-04-21,0.0
2015-04-22,0.0
2015-04-23,0.0
2015-04-24,0.0
2015-04-25,0.0
2015-04-26,0.0
2015-04-27,0.0
2015-04-28,0.0
2015-04-29,0.0
2015-04-30,0.0
2015-05-01,0.0
2015-05-02,0.0
2015-05-03,0.0
2015-05-04,0.0
2015-05-05,0.0
2015-05-06,0.0
2015-05-07,0.0
2015-05-08,0.0
2015-05-09,0.0
2015-05-10,0.0
2015-05-11,0.0
2015-05-12,0.0
2015-05-13,0.0
2015-05-14,0.0
2015-05-15,0.0
2015-05-16,0.0
2015-05-17,0.0
2015-05-18,0.0
2015-05-19,0.0
2015-05-20,0.0
2015-05-21,0.0
2015-05-22,0.0
2015-05-23,0.0
2015-05-24,0.0
2015-05-25,0.0
2015-05-26,0.0
2015-05-27,0.0
2015-05-28,0.0
2015-05-29,0.0
2015-05-30,0.0
2015-05-31,0.0
2015-06-01,0.0
2015-06-02,0.0
2015-06-03,0.0
2015-06-04,0.0
2015-06-05,0.0
2015-06-06,0.0
2015-06-07,0.0
2015-06-08,0.0
2015-06-09,0.0
2015-06-10,0.0
2015-06-11,0.0
2015-06-12,0.0
2015-06-13,0.0
2015-06-14,0.0
2015-06-15,0.0
2015-06-16,0.0
2015-06-17,0.0
2015-06-18,0.0
2015-06-19,0.0
2015-06-20,0.0
2015-06-21,0.0
2015-06-22,0.0
2015-06-23,0.0
2015-06-24,0.0
2015-06-25,0.0
2015-06-26,0.0
2015-06-27,0.0
2015-06-28,0.0
2015-06-29,0.0
2015-06-30,0.0
2015-07-01,0.0
2015-07-02,0.0
2015-07-03,0.0
2015-07-04,0.0
2015-07-05,0.0
2015-07-06,0.0
2015-07-07,0.0
2015-07-08,0.0
2015-07-09,0.0
2015-07-10,0.0
2015-07-11,0.0
2015-07-12,0.0
2015-07-13,0.0
2015-07-14,0.0
2015-07-15,0.0
2015-07-16,0.0
2015-07-17,0.0
2015-07-18,0.0
2015-07-19,0.0
2015-07-20,0.0
2015-07-21,0.0
2015-07-22,0.0
2015-07-23,0.0
2015-07-24,0.0
2015-07-25,0.0
2015-07-26,0.0
2015-07-27,0.0
2015-07-28,0.0
2015-07-29,0.0
2015-07-30,0.0
2015-07-31,0.0
2015-08-01,0.0
2015-08-02,0.0
2015-08-03,0.0
2015-08-04,0.0
2015-08-05,0.0
2015-08-06,0.0
2015-08-07,0.0
2015-08-08,0.0
2015-08-09,0.0
2015-08-10,0.0
2015-08-11,0.0
2015-08-12,0.0
2015-08-13,0.0
2015-08-14,0.0
2015-08-15,0.0
2015-08-16,0.0
2015-08-17,0.0
2015-08-18,0.0
2015-08-19,0.0
2015-08-20,0.0
2015-08-21,0.0
2015-08-22,0.0
2015-08-23,0.0
2015-08-24,0.0
2015-08-25,0.0
2015-08-26,0.0
2015-08-27,0.0
2015-08-28,0.0
2015-08-29,0.0
2015-08-30,0.0
2015-08-31,0.0
2015-09-01,0.0
2015-09-02,0.0
2015-09-03,0.0
2015-09-04,0.0
2015-09-05,0.0
2015-09-06,0.0
2015-09-07,0.0
2015-09-08,0.0
2015-09-09,0.0
2015-09-10,0.0
2015-09-11,0.0
2015-09-12,0.0
2015-09-13,0.0
2015-09-14,0.0
2015-09-15,0.0
2015-09-16,0.0
2015-09-17,0.0
2015-09-18,0.0
2015-09-19,0.0
2015-09-20,0.0
2015-09-21,0.0
2015-09-22,0.0
2015-09-23,0.0
2015-09-24,0.0
2015-09-25,0.0
2015-09-26,0.0
2015-09-27,0.0
2015-09-28,0.0
2015-09-29,0.0
2015-09-30,0.0
2015-10-01,0.0
2015-10-02,0.0
2015-10-03,0.0
2015-10-04,0.0
2015-10-05,0.0
2015-10-06,0.0
2015-10-07,0.0
2015-10-08,0.0
2015-10-09,0.0
2015-10-10,0.0
2015-10-11,0.0
2015-10-12,0.0
2015-10-13,0.0
2015-10-14,0.0
2015-10-15,0.0
2015-10-16,0.0
2015-10-17,0.0
2015-10-18,0.0
2015-10-19,0.0
2015-10-20,0.0
2015-10-21,0.0
2015-10-22,0.0
2015-10-23,0.0
2015-10-24,0.0
2015-10-25,0.0
2015-10-26,0.0
2015-10-27,0.0
2015-10-28,0.0
2015-10-29,0.0
2015-10-30,0.0
2015-10-31,0.0
2015-11-01,0.0
2015-11-02,0.0
2015-11-03,0.0
2015-11-04,0.0
2015-11-05,0.0
2015-11-06,0.0
2015-11-07,0.0
2015-11-08,0.0
2015-11-09,0.0
2015-11-10,0.0
2015-11-11,0.0
2015-11-12,0.0
2015-11-13,0.0
2015-11-14,0.0
2015-11-15,0.0
2015-11-16,0.0
2015-11-17,0.0
2015-11-18,0.0
2015-11-19,0.0
2015-11-20,0.0
2015-11-21,0.0
2015-11-22,0.0
2015-11-23,0.0
2015-11-24,0.0
2015-11-25,0.0
2015-11-26,0.0
2015-11-27,0.0
2015-11-28,0.0
2015-11-29,0.0
2015-11-30,0.0
2015-12-01,0.0
2015-12-02,0.0
2015-12-03,0.0
2015-12-04,0.0
2015-12-05,0.0
2015-12-06,0.0
2015-12-07,0.0
2015-12-08,0.0
2015-12-09,0.0
2015-12-10,0.0
2015-12-11,0.0
2015-12-12,0.0
2015-12-13,0.0
2015-12-14,0.0
2015-12-15,0.0
2015-12-16,0.0
2015-12-17,0.0
2015-12-18,0.0
2015-12-19,0.0
2015-12-20,0.0
2015-12-21,0.0
2015-12-22,0.0
2015-12-23,0.0
2015-12-24,0.0
2015-12-25,0.0
2015-12-26,0.0
2015-12-27,0.0
2015-12-28,0.0
2015-12-29,0.0
2015-12-30,0.0
2015-12-31,0.0
2016-01-01,0.0
2016-01-02,0.0
2016-01-03,0.0
2016-01-04,0.0
2016-01-05,0.0
2016-01-06,0.0
2016-01-07,0.0
2016-01-08,0.0
2016-01-09,0.0
2016-01-10,0.0
2016-01-11,0.0
2016-01-12,0.0
2016-01-13,0.0
2016-01-14,0.0
2016-01-15,0.0
2016-01-16,0.0
2016-01-17,0.0
2016-01-18,0.0
2016-01-19,0.0
2016-01-20,0.0
2016-01-21,0.0
2016-01-22,0.0
2016-01-23,0.0
2016-01-24,0.0
2016-01-25,0.0
2016-01-26,0.0
2016-01-27,0.0
2016-01-28,0.0
2016-01-29,0.0
2016-01-30,0.0
2016-01-31,0.0
2016-02-01,0.0
2016-02-02,0.0
2016-02-03,0.0
2016-02-04,0.0
2016-02-05,0.0
2016-02-06,0.0
2016-02-07,0.0
2016-02-08,0.0
2016-02-09,0.0
2016-02-10,0.0
2016-02-11,0.0
2016-02-12,0.0
2016-02-13,0.0
2016-02-14,0.0
2016-02-15,0.0
2016-02-16,0.0
2016-02-17,0.0
2016-02-18,0.0
2016-02-19,0.0
2016-02-20,0.0
2016-02-21,0.0
2016-02-22,0.0
2016-02-23,0.0
2016-02-24,0.0
2016-02-25,0.0
2016-02-26,0.0
2016-02-27,0.0
2016-02-28,0.0
2016-02-29,0.0
2016-03-01,0.0
2016-03-02,0.0
2016-03-03,0.0
2016-03-04,0.0
2016-03-05,0.0
2016-03-06,0.0
2016-03-07,0.0
2016-03-08,0.0
2016-03-09,0.0
2016-03-10,0.0
2016-03-11,0.0
2016-03-12,0.0
2016-03-13,0.0
2016-03-14,0.0
2016-03-15,0.0
2016-03-16,0.0
2016-03-17,0.0
2016-03-18,0.0
2016-03-19,0.0
2016-03-20,0.0
2016-03-21,0.0
2016-03-22,0.0
2016-03-23,0.0
2016-03-24,0.0
2016-03-25,0.0
2016-03-26,0.0
2016-03-27,0.0
2016-03-28,0.0
2016-03-29,0.0
2016-03-30,0.0
2016-03-31,0.0
2016-04-01,0.0
2016-04-02,0.0
2016-04-03,0.0
2016-04-04,0.0
2016-04-05,0.0
2016-04-06,0.0
2016-04-07,0.0
2016-04-08,0.0
2016-04-09,0.0
2016-04-10,0.0
2016-04-11,0.0
2016-04-12,0.0
2016-04-13,0.0
2016-04-14,0.0
2016-04-15,0.0
2016-04-16,0.0
2016-04-17,0.0
2016-04-18,0.0
2016-04-19,0.0
2016-04-20,0.0
2016-04-21,0.0
2016-04-22,0.0
2016-04-23,0.0
2016-04-24,0.0
2016-04-25,0.0
2016-04-26,0.0
2016-04-27,0.0
2016-04-28,0.0
2016-04-29,0.0
2016-04-30,0.0
2016-05-01,0.0
2016-05-02,0.0
2016-05-03,0.0
2016-05-04,0.0
2016-05-05,0.0
2016-05-06,0.0
2016-05-07,0.0
2016-05-08,0.0
2016-05-09,0.0
2016-05-10,0.0
2016-05-11,0.0
2016-05-12,0.0
2016-05-13,0.0
2016-05-14,0.0
2016-05-15,0.0
2016-05-16,0.0
2016-05-17,0.0
2016-05-18,0.0
2016-05-19,0.0
2016-05-20,0.0
2016-05-21,0.0
2016-05-22,0.0
2016-05-23,0.0
2016-05-24,0.0
2016-05-25,0.0
2016-05-26,0.0
2016-05-27,0.0
2016-05-28,0.0
2016-05-29,0.0
2016-05-30,0.0
2016-05-31,0.0
2016-06-01,0.0
2016-06-02,0.0
2016-06-03,0.0
2016-06-04,0.0
2016-06-05,0.0
2016-06-06,0.0
2016-06-07,0.0
2016-06-08,0.0
2016-06-09,0.0
2016-06-10,0.0
2016-06-11,0.0
2016-06-12,0.0
2016-06-13,0.0
2016-06-14,0.0
2016-06-15,0.0
2016-06-16,0.0
2016-06-17,0.0
2016-06-18,0.0
2016-06-19,0.0
2016-06-20,0.0
2016-06-21,0.0
2016-06-22,0.0
2016-06-23,0.0
2016-06-24,0.0
2016-06-25,0.0
2016-06-26,0.0
2016-06-27,0.0
2016-06-28,0.0
2016-06-29,0.0
2016-06-30,0.0
2016-07-01,0.0
2016-07-02,0.0
2016-07-03,0.0
2016-07-04,0.0
2016-07-05,0.0
2016-07-06,0.0
2016-07-07,0.0
2016-07-08,0.0
2016-07-09,0.0
2016-07-10,0.0
2016-07-11,0.0
2016-07-12,0.0
2016-07-13,0.0
2016-07-14,0.0
2016-07-15,0.0
2016-07-16,0.0
2016-07-17,0.0
2016-07-18,0.0
2016-07-19,0.0
2016-07-20,0.0
2016-07-21,0.0
2016-07-22,0.0
2016-07-23,0.0
2016-07-24,0.0
2016-07-25,0.0
2016-07-26,0.0
2016-07-27,0.0
2016-07-28,0.0
2016-07-29,0.0
2016-07-30,0.0
2016-07-31,0.0
2016-08-01,0.0
2016-08-02,0.0
2016-08-03,0.0
2016-08-04,0.0
2016-08-05,0.0
2016-08-06,0.0
2016-08-07,0.0
2016-08-08,0.0
2016-08-09,0.0
2016-08-10,0.0
2016-08-11,0.0
2016-08-12,0.0
2016-08-13,0.0
2016-08-14,0.0
2016-08-15,0.0
2016-08-16,0.0
2016-08-17,0.0
2016-08-18,0.0
2016-08-19,0.0
2016-08-20,0.0
2016-08-21,0.0
2016-08-22,0.0
2016-08-23,0.0
2016-08-24,0.0
2016-08-25,0.0
2016-08-26,0.0
2016-08-27,0.0
2016-08-28,0.0
2016-08-29,0.0
2016-08-30,0.0
2016-08-31,0.0
2016-09-01,0.0
2016-09-02,0.0
2016-09-03,0.0
2016-09-04,0.0
2016-09-05,0.0
2016-09-06,0.0
2016-09-07,0.0
2016-09-08,0.0
2016-09-09,0.0
2016-09-10,0.0
2016-09-11,0.0
2016-09-12,0.0
2016-09-13,0.0
2016-09-14,0.0
2016-09-15,0.0
2016-09-16,0.0
2016-09-17,0.0
2016-09-18,0.0
2016-09-19,0.0
2016-09-20,0.0
2016-09-21,0.0
2016-09-22,0.0
2016-09-23,0.0
2016-09-24,0.0
2016-09-25,0.0
2016-09-26,0.0
2016-09-27,0.0
2016-09-28,0.0
2016-09-29,0.0
2016-09-30,0.0
2016-10-01,0.0
2016-10-02,0.0
2016-10-03,0.0
2016-10-04,0.0
2016-10-05,0.0
2016-10-06,0.0
2016-10-07,0.0
2016-10-08,0.0
2016-10-09,0.0
2016-10-10,0.0
2016-10-11,0.0
2016-10-12,0.0
2016-10-13,0.0
2016-10-14,0.0
2016-10-15,0.0
2016-10-16,0.0
2016-10-17,0.0
2016-10-18,0.0
2016-10-19,0.0
2016-10-20,0.0
2016-10-21,0.0
2016-10-22,0.0
2016-10-23,0.0
2016-10-24,0.0
2016-10-25,0.0
2016-10-26,0.0
2016-10-27,0.0
2016-10-28,0.0
2016-10-29,0.0
2016-10-30,0.0
2016-10-31,0.0
2016-11-01,0.0
2016-11-02,0.0
2016-11-03,0.0
2016-11-04,0.0
2016-11-05,0.0
2016-11-06,0.0
2016-11-07,0.0
2016-11-08,0.0
2016-11-09,0.0
2016-11-10,0.0
2016-11-11,0.0
2016-11-12,0.0
2016-11-13,0.0
2016-11-14,0.0
2016-11-15,0.0
2016-11-16,0.0
2016-11-17,0.0
2016-11-18,0.0
2016-11-19,0.0
2016-11-20,0.0
2016-11-21,0.0
2016-11-22,0.0
2016-11-23,0.0
2016-11-24,0.0
2016-11-25,0.0
2016-11-26,0.0
2016-11-27,0.0
2016-11-28,0.0
2016-11-29,0.0
2016-11-30,0.0
2016-12-01,0.0
2016-12-02,0.0
2016-12-03,0.0
2016-12-04,0.0
2016-12-05,0.0
2016-12-06,0.0
2016-12-07,0.0
2016-12-08,0.0
2016-12-09,0.0
2016-12-10,0.0
2016-12-11,0.0
2016-12-12,0.0
2016-12-13,0.0
2016-12-14,0.0
2016-12-15,0.0
2016-12-16,0.0
2016-12-17,0.0
2016-12-18,0.0
2016-12-19,0.0
2016-12-20,0.0
2016-12-21,0.0
2016-12-22,0.0
2016-12-23,0.0
2016-12-24,0.0
2016-12-25,0.0
2016-12-26,0.0
2016-12-27,0.0
2016-12-28,0.0
2016-12-29,0.0
2016-12-30,0.0
2016-12-31,0.0
2017-01-01,0.0
2017-01-02,0.0
2017-01-03,0.0
2017-01-04,0.0
2017-01-05,0.0
2017-01-06,0.0
2017-01-07,0.0
2017-01-08,0.0
2017-01-09,0.0
2017-01-10,0.0
2017-01-11,0.0
2017-01-12,0.0
2017-01-13,0.0
2017-01-14,0.0
2017-01-15,0.0
2017-01-16,0.0
2017-01-17,0.0
2017-01-18,0.0
2017-01-19,0.0
2017-01-20,0.0
2017-01-21,0.0
2017-01-22,0.0
2017-01-23,0.0
2017-01-24,0.0
2017-01-25,0.0
2017-01-26,0.0
2017-01-27,0.0
2017-01-28,0.0
2017-01-29,0.0
2017-01-30,0.0
2017-01-31,0.0
2017-02-01,0.0
2017-02-02,0.0
2017-02-03,0.0
2017-02-04,0.0
2017-02-05,0.0
2017-02-06,0.0
2017-02-07,0.0
2017-02-08,0.0
2017-02-09,0.0
2017-02-10,0.0
2017-02-11,0.0
2017-02-12,0.0
2017-02-13,0.0
2017-02-14,0.0
2017-02-15,0.0
2017-02-16,0.0
2017-02-17,0.0
2017-02-18,0.0
2017-02-19,0.0
2017-02-20,0.0
2017-02-21,0.0
2017-02-22,0.0
2017-02-23,0.0
2017-02-24,0.0
2017-02-25,0.0
2017-02-26,0.0
2017-02-27,0.0
2017-02-28,0.0
2017-03-01,0.0
2017-03-02,0.0
2017-03-03,0.0
2017-03-04,0.0
2017-03-05,0.0
2017-03-06,0.0
2017-03-07,0.0
2017-03-08,0.0
2017-03-09,0.0
2017-03-10,0.0
2017-03-11,0.0
2017-03-12,0.0
2017-03-13,0.0
2017-03-14,0.0
2017-03-15,0.0
2017-03-16,0.0
2017-03-17,0.0
2017-03-18,0.0
2017-03-19,0.0
2017-03-20,0.0
2017-03-21,0.0
2017-03-22,0.0
2017-03-23,0.0
2017-03-24,0.0
2017-03-25,0.0
2017-03-26,0.0
2017-03-27,0.0
2017-03-28,0.0
2017-03-29,0.0
2017-03-30,0.0
2017-03-31,0.0
2017-04-01,0.0
2017-04-02,0.46
2017-04-03,0.8300000000000001
2017-04-04,0.32
2017-04-05,0.41000000000000003
2017-04-06,0.0
2017-04-07,0.14
2017-04-08,1.0
2017-04-09,0.19
2017-04-10,0.13
2017-04-11,0.14
2017-04-12,0.23
2017-04-13,0.0
2017-04-14,0.25
2017-04-15,0.2
2017-04-16,0.0
2017-04-17,0.17
2017-04-18,0.0
2017-04-19,0.0
2017-04-20,0.15
2017-04-21,0.79
2017-04-22,0.0
2017-04-23,0.14
2017-04-24,0.0
2017-04-25,0.16
2017-04-26,0.41000000000000003
2017-04-27,0.0
2017-04-28,0.41000000000000003
2017-04-29,0.47000000000000003
2017-04-30,0.22
2017-05-01,1.4500000000000002
2017-05-02,1.6
2017-05-03,0.35000000000000003
2017-05-04,1.7000000000000002
2017-05-05,2.7
2017-05-06,2.3000000000000003
2017-05-07,2.7
2017-05-08,4.75
2017-05-09,3.75
2017-05-10,2.5
2017-05-11,2.35
2017-05-12,1.9000000000000001
2017-05-13,3.2
2017-05-14,2.35
2017-05-15,2.15
2017-05-16,5.0
2017-05-17,4.75
2017-05-18,3.95
2017-05-19,2.85
2017-05-20,2.25
2017-05-21,3.2
2017-05-22,3.1500000000000004
2017-05-23,3.7
2017-05-24,3.0
2017-05-25,4.75
2017-05-26,3.7
2017-05-27,3.35
2017-05-28,3.35
2017-05-29,2.75
2017-05-30,2.4000000000000004
2017-05-31,2.7
2017-06-01,6.0
2017-06-02,4.38
2017-06-03,3.54
2017-06-04,3.06
2017-06-05,3.42
2017-06-06,3.12
2017-06-07,1.8599999999999999
2017-06-08,3.7199999999999998
2017-06-09,3.2399999999999998
2017-06-10,3.42
2017-06-11,1.92
2017-06-12,4.14
2017-06-13,2.34
2017-06-14,4.2
2017-06-15,4.02
2017-06-16,3.48
2017-06-17,4.02
2017-06-18,2.6399999999999997
2017-06-19,3.2399999999999998
2017-06-20,5.3999999999999995
2017-06-21,5.04
2017-06-22,3.78
2017-06-23,3.6599999999999997
2017-06-24,2.76
2017-06-25,4.74
2017-06-26,1.7999999999999998
2017-06-27,4.38
2017-06-28,2.46
2017-06-29,2.52
2017-06-30,2.2199999999999998
2017-07-01,1.52
2017-07-02,1.96
2017-07-03,1.6400000000000001
2017-07-04,2.44
2017-07-05,2.16
2017-07-06,2.48
2017-07-07,1.92
2017-07-08,1.92
2017-07-09,1.56
2017-07-10,2.96
2017-07-11,3.16
2017-07-12,1.56
2017-07-13,2.52
2017-07-14,2.2800000000000002
2017-07-15,0.96
2017-07-16,2.04
2017-07-17,2.72
2017-07-18,3.12
2017-07-19,2.4
2017-07-20,2.44
2017-07-21,4.0
2017-07-22,2.92
2017-07-23,2.12
2017-07-24,2.36
2017-07-25,3.16
2017-07-26,2.56
2017-07-27,2.84
2017-07-28,3.04
2017-07-29,1.8800000000000001
2017-07-30,2.0
2017-07-31,2.36
2017-08-01,1.92
2017-08-02,1.92
2017-08-03,1.6199999999999999
2017-08-04,1.68
2017-08-05,2.16
2017-08-06,1.2
2017-08-07,2.28
2017-08-08,1.26
2017-08-09,0.96
2017-08-10,1.6199999999999999
2017-08-11,2.28
2017-08-12,1.26
2017-08-13,1.6199999999999999
2017-08-14,1.6199999999999999
2017-08-15,2.16
2017-08-16,1.56
2017-08-17,1.3199999999999998
2017-08-18,1.26
2017-08-19,1.44
2017-08-20,0.84
2017-08-21,1.8599999999999999
2017-08-22,3.3
2017-08-23,6.0
2017-08-24,4.74
2017-08-25,3.2399999999999998
2017-08-26,2.1
2017-08-27,2.04
2017-08-28,3.12
2017-08-29,3.0
2017-08-30,2.46
2017-08-31,3.6599999999999997
2017-09-01,3.95
2017-09-02,5.0
2017-09-03,2.95
2017-09-04,3.6500000000000004
2017-09-05,3.75
2017-09-06,2.5500000000000003
2017-09-07,3.2
2017-09-08,3.0
2017-09-09,2.9000000000000004
2017-09-10,1.25
2017-09-11,2.5
2017-09-12,2.95
2017-09-13,2.35
2017-09-14,2.4000000000000004
2017-09-15,2.8000000000000003
2017-09-16,2.25
2017-09-17,1.5
2017-09-18,2.0
2017-09-19,2.0
2017-09-20,1.1
2017-09-21,1.6
2017-09-22,2.15
2017-09-23,1.4000000000000001
2017-09-24,1.2000000000000002
2017-09-25,2.0
2017-09-26,2.2
2017-09-27,1.75
2017-09-28,2.15
2017-09-29,2.5
2017-09-30,1.85
2017-10-01,2.04
2017-10-02,1.68
2017-10-03,1.5
2017-10-04,1.68
2017-10-05,4.26
2017-10-06,3.54
2017-10-07,2.28
2017-10-08,3.3
2017-10-09,3.84
2017-10-10,3.9
2017-10-11,4.32
2017-10-12,5.52
2017-10-13,3.2399999999999998
2017-10-14,3.96
2017-10-15,3.84
2017-10-16,6.0
2017-10-17,4.5
2017-10-18,4.26
2017-10-19,4.14
2017-10-20,3.96
2017-10-21,3.2399999999999998
2017-10-22,2.2199999999999998
2017-10-23,3.78
2017-10-24,4.26
2017-10-25,2.34
2017-10-26,2.6399999999999997
2017-10-27,2.58
2017-10-28,2.6399999999999997
2017-10-29,2.46
2017-10-30,2.28
2017-10-31,2.46
2017-11-01,1.3499999999999999
2017-11-02,2.07
2017-11-03,1.98
2017-11-04,1.3499999999999999
2017-11-05,0.8999999999999999
2017-11-06,1.44
2017-11-07,1.53
2017-11-08,1.98
2017-11-09,1.6199999999999999
2017-11-10,1.6199999999999999
2017-11-11,1.3499999999999999
2017-11-12,1.08
2017-11-13,1.53
2017-11-14,1.44
2017-11-15,1.44
2017-11-16,3.69
2017-11-17,3.69
2017-11-18,2.25
2017-11-19,2.4299999999999997
2017-11-20,3.15
2017-11-21,2.88
2017-11-22,2.16
2017-11-23,2.6999999999999997
2017-11-24,2.88
2017-11-25,2.9699999999999998
2017-11-26,3.06
2017-11-27,4.2299999999999995
2017-11-28,6.12
2017-11-29,9.0
2017-11-30,5.31
2017-12-01,7.36
2017-12-02,6.44
2017-12-03,6.44
2017-12-04,8.280000000000001
2017-12-05,7.36
2017-12-06,10.120000000000001
2017-12-07,10.120000000000001
2017-12-08,11.96
2017-12-09,11.96
2017-12-10,7.36
2017-12-11,12.88
2017-12-12,28.52
2017-12-13,46.92
2017-12-14,68.08
2017-12-15,63.480000000000004
2017-12-16,46.92
2017-12-17,34.04
2017-12-18,36.800000000000004
2017-12-19,39.56
2017-12-20,36.800000000000004
2017-12-21,67.16
2017-12-22,76.36
2017-12-23,48.760000000000005
2017-12-24,36.800000000000004
2017-12-25,29.44
2017-12-26,33.120000000000005
2017-12-27,44.160000000000004
2017-12-28,48.760000000000005
2017-12-29,78.2
2017-12-30,92.0
2017-12-31,59.800000000000004
2018-01-01,50.0
2018-01-02,69.0
2018-01-03,91.0
2018-01-04,100.0
2018-01-05,87.0
2018-01-06,65.0
2018-01-07,56.0
2018-01-08,61.0
2018-01-09,52.0
2018-01-10,50.0
2018-01-11,66.0
2018-01-12,48.0
2018-01-13,34.0
2018-01-14,30.0
2018-01-15,30.0
2018-01-16,43.0
2018-01-17,46.0
2018-01-18,42.0
2018-01-19,28.0
2018-01-20,26.0
2018-01-21,20.0
2018-01-22,22.0
2018-01-23,21.0
2018-01-24,19.0
2018-01-25,20.0
2018-01-26,20.0
2018-01-27,16.0
2018-01-28,15.0
2018-01-29,15.0
2018-01-30,18.0
2018-01-31,14.0
2018-02-01,17.75
2018-02-02,23.75
2018-02-03,18.5
2018-02-04,19.0
2018-02-05,20.5
2018-02-06,25.0
2018-02-07,15.5
2018-02-08,18.25
2018-02-09,19.5
2018-02-10,19.5
2018-02-11,14.0
2018-02-12,19.25
2018-02-13,14.25
2018-02-14,20.5
2018-02-15,20.75
2018-02-16,16.25
2018-02-17,14.5
2018-02-18,16.5
2018-02-19,11.0
2018-02-20,12.75
2018-02-21,14.75
2018-02-22,11.75
2018-02-23,9.25
2018-02-24,6.75
2018-02-25,7.5
2018-02-26,8.5
2018-02-27,9.25
2018-02-28,8.25
2018-03-01,5.59
2018-03-02,6.63
2018-03-03,5.59
2018-03-04,6.11
2018-03-05,13.0
2018-03-06,8.97
2018-03-07,7.800000000000001
2018-03-08,7.28
2018-03-09,9.23
2018-03-10,5.33
2018-03-11,4.94
2018-03-12,7.0200000000000005
2018-03-13,5.59
2018-03-14,6.63
2018-03-15,7.0200000000000005
2018-03-16,5.33
2018-03-17,5.33
2018-03-18,6.11
2018-03-19,6.5
2018-03-20,5.46
2018-03-21,6.11
2018-03-22,5.2
2018-03-23,5.2
2018-03-24,5.46
2018-03-25,3.25
2018-03-26,6.11
2018-03-27,5.2
2018-03-28,6.5
2018-03-29,4.94
2018-03-30,6.11
2018-03-31,4.8100000000000005
2018-04-01,4.29
2018-04-02,4.55
2018-04-03,6.11
2018-04-04,5.2
2018-04-05,5.33
2018-04-06,4.42
2018-04-07,3.64
2018-04-08,3.5100000000000002
2018-04-09,3.9000000000000004
2018-04-10,4.68
2018-04-11,3.77
2018-04-12,7.930000000000001
2018-04-13,9.49
2018-04-14,4.8100000000000005
2018-04-15,5.98
2018-04-16,6.5
2018-04-17,6.890000000000001
2018-04-18,4.68
2018-04-19,6.890000000000001
2018-04-20,13.0
2018-04-21,11.57
2018-04-22,8.32
2018-04-23,8.32
2018-04-24,12.09
2018-04-25,8.71
2018-04-26,7.41
2018-04-27,6.37
2018-04-28,7.41
2018-04-29,6.63
2018-04-30,7.67
2018-05-01,5.9399999999999995
2018-05-02,5.85
2018-05-03,5.9399999999999995
2018-05-04,7.56
2018-05-05,9.0
2018-05-06,4.859999999999999
2018-05-07,4.41
2018-05-08,5.76
2018-05-09,4.859999999999999
2018-05-10,4.59
2018-05-11,5.85
2018-05-12,3.15
2018-05-13,4.32
2018-05-14,5.49
2018-05-15,5.76
2018-05-16,5.58
2018-05-17,4.32
2018-05-18,4.5
2018-05-19,1.98
2018-05-20,4.32
2018-05-21,3.69
2018-05-22,4.14
2018-05-23,5.3999999999999995
2018-05-24,5.13
2018-05-25,4.5
2018-05-26,3.78
2018-05-27,5.13
2018-05-28,3.78
2018-05-29,4.14
2018-05-30,4.95
2018-05-31,4.2299999999999995
2018-06-01,3.8500000000000005
2018-06-02,4.0600000000000005
2018-06-03,7.000000000000001
2018-06-04,5.53
2018-06-05,5.11
2018-06-06,5.670000000000001
2018-06-07,5.250000000000001
2018-06-08,5.040000000000001
2018-06-09,4.9
2018-06-10,3.7100000000000004
2018-06-11,5.460000000000001
2018-06-12,4.48
2018-06-13,6.65
2018-06-14,4.9
2018-06-15,2.5900000000000003
2018-06-16,3.3600000000000003
2018-06-17,3.5000000000000004
2018-06-18,3.99
2018-06-19,5.040000000000001
2018-06-20,5.11
2018-06-21,3.5000000000000004
2018-06-22,3.9200000000000004
2018-06-23,2.31
2018-06-24,3.5000000000000004
2018-06-25,3.1500000000000004
2018-06-26,2.9400000000000004
2018-06-27,4.48
2018-06-28,3.7100000000000004
2018-06-29,5.670000000000001
2018-06-30,3.22
2018-07-01,2.94
2018-07-02,5.04
2018-07-03,4.08
2018-07-04,4.26
2018-07-05,4.62
2018-07-06,3.5999999999999996
2018-07-07,2.04
2018-07-08,3.3
2018-07-09,4.62
2018-07-10,3.6599999999999997
2018-07-11,3.5999999999999996
2018-07-12,3.9
2018-07-13,3.48
2018-07-14,3.0
2018-07-15,3.5999999999999996
2018-07-16,3.1799999999999997
2018-07-17,4.02
2018-07-18,5.819999999999999
2018-07-19,4.74
2018-07-20,3.42
2018-07-21,2.6399999999999997
2018-07-22,3.06
2018-07-23,3.6599999999999997
2018-07-24,6.0
2018-07-25,4.74
2018-07-26,4.38
2018-07-27,3.42
2018-07-28,0.96
2018-07-29,2.76
2018-07-30,3.42
2018-07-31,4.5
2018-08-01,3.1799999999999997
2018-08-02,2.82
2018-08-03,2.46
2018-08-04,2.34
2018-08-05,2.2199999999999998
2018-08-06,2.58
2018-08-07,3.78
2018-08-08,4.9799999999999995
2018-08-09,2.76
2018-08-10,3.48
2018-08-11,3.54
2018-08-12,2.6399999999999997
2018-08-13,3.7199999999999998
2018-08-14,5.3999999999999995
2018-08-15,5.34
2018-08-16,6.0
2018-08-17,4.32
2018-08-18,4.5
2018-08-19,4.02
2018-08-20,4.5
2018-08-21,2.6999999999999997
2018-08-22,2.94
2018-08-23,3.2399999999999998
2018-08-24,2.52
2018-08-25,2.94
2018-08-26,3.0
2018-08-27,4.2
2018-08-28,2.52
2018-08-29,2.88
2018-08-30,3.5999999999999996
2018-08-31,2.94
2018-09-01,1.3
2018-09-02,1.4000000000000001
2018-09-03,0.8
2018-09-04,1.4000000000000001
2018-09-05,1.8
2018-09-06,1.8
2018-09-07,1.8
2018-09-08,0.9
2018-09-09,1.1
2018-09-10,1.7000000000000002
2018-09-11,1.7000000000000002
2018-09-12,1.8
2018-09-13,1.4000000000000001
2018-09-14,1.2000000000000002
2018-09-15,1.2000000000000002
2018-09-16,1.3
2018-09-17,1.4000000000000001
2018-09-18,2.2
2018-09-19,2.4000000000000004
2018-09-20,4.9
2018-09-21,10.0
2018-09-22,6.2
2018-09-23,5.6000000000000005
2018-09-24,4.5
2018-09-25,3.9000000000000004
2018-09-26,4.4
2018-09-27,3.9000000000000004
2018-09-28,3.6
2018-09-29,2.8000000000000003
2018-09-30,3.1
2018-10-01,7.36
2018-10-02,8.0
2018-10-03,6.32
2018-10-04,4.72
2018-10-05,4.16
2018-10-06,4.72
2018-10-07,3.68
2018-10-08,3.68
2018-10-09,3.36
2018-10-10,2.56
2018-10-11,5.04
2018-10-12,3.68
2018-10-13,3.92
2018-10-14,3.44
2018-10-15,4.72
2018-10-16,5.5200000000000005
2018-10-17,4.64
2018-10-18,4.24
2018-10-19,4.16
2018-10-20,2.96
2018-10-21,3.84
2018-10-22,4.0
2018-10-23,3.36
2018-10-24,2.96
2018-10-25,3.36
2018-10-26,3.2
2018-10-27,3.04
2018-10-28,2.16
2018-10-29,3.44
2018-10-30,3.12
2018-10-31,2.56
2018-11-01,3.78
2018-11-02,3.15
2018-11-03,2.07
2018-11-04,4.5
2018-11-05,5.67
2018-11-06,8.1
2018-11-07,7.109999999999999
2018-11-08,4.859999999999999
2018-11-09,4.95
2018-11-10,4.5
2018-11-11,3.78
2018-11-12,5.22
2018-11-13,5.13
2018-11-14,6.75
2018-11-15,7.29
2018-11-16,6.39
2018-11-17,5.76
2018-11-18,5.3999999999999995
2018-11-19,7.739999999999999
2018-11-20,9.0
2018-11-21,6.39
2018-11-22,4.77
2018-11-23,5.13
2018-11-24,5.85
2018-11-25,6.029999999999999
2018-11-26,6.3
2018-11-27,6.4799999999999995
2018-11-28,6.21
2018-11-29,4.05
2018-11-30,4.68
2018-12-01,3.2900000000000005
2018-12-02,3.22
2018-12-03,3.8500000000000005
2018-12-04,6.790000000000001
2018-12-05,5.040000000000001
2018-12-06,4.48
2018-12-07,4.83
2018-12-08,3.43
2018-12-09,4.0600000000000005
2018-12-10,4.340000000000001
2018-12-11,4.83
2018-12-12,4.970000000000001
2018-12-13,4.2700000000000005
2018-12-14,2.8000000000000003
2018-12-15,3.99
2018-12-16,3.99
2018-12-17,4.9
2018-12-18,5.250000000000001
2018-12-19,4.9
2018-12-20,7.000000000000001
2018-12-21,4.83
2018-12-22,3.7800000000000002
2018-12-23,3.5000000000000004
2018-12-24,5.8100000000000005
2018-12-25,5.670000000000001
2018-12-26,4.48
2018-12-27,4.2700000000000005
2018-12-28,4.340000000000001
2018-12-29,3.43
2018-12-30,3.1500000000000004
2018-12-31,1.54
2019-01-01,3.1500000000000004
2019-01-02,3.8000000000000003
2019-01-03,5.0
2019-01-04,3.6
2019-01-05,3.75
2019-01-06,2.35
2019-01-07,2.7
2019-01-08,3.75
2019-01-09,3.25
2019-01-10,2.4000000000000004
2019-01-11,3.7
2019-01-12,2.3000000000000003
2019-01-13,2.95
2019-01-14,3.0
2019-01-15,2.35
2019-01-16,2.7
2019-01-17,2.15
2019-01-18,3.0
2019-01-19,2.85
2019-01-20,2.6500000000000004
2019-01-21,2.5
2019-01-22,1.0
2019-01-23,2.5
2019-01-24,2.2
2019-01-25,2.0
2019-01-26,1.7000000000000002
2019-01-27,1.9500000000000002
2019-01-28,3.4000000000000004
2019-01-29,2.2
2019-01-30,3.2
2019-01-31,3.6500000000000004
2019-02-01,2.1
2019-02-02,1.5
2019-02-03,1.7000000000000002
2019-02-04,1.55
2019-02-05,1.55
2019-02-06,2.0500000000000003
2019-02-07,1.6
2019-02-08,1.9000000000000001
2019-02-09,2.15
2019-02-10,1.9500000000000002
2019-02-11,1.4500000000000002
2019-02-12,1.5
2019-02-13,1.9000000000000001
2019-02-14,1.0
2019-02-15,2.3000000000000003
2019-02-16,1.6500000000000001
2019-02-17,1.2000000000000002
2019-02-18,1.75
2019-02-19,2.4000000000000004
2019-02-20,2.3000000000000003
2019-02-21,1.8
2019-02-22,1.9000000000000001
2019-02-23,1.35
2019-02-24,1.9500000000000002
2019-02-25,2.5500000000000003
2019-02-26,5.0
2019-02-27,3.25
2019-02-28,2.95
2019-03-01,5.0
2019-03-02,2.1
2019-03-03,2.75
2019-03-04,1.3
2019-03-05,1.7000000000000002
2019-03-06,1.6500000000000001
2019-03-07,1.9500000000000002
2019-03-08,1.3
2019-03-09,1.2000000000000002
2019-03-10,1.75
2019-03-11,1.1
2019-03-12,1.9500000000000002
2019-03-13,1.75
2019-03-14,1.5
2019-03-15,1.55
2019-03-16,2.3000000000000003
2019-03-17,2.15
2019-03-18,1.35
2019-03-19,1.3
2019-03-20,2.0500000000000003
2019-03-21,1.6
2019-03-22,1.1
2019-03-23,1.55
2019-03-24,1.0
2019-03-25,1.7000000000000002
2019-03-26,0.75
2019-03-27,1.2000000000000002
2019-03-28,1.4000000000000001
2019-03-29,1.4500000000000002
2019-03-30,1.4000000000000001
2019-03-31,1.25
2019-04-01,2.34
2019-04-02,5.3999999999999995
2019-04-03,6.0
2019-04-04,3.78
2019-04-05,3.42
2019-04-06,3.36
2019-04-07,2.82
2019-04-08,3.6599999999999997
2019-04-09,2.4
2019-04-10,2.88
2019-04-11,2.2199999999999998
2019-04-12,2.04
2019-04-13,1.44
2019-04-14,2.1
2019-04-15,1.7999999999999998
2019-04-16,2.04
2019-04-17,2.88
2019-04-18,3.36
2019-04-19,2.2199999999999998
2019-04-20,2.28
2019-04-21,2.6399999999999997
2019-04-22,2.04
2019-04-23,2.16
2019-04-24,2.16
2019-04-25,1.74
2019-04-26,1.92
2019-04-27,1.08
2019-04-28,1.6199999999999999
2019-04-29,1.6199999999999999
2019-04-30,2.46
2019-05-01,2.2
2019-05-02,1.98
2019-05-03,2.42
2019-05-04,2.42
2019-05-05,1.65
2019-05-06,1.32
2019-05-07,1.65
2019-05-08,2.2
2019-05-09,2.31
2019-05-10,1.76
2019-05-11,3.3
2019-05-12,4.29
2019-05-13,5.83
2019-05-14,9.790000000000001
2019-05-15,11.0
2019-05-16,9.9
2019-05-17,6.38
2019-05-18,5.61
2019-05-19,5.83
2019-05-20,5.94
2019-05-21,4.95
2019-05-22,3.52
2019-05-23,3.85
2019-05-24,2.86
2019-05-25,3.41
2019-05-26,4.07
2019-05-27,5.83
2019-05-28,7.26
2019-05-29,7.7
2019-05-30,7.7
2019-05-31,5.28
2019-06-01,3.84
2019-06-02,3.84
2019-06-03,4.08
2019-06-04,5.16
2019-06-05,3.48
2019-06-06,3.36
2019-06-07,3.48
2019-06-08,2.6399999999999997
2019-06-09,2.16
2019-06-10,3.48
2019-06-11,3.5999999999999996
2019-06-12,3.5999999999999996
2019-06-13,4.32
2019-06-14,3.2399999999999998
2019-06-15,3.0
2019-06-16,4.68
2019-06-17,6.72
2019-06-18,7.68
2019-06-19,4.92
2019-06-20,4.2
2019-06-21,6.24
2019-06-22,12.0
2019-06-23,6.4799999999999995
2019-06-24,7.68
2019-06-25,7.4399999999999995
2019-06-26,11.76
2019-06-27,6.72
2019-06-28,5.64
2019-06-29,3.12
2019-06-30,4.2
2019-07-01,5.8100000000000005
2019-07-02,6.930000000000001
2019-07-03,5.390000000000001
2019-07-04,4.62
2019-07-05,4.0600000000000005
2019-07-06,3.1500000000000004
2019-07-07,4.130000000000001
2019-07-08,5.460000000000001
2019-07-09,5.74
2019-07-10,7.000000000000001
2019-07-11,6.930000000000001
2019-07-12,5.040000000000001
2019-07-13,4.130000000000001
2019-07-14,4.550000000000001
2019-07-15,6.580000000000001
2019-07-16,5.11
2019-07-17,4.83
2019-07-18,3.7800000000000002
2019-07-19,2.87
2019-07-20,4.130000000000001
2019-07-21,4.340000000000001
2019-07-22,4.130000000000001
2019-07-23,3.8500000000000005
2019-07-24,4.83
2019-07-25,2.31
2019-07-26,3.1500000000000004
2019-07-27,2.8000000000000003
2019-07-28,3.0100000000000002
2019-07-29,3.8500000000000005
2019-07-30,3.9200000000000004
2019-07-31,3.3600000000000003
2019-08-01,2.6999999999999997
2019-08-02,2.28
2019-08-03,4.4399999999999995
2019-08-04,4.08
2019-08-05,4.859999999999999
2019-08-06,4.4399999999999995
2019-08-07,2.6999999999999997
2019-08-08,3.3
2019-08-09,3.42
2019-08-10,3.12
2019-08-11,3.42
2019-08-12,3.36
2019-08-13,2.52
2019-08-14,3.96
2019-08-15,6.0
2019-08-16,3.96
2019-08-17,2.2199999999999998
2019-08-18,3.7199999999999998
2019-08-19,4.2
2019-08-20,3.36
2019-08-21,2.94
2019-08-22,4.38
2019-08-23,4.08
2019-08-24,2.4
2019-08-25,2.04
2019-08-26,2.82
2019-08-27,2.76
2019-08-28,2.76
2019-08-29,3.0
2019-08-30,2.94
2019-08-31,2.6999999999999997
2019-09-01,2.1
2019-09-02,2.04
2019-09-03,2.46
2019-09-04,1.92
2019-09-05,1.8599999999999999
2019-09-06,2.04
2019-09-07,2.58
2019-09-08,2.4
2019-09-09,1.92
2019-09-10,2.4
2019-09-11,2.46
2019-09-12,1.6199999999999999
2019-09-13,2.28
2019-09-14,1.8599999999999999
2019-09-15,1.98
2019-09-16,2.6999999999999997
2019-09-17,3.06
2019-09-18,6.0
2019-09-19,3.96
2019-09-20,2.76
2019-09-21,3.06
2019-09-22,1.26
2019-09-23,2.28
2019-09-24,2.6999999999999997
2019-09-25,2.6399999999999997
2019-09-26,3.42
2019-09-27,2.58
2019-09-28,2.76
2019-09-29,2.82
2019-09-30,3.0
2019-10-01,2.6399999999999997
2019-10-02,3.48
2019-10-03,1.74
2019-10-04,2.34
2019-10-05,2.6999999999999997
2019-10-06,1.74
2019-10-07,4.08
2019-10-08,3.2399999999999998
2019-10-09,2.82
2019-10-10,3.5999999999999996
2019-10-11,3.2399999999999998
2019-10-12,2.88
2019-10-13,2.76
2019-10-14,3.78
2019-10-15,3.96
2019-10-16,4.859999999999999
2019-10-17,3.3
2019-10-18,3.5999999999999996
2019-10-19,2.82
2019-10-20,2.6999999999999997
2019-10-21,2.58
2019-10-22,3.36
2019-10-23,3.1799999999999997
2019-10-24,3.06
2019-10-25,4.08
2019-10-26,6.0
2019-10-27,2.76
2019-10-28,3.78
2019-10-29,4.08
2019-10-30,4.26
2019-10-31,2.6399999999999997
2019-11-01,2.95
2019-11-02,2.45
2019-11-03,2.3000000000000003
2019-11-04,1.8
2019-11-05,5.0
2019-11-06,3.0500000000000003
2019-11-07,4.5
2019-11-08,3.35
2019-11-09,2.6500000000000004
2019-11-10,2.9000000000000004
2019-11-11,2.9000000000000004
2019-11-12,3.1
2019-11-13,2.45
2019-11-14,2.6
2019-11-15,1.75
2019-11-16,2.3000000000000003
2019-11-17,2.0500000000000003
2019-11-18,2.7
2019-11-19,2.45
2019-11-20,2.4000000000000004
2019-11-21,3.6
2019-11-22,2.9000000000000004
2019-11-23,3.25
2019-11-24,2.95
2019-11-25,2.85
2019-11-26,4.0
2019-11-27,2.5500000000000003
2019-11-28,2.5
2019-11-29,2.75
2019-11-30,2.25
2019-12-01,2.45
2019-12-02,2.25
2019-12-03,2.85
2019-12-04,2.35
2019-12-05,3.7
2019-12-06,2.0500000000000003
2019-12-07,1.55
2019-12-08,4.15
2019-12-09,2.5500000000000003
2019-12-10,2.6500000000000004
2019-12-11,2.35
2019-12-12,3.1
2019-12-13,1.4000000000000001
2019-12-14,2.6
2019-12-15,1.9500000000000002
2019-12-16,3.5500000000000003
2019-12-17,5.0
2019-12-18,4.9
2019-12-19,3.0
2019-12-20,4.4
2019-12-21,3.95
2019-12-22,2.95
2019-12-23,4.1000000000000005
2019-12-24,4.0
2019-12-25,1.7000000000000002
2019-12-26,4.05
2019-12-27,1.9000000000000001
2019-12-28,4.6000000000000005
2019-12-29,3.7
2019-12-30,4.4
2019-12-31,2.9000000000000004
2020-01-01,2.8000000000000003
2020-01-02,4.340000000000001
2020-01-03,2.5900000000000003
2020-01-04,1.8900000000000001
2020-01-05,2.9400000000000004
2020-01-06,4.9
2020-01-07,6.44
2020-01-08,4.62
2020-01-09,4.41
2020-01-10,2.7300000000000004
2020-01-11,3.3600000000000003
2020-01-12,2.66
2020-01-13,2.9400000000000004
2020-01-14,6.44
2020-01-15,6.090000000000001
2020-01-16,4.0600000000000005
2020-01-17,3.08
2020-01-18,5.32
2020-01-19,3.7800000000000002
2020-01-20,3.7100000000000004
2020-01-21,5.180000000000001
2020-01-22,3.22
2020-01-23,3.22
2020-01-24,3.2900000000000005
2020-01-25,2.66
2020-01-26,3.2900000000000005
2020-01-27,3.9200000000000004
2020-01-28,3.5000000000000004
2020-01-29,3.7800000000000002
2020-01-30,7.000000000000001
2020-01-31,4.62
2020-02-01,4.51
2020-02-02,4.07
2020-02-03,5.83
2020-02-04,5.17
2020-02-05,8.47
2020-02-06,8.47
2020-02-07,5.61
2020-02-08,5.94
2020-02-09,5.61
2020-02-10,5.5
2020-02-11,6.05
2020-02-12,8.8
2020-02-13,11.0
2020-02-14,8.91
2020-02-15,8.36
2020-02-16,6.93
2020-02-17,6.82
2020-02-18,6.16
2020-02-19,5.28
2020-02-20,5.61
2020-02-21,5.17
2020-02-22,4.18
2020-02-23,4.4
2020-02-24,5.39
2020-02-25,4.18
2020-02-26,4.18
2020-02-27,5.5
2020-02-28,5.06
2020-02-29,3.85
2020-03-01,2.64
2020-03-02,3.2
2020-03-03,3.2
2020-03-04,2.0
2020-03-05,2.48
2020-03-06,3.36
2020-03-07,2.72
2020-03-08,3.68
2020-03-09,4.08
2020-03-10,4.16
2020-03-11,2.8000000000000003
2020-03-12,6.8
2020-03-13,8.0
2020-03-14,4.24
2020-03-15,4.48
2020-03-16,6.5600000000000005
2020-03-17,5.04
2020-03-18,4.16
2020-03-19,6.08
2020-03-20,5.6000000000000005
2020-03-21,3.7600000000000002
2020-03-22,2.32
2020-03-23,3.92
2020-03-24,4.24
2020-03-25,3.6
2020-03-26,4.16
2020-03-27,5.2
2020-03-28,3.68
2020-03-29,2.24
2020-03-30,4.24
2020-03-31,3.04
2020-04-01,3.5000000000000004
2020-04-02,3.3600000000000003
2020-04-03,3.8500000000000005
2020-04-04,2.5200000000000005
2020-04-05,3.9200000000000004
2020-04-06,3.9200000000000004
2020-04-07,4.2
2020-04-08,4.0600000000000005
2020-04-09,4.340000000000001
2020-04-10,3.5000000000000004
2020-04-11,3.3600000000000003
2020-04-12,4.340000000000001
2020-04-13,3.99
2020-04-14,3.43
2020-04-15,2.5900000000000003
2020-04-16,4.340000000000001
2020-04-17,3.6400000000000006
2020-04-18,3.9200000000000004
2020-04-19,2.8000000000000003
2020-04-20,3.5700000000000003
2020-04-21,3.5000000000000004
2020-04-22,2.66
2020-04-23,3.99
2020-04-24,3.08
2020-04-25,3.08
2020-04-26,3.5700000000000003
2020-04-27,3.9200000000000004
2020-04-28,3.5700000000000003
2020-04-29,7.000000000000001
2020-04-30,6.720000000000001
2020-05-01,6.0200000000000005
2020-05-02,4.2
2020-05-03,6.510000000000001
2020-05-04,4.130000000000001
2020-05-05,6.090000000000001
2020-05-06,6.300000000000001
2020-05-07,5.6000000000000005
2020-05-08,7.000000000000001
2020-05-09,4.83
2020-05-10,5.250000000000001
2020-05-11,3.7800000000000002
2020-05-12,5.53
2020-05-13,5.390000000000001
2020-05-14,4.130000000000001
2020-05-15,4.69
2020-05-16,3.7800000000000002
2020-05-17,4.0600000000000005
2020-05-18,6.0200000000000005
2020-05-19,5.74
2020-05-20,4.0600000000000005
2020-05-21,3.99
2020-05-22,3.99
2020-05-23,4.340000000000001
2020-05-24,4.130000000000001
2020-05-25,3.99
2020-05-26,3.8500000000000005
2020-05-27,4.2
2020-05-28,3.43
2020-05-29,3.2900000000000005
2020-05-30,4.0600000000000005
2020-05-31,3.08
2020-06-01,4.9799999999999995
2020-06-02,5.1
2020-06-03,4.859999999999999
2020-06-04,4.56
2020-06-05,5.16
2020-06-06,3.96
2020-06-07,3.36
2020-06-08,4.38
2020-06-09,4.08
2020-06-10,4.38
2020-06-11,3.84
2020-06-12,4.8
2020-06-13,3.42
2020-06-14,4.26
2020-06-15,6.0
2020-06-16,3.84
2020-06-17,3.54
2020-06-18,4.14
2020-06-19,4.14
2020-06-20,3.36
2020-06-21,3.48
2020-06-22,4.5
2020-06-23,3.36
2020-06-24,3.54
2020-06-25,4.26
2020-06-26,5.1
2020-06-27,4.62
2020-06-28,3.42
2020-06-29,3.54
2020-06-30,3.96
2020-07-01,2.24
2020-07-02,2.48
2020-07-03,1.36
2020-07-04,2.0
2020-07-05,1.92
2020-07-06,2.96
2020-07-07,2.96
2020-07-08,4.64
2020-07-09,4.0
2020-07-10,3.7600000000000002
2020-07-11,3.2
2020-07-12,2.48
2020-07-13,3.68
2020-07-14,3.12
2020-07-15,2.56
2020-07-16,3.44
2020-07-17,3.52
2020-07-18,2.4
2020-07-19,1.92
2020-07-20,2.48
2020-07-21,3.92
2020-07-22,3.2800000000000002
2020-07-23,4.96
2020-07-24,3.7600000000000002
2020-07-25,4.32
2020-07-26,4.64
2020-07-27,7.28
2020-07-28,7.12
2020-07-29,8.0
2020-07-30,6.5600000000000005
2020-07-31,7.2
2020-08-01,14.549999999999999
2020-08-02,14.549999999999999
2020-08-03,15.0
2020-08-04,11.549999999999999
2020-08-05,10.95
2020-08-06,11.7
2020-08-07,8.7
2020-08-08,8.1
2020-08-09,7.6499999999999995
2020-08-10,7.199999999999999
2020-08-11,7.5
2020-08-12,6.3
2020-08-13,7.8
2020-08-14,8.4
2020-08-15,6.0
2020-08-16,8.25
2020-08-17,8.85
2020-08-18,10.2
2020-08-19,7.199999999999999
2020-08-20,6.3
2020-08-21,6.8999999999999995
2020-08-22,6.0
2020-08-23,4.2
2020-08-24,5.25
2020-08-25,4.8
2020-08-26,4.95
2020-08-27,5.1
2020-08-28,5.25
2020-08-29,3.5999999999999996
2020-08-30,4.5
2020-08-31,5.85
2020-09-01,7.84
2020-09-02,6.640000000000001
2020-09-03,8.0
2020-09-04,5.6000000000000005
2020-09-05,6.0
2020-09-06,4.88
2020-09-07,4.48
2020-09-08,5.44
2020-09-09,3.7600000000000002
2020-09-10,4.48
2020-09-11,4.0
2020-09-12,4.08
2020-09-13,4.32
2020-09-14,4.88
2020-09-15,4.72
2020-09-16,5.6000000000000005
2020-09-17,5.28
2020-09-18,4.0
2020-09-19,4.4
2020-09-20,3.68
2020-09-21,4.24
2020-09-22,4.24
2020-09-23,3.92
2020-09-24,4.64
2020-09-25,4.64
2020-09-26,3.84
2020-09-27,3.36
2020-09-28,4.96
2020-09-29,3.44
2020-09-30,2.96
2020-10-01,2.5900000000000003
2020-10-02,3.7100000000000004
2020-10-03,2.1700000000000004
2020-10-04,2.66
2020-10-05,4.340000000000001
2020-10-06,4.340000000000001
2020-10-07,3.22
2020-10-08,4.69
2020-10-09,4.130000000000001
2020-10-10,2.5900000000000003
2020-10-11,3.5000000000000004
2020-10-12,4.2
2020-10-13,2.87
2020-10-14,3.7800000000000002
2020-10-15,3.1500000000000004
2020-10-16,4.0600000000000005
2020-10-17,2.5900000000000003
2020-10-18,4.130000000000001
2020-10-19,3.99
2020-10-20,4.41
2020-10-21,7.000000000000001
2020-10-22,6.300000000000001
2020-10-23,5.180000000000001
2020-10-24,2.9400000000000004
2020-10-25,3.8500000000000005
2020-10-26,4.550000000000001
2020-10-27,5.390000000000001
2020-10-28,5.74
2020-10-29,3.6400000000000006
2020-10-30,3.08
2020-10-31,3.43
2020-11-01,1.28
2020-11-02,1.28
2020-11-03,1.6
2020-11-04,0.96
2020-11-05,1.6
2020-11-06,1.92
2020-11-07,2.56
2020-11-08,1.28
2020-11-09,2.56
2020-11-10,1.28
2020-11-11,2.24
2020-11-12,1.92
2020-11-13,1.92
2020-11-14,2.56
2020-11-15,2.56
2020-11-16,3.84
2020-11-17,5.76
2020-11-18,5.44
2020-11-19,4.16
2020-11-20,4.48
2020-11-21,13.76
2020-11-22,13.44
2020-11-23,16.0
2020-11-24,32.0
2020-11-25,17.28
2020-11-26,12.48
2020-11-27,9.28
2020-11-28,8.96
2020-11-29,8.32
2020-11-30,10.56
2020-12-01,27.6
2020-12-02,19.78
2020-12-03,22.540000000000003
2020-12-04,19.32
2020-12-05,15.64
2020-12-06,18.400000000000002
2020-12-07,20.7
2020-12-08,15.180000000000001
2020-12-09,18.400000000000002
2020-12-10,17.02
2020-12-11,15.180000000000001
2020-12-12,22.540000000000003
2020-12-13,14.26
2020-12-14,14.26
2020-12-15,15.180000000000001
2020-12-16,23.92
2020-12-17,33.120000000000005
2020-12-18,23.0
2020-12-19,21.16
2020-12-20,18.86
2020-12-21,19.78
2020-12-22,31.740000000000002
2020-12-23,46.0
2020-12-24,43.24
2020-12-25,31.740000000000002
2020-12-26,28.98
2020-12-27,26.68
2020-12-28,24.380000000000003
2020-12-29,38.64
2020-12-30,27.6
2020-12-31,23.92
2021-01-01,9.24
2021-01-02,11.55
2021-01-03,11.55
2021-01-04,12.21
2021-01-05,11.22
2021-01-06,11.22
2021-01-07,19.470000000000002
2021-01-08,14.190000000000001
2021-01-09,10.23
2021-01-10,9.9
2021-01-11,10.56
2021-01-12,8.91
2021-01-13,7.260000000000001
2021-01-14,9.24
2021-01-15,7.260000000000001
2021-01-16,5.61
2021-01-17,5.61
2021-01-18,6.6000000000000005
2021-01-19,7.92
2021-01-20,9.9
2021-01-21,8.91
2021-01-22,9.57
2021-01-23,5.94
2021-01-24,5.61
2021-01-25,6.6000000000000005
2021-01-26,6.2700000000000005
2021-01-27,6.2700000000000005
2021-01-28,6.6000000000000005
2021-01-29,11.55
2021-01-30,20.790000000000003
2021-01-31,33.0
2021-02-01,39.0
2021-02-02,15.600000000000001
2021-02-03,10.92
2021-02-04,10.14
2021-02-05,9.75
2021-02-06,8.58
2021-02-07,8.58
2021-02-08,10.14
2021-02-09,10.14
2021-02-10,10.14
2021-02-11,10.14
2021-02-12,12.48
2021-02-13,13.26
2021-02-14,10.92
2021-02-15,10.14
2021-02-16,9.36
2021-02-17,9.75
2021-02-18,8.97
2021-02-19,8.97
2021-02-20,10.14
2021-02-21,8.19
2021-02-22,10.92
2021-02-23,10.14
2021-02-24,7.800000000000001
2021-02-25,6.63
2021-02-26,6.24
2021-02-27,5.46
2021-02-28,6.24
2021-03-01,15.200000000000001
2021-03-02,14.8
2021-03-03,12.600000000000001
2021-03-04,12.8
2021-03-05,13.600000000000001
2021-03-06,13.4
2021-03-07,11.8
2021-03-08,15.200000000000001
2021-03-09,16.8
2021-03-10,13.200000000000001
2021-03-11,10.0
2021-03-12,10.4
2021-03-13,11.600000000000001
2021-03-14,11.4
2021-03-15,11.0
2021-03-16,9.200000000000001
2021-03-17,11.0
2021-03-18,12.600000000000001
2021-03-19,11.0
2021-03-20,14.8
2021-03-21,15.8
2021-03-22,20.0
2021-03-23,19.6
2021-03-24,11.600000000000001
2021-03-25,10.8
2021-03-26,14.0
2021-03-27,11.8
2021-03-28,10.600000000000001
2021-03-29,11.600000000000001
2021-03-30,13.600000000000001
2021-03-31,14.0
2021-04-01,9.88
2021-04-02,9.88
2021-04-03,12.92
2021-04-04,8.36
2021-04-05,38.0
2021-04-06,55.480000000000004
2021-04-07,39.52
2021-04-08,24.32
2021-04-09,29.64
2021-04-10,50.92
2021-04-11,54.72
2021-04-12,41.8
2021-04-13,76.0
2021-04-14,73.72
2021-04-15,50.92
2021-04-16,57.0
2021-04-17,39.52
2021-04-18,37.24
2021-04-19,38.0
2021-04-20,29.64
2021-04-21,28.88
2021-04-22,28.12
2021-04-23,28.12
2021-04-24,24.32
2021-04-25,18.240000000000002
2021-04-26,28.12
2021-04-27,31.16
2021-04-28,25.080000000000002
2021-04-29,25.84
2021-04-30,31.16
2021-05-01,37.62
2021-05-02,38.19
2021-05-03,46.169999999999995
2021-05-04,43.88999999999999
2021-05-05,51.87
2021-05-06,56.99999999999999
2021-05-07,47.879999999999995
2021-05-08,43.31999999999999
2021-05-09,46.739999999999995
2021-05-10,42.74999999999999
2021-05-11,38.19
2021-05-12,32.489999999999995
2021-05-13,44.459999999999994
2021-05-14,38.76
2021-05-15,33.059999999999995
2021-05-16,33.629999999999995
2021-05-17,35.91
2021-05-18,35.91
2021-05-19,49.589999999999996
2021-05-20,38.76
2021-05-21,37.62
2021-05-22,34.199999999999996
2021-05-23,36.48
2021-05-24,33.059999999999995
2021-05-25,33.629999999999995
2021-05-26,29.069999999999997
2021-05-27,28.499999999999996
2021-05-28,23.369999999999997
2021-05-29,20.52
2021-05-30,20.52
2021-05-31,24.509999999999998
2021-06-01,22.950000000000003
2021-06-02,27.0
2021-06-03,20.790000000000003
2021-06-04,19.71
2021-06-05,18.900000000000002
2021-06-06,15.66
2021-06-07,17.01
2021-06-08,21.330000000000002
2021-06-09,20.25
2021-06-10,14.31
2021-06-11,14.31
2021-06-12,13.23
2021-06-13,13.23
2021-06-14,17.01
2021-06-15,15.930000000000001
2021-06-16,14.31
2021-06-17,11.88
2021-06-18,11.610000000000001
2021-06-19,10.260000000000002
2021-06-20,13.770000000000001
2021-06-21,18.36
2021-06-22,19.17
2021-06-23,17.01
2021-06-24,16.200000000000003
2021-06-25,14.040000000000001
2021-06-26,14.31
2021-06-27,11.07
2021-06-28,12.420000000000002
2021-06-29,12.420000000000002
2021-06-30,12.96
2021-07-01,11.7
2021-07-02,9.15
2021-07-03,8.7
2021-07-04,10.049999999999999
2021-07-05,8.85
2021-07-06,10.95
2021-07-07,8.4
2021-07-08,10.049999999999999
2021-07-09,9.9
2021-07-10,7.949999999999999
2021-07-11,7.949999999999999
2021-07-12,12.299999999999999
2021-07-13,9.9
2021-07-14,10.65
2021-07-15,9.9
2021-07-16,9.9
2021-07-17,6.8999999999999995
2021-07-18,7.6499999999999995
2021-07-19,9.9
2021-07-20,10.65
2021-07-21,10.95
2021-07-22,9.75
2021-07-23,8.1
2021-07-24,7.6499999999999995
2021-07-25,8.1
2021-07-26,15.0
2021-07-27,10.95
2021-07-28,14.549999999999999
2021-07-29,14.7
2021-07-30,13.95
2021-07-31,13.35
2021-08-01,10.080000000000002
2021-08-02,10.64
2021-08-03,10.080000000000002
2021-08-04,9.8
2021-08-05,7.840000000000001
2021-08-06,8.120000000000001
2021-08-07,10.080000000000002
2021-08-08,11.760000000000002
2021-08-09,12.88
2021-08-10,12.600000000000001
2021-08-11,24.64
2021-08-12,20.720000000000002
2021-08-13,18.200000000000003
2021-08-14,28.000000000000004
2021-08-15,27.720000000000002
2021-08-16,24.64
2021-08-17,16.240000000000002
2021-08-18,13.72
2021-08-19,15.120000000000001
2021-08-20,15.680000000000001
2021-08-21,13.72
2021-08-22,13.440000000000001
2021-08-23,19.6
2021-08-24,17.080000000000002
2021-08-25,15.400000000000002
2021-08-26,13.160000000000002
2021-08-27,12.600000000000001
2021-08-28,10.64
2021-08-29,12.040000000000001
2021-08-30,12.600000000000001
2021-08-31,13.440000000000001
2021-09-01,19.68
2021-09-02,18.24
2021-09-03,17.52
2021-09-04,17.759999999999998
2021-09-05,13.44
2021-09-06,23.279999999999998
2021-09-07,24.0
2021-09-08,20.16
2021-09-09,20.64
2021-09-10,15.6
2021-09-11,15.6
2021-09-12,11.52
2021-09-13,15.6
2021-09-14,10.559999999999999
2021-09-15,13.68
2021-09-16,14.16
2021-09-17,12.0
2021-09-18,9.6
2021-09-19,9.6
2021-09-20,17.04
2021-09-21,15.6
2021-09-22,13.92
2021-09-23,11.28
2021-09-24,13.92
2021-09-25,11.76
2021-09-26,9.84
2021-09-27,11.52
2021-09-28,13.2
2021-09-29,9.84
2021-09-30,11.52
2021-10-01,17.43
2021-10-02,13.65
2021-10-03,12.809999999999999
2021-10-04,14.91
2021-10-05,15.54
2021-10-06,17.43
2021-10-07,17.43
2021-10-08,14.49
2021-10-09,17.849999999999998
2021-10-10,20.16
2021-10-11,17.849999999999998
2021-10-12,15.33
2021-10-13,13.65
2021-10-14,15.75
2021-10-15,18.27
2021-10-16,15.33
2021-10-17,10.92
2021-10-18,17.009999999999998
2021-10-19,17.64
2021-10-20,21.0
2021-10-21,18.9
2021-10-22,15.959999999999999
2021-10-23,13.86
2021-10-24,11.76
2021-10-25,12.809999999999999
2021-10-26,18.48
2021-10-27,18.48
2021-10-28,20.58
2021-10-29,15.75
2021-10-30,16.59
2021-10-31,14.7
2021-11-01,14.040000000000001
2021-11-02,16.900000000000002
2021-11-03,22.36
2021-11-04,22.36
2021-11-05,15.860000000000001
2021-11-06,14.82
2021-11-07,17.42
2021-11-08,25.48
2021-11-09,26.0
2021-11-10,22.36
2021-11-11,20.28
2021-11-12,19.240000000000002
2021-11-13,14.56
2021-11-14,11.440000000000001
2021-11-15,13.780000000000001
2021-11-16,16.38
2021-11-17,15.860000000000001
2021-11-18,14.82
2021-11-19,11.700000000000001
2021-11-20,12.48
2021-11-21,10.92
2021-11-22,13.780000000000001
2021-11-23,12.48
2021-11-24,11.440000000000001
2021-11-25,11.18
2021-11-26,16.12
2021-11-27,12.74
2021-11-28,11.18
2021-11-29,14.82
2021-11-30,17.16
2021-12-01,6.9
2021-12-02,6.44
2021-12-03,5.98
2021-12-04,8.74
2021-12-05,6.9
2021-12-06,7.82
2021-12-07,6.9
2021-12-08,5.98
2021-12-09,8.280000000000001
2021-12-10,5.75
2021-12-11,5.75
2021-12-12,5.98
2021-12-13,6.67
2021-12-14,23.0
2021-12-15,16.79
2021-12-16,7.590000000000001
2021-12-17,6.67
2021-12-18,4.83
2021-12-19,4.6000000000000005
2021-12-20,6.21
2021-12-21,8.05
2021-12-22,7.36
2021-12-23,8.51
2021-12-24,8.97
2021-12-25,7.36
2021-12-26,6.9
2021-12-27,6.67
2021-12-28,7.36
2021-12-29,5.98
2021-12-30,6.21
2021-12-31,5.29
2022-01-01,6.0200000000000005
2022-01-02,5.74
2022-01-03,7.280000000000001
2022-01-04,10.22
2022-01-05,7.98
2022-01-06,9.520000000000001
2022-01-07,7.280000000000001
2022-01-08,7.420000000000001
2022-01-09,5.040000000000001
2022-01-10,6.44
2022-01-11,6.44
2022-01-12,6.300000000000001
2022-01-13,9.520000000000001
2022-01-14,6.86
2022-01-15,5.74
2022-01-16,4.62
2022-01-17,5.460000000000001
2022-01-18,5.6000000000000005
2022-01-19,4.62
2022-01-20,5.32
2022-01-21,10.64
2022-01-22,9.100000000000001
2022-01-23,6.44
2022-01-24,14.000000000000002
2022-01-25,8.540000000000001
2022-01-26,7.700000000000001
2022-01-27,5.880000000000001
2022-01-28,5.32
2022-01-29,4.48
2022-01-30,5.180000000000001
2022-01-31,5.74
2022-02-01,6.72
2022-02-02,5.92
2022-02-03,6.72
2022-02-04,5.92
2022-02-05,6.4
2022-02-06,5.28
2022-02-07,12.32
2022-02-08,16.0
2022-02-09,13.280000000000001
2022-02-10,12.8
2022-02-11,10.24
2022-02-12,7.68
2022-02-13,6.5600000000000005
2022-02-14,8.48
2022-02-15,8.48
2022-02-16,8.16
2022-02-17,7.84
2022-02-18,8.16
2022-02-19,9.120000000000001
2022-02-20,10.4
2022-02-21,8.32
2022-02-22,9.44
2022-02-23,8.16
2022-02-24,10.08
2022-02-25,9.28
2022-02-26,6.4
2022-02-27,8.16
2022-02-28,9.120000000000001
2022-03-01,13.92
2022-03-02,11.200000000000001
2022-03-03,11.200000000000001
2022-03-04,13.280000000000001
2022-03-05,9.28
2022-03-06,9.76
2022-03-07,12.64
2022-03-08,10.24
2022-03-09,13.120000000000001
2022-03-10,12.64
2022-03-11,13.280000000000001
2022-03-12,16.0
2022-03-13,14.4
2022-03-14,13.76
2022-03-15,13.6
2022-03-16,12.0
2022-03-17,10.56
2022-03-18,11.040000000000001
2022-03-19,10.4
2022-03-20,9.92
2022-03-21,15.200000000000001
2022-03-22,15.36
2022-03-23,14.88
2022-03-24,14.4
2022-03-25,10.56
2022-03-26,10.88
2022-03-27,11.200000000000001
2022-03-28,14.24
2022-03-29,10.4
2022-03-30,11.52
2022-03-31,10.08
2022-04-01,14.000000000000002
2022-04-02,11.760000000000002
2022-04-03,9.8
2022-04-04,12.180000000000001
2022-04-05,11.9
2022-04-06,11.340000000000002
2022-04-07,10.64
2022-04-08,8.82
2022-04-09,9.38
2022-04-10,8.96
2022-04-11,11.06
2022-04-12,11.340000000000002
2022-04-13,13.580000000000002
2022-04-14,12.040000000000001
2022-04-15,13.72
2022-04-16,11.340000000000002
2022-04-17,8.680000000000001
2022-04-18,11.620000000000001
2022-04-19,11.06
2022-04-20,9.66
2022-04-21,9.520000000000001
2022-04-22,10.22
2022-04-23,8.82
2022-04-24,9.8
2022-04-25,10.22
2022-04-26,9.38
2022-04-27,8.540000000000001
2022-04-28,10.64
2022-04-29,10.64
2022-04-30,9.24
2022-05-01,5.1
2022-05-02,5.85
2022-05-03,6.45
2022-05-04,5.7
2022-05-05,6.75
2022-05-06,4.95
2022-05-07,4.6499999999999995
2022-05-08,4.95
2022-05-09,8.549999999999999
2022-05-10,10.5
2022-05-11,12.299999999999999
2022-05-12,15.0
2022-05-13,13.2
2022-05-14,8.549999999999999
2022-05-15,7.6499999999999995
2022-05-16,7.05
2022-05-17,7.949999999999999
2022-05-18,8.1
2022-05-19,8.85
2022-05-20,6.6
2022-05-21,6.45
2022-05-22,6.3
2022-05-23,6.75
2022-05-24,5.85
2022-05-25,5.85
2022-05-26,6.1499999999999995
2022-05-27,6.45
2022-05-28,4.95
2022-05-29,4.2
2022-05-30,4.5
2022-05-31,8.25
2022-06-01,7.28
2022-06-02,6.890000000000001
2022-06-03,5.07
2022-06-04,5.59
2022-06-05,5.720000000000001
2022-06-06,7.15
2022-06-07,5.98
2022-06-08,5.8500000000000005
2022-06-09,5.59
2022-06-10,6.890000000000001
2022-06-11,5.59
2022-06-12,8.32
2022-06-13,13.0
2022-06-14,12.09
2022-06-15,10.01
2022-06-16,8.71
2022-06-17,7.800000000000001
2022-06-18,9.1
2022-06-19,9.620000000000001
2022-06-20,8.71
2022-06-21,8.71
2022-06-22,7.930000000000001
2022-06-23,6.890000000000001
2022-06-24,10.14
2022-06-25,6.37
2022-06-26,5.98
2022-06-27,6.890000000000001
2022-06-28,5.59
2022-06-29,6.11
2022-06-30,7.54
2022-07-01,7.5
2022-07-02,7.2
2022-07-03,5.4
2022-07-04,6.800000000000001
2022-07-05,6.1000000000000005
2022-07-06,7.0
2022-07-07,8.9
2022-07-08,8.3
2022-07-09,6.6000000000000005
2022-07-10,6.9
2022-07-11,7.4
2022-07-12,6.6000000000000005
2022-07-13,7.0
2022-07-14,9.1
2022-07-15,7.5
2022-07-16,7.1000000000000005
2022-07-17,7.1000000000000005
2022-07-18,7.800000000000001
2022-07-19,10.0
2022-07-20,9.200000000000001
2022-07-21,5.5
2022-07-22,5.800000000000001
2022-07-23,4.7
2022-07-24,2.9000000000000004
2022-07-25,6.9
2022-07-26,6.5
2022-07-27,8.1
2022-07-28,7.300000000000001
2022-07-29,6.2
2022-07-30,7.0
2022-07-31,6.9
2022-08-01,8.0
2022-08-02,4.16
2022-08-03,4.88
2022-08-04,4.08
2022-08-05,6.72
2022-08-06,4.32
2022-08-07,3.36
2022-08-08,6.8
2022-08-09,4.88
2022-08-10,5.6000000000000005
2022-08-11,4.72
2022-08-12,4.24
2022-08-13,3.7600000000000002
2022-08-14,4.96
2022-08-15,4.64
2022-08-16,5.6000000000000005
2022-08-17,5.04
2022-08-18,3.7600000000000002
2022-08-19,5.84
2022-08-20,3.6
2022-08-21,4.4
2022-08-22,4.64
2022-08-23,3.7600000000000002
2022-08-24,4.72
2022-08-25,4.08
2022-08-26,4.88
2022-08-27,4.24
2022-08-28,5.12
2022-08-29,4.72
2022-08-30,4.88
2022-08-31,4.72
2022-09-01,2.8600000000000003
2022-09-02,2.08
2022-09-03,1.9500000000000002
2022-09-04,3.25
2022-09-05,2.08
2022-09-06,3.25
2022-09-07,2.99
2022-09-08,2.8600000000000003
2022-09-09,3.12
2022-09-10,2.21
2022-09-11,2.73
2022-09-12,2.73
2022-09-13,2.6
2022-09-14,2.73
2022-09-15,3.12
2022-09-16,2.99
2022-09-17,3.9000000000000004
2022-09-18,4.55
2022-09-19,5.33
2022-09-20,6.63
2022-09-21,6.11
2022-09-22,8.19
2022-09-23,13.0
2022-09-24,9.1
2022-09-25,6.24
2022-09-26,7.0200000000000005
2022-09-27,6.11
2022-09-28,5.07
2022-09-29,6.5
2022-09-30,7.67
2022-10-01,11.57
2022-10-02,9.23
2022-10-03,11.31
2022-10-04,10.01
2022-10-05,13.0
2022-10-06,11.96
2022-10-07,9.88
2022-10-08,10.27
2022-10-09,11.18
2022-10-10,12.35
2022-10-11,12.48
2022-10-12,11.18
2022-10-13,9.88
2022-10-14,10.01
2022-10-15,8.06
2022-10-16,6.63
2022-10-17,7.0200000000000005
2022-10-18,8.71
2022-10-19,9.1
2022-10-20,7.800000000000001
2022-10-21,8.19
2022-10-22,8.19
2022-10-23,5.720000000000001
2022-10-24,7.930000000000001
2022-10-25,6.890000000000001
2022-10-26,8.97
2022-10-27,8.32
2022-10-28,7.28
2022-10-29,7.0200000000000005
2022-10-30,7.15
2022-10-31,7.800000000000001
2022-11-01,8.549999999999999
2022-11-02,6.45
2022-11-03,10.35
2022-11-04,12.75
2022-11-05,10.799999999999999
2022-11-06,8.549999999999999
2022-11-07,8.549999999999999
2022-11-08,10.799999999999999
2022-11-09,13.799999999999999
2022-11-10,15.0
2022-11-11,11.7
2022-11-12,9.75
2022-11-13,10.35
2022-11-14,12.15
2022-11-15,13.2
2022-11-16,12.9
2022-11-17,11.25
2022-11-18,11.549999999999999
2022-11-19,8.85
2022-11-20,8.549999999999999
2022-11-21,9.75
2022-11-22,8.4
2022-11-23,9.45
2022-11-24,10.799999999999999
2022-11-25,9.0
2022-11-26,10.2
2022-11-27,8.85
2022-11-28,10.2
2022-11-29,9.15
2022-11-30,11.1
2022-12-01,7.109999999999999
2022-12-02,8.01
2022-12-03,7.38
2022-12-04,7.739999999999999
2022-12-05,8.1
2022-12-06,8.37
2022-12-07,6.39
2022-12-08,8.01
2022-12-09,7.56
2022-12-10,6.39
2022-12-11,6.39
2022-12-12,6.84
2022-12-13,8.37
2022-12-14,5.9399999999999995
2022-12-15,8.01
2022-12-16,8.1
2022-12-17,7.02
2022-12-18,7.83
2022-12-19,8.37
2022-12-20,8.37
2022-12-21,9.0
2022-12-22,7.47
2022-12-23,7.83
2022-12-24,6.029999999999999
2022-12-25,5.3999999999999995
2022-12-26,7.109999999999999
2022-12-27,8.19
2022-12-28,8.73
2022-12-29,7.199999999999999
2022-12-30,7.109999999999999
2022-12-31,7.47
2023-01-01,6.63
2023-01-02,8.58
2023-01-03,5.46
2023-01-04,7.41
2023-01-05,7.41
2023-01-06,8.06
2023-01-07,6.76
2023-01-08,5.33
2023-01-09,9.1
2023-01-10,8.06
2023-01-11,8.71
2023-01-12,9.23
2023-01-13,8.84
2023-01-14,8.71
2023-01-15,7.15
2023-01-16,10.790000000000001
2023-01-17,9.75
2023-01-18,9.88
2023-01-19,8.71
2023-01-20,10.27
2023-01-21,11.05
2023-01-22,10.4
2023-01-23,12.35
2023-01-24,13.0
2023-01-25,10.66
2023-01-26,11.18
2023-01-27,8.84
2023-01-28,9.49
2023-01-29,8.84
2023-01-30,10.790000000000001
2023-01-31,10.66
2023-02-01,9.0
2023-02-02,8.37
2023-02-03,7.47
2023-02-04,6.4799999999999995
2023-02-05,5.67
2023-02-06,6.75
2023-02-07,7.29
2023-02-08,6.21
2023-02-09,5.13
2023-02-10,5.85
2023-02-11,4.41
2023-02-12,3.5999999999999996
2023-02-13,6.3
2023-02-14,5.76
2023-02-15,7.6499999999999995
2023-02-16,6.93
2023-02-17,7.29
2023-02-18,4.41
2023-02-19,3.69
2023-02-20,5.85
2023-02-21,6.4799999999999995
2023-02-22,6.21
2023-02-23,6.12
2023-02-24,4.68
2023-02-25,4.77
2023-02-26,4.59
2023-02-27,5.04
2023-02-28,6.029999999999999
2023-03-01,3.3
2023-03-02,3.3
2023-03-03,2.86
2023-03-04,2.86
2023-03-05,3.3
2023-03-06,3.08
2023-03-07,4.18
2023-03-08,4.84
2023-03-09,4.62
2023-03-10,4.84
2023-03-11,5.5
2023-03-12,4.4
2023-03-13,5.94
2023-03-14,6.16
2023-03-15,5.72
2023-03-16,5.06
2023-03-17,5.5
2023-03-18,5.5
2023-03-19,5.5
2023-03-20,6.16
2023-03-21,14.74
2023-03-22,16.72
2023-03-23,10.56
2023-03-24,7.92
2023-03-25,8.8
2023-03-26,9.46
2023-03-27,11.22
2023-03-28,17.6
2023-03-29,22.0
2023-03-30,18.04
2023-03-31,16.06
2023-04-01,20.68
2023-04-02,21.12
2023-04-03,18.7
2023-04-04,22.0
2023-04-05,17.82
2023-04-06,16.94
2023-04-07,16.5
2023-04-08,12.540000000000001
2023-04-09,10.56
2023-04-10,15.4
2023-04-11,18.92
2023-04-12,16.28
2023-04-13,15.18
2023-04-14,20.46
2023-04-15,13.86
2023-04-16,13.64
2023-04-17,14.08
2023-04-18,15.62
2023-04-19,16.28
2023-04-20,14.96
2023-04-21,12.76
2023-04-22,9.02
2023-04-23,10.12
2023-04-24,11.0
2023-04-25,11.22
2023-04-26,15.4
2023-04-27,14.3
2023-04-28,9.9
2023-04-29,10.56
2023-04-30,12.1
2023-05-01,7.8
2023-05-02,8.25
2023-05-03,7.8
2023-05-04,7.5
2023-05-05,6.45
2023-05-06,6.8999999999999995
2023-05-07,6.0
2023-05-08,8.1
2023-05-09,8.1
2023-05-10,6.0
2023-05-11,6.3
2023-05-12,6.6
2023-05-13,6.3
2023-05-14,7.05
2023-05-15,6.8999999999999995
2023-05-16,6.3
2023-05-17,10.95
2023-05-18,9.9
2023-05-19,8.7
2023-05-20,7.949999999999999
2023-05-21,6.8999999999999995
2023-05-22,7.8
2023-05-23,6.75
2023-05-24,7.5
2023-05-25,7.35
2023-05-26,7.05
2023-05-27,7.05
2023-05-28,7.199999999999999
2023-05-29,7.949999999999999
2023-05-30,14.549999999999999
2023-05-31,15.0
2023-06-01,14.75
2023-06-02,14.0
2023-06-03,13.5
2023-06-04,15.75
2023-06-05,16.75
2023-06-06,15.75
2023-06-07,15.5
2023-06-08,13.5
2023-06-09,19.25
2023-06-10,16.5
2023-06-11,14.25
2023-06-12,17.0
2023-06-13,25.0
2023-06-14,19.0
2023-06-15,17.25
2023-06-16,15.25
2023-06-17,11.5
2023-06-18,13.0
2023-06-19,14.0
2023-06-20,15.0
2023-06-21,16.0
2023-06-22,14.0
2023-06-23,15.5
2023-06-24,12.0
2023-06-25,11.0
2023-06-26,11.75
2023-06-27,11.75
2023-06-28,12.5
2023-06-29,10.5
2023-06-30,12.75
2023-07-01,4.5600000000000005
2023-07-02,3.8
2023-07-03,4.5600000000000005
2023-07-04,3.8
2023-07-05,6.08
2023-07-06,5.32
2023-07-07,4.5600000000000005
2023-07-08,3.8
2023-07-09,3.8
2023-07-10,4.5600000000000005
2023-07-11,4.5600000000000005
2023-07-12,4.5600000000000005
2023-07-13,76.0
2023-07-14,71.44
2023-07-15,29.64
2023-07-16,25.84
2023-07-17,25.080000000000002
2023-07-18,25.080000000000002
2023-07-19,35.72
2023-07-20,30.4
2023-07-21,24.32
2023-07-22,17.48
2023-07-23,15.2
2023-07-24,17.48
2023-07-25,16.72
2023-07-26,14.44
2023-07-27,12.92
2023-07-28,12.16
2023-07-29,9.88
2023-07-30,9.88
2023-07-31,14.44
2023-08-01,33.599999999999994
2023-08-02,31.499999999999996
2023-08-03,35.0
2023-08-04,25.2
2023-08-05,23.799999999999997
2023-08-06,20.65
2023-08-07,23.799999999999997
2023-08-08,25.2
2023-08-09,25.2
2023-08-10,27.65
2023-08-11,30.799999999999997
2023-08-12,25.2
2023-08-13,20.65
2023-08-14,23.45
2023-08-15,23.099999999999998
2023-08-16,23.099999999999998
2023-08-17,24.849999999999998
2023-08-18,29.049999999999997
2023-08-19,22.75
2023-08-20,18.549999999999997
2023-08-21,21.349999999999998
2023-08-22,18.9
2023-08-23,22.75
2023-08-24,19.25
2023-08-25,17.5
2023-08-26,15.399999999999999
2023-08-27,16.099999999999998
2023-08-28,16.099999999999998
2023-08-29,20.65
2023-08-30,22.049999999999997
2023-08-31,18.2
2023-09-01,18.04
2023-09-02,12.76
2023-09-03,13.86
2023-09-04,15.18
2023-09-05,18.48
2023-09-06,19.36
2023-09-07,14.96
2023-09-08,15.4
2023-09-09,12.1
2023-09-10,13.2
2023-09-11,14.3
2023-09-12,18.48
2023-09-13,15.84
2023-09-14,17.16
2023-09-15,16.06
2023-09-16,12.98
2023-09-17,12.540000000000001
2023-09-18,13.86
2023-09-19,18.92
2023-09-20,16.28
2023-09-21,17.16
2023-09-22,16.28
2023-09-23,13.42
2023-09-24,12.540000000000001
2023-09-25,15.4
2023-09-26,14.52
2023-09-27,14.96
2023-09-28,15.18
2023-09-29,22.0
2023-09-30,16.94
2023-10-01,12.21
2023-10-02,16.830000000000002
2023-10-03,13.860000000000001
2023-10-04,22.44
2023-10-05,16.5
2023-10-06,12.540000000000001
2023-10-07,11.22
2023-10-08,12.540000000000001
2023-10-09,14.520000000000001
2023-10-10,13.860000000000001
2023-10-11,13.530000000000001
2023-10-12,12.540000000000001
2023-10-13,12.540000000000001
2023-10-14,10.89
2023-10-15,12.21
2023-10-16,14.850000000000001
2023-10-17,11.55
2023-10-18,13.200000000000001
2023-10-19,17.490000000000002
2023-10-20,27.720000000000002
2023-10-21,16.5
2023-10-22,15.510000000000002
2023-10-23,22.77
2023-10-24,33.0
2023-10-25,25.41
2023-10-26,23.43
2023-10-27,19.470000000000002
2023-10-28,14.520000000000001
2023-10-29,15.180000000000001
2023-10-30,22.44
2023-10-31,30.69
2023-11-01,28.560000000000002
2023-11-02,26.52
2023-11-03,24.48
2023-11-04,16.830000000000002
2023-11-05,27.03
2023-11-06,51.0
2023-11-07,39.27
2023-11-08,34.17
2023-11-09,35.19
2023-11-10,28.560000000000002
2023-11-11,24.48
2023-11-12,20.4
2023-11-13,27.54
2023-11-14,28.560000000000002
2023-11-15,25.5
2023-11-16,20.4
2023-11-17,20.4
2023-11-18,16.830000000000002
2023-11-19,17.34
2023-11-20,21.42
2023-11-21,18.87
2023-11-22,18.87
2023-11-23,16.830000000000002
2023-11-24,19.89
2023-11-25,14.280000000000001
2023-11-26,16.830000000000002
2023-11-27,16.830000000000002
2023-11-28,17.34
2023-11-29,15.81
2023-11-30,14.790000000000001
2023-12-01,27.009999999999998
2023-12-02,20.72
2023-12-03,22.2
2023-12-04,36.26
2023-12-05,31.08
2023-12-06,30.71
2023-12-07,31.08
2023-12-08,35.519999999999996
2023-12-09,37.0
2023-12-10,28.49
2023-12-11,31.08
2023-12-12,25.9
2023-12-13,31.08
2023-12-14,28.86
2023-12-15,24.419999999999998
2023-12-16,21.46
2023-12-17,18.5
2023-12-18,22.2
2023-12-19,26.27
2023-12-20,24.419999999999998
2023-12-21,24.05
2023-12-22,27.009999999999998
2023-12-23,25.16
2023-12-24,19.24
2023-12-25,27.38
2023-12-26,26.64
2023-12-27,29.97
2023-12-28,31.45
2023-12-29,25.16
2023-12-30,23.31
2023-12-31,22.2
