Date,Price,Volume,Market_cap
26-02-2024,109.81992395,1676443518.297432,48452772026.350586
25-02-2024,103.4200212,620236898.075627,45616618052.49093
24-02-2024,104.16593429,771214983.842114,45945785321.32139
23-02-2024,100.09358653,1023765368.233585,44137304987.681595
22-02-2024,102.07145938,1283809998.0069,45009634129.782814
21-02-2024,105.06141169,1501141531.23564,46315115440.701126
20-02-2024,108.64029884,1753046943.629641,47893072230.0546
19-02-2024,111.5353375,1229379797.942832,49155779005.271904
18-02-2024,112.22642543,963946295.049537,49460565607.516014
17-02-2024,109.14745259,873439646.780959,48090258431.013664
16-02-2024,110.60318729,1258005395.050102,48720658245.62397
15-02-2024,113.68533011,1715411108.135313,50080562488.11554
14-02-2024,117.20063634,1686918698.118952,51266828884.5706
13-02-2024,112.56435433,1865702460.523933,49239119506.69413
12-02-2024,111.89883542,2002664333.886304,48934345622.980125
11-02-2024,107.44482054,907584916.583786,46986875968.01003
10-02-2024,109.03240958,1251059946.312986,47649320489.88893
09-02-2024,107.07432529,2020045984.954933,46793751482.943184
08-02-2024,102.84388053,1603295020.866206,44928690801.72307
07-02-2024,100.97639645,1239084961.623714,44113464443.91496
06-02-2024,96.90024042,1195611206.92907,42268443476.82383
05-02-2024,95.56472592,1138835020.520345,41686132182.515945
04-02-2024,95.36906294,900647010.695413,41589429980.34973
03-02-2024,97.87479832,938437612.708735,42682443680.98633
02-02-2024,100.39923353,1771044716.464801,43771359107.4618
01-02-2024,97.83687549,2166762996.55848,42654604883.46274
31-01-2024,96.90197719,2721792079.972305,42223224603.092926
30-01-2024,101.4424206,1180628309.665879,44177569578.17166
29-01-2024,101.57103296,1834227597.880385,44233925351.89304
28-01-2024,96.06552865,1677351203.873847,41632740766.221214
27-01-2024,94.17479212,860986729.492379,40813756338.634766
26-01-2024,92.33313289,1414895715.578225,40004375739.20338
25-01-2024,86.93805815,1156116424.097009,37666471269.8642
24-01-2024,88.76503996,1525612998.695198,38447380027.96951
23-01-2024,83.84977324,2012339328.43183,36319039428.07224
22-01-2024,83.45469145,1800878595.604478,36137916832.87126
21-01-2024,91.01823874,590499627.353575,39413371856.10504
20-01-2024,92.64978725,787625466.004059,40108914977.037766
19-01-2024,93.38700196,1826223821.416804,40428350552.57052
18-01-2024,94.2274093,1805215665.072193,40780787433.84316
17-01-2024,101.90635721,2245610272.91339,44105785486.44171
16-01-2024,97.65380547,1147301870.827489,41251270849.79912
15-01-2024,94.47047863,1085470566.139293,39906558503.35339
14-01-2024,94.36934669,1629146832.79858,39863837989.41583
13-01-2024,95.67680355,1233896472.495723,40416138604.43538
12-01-2024,91.61370406,1731927471.357477,38699789540.21141
11-01-2024,99.92381534,2538556681.444497,42210176562.574425
10-01-2024,102.147469,2802744687.590952,43149500320.05255
09-01-2024,99.20341196,2934972663.81689,41905861181.160446
08-01-2024,97.66269812,2801800287.612991,41255027312.21796
07-01-2024,89.24231898,1376166218.819589,37698060549.30387
06-01-2024,93.7893265,1473573679.459022,39618823778.05284
05-01-2024,99.94142043,2058765504.587332,42217613366.58932
04-01-2024,105.14691644,2231060665.287703,44416537665.479256
03-01-2024,98.60245504,3663964925.978109,41652002801.7513
02-01-2024,106.76440569,2474063981.459399,45099803276.59291
01-01-2024,109.48759371,1240886129.533764,46250142129.836296
31-12-2023,101.38149918,1031787207.655892,42825936599.721405
30-12-2023,101.77510745,1141720487.500211,42992206016.260666
29-12-2023,106.26006914,2834742947.608372,44886759625.7658
28-12-2023,101.99352515,2865497157.803844,43084470804.412544
27-12-2023,107.03210458,2578530796.701794,45212885603.52962
26-12-2023,113.10497586,4101517502.573996,47778209675.73809
25-12-2023,120.93758243,3851230446.353968,51086887442.87189
24-12-2023,112.64213214,4101461109.077923,47582693570.744995
23-12-2023,108.09227368,2635165712.793861,45660726037.316734
22-12-2023,98.07625857,3207673390.084356,41429725003.89397
21-12-2023,93.90169545,2945656588.907612,39666291071.990685
20-12-2023,82.16988724,2598464193.381755,34710498558.18796
19-12-2023,72.75198314,1247707822.408059,30732153720.57299
18-12-2023,74.35797767,1540401660.380501,31410563693.43985
17-12-2023,71.10782207,926074839.888503,30037621304.01885
16-12-2023,73.43650535,1167600114.826882,31021312051.959915
15-12-2023,72.62719904,1683844515.870707,30679441975.914253
14-12-2023,75.64394955,1757929053.050567,31953788549.795456
13-12-2023,70.82208015,1638034038.005492,29916917177.79842
12-12-2023,68.55439373,1529229154.103188,28958992945.453373
11-12-2023,70.33403806,2475585401.347161,29710756685.317886
10-12-2023,74.37967926,1315714367.601624,31419730956.39672
09-12-2023,72.23159764,1927830050.131479,30512330612.593426
08-12-2023,74.94568514,2369127087.371797,31658825190.80024
07-12-2023,67.83410181,2203222743.440842,28654724647.436462
06-12-2023,62.09139378,2097585305.590499,26228869318.431564
05-12-2023,60.92899342,1179266783.930034,25737843988.025925
04-12-2023,61.55995417,1519748869.196701,26004376692.943127
03-12-2023,63.04717823,950427529.135289,26632615217.088665
02-12-2023,63.49913518,943053744.224508,26823532490.96128
01-12-2023,59.78791102,883017627.183332,25255823868.618965
30-11-2023,59.24721456,824184517.964665,25027420929.271526
29-11-2023,59.18621886,1320209803.64583,25001654907.515965
28-11-2023,58.19547729,982070688.15402,24583142299.377487
27-11-2023,55.03944716,767225396.530736,23249960729.42156
26-11-2023,57.64522901,557538855.745443,24350704447.837498
25-11-2023,58.79041252,773271308.504846,24834456970.752857
24-11-2023,56.83001926,729049351.027177,24006340619.360943
23-11-2023,56.57683969,812718915.161724,23899391597.73129
22-11-2023,57.5767828,1296021152.613642,24321791152.53008
21-11-2023,52.12893537,1613177412.949516,22020491896.965813
20-11-2023,56.45225339,1256992281.267207,23846763404.442047
19-11-2023,61.50189678,1242633472.536907,25979851882.01427
18-11-2023,58.54165712,1294654263.939775,24729376823.365444
17-11-2023,58.58082452,2219010510.729254,24745922058.228046
16-11-2023,57.79025651,2443865786.36563,24411967483.47856
15-11-2023,65.6159842,2607857137.446235,27717739450.6633
14-11-2023,56.82121438,2105480904.137012,24001076589.055683
13-11-2023,51.68552405,1542087769.457321,21826162797.679848
12-11-2023,56.34654841,1882164224.122161,23787559653.339096
11-11-2023,56.14639481,2559489666.186947,23646969601.50262
10-11-2023,56.70819729,2642849382.528485,23867156374.10411
09-11-2023,45.33645341,1862740858.985799,19087443770.23724
08-11-2023,43.15994031,680644442.832218,18166025597.486458
07-11-2023,42.99856838,1239161593.359954,18098148135.66765
06-11-2023,42.14925415,689724642.022016,17706418844.80146
05-11-2023,41.20292008,558317099.172314,17308916779.70922
04-11-2023,42.43688629,951765220.660502,17822119749.634846
03-11-2023,39.47828888,1168452348.198738,16579643334.561022
02-11-2023,40.23581172,1676462653.537708,16877362482.731909
01-11-2023,41.30471828,2664599754.538363,17324880272.609726
31-10-2023,38.45660912,1177355261.803618,16124601253.366943
30-10-2023,34.95185098,729774009.555177,14655115471.918278
29-10-2023,32.84076806,342339194.018602,13769984859.453829
28-10-2023,31.66478835,239589683.116405,13272993716.267424
27-10-2023,31.72684821,588631024.845614,13297994155.463385
26-10-2023,32.75891058,717163811.86859,13693777208.546131
25-10-2023,32.41811924,982013455.194872,13548807566.47091
24-10-2023,30.16926462,949442266.020098,12606626166.259457
23-10-2023,31.90139327,1108462833.54515,13298294308.33366
22-10-2023,29.04227857,592325680.84851,12102552176.087698
21-10-2023,29.34646269,1092980613.485097,12229341203.212624
20-10-2023,27.0436902,799109110.391826,11266363318.723312
19-10-2023,24.92659127,638773652.053364,10384405697.74955
18-10-2023,23.41617523,321961868.990288,9752251936.306366
17-10-2023,23.9576421,448814910.282304,9978094018.291183
16-10-2023,23.95551953,638671908.760117,9972747742.769129
15-10-2023,21.9208107,157013765.212007,9124704935.055042
14-10-2023,21.99378493,161264273.561126,9152181544.331043
13-10-2023,21.84156627,252099175.937545,9088745915.99542
12-10-2023,21.29593549,251817270.656315,8859018404.361488
11-10-2023,22.0186535,278121453.754316,9152617139.75643
10-10-2023,22.09125619,236499272.74762,9153821562.370546
09-10-2023,22.0912944,349461833.07841,9153872376.952328
08-10-2023,23.23203487,183917455.422805,9623580568.592781
07-10-2023,23.30898579,251641843.988149,9655480492.240526
06-10-2023,23.43319975,384786139.434077,9691346790.594025
05-10-2023,22.66323792,316738930.18901,9372819202.5422
04-10-2023,23.14465716,422529198.713015,9568878557.92526
03-10-2023,23.57250299,602338969.093534,9745789000.388643
02-10-2023,23.37326252,606135303.59759,9655897348.270918
01-10-2023,23.83274093,613897473.600617,9842584461.76844
30-09-2023,21.39735204,301196363.243774,8836558069.413116
29-09-2023,20.28500638,196115538.22353,8374528223.99606
28-09-2023,19.96009248,222289216.750762,8240408678.163739
27-09-2023,19.11862455,177871082.851598,7890509113.149549
26-09-2023,19.01959494,161050047.676835,7852752387.907034
25-09-2023,19.38525291,142184338.424369,8001195160.327665
24-09-2023,19.36880693,94679146.586141,7994426786.934371
23-09-2023,19.48996971,88079182.323033,8041778910.787779
22-09-2023,19.44199247,156036655.45094,8022002066.822664
21-09-2023,19.46417485,232496921.588414,8028626981.049793
20-09-2023,20.30602358,207221800.017004,8354242321.645587
19-09-2023,20.02761557,223799767.475665,8238451459.143551
18-09-2023,19.63431081,277085363.571105,8076693510.199659
17-09-2023,18.82471741,89214877.812749,7744434877.286954
16-09-2023,19.13131035,116106557.665069,7867908055.895174
15-09-2023,19.15275609,177277339.917213,7874369310.520823
14-09-2023,18.85119498,305546128.836616,7748198288.634092
13-09-2023,18.39537481,325695901.989414,7560894849.497021
12-09-2023,17.91424381,318039466.930716,7361060795.978167
11-09-2023,17.73542125,330846958.505424,7287599513.032781
10-09-2023,18.23458776,466194885.047005,7487309543.823861
09-09-2023,19.4415718,94790654.669525,7982929424.195931
08-09-2023,19.60756702,214944434.712828,8029819698.121154
07-09-2023,19.90758896,239605317.741585,8154221781.746482
06-09-2023,19.62929869,293037025.414667,8029811235.058288
05-09-2023,20.25981835,351147460.738077,8282816794.852289
04-09-2023,19.49201376,208660013.914637,7968935399.04627
03-09-2023,19.57508204,144964343.925806,8000356917.471106
02-09-2023,19.50587764,173353602.59021,7972092911.933714
01-09-2023,19.31991029,284462419.364295,7893524115.347369
31-08-2023,19.7204258,332039172.994926,8051071197.227693
30-08-2023,20.81141968,267068606.100835,8493773290.383714
29-08-2023,21.79322471,448026435.093684,8894922333.650042
28-08-2023,20.54062382,172738653.548213,8381003061.5888
27-08-2023,20.78337733,155399653.677004,8480072717.717158
26-08-2023,20.28385447,123328971.835147,8273626226.273238
25-08-2023,20.40771028,241713771.963618,8324167193.38327
24-08-2023,21.04936019,320271006.588352,8586756696.134674
23-08-2023,21.72394805,391170529.207046,8858406192.53628
22-08-2023,20.56271637,384913811.005985,8384926811.895874
21-08-2023,21.19418096,305995091.522874,8639671384.792118
20-08-2023,21.76344763,162922643.589074,8871751512.09635
19-08-2023,21.90243316,218133447.964486,8923146034.95291
18-08-2023,21.34430162,371536971.517427,8694872280.904642
17-08-2023,21.71193708,597202957.77275,8841845978.6342
16-08-2023,22.79804006,421191748.92085,9285014015.619305
15-08-2023,23.9118176,407928983.581605,9709694813.48161
14-08-2023,25.13684468,354383681.324176,10208076201.259235
13-08-2023,24.22252444,240637505.344177,9836795446.033112
12-08-2023,24.91047248,244896749.310742,10112901009.286043
11-08-2023,24.59628504,299356878.596155,9985580502.490862
10-08-2023,24.57891241,309907204.9568,9971252398.668518
09-08-2023,24.36279519,400471431.481654,9886025858.102943
08-08-2023,24.20439381,481158897.95006,9820852100.560192
07-08-2023,23.07122265,334944799.066987,9361095973.611084
06-08-2023,23.18242142,296989212.261691,9391023872.665031
05-08-2023,22.6506951,223382992.15693,9175648408.861738
04-08-2023,22.7885999,340159680.013743,9228555166.727505
03-08-2023,22.6182763,322772366.294718,9152535746.223204
02-08-2023,23.12663161,372181551.190962,9358266572.172771
01-08-2023,23.98849137,391868364.631785,9703578364.236893
31-07-2023,23.71550824,354021535.766051,9592807368.739716
30-07-2023,24.25237085,317747219.201744,9807009512.94798
29-07-2023,25.16274602,239920070.55093,10175165823.771015
28-07-2023,24.81534717,319464991.455705,10031482165.214045
27-07-2023,25.11605688,444854020.486501,10153067525.32481
26-07-2023,25.19709538,614808801.640182,10182560298.43073
25-07-2023,23.29065877,308303554.95709,9415465725.891617
24-07-2023,23.37634301,460762831.293369,9447076614.662144
23-07-2023,24.77744516,326966274.310501,10013521351.434662
22-07-2023,24.5195858,298499456.152062,9906309862.99788
21-07-2023,25.50695571,393644559.271081,10301424839.436705
20-07-2023,25.37454852,534702224.155583,10222600861.043936
19-07-2023,26.35224404,540637227.814085,10613104669.873024
18-07-2023,25.57587381,638343425.017906,10301072671.694529
17-07-2023,26.836619,919083718.670447,10805381860.561296
16-07-2023,27.4119673,686625015.843562,11038343032.560682
15-07-2023,27.50222541,1076636256.325673,11070888454.247845
14-07-2023,26.72777951,1943711730.024113,10768678553.802237
13-07-2023,26.06806054,1520575965.702454,10502903921.748856
12-07-2023,21.96132094,534626506.681381,8845416791.850094
11-07-2023,22.07809556,424764465.698686,8892509158.48952
10-07-2023,21.32166287,517553103.158603,8581710878.013011
09-07-2023,21.3459216,375166992.693338,8591495543.026781
08-07-2023,21.86374713,621179081.391302,8797074484.682608
07-07-2023,21.5161912,884781242.975342,8639066982.08544
06-07-2023,19.72651892,840343246.62526,7916416010.357601
05-07-2023,18.99448554,235924023.862417,7622664041.547599
04-07-2023,19.14111415,288440937.169621,7679025753.094406
03-07-2023,19.2435744,278505898.420834,7714611276.109879
02-07-2023,19.45784384,440299642.613072,7800529955.752679
01-07-2023,18.68758138,331281524.718992,7489324002.222014
30-06-2023,18.86138752,874157494.077022,7546526533.886667
29-06-2023,17.98542408,574454126.109545,7193815163.950427
28-06-2023,15.96761979,306024747.119468,6387911491.773967
27-06-2023,16.62968779,233830785.581108,6650591032.395556
26-06-2023,16.26619196,243261454.98692,6505238267.652273
25-06-2023,16.9691505,210911902.274985,6784048498.845773
24-06-2023,16.66016049,234007686.552746,6660534670.031292
23-06-2023,17.15898157,337828938.529253,6859974838.022077
22-06-2023,16.63383416,271286218.797739,6647703085.5690775
21-06-2023,17.2398331,318982379.197429,6889907525.519017
20-06-2023,16.63837632,249812125.332975,6646938487.112153
19-06-2023,16.03147003,150082251.825432,6404526843.448389
18-06-2023,15.45042406,129270703.025864,6170398200.872961
17-06-2023,15.66203355,175466373.126991,6254923519.263271
16-06-2023,15.32041717,214437534.440056,6115029705.8302965
15-06-2023,14.7683288,301562002.243531,5894987691.286103
14-06-2023,14.5141302,265530148.102041,5792585220.774106
13-06-2023,15.04901277,328901848.282656,6004212714.309186
12-06-2023,15.21029787,350066309.766558,6068575777.858354
11-06-2023,15.55366969,398669068.971503,6197908056.14146
10-06-2023,15.63856743,1178580511.23639,6229102100.068323
09-06-2023,17.40857302,404584219.25014,6931865457.060601
08-06-2023,18.92113381,239163666.781901,7534161055.39152
07-06-2023,18.61911724,326659503.206177,7413927618.78249
06-06-2023,20.41994421,433408206.454767,8117681005.723556
05-06-2023,20.084324,546138869.484632,7985488821.843849
04-06-2023,21.84720331,290787241.807296,8672650149.635391
03-06-2023,21.30141142,121186545.005149,8456007690.388263
02-06-2023,21.26245989,219291626.96474,8440453025.244755
01-06-2023,20.50667461,192374915.739512,8132844320.516061
31-05-2023,20.82399421,223172873.522875,8258623477.57547
30-05-2023,21.26040465,322721605.657771,8428926984.1640415
29-05-2023,20.58283909,218097709.040482,8160321973.505921
28-05-2023,20.79216065,261679686.058296,8240601549.013493
27-05-2023,20.42967587,158031885.918123,8096957113.206313
26-05-2023,19.35747305,123752974.1058,7672025906.394402
25-05-2023,19.25821216,176412724.520489,7630176877.183653
24-05-2023,19.21866912,284961222.130549,7609766209.190653
23-05-2023,20.02940424,250472995.91629,7930782437.857001
22-05-2023,19.53130452,209015670.616115,7733556376.8057375
21-05-2023,19.60636604,191910324.784496,7763295482.09174
20-05-2023,20.29134326,109276060.731423,8030791630.456739
19-05-2023,20.35152251,132735774.991078,8054627992.288611
18-05-2023,20.33799372,269917249.446727,8049846957.653078
17-05-2023,21.05563442,265321137.362461,8330071111.072577
16-05-2023,20.67888956,274186673.743659,8180854657.7404175
15-05-2023,21.00660535,272916565.214573,8307591135.419734
14-05-2023,20.95792604,174645845.640389,8288359396.488146
13-05-2023,20.89045871,199945178.141552,8260171893.783411
12-05-2023,20.97697295,365132847.572752,8291645674.564237
11-05-2023,20.23203906,385698466.339775,7993847293.472281
10-05-2023,20.94825857,495700798.762623,8273941150.263131
09-05-2023,20.693376,295820422.0954,8172103713.736707
08-05-2023,20.65940715,532697180.705356,8155480555.0306835
07-05-2023,21.82077238,289207404.820236,8602594600.25814
06-05-2023,22.06925344,314793119.818829,8700555468.61183
05-05-2023,22.88610112,428903844.322293,9019428359.129698
04-05-2023,21.72820138,287144187.731419,8563641340.087134
03-05-2023,22.21731571,435911657.793785,8736649790.410929
02-05-2023,22.25738599,285107350.811976,8752427332.195068
01-05-2023,21.98986135,453834976.889746,8644294467.972618
30-04-2023,22.8235055,361741345.811139,8969060508.08235
29-04-2023,23.21737437,354883536.087456,9125049118.087412
28-04-2023,23.42255314,489116410.026982,9202606534.53608
27-04-2023,22.33540872,518382803.535769,8775492358.093159
26-04-2023,21.2810661,674805250.069199,8358525973.129887
25-04-2023,21.9258773,366361748.117884,8611807477.487944
24-04-2023,21.38865076,354062700.95407,8397981572.839027
23-04-2023,21.49114571,303331086.265424,8438244079.832809
22-04-2023,21.86611952,232811138.591423,8585232903.399227
21-04-2023,21.3168936,460943515.945764,8366783160.319378
20-04-2023,22.19489645,589585086.507123,8711416650.873426
19-04-2023,22.72373612,851387467.428783,8915414642.972605
18-04-2023,24.86131121,432662767.460787,9754916205.622952
17-04-2023,24.53443022,771283597.917809,9622851445.95918
16-04-2023,25.35952519,444039601.369265,9937755095.139072
15-04-2023,24.14353589,354827089.334113,9458729705.454697
14-04-2023,24.81073942,825608467.326358,9716917431.82284
13-04-2023,24.43626701,664045677.508875,9570284404.782701
12-04-2023,23.70184749,1205921320.234487,9283956324.505783
11-04-2023,22.97784809,880705669.694479,8917366418.476942
10-04-2023,20.86103021,194848989.279175,8092814340.71458
09-04-2023,20.25963054,147804395.841921,7859525828.977339
08-04-2023,20.01400581,184143116.294967,7764255816.314136
07-04-2023,20.42450003,158153193.421906,7907972656.78783
06-04-2023,20.55622469,213367736.310133,7959000735.033116
05-04-2023,20.93082699,291654122.656095,8100906085.410229
04-04-2023,20.96057394,283028363.853766,8086589805.416714
03-04-2023,20.40243713,438522715.844585,7868605500.089379
02-04-2023,20.53945176,213674113.71282,7920737089.441376
01-04-2023,21.07866313,214791207.889925,8128003170.6159935
31-03-2023,21.14846045,338324699.269244,8146407978.175176
30-03-2023,20.63139471,429912790.514403,7922939828.860462
29-03-2023,21.09105055,346525671.523261,8099458457.644498
28-03-2023,20.45753582,324021637.965091,7856295716.161523
27-03-2023,19.9187152,315768978.811825,7646805407.763174
26-03-2023,20.97017984,209539230.468098,8050482357.214212
25-03-2023,20.44416236,245146869.768839,7846028750.823455
24-03-2023,20.68327446,494617821.656338,7937812894.521192
23-03-2023,22.21978133,520906017.219745,8526984825.549818
22-03-2023,21.4770388,765414916.0301,8238842849.581062
21-03-2023,22.63100629,655481637.39841,8681539771.989334
20-03-2023,22.18989927,1003578757.056238,8509459311.830413
19-03-2023,21.95157269,512096821.400959,8418085521.333414
18-03-2023,21.31323466,716948361.487956,8171061772.035848
17-03-2023,21.66506054,644743107.147495,8305965010.025885
16-03-2023,19.72836601,400753591.505631,7560408203.197591
15-03-2023,19.31539824,680559129.495355,7399664019.606975
14-03-2023,20.94520019,984282511.994872,8024364341.474544
13-03-2023,20.43354749,910209872.337013,7825212887.20804
12-03-2023,20.26570144,697595385.443076,7760961302.723304
11-03-2023,18.21581911,582417984.789761,6975661342.537214
10-03-2023,18.28853323,970543561.679852,7003528445.198451
09-03-2023,17.32812053,770774141.18556,6635761241.304639
08-03-2023,18.3935123,658281603.69754,7041362309.73026
07-03-2023,20.24367716,396111080.420229,7738985811.758551
06-03-2023,20.62970377,299908034.145123,7886310592.778927
05-03-2023,20.99389368,276111659.811574,7956359570.780512
04-03-2023,21.00446455,262688579.242999,7957559804.264899
03-03-2023,21.41566988,500388948.927914,8113370377.78312
02-03-2023,21.97886701,318773471.959504,8320305060.765648
01-03-2023,22.52675426,361640151.682229,8524082658.784507
28-02-2023,21.90582708,328173148.551584,8289034764.25242
27-02-2023,22.69219259,469170479.941902,8583516469.1753025
26-02-2023,23.28472319,375855467.290817,8809935629.926506
25-02-2023,22.41833203,539454018.453039,8480619963.613173
24-02-2023,23.08429575,622948453.922711,8729188129.746626
23-02-2023,23.94521768,593135731.055653,9056781154.456057
22-02-2023,24.17969785,958311196.139628,9146162259.702316
21-02-2023,24.9777874,794059529.21872,9444662118.504808
20-02-2023,26.2101646,1525456506.76477,9910134851.35842
19-02-2023,24.87392305,754309941.269178,9377295091.365997
18-02-2023,23.47723718,364290321.118808,8850754283.596117
17-02-2023,23.15089764,650960517.852938,8718407482.624294
16-02-2023,22.2988933,882380780.847519,8394012048.444664
15-02-2023,23.90270578,770275046.006928,8997940573.860168
14-02-2023,21.83733147,818350197.448409,8198635335.5863085
13-02-2023,20.80985248,683387949.111261,7810090246.850346
12-02-2023,21.51046242,508329138.809701,8072318511.883572
11-02-2023,20.81257497,274079893.266698,7804193220.95123
10-02-2023,20.11880282,663307784.740966,7523871426.919228
09-02-2023,20.44471105,761217217.294925,7634272944.065159
08-02-2023,23.20202314,553820036.49535,8659283241.368917
07-02-2023,23.83476973,653815793.663823,8883198125.75914
06-02-2023,22.6752054,440672218.458123,8448056482.788558
05-02-2023,23.46531133,617639361.430019,8742424688.019995
04-02-2023,24.32515621,304281719.925863,9061478848.92347
03-02-2023,24.69657946,756405637.569911,9191252034.10636
02-02-2023,24.25248835,1028145275.736641,9017414459.062195
01-02-2023,24.96492021,992604024.732738,9278377323.251152
31-01-2023,23.95635736,574537076.462153,8903586463.55316
30-01-2023,23.97487502,1086167707.199599,8910468712.133518
29-01-2023,26.08374036,1087076431.487775,9690791589.472311
28-01-2023,24.02231932,482958609.599464,8924909933.560776
27-01-2023,24.43116165,636140773.102524,9072279453.787657
26-01-2023,24.36068004,745291222.353601,9046129412.315699
25-01-2023,24.54827342,1161567753.1401,9115816128.387821
24-01-2023,22.78917596,764464325.847469,8459264329.402824
23-01-2023,24.32756015,861448720.004961,9030331225.530724
22-01-2023,24.22343783,902196956.821306,8988456946.188318
21-01-2023,24.58782367,1600200995.348921,9123667582.646122
20-01-2023,25.56751391,1518801802.824255,9485346497.847795
19-01-2023,21.431922,742281060.669339,7948261506.27273
18-01-2023,20.8684071,1424419214.277813,7737192918.777431
17-01-2023,22.8423141,981724529.253798,8468866065.3095455
16-01-2023,23.59246084,1687123725.541926,8743881132.440323
15-01-2023,22.92188583,1759139590.961312,8495351391.812877
14-01-2023,24.22015506,3677872559.130591,8973316040.497406
13-01-2023,18.32268266,1097716771.031207,6785200015.981568
12-01-2023,16.61045119,843809096.77046,6151131675.12165
11-01-2023,16.37124085,612851899.867468,6057497609.99015
10-01-2023,16.20438933,754782785.464734,5993639372.0346775
09-01-2023,16.28910077,2101420123.37493,6024972229.104014
08-01-2023,14.41475319,643851419.256249,5331705561.824876
07-01-2023,13.09624566,199446467.595058,4820235911.736017
06-01-2023,13.53355706,507278553.890505,4943576397.427822
05-01-2023,13.42009061,670244731.054565,4953205509.879085
04-01-2023,13.43522425,1253915983.777335,4897985570.664733
03-01-2023,13.36710602,1283085053.278081,4150541190.4959745
02-01-2023,11.26538672,578842683.150364,3670345897.629763
01-01-2023,9.98325438,214633418.354525,3663707629.8526206
31-12-2022,9.95465358,315725469.725444,3630516626.2256446
30-12-2022,9.89202127,930226919.291386,3537484124.7943234
29-12-2022,9.70092854,868160972.21819,3585609635.8001738
28-12-2022,9.74908854,515054184.251247,4063717880.57174
27-12-2022,11.08908313,267888267.364943,4147178331.195879
26-12-2022,11.32151207,142597858.260517,4185139946.6090064
25-12-2022,11.38586804,114568700.790307,4207271979.819264
24-12-2022,11.45092703,217086056.15307,4327532615.708607
23-12-2022,11.79291632,171002973.918433,4304981639.738415
22-12-2022,11.80304139,202375510.560325,4442285590.081545
21-12-2022,12.14277608,190515597.268804,4505699073.905927
20-12-2022,12.27048582,197446624.200473,4386451838.861884
19-12-2022,11.93246033,226542892.977524,4577684410.907368
18-12-2022,12.37178052,116276997.761863,4589791879.193693
17-12-2022,12.5045852,269093151.846208,4487828854.561584
16-12-2022,12.28684669,374014831.762859,5134598270.270708
15-12-2022,14.03503165,303607725.392731,5187094164.825272
14-12-2022,14.12274313,491887226.052366,5067860068.029484
13-12-2022,13.87638474,360787623.807745,4889774456.96242
12-12-2022,13.32273631,240348485.008294,4920995808.77367
11-12-2022,13.46804111,128424223.681334,4967608679.209892
10-12-2022,13.63143312,124635834.721892,4985978110.515763
09-12-2022,13.63625354,242628352.106269,5016573038.668548
08-12-2022,13.72653448,228487300.750648,4939250221.600364
07-12-2022,13.5436233,262090411.876961,5195420302.808301
06-12-2022,14.34256612,312476310.156278,5053925412.5079
05-12-2022,13.90678549,366229813.339351,5008063958.883705
04-12-2022,13.78271942,164761774.543663,4863696934.396812
03-12-2022,13.39445076,186176549.305126,5000690502.576447
02-12-2022,13.78208466,273152141.621299,4905910344.469535
01-12-2022,13.57919366,244331453.980855,5160133742.783543
30-11-2022,14.23306589,355794699.472574,4865903266.783448
29-11-2022,13.40429621,282034786.521638,4848821246.040961
28-11-2022,13.33154555,464642690.193792,5138320693.997138
27-11-2022,14.10377663,246796307.755091,5142450538.968228
26-11-2022,14.15945796,367624472.67797,5120779702.0546255
25-11-2022,14.02207633,350501976.439271,5295975306.296668
24-11-2022,14.58829173,635593545.70375,5242384046.294304
23-11-2022,14.39238416,852775512.417121,4530165523.577384
22-11-2022,12.42500226,537362387.827406,4319145655.912079
21-11-2022,11.85860767,500336995.130948,4470695233.321518
20-11-2022,12.24419039,464901388.91505,4683383043.293359
19-11-2022,12.85892993,294162428.746555,4831754494.869416
18-11-2022,13.25924869,340818176.099618,4954608939.395693
17-11-2022,13.62491952,634190584.003881,5186877452.360098
16-11-2022,14.25365755,483108095.27142,5205583202.097879
15-11-2022,14.30492166,798417284.555738,5121041157.026807
14-11-2022,13.95461807,1329784636.904156,4816392214.34615
13-11-2022,13.11719234,747726197.885997,5331217054.927404
12-11-2022,14.53946726,781133906.13303,5963504846.885816
11-11-2022,16.34374153,2030207420.279333,6419997387.603283
10-11-2022,17.61869024,4290164589.909918,5120135551.789888
09-11-2022,14.03870734,4139118568.771845,8815290464.791733
08-11-2022,24.28657715,5771429845.049367,10655109386.652067
07-11-2022,29.87704963,2355847996.501116,11783689545.401735
06-11-2022,32.73227238,1567652942.718462,13202283372.1165
05-11-2022,36.82377575,2461280933.394293,12137630163.181671
04-11-2022,33.75309953,1368881148.25072,11061246430.431095
03-11-2022,30.87868425,822322291.0011,11076265328.769896
02-11-2022,30.7780372,1111115914.432049,11588937673.913485
01-11-2022,32.2524915,723751892.137073,11727290548.409676
31-10-2022,32.79307443,1171177728.380906,11772898715.527395
30-10-2022,32.97518143,713474712.709301,11775325291.527168
29-10-2022,32.88288327,1110545996.806385,11523992959.017834
28-10-2022,32.12029713,1050352186.414027,11016715358.289034
27-10-2022,30.61043555,1269790930.762613,11203611590.840311
26-10-2022,31.28158047,1336602894.268348,11077575224.18006
25-10-2022,30.91582029,1460334430.522909,10121680743.469507
24-10-2022,28.31361476,771640169.421947,10480620512.612083
23-10-2022,29.28375191,720693649.412604,10044295675.710756
22-10-2022,28.01430785,510182965.72499,10070949099.133057
21-10-2022,28.09794632,1042908323.310777,10052442946.746214
20-10-2022,28.0355443,863808681.176038,10362112405.2089
19-10-2022,28.87552846,727704842.14612,10820701606.868002
18-10-2022,30.15298061,746193703.581551,11181494599.052498
17-10-2022,31.2111231,872478508.839498,10784111501.178593
16-10-2022,30.16763117,638778465.270546,10608095633.113876
15-10-2022,29.57276209,593187433.660237,10723795928.143965
14-10-2022,30.00572417,887155691.561067,10936034776.859634
13-10-2022,30.51481144,1475339233.418126,11138186203.67174
12-10-2022,30.78828822,638203767.223802,10986691633.704073
11-10-2022,31.96971298,630989029.327973,11448167353.522726
10-10-2022,32.90519327,394694049.418249,11733010112.995802
09-10-2022,32.60000089,351714131.766324,11634868896.090431
08-10-2022,32.91839238,672974282.686931,11692923622.972769
07-10-2022,33.33775389,670556864.379592,11847564337.73259
06-10-2022,34.09322258,641193220.700419,12104501989.14961
05-10-2022,34.12979146,692957762.049701,12125352215.94055
04-10-2022,32.9839333,621968801.977287,11735344819.59952
03-10-2022,32.09702549,518124769.213925,11395149007.96318
02-10-2022,32.45579082,475812174.319738,11538414123.40477
01-10-2022,33.24966352,1166717015.855989,11808862837.8495
30-09-2022,33.93599567,949323509.366725,12066578261.8937
29-09-2022,33.30329996,958564795.800309,11817378025.545616
28-09-2022,32.76612156,1221276543.779197,11669868172.591717
27-09-2022,33.85239531,908933850.044805,11924970586.09745
26-09-2022,32.32786924,576312106.371969,11474712536.430689
25-09-2022,33.50387895,821677077.616039,11877506512.459017
24-09-2022,33.71195119,969718528.514493,11974606498.90307
23-09-2022,32.4679174,833383661.566967,11489637349.237127
22-09-2022,30.82514946,1180925645.890963,10920166914.722515
21-09-2022,31.4054935,798987431.191334,11136148382.136087
20-09-2022,32.71343099,963739018.810559,11598805636.589422
19-09-2022,31.08875047,652419202.858674,11014413847.322668
18-09-2022,33.76184564,477780407.433862,11970489829.73424
17-09-2022,32.18223308,728064867.91289,11380713338.498137
16-09-2022,33.06424838,1035640342.72632,11742374385.911652
15-09-2022,34.07101052,938917179.648232,12027439275.115051
14-09-2022,33.05973267,1685408590.30727,11697896819.864317
13-09-2022,37.34461621,1608877258.549003,13183798412.03856
12-09-2022,34.90471667,712287831.964675,12331013775.49605
11-09-2022,35.15110409,675183558.112966,12419481830.60969
10-09-2022,34.70744693,1098697449.024227,12244442276.894312
09-09-2022,33.60651305,927246036.357821,11847628650.711002
08-09-2022,32.75240078,796019432.980963,11595827258.284113
07-09-2022,30.93257106,1208999754.436581,10834953198.21636
06-09-2022,32.21580983,511686055.759997,11264121877.829931
05-09-2022,32.1449244,370560789.664259,11245569490.176376
04-09-2022,31.0762601,287508158.293832,10881773797.626608
03-09-2022,31.1964677,627140311.55054,10904364506.21477
02-09-2022,31.62752045,654715113.938435,11037789630.859673
01-09-2022,31.45350187,710498153.027706,10982002954.905945
31-08-2022,31.46046207,846296043.218058,11032381033.17492
30-08-2022,32.46762261,829387148.721832,11387115687.58702
29-08-2022,30.63070825,505611658.529117,10721767532.443155
28-08-2022,31.63923192,698084660.9388,11052608204.778694
27-08-2022,31.78642233,1248900621.367377,11046201721.516457
26-08-2022,35.34736654,656358314.03542,12346020470.353111
25-08-2022,34.98161284,908130561.79342,12227264266.325634
24-08-2022,35.70506472,827899999.117474,12481061524.742058
23-08-2022,35.48979518,1122987607.712962,12352579320.923264
22-08-2022,36.53272408,991224706.629544,12815310875.36842
21-08-2022,35.23183017,1200537393.533252,12256688441.221128
20-08-2022,35.98979543,1786764403.099564,12530469534.206604
19-08-2022,39.61889487,824971812.086103,13863255686.50742
18-08-2022,40.55628554,1249877706.419423,14161164134.098574
17-08-2022,43.25208387,1075537996.038997,15065562430.299423
16-08-2022,43.90258123,1018586521.131135,15322661204.914495
15-08-2022,44.97769928,1000632052.613095,15707019257.476543
14-08-2022,46.62762819,1223890252.007529,16242663928.464354
13-08-2022,45.34052505,1081174401.47104,15769739253.564829
12-08-2022,42.75287042,1782051840.42201,14901555484.077663
11-08-2022,42.2957804,1417788636.165627,14682953331.34928
10-08-2022,40.49015736,874683627.630243,14091576296.766705
09-08-2022,42.15682314,1163065597.417138,14696098301.05854
08-08-2022,40.64621985,582195944.953784,14115646955.218586
07-08-2022,40.17551021,656059617.193318,13910405478.086643
06-08-2022,40.49691747,1158100840.781711,13995005582.457253
05-08-2022,38.94463728,1243098510.578871,13471456881.53044
04-08-2022,38.63406307,2172402130.681702,13359558185.807447
03-08-2022,40.21202814,1118387777.702856,14143900211.320498
02-08-2022,41.70142771,992134330.49128,14458934769.72863
01-08-2022,42.48000309,1063136070.960904,14746724189.24462
31-07-2022,43.80347391,1727836476.830889,15135249027.917732
30-07-2022,42.13988872,1636823549.557712,14752480667.049614
29-07-2022,42.83121277,1933182890.145245,14829428736.730556
28-07-2022,40.29544931,1502670727.828568,14009415149.226557
27-07-2022,36.22818165,1096644463.45544,12538834971.994652
26-07-2022,36.700212,1165279221.010389,12694337922.664097
25-07-2022,40.98522629,868436701.401179,14275526154.880024
24-07-2022,40.12586568,992235932.53889,13860175820.994202
23-07-2022,40.57509236,1394893424.65535,14004906061.876736
22-07-2022,43.18589353,1862704596.082017,14946518783.24268
21-07-2022,42.19129439,2006723913.839469,14654904729.64616
20-07-2022,44.92662577,2407640203.121744,15517487195.9682
19-07-2022,43.68127821,1523091935.572282,14864108116.482191
18-07-2022,38.62422665,1087710892.947254,13432332940.686584
17-07-2022,39.60146831,1064139738.900705,13666217564.389095
16-07-2022,37.44045111,1325304479.564098,12938130582.027664
15-07-2022,37.17597728,1328292764.116288,12850093050.016483
14-07-2022,34.94649868,1220534706.769157,12072416721.326193
13-07-2022,32.81893154,821873017.489175,11406193662.951624
12-07-2022,33.50915025,789921907.7126,11600411536.227009
11-07-2022,36.7267359,648503659.149769,12680872339.650648
10-07-2022,38.06013313,623415737.825602,13134459003.717669
09-07-2022,38.59442944,1426352674.107946,13380490031.557814
08-07-2022,38.54666435,1133093192.28447,13277309359.948145
07-07-2022,37.09265793,1290650060.487688,12734796275.5487
06-07-2022,35.32196887,1434571719.09464,12138245305.30001
05-07-2022,36.77949394,986918298.18428,12596079600.052696
04-07-2022,33.44782702,567550823.122958,11480814253.62638
03-07-2022,33.42207503,649702017.309727,11471587893.148573
02-07-2022,33.03847781,1323586234.651877,11439454289.183851
01-07-2022,33.31459553,1194361731.478073,11335169279.75531
30-06-2022,33.91501146,1300629589.734408,11618504834.1876
29-06-2022,35.32603359,1243120766.406639,12087889411.018717
28-06-2022,38.50106936,1122612570.61606,13201680175.256578
27-06-2022,39.49844176,1153549984.958686,13523527664.973291
26-06-2022,42.38637314,1289448179.933593,14506227735.872711
25-06-2022,42.47722028,1721984760.770325,14600518798.303469
24-06-2022,38.21182319,1701452303.388661,13147607750.937174
23-06-2022,34.2301259,1510462542.931784,11762783422.768148
22-06-2022,36.13937945,1722909851.626664,12360022351.807024
21-06-2022,35.46904236,2113624516.41859,12160553284.461643
20-06-2022,34.19205503,2107037437.951914,11668548379.070122
19-06-2022,31.81920871,1985976665.150944,10801954806.837732
18-06-2022,30.8727205,1356441011.606505,10611942137.884016
17-06-2022,30.07068349,1921578627.377745,10245461840.006529
16-06-2022,34.48808081,2629566358.375745,11709149277.269354
15-06-2022,29.71678759,2251274075.169573,10187884853.022083
14-06-2022,28.19296639,2782439336.108326,9406103235.502136
13-06-2022,30.74322702,1436075943.240713,10608680978.31836
12-06-2022,33.80738842,1218255700.909467,11572660691.705263
11-06-2022,37.08479689,1271100605.466085,12668804911.432922
10-06-2022,39.96829396,1272667344.21766,13674820596.04396
09-06-2022,38.84247541,1249666784.649294,13274452699.317907
08-06-2022,39.54988118,1810983946.80896,13508568426.03568
07-06-2022,42.41060098,2033441074.026416,14456497792.40814
06-06-2022,38.46322507,1070849320.47909,13116723564.81124
05-06-2022,38.97751186,1126087087.410038,13170913879.692818
04-06-2022,38.27578861,1353892685.360994,12945160667.449034
03-06-2022,40.88986124,1645018556.665849,13925500009.440636
02-06-2022,40.24040841,1528211460.429582,13719294294.809011
01-06-2022,45.97177875,1569956999.745019,15607744325.008366
31-05-2022,47.19388053,1756204402.295204,16054338780.311176
30-05-2022,44.92918554,1285770588.869131,15240706243.752537
29-05-2022,44.46481244,1266578193.285666,15147901018.996237
28-05-2022,40.99753816,2080433059.296302,13886425335.92009
27-05-2022,43.5469224,2324631757.473385,14806873946.379969
26-05-2022,48.05613485,1161803907.879002,16335715467.127665
25-05-2022,49.63679897,1373294087.332745,16838184202.890331
24-05-2022,49.12044024,1478212937.825591,16667943417.370811
23-05-2022,52.76740051,907949758.608431,17927983077.406696
22-05-2022,50.34352259,834922127.308045,17117178967.638582
21-05-2022,49.58463231,1528688330.072058,16857955013.649868
20-05-2022,52.33226407,1653750850.183573,17743141448.602818
19-05-2022,49.76196638,1511110400.909361,16804431123.837725
18-05-2022,57.41976646,1508263415.467451,19373241293.241142
17-05-2022,53.64872756,1827404198.184507,18091955633.77028
16-05-2022,58.84520718,1436230716.421379,19795956495.33785
15-05-2022,52.53693017,1495503985.966616,17710082184.40001
14-05-2022,48.60474974,2460641108.575052,16446880063.642277
13-05-2022,44.6490716,3786283031.466092,15038211406.02383
12-05-2022,50.32055765,3882793179.271827,16302314327.382015
11-05-2022,66.73197492,3263209052.657352,22405510212.75428
10-05-2022,63.59080375,2515612885.942864,21563497316.93072
09-05-2022,74.9224113,1351838825.944728,25191538889.48352
08-05-2022,79.19098012,1090782916.94857,26603063057.69169
07-05-2022,81.76031251,1446023145.095468,27380670118.607048
06-05-2022,84.62182697,1637132124.717443,28284214619.36832
05-05-2022,92.82061835,1327465205.089241,30994771499.55642
04-05-2022,85.88113183,948338116.737006,28715318659.65932
03-05-2022,87.60498513,1159472392.764131,29293697485.51745
02-05-2022,89.73834617,1353041268.675068,30026659597.990986
01-05-2022,85.30298356,1165702569.196583,28318851858.6442
30-04-2022,94.0948408,1226739530.418352,31459421205.330902
29-04-2022,98.00485094,1172675512.722128,32699186204.272743
28-04-2022,98.36784489,1141929423.602087,32839728894.8058
27-04-2022,95.71302247,1216992668.644269,31900244698.208424
26-04-2022,101.29344264,1553588587.285321,33812175574.169964
25-04-2022,99.17128671,819713309.519576,33192811336.931053
24-04-2022,100.76479327,778991677.699111,33668501950.9363
23-04-2022,100.63914018,1204999233.808671,33613226147.45872
22-04-2022,101.80288175,1757789782.578809,33918138036.79868
21-04-2022,105.5952607,1664918521.578962,35158424198.86379
20-04-2022,108.54104697,1691707373.133408,36133130809.64366
19-04-2022,102.26535144,1645729150.719941,34026715047.300804
18-04-2022,100.44259808,1010545062.374585,33314012331.385365
17-04-2022,102.31192589,753838887.353607,34194983211.013126
16-04-2022,101.34727866,1039846461.41715,33734041429.04125
15-04-2022,100.73923845,1652768959.595956,33098172133.64845
14-04-2022,104.8444769,1533589774.717861,34394710741.73072
13-04-2022,103.50303499,2285179235.349248,33941121649.55018
12-04-2022,99.45252532,2180410357.199723,32731502385.0518
11-04-2022,112.17415972,1163112953.80609,36884144376.644325
10-04-2022,113.00645605,1201163544.259321,37007525656.87938
09-04-2022,109.6914877,2314898911.495014,35663008069.967834
08-04-2022,118.68839511,2381088467.183991,38892547341.888954
07-04-2022,112.52902555,3198015612.875086,36929750315.179565
06-04-2022,126.60568048,2136267271.388383,41374924383.733
05-04-2022,132.34498368,2483670638.13783,43072219169.516655
04-04-2022,136.67454084,2277967480.691483,44426659281.57661
03-04-2022,132.26554398,2989201592.65874,43260457424.49813
02-04-2022,134.37092788,3831716307.25589,43736096533.81698
01-04-2022,122.76130421,3421557221.672948,40036171559.14788
31-03-2022,120.69854218,3208462667.358372,39218225944.81992
30-03-2022,111.74644646,2434694052.670127,36192035879.28324
29-03-2022,106.24001892,2396330997.762824,34753559141.629364
28-03-2022,106.90984972,1301984880.003912,34802243172.81474
27-03-2022,101.6412104,1009509747.372562,33176556212.500637
26-03-2022,98.64674268,1817213990.634852,31980590349.304367
25-03-2022,102.18022832,2412096877.261528,32979523332.776
24-03-2022,94.91975845,1433431548.544861,30612053298.879955
23-03-2022,90.50413587,1405727754.233131,29048148956.10171
22-03-2022,88.77017295,1145750669.041704,28382479439.33157
21-03-2022,88.59618802,954767656.028573,28394223139.824287
20-03-2022,92.40408532,1493437229.123249,29598406487.05181
19-03-2022,89.90595375,2216690010.243822,28795996368.61534
18-03-2022,87.96768776,1939375410.172395,28483849999.645226
17-03-2022,87.84993508,1872435776.01945,27984951680.550423
16-03-2022,82.94439064,1247125823.150574,26592730954.19203
15-03-2022,81.16870195,1317770720.468915,26140341333.7746
14-03-2022,78.998182,949636517.694404,25452866391.0416
13-03-2022,81.60999773,776192786.123231,26366084285.169167
12-03-2022,80.69121367,1382838751.097293,26163052143.35841
11-03-2022,83.02500802,1706781764.376843,26526485356.29456
10-03-2022,88.18505284,2082131364.035624,28509710713.35766
09-03-2022,82.25360674,1704061421.169517,26425486647.518127
08-03-2022,82.06724919,1884457926.903441,26300808792.830048
07-03-2022,84.63923584,1139246888.332823,26835926882.34714
06-03-2022,89.78895189,1164108659.273321,28439402258.60641
05-03-2022,88.24516285,2029343357.151517,28319787092.93302
04-03-2022,95.55882629,1795535826.555052,30435232238.200184
03-03-2022,100.78986523,2951039198.751416,32379126078.839725
02-03-2022,98.75845248,2476563020.453062,31569373571.968327
01-03-2022,99.579174,2674553479.218074,31846087892.82589
28-02-2022,85.56819667,1559328417.424525,27360038516.30834
27-02-2022,90.10798522,1316252928.33416,28767659413.52589
26-02-2022,92.73641557,2417499269.800874,29919961866.348053
25-02-2022,89.05132727,4075674086.526734,28497445445.30952
24-02-2022,85.26903088,1761310724.440881,27294663661.65063
23-02-2022,86.57269723,1577877587.238657,27744256745.68661
22-02-2022,83.14387141,2247461489.963549,26727888651.408928
21-02-2022,90.80316642,1428521632.332197,29261491189.686405
20-02-2022,91.60559214,836883423.909057,29209068299.47004
19-02-2022,90.10899056,1290677352.643393,28828455911.8284
18-02-2022,93.40452358,1463178693.377368,29918359231.261593
17-02-2022,101.95613259,1473078677.120259,32707737720.154152
16-02-2022,104.85069673,1630619496.195204,33579862333.60316
15-02-2022,96.44224243,1364915626.661721,30784741416.87896
14-02-2022,93.36714505,910049119.235368,29672733160.79642
13-02-2022,95.70003429,1336515340.137724,30347618773.26294
12-02-2022,96.46324431,1738208639.1535,30597070580.09104
11-02-2022,106.41810262,1963719800.26457,33826915836.727123
10-02-2022,114.34358742,1634212051.370294,36294064610.28194
09-02-2022,113.6974555,2354525277.711969,36125330680.249535
08-02-2022,117.67187314,2230152722.515911,37305112916.66873
07-02-2022,115.28347813,1281443040.602296,36521264719.12104
06-02-2022,114.33315412,2104149883.566432,36087037718.41055
05-02-2022,112.48079518,2844877285.59329,35127905584.898895
04-02-2022,100.87832035,2283972523.61448,31833368519.650078
03-02-2022,101.82921645,2979450302.616579,31975373921.89307
02-02-2022,110.12732331,3097993266.654722,34784263657.23243
01-02-2022,99.88984754,1715569710.534292,31354693276.844906
31-01-2022,93.40252903,941974724.429482,29427732656.729218
30-01-2022,96.17869128,1478946858.360343,30216232718.87756
29-01-2022,91.42580268,1882874786.691091,28786945733.92828
28-01-2022,89.60158614,2421524797.065686,28179557560.867977
27-01-2022,92.24801292,2847753595.488201,29243771848.310368
26-01-2022,95.09282864,2614011846.196276,30084800205.77909
25-01-2022,91.91541132,4359827042.558423,28909954628.237045
24-01-2022,99.69162217,2611991894.538941,31290905178.532047
23-01-2022,94.51541078,4095835932.635075,29665575896.047955
22-01-2022,111.77542786,3853056390.372091,35070043876.86985
21-01-2022,128.5694845,1371674053.224802,40727678847.05303
20-01-2022,135.59362054,1310094891.479366,42848572759.496826
19-01-2022,141.63414406,1327500384.027039,44575080930.62185
18-01-2022,140.04837239,1342939698.297974,44032309573.9257
17-01-2022,147.94236767,1064526626.287061,46450557289.26664
16-01-2022,147.70351004,1003160676.711466,46337099650.87288
15-01-2022,146.31283636,1627092109.773237,45849250868.07178
14-01-2022,146.89916251,1972169296.576901,45924153329.20764
13-01-2022,151.92225384,2048461630.20183,47534063482.95965
12-01-2022,140.26336924,1407732234.400285,43823867475.83328
11-01-2022,135.98215275,1797340432.328524,42320546842.20343
10-01-2022,140.97069019,1383486991.269262,43844556062.79441
09-01-2022,142.37691491,2495097582.92227,44680435604.26222
08-01-2022,136.61330864,2713161094.776736,42610750948.59599
07-01-2022,150.72362466,1922945442.80852,46854691785.8186
06-01-2022,155.71670665,1980976064.65646,48184360964.1156
05-01-2022,168.03948487,1361207424.18007,52272480718.14088
04-01-2022,170.57083887,1152100392.329671,52886550470.82176
03-01-2022,176.3214999,846802662.899371,54604426218.58956
02-01-2022,178.88879762,960138212.527444,55089640249.09666
01-01-2022,170.19660826,1380634374.482357,52907181305.50652
31-12-2021,172.50889438,1379259729.504835,53261290659.86848
30-12-2021,171.27231463,1935535240.369878,52726687301.09404
29-12-2021,178.29769922,2541804765.839321,55425780679.24532
28-12-2021,196.0391794,1631730024.325617,60810349839.61329
27-12-2021,198.19740129,1747475952.807887,61198787207.68108
26-12-2021,193.28925388,1257985154.982442,59797071721.91303
25-12-2021,190.44036875,1997417409.14422,58852086815.424995
24-12-2021,190.5121593,1932687191.409968,58709806077.20599
23-12-2021,178.57398151,1635078520.69545,55058052155.04185
22-12-2021,180.1260192,1539489579.121393,55570757138.288246
21-12-2021,174.37115872,1718453799.121433,54061922630.24033
20-12-2021,179.93839884,1441246078.159062,55790507174.07124
19-12-2021,182.97056696,1440763837.45392,56393839315.248146
18-12-2021,175.79063841,2355530732.258781,54006293233.10288
17-12-2021,176.80558474,2454635867.467667,54368442494.989296
16-12-2021,178.26193377,3458991299.158227,54610048507.25148
15-12-2021,161.06018557,2156901491.538005,49398872819.442764
14-12-2021,155.08489769,2372386156.303561,47995350984.26769
13-12-2021,173.73511343,1094395903.416625,53334889635.75613
12-12-2021,171.84456472,1791152660.694485,52819332275.01751
11-12-2021,169.46107045,1946102466.461734,52395376111.97878
10-12-2021,181.75158018,1858809298.643161,56181625087.33603
09-12-2021,194.30116865,2194875795.141128,59595483461.42861
08-12-2021,190.37257114,2433284110.293539,58418632345.764206
07-12-2021,193.8917319,3396199570.300543,59370079864.68529
06-12-2021,196.56894709,3228917298.925122,59802410642.4824
05-12-2021,200.94131045,5616789175.450751,61293686195.46672
04-12-2021,212.13388531,3755641183.1718,65135413411.055405
03-12-2021,232.57222784,3994513448.87254,71252377813.81462
02-12-2021,229.44872397,3392086055.237433,70172175382.70601
01-12-2021,208.70558909,2697160307.738946,63510180677.896095
30-11-2021,204.35042328,2007398408.756795,62325150548.69784
29-11-2021,200.46141949,1935383257.029555,61094490229.682304
28-11-2021,192.13619982,1351630152.313059,58410646819.21711
27-11-2021,192.14742618,3216471568.33627,58390912497.66776
26-11-2021,209.79215191,2227843775.415235,63900196618.388596
25-11-2021,205.54865275,2339653646.046749,62457339767.62576
24-11-2021,222.09815823,2144049180.216279,67490798261.18599
23-11-2021,216.39900685,3174537421.979065,65724676692.43798
22-11-2021,232.44114563,2555181056.256027,71043502688.01355
21-11-2021,218.32939969,1870041532.10982,66281609248.12345
20-11-2021,215.83494421,3291840770.392547,65296328677.09514
19-11-2021,195.07850657,3731836544.934279,59087558120.59309
18-11-2021,219.10555535,2879294187.479846,66086823807.616
17-11-2021,220.09764163,3508776790.451805,66832143637.96159
16-11-2021,238.7646275,2359326721.661139,72198022029.53314
15-11-2021,239.51447254,1611356876.877585,72218517508.24437
14-11-2021,241.33480046,2171331102.080433,72948327032.41917
13-11-2021,229.39855731,2941595137.276679,69321107450.57858
12-11-2021,234.86433241,2618456168.353021,71231238187.65797
11-11-2021,233.07366977,3800891475.935171,70391383039.29988
10-11-2021,239.42042668,2681222975.329351,72453801809.51567
09-11-2021,248.82249866,3223918132.658522,75445282061.27591
08-11-2021,250.36479323,2644011982.249601,75738472890.5271
07-11-2021,259.23955829,3906155465.660115,77427308372.12741
06-11-2021,237.88946143,2814464970.692667,71642292583.50812
05-11-2021,249.06288568,4457165321.346256,74509034095.48589
04-11-2021,242.04614187,5949095156.100889,72820184828.9129
03-11-2021,220.65381149,2953101041.249016,65196157014.88239
02-11-2021,203.81420779,3098391561.698444,61206174446.06882
01-11-2021,202.39144719,2508960378.247013,61090424896.04269
31-10-2021,193.33785374,1651079244.146258,58207049317.824005
30-10-2021,199.78453255,2703331790.530946,60296944148.156876
29-10-2021,195.08625966,3385641009.216203,58664473682.87197
28-10-2021,183.54274957,4812686988.408542,55282416869.14356
27-10-2021,199.75011389,3052799572.793642,60474514072.54135
26-10-2021,211.19080151,4469234352.347065,63765586638.26856
25-10-2021,203.16528895,3114589452.211267,60949072513.085396
24-10-2021,198.30695225,2951218516.183087,59635176948.85741
23-10-2021,197.83389969,6789555146.637215,59570438795.92708
22-10-2021,189.0593189,6298926456.006809,56745796681.75649
21-10-2021,175.60195629,3069126856.403847,52336972845.39368
20-10-2021,156.39068065,1345983825.326506,46992561227.93839
19-10-2021,157.37532489,1619036320.357656,47243856329.811134
18-10-2021,159.86349202,2132944251.543325,47919023512.035805
17-10-2021,158.27370286,1481556354.011908,47599650302.30947
16-10-2021,162.98217482,3892259612.829453,48823858407.19429
15-10-2021,150.09136322,1912976981.956736,45052609321.749214
14-10-2021,148.39205396,1975667394.423865,44499473671.888466
13-10-2021,152.0007883,2766260744.012144,45622740431.63671
12-10-2021,144.85910794,1718475615.247912,43203031420.33364
11-10-2021,147.69627282,1495896606.826951,44343249688.30569
10-10-2021,157.33542144,1421850535.654403,47177850270.14671
09-10-2021,158.91461108,2714913213.201317,47345863609.85284
08-10-2021,154.25988507,2469488735.063495,46145608847.85937
07-10-2021,154.09462361,3216047716.754669,46002942256.33727
06-10-2021,164.36927639,2550034958.92689,49008643389.98899
05-10-2021,167.87790975,3108612675.204711,50072719494.08351
04-10-2021,172.8558702,2990394711.966891,51567116629.13389
03-10-2021,169.20884385,3290801786.045154,50355827427.96756
02-10-2021,161.3740295,4217104529.362905,47883980396.73367
01-10-2021,141.18374649,2213933967.637082,42018890336.78696
30-09-2021,135.27916282,2423220767.179771,40196990252.302414
29-09-2021,130.60489191,2409481752.977464,39030320223.35616
28-09-2021,136.25952148,2989640865.287466,40533909717.20195
27-09-2021,135.79593311,2683407146.306161,40356234736.375404
26-09-2021,136.83545263,2059643190.934254,40572796552.98121
25-09-2021,139.31414598,3863693217.85245,41548029058.160286
24-09-2021,150.38965318,3353529940.50914,44686382478.555725
23-09-2021,148.32935419,4912176158.173082,44125796474.8162
22-09-2021,122.69238862,5306957386.522338,36248052948.59296
21-09-2021,133.36872474,5652873068.780831,39478971644.302246
20-09-2021,153.32644172,3442771809.930332,45589411995.176476
19-09-2021,170.10982401,5288896343.368672,50565779823.43124
18-09-2021,147.58433443,4637329446.05819,43906621683.99821
17-09-2021,151.9483411,3163024291.188915,45094080634.83585
16-09-2021,158.59633984,3973589945.002292,46994383928.49487
15-09-2021,157.3779935,5484253084.148819,46493824080.66087
14-09-2021,169.27734693,6270536793.440139,49653193581.09068
13-09-2021,174.88132072,3006790022.730882,51473851354.050095
12-09-2021,177.9424019,5327211599.239841,52220905554.67757
11-09-2021,178.31957,6992113162.711526,52325632036.020546
10-09-2021,188.27594158,12182432665.179005,55264334912.28869
09-09-2021,189.34445331,12034756697.736256,55627271034.27753
08-09-2021,173.31109531,16149087501.300968,51322390022.24564
07-09-2021,164.56092376,5245858966.571948,47904979408.22903
06-09-2021,142.13561417,2711248607.007888,41412015757.628494
05-09-2021,139.59408992,3607645007.288397,40720531105.91831
04-09-2021,146.35759448,6871215127.90067,42571321335.87376
03-09-2021,128.67418646,4623249675.435575,37338512656.086975
02-09-2021,110.81781609,3649705606.851578,32218252304.33078
01-09-2021,108.7063764,7097442296.82563,31632430274.413536
31-08-2021,109.64673284,4827155957.583222,31920673369.62922
30-08-2021,94.00977412,1619244457.976417,27304152716.88658
29-08-2021,97.06666833,2343520709.063826,28329094352.267197
28-08-2021,87.96820731,3193853129.576366,25629594571.272152
27-08-2021,76.11361964,2687938993.535464,22227352877.21953
26-08-2021,71.51094022,1460931375.128591,20802776475.036797
25-08-2021,71.21280824,1645439131.94058,20724670218.176235
24-08-2021,75.97033641,1376624102.193839,22022469783.777603
23-08-2021,73.12559206,1004789455.204009,20991469522.08777
22-08-2021,74.21792558,1502846889.735206,21281170312.308853
21-08-2021,78.44870433,1816393865.852359,22425622491.819256
20-08-2021,73.04851677,2751968421.557859,20809209324.240616
19-08-2021,74.00480196,4552452964.336096,21274810508.661808
18-08-2021,64.30343711,4071432568.045249,18770890602.314026
17-08-2021,62.27708029,3744578512.779988,18474853367.36561
16-08-2021,53.67834816,1453940559.434629,15290073919.010555
15-08-2021,44.06280237,375775175.245111,12632010978.831278
14-08-2021,44.69284014,536710066.671889,12659136195.430464
13-08-2021,41.19014957,501994574.001802,11719191265.4597
12-08-2021,41.79949265,518467624.071131,11911671445.966951
11-08-2021,40.66298981,512007043.401634,11060502356.763584
10-08-2021,38.76250121,392755194.374255,10540000830.327097
09-08-2021,37.66581962,387950835.591577,10274392698.30968
08-08-2021,39.38262634,567721952.729135,10716940358.77982
07-08-2021,39.53990292,634966886.344055,10788517295.598757
06-08-2021,37.47983512,642276103.396846,10217649265.24856
05-08-2021,35.9054826,453652890.780435,9803376069.998579
04-08-2021,34.34012027,535386826.383001,9368039157.991346
03-08-2021,33.27511835,463809054.21566,9090469010.815338
02-08-2021,34.17251167,548581372.50092,9272656715.856787
01-08-2021,36.24876036,614044704.384624,9870964496.720772
31-07-2021,32.25269182,673479026.408479,8782089188.680168
30-07-2021,31.41657633,490243888.023641,8603692851.645973
29-07-2021,27.87180125,324323976.869768,7595729558.871121
28-07-2021,27.95113101,375190958.356095,7591579830.598075
27-07-2021,28.09669795,755245025.249762,7706970297.480306
26-07-2021,28.31881777,316495335.588903,7718142916.945531
25-07-2021,28.59033303,363380694.22901,7794117620.737433
24-07-2021,28.37606777,407425804.481239,7713349030.470102
23-07-2021,27.76297804,375801784.213434,7561860534.399218
22-07-2021,26.67239697,573149420.44132,7243897344.253763
21-07-2021,23.8584461,422162867.930827,6500208589.083081
20-07-2021,24.81620054,370348465.205461,6774142705.91918
19-07-2021,26.89393895,227071207.715628,7331794881.762146
18-07-2021,26.79168755,292646432.685835,7314497718.903992
17-07-2021,26.26323283,372119879.070388,7168957057.321149
16-07-2021,28.32353743,469048384.990248,7712932810.684437
15-07-2021,31.23600102,474454643.505802,8488446183.426941
14-07-2021,29.16206823,270392426.078313,7953342249.001901
13-07-2021,30.95347403,312330343.18604,8429306463.204107
12-07-2021,32.12329224,296169725.628161,8760359617.466413
11-07-2021,31.93920234,415853889.119223,8716478997.829847
10-07-2021,33.53185263,454190333.144589,9138440436.827875
09-07-2021,33.5141439,691932146.205635,9137574846.549248
08-07-2021,36.65727454,727575218.171628,9995196544.250605
07-07-2021,34.29123767,499801292.469534,9343669279.576614
06-07-2021,33.12005545,436664234.535345,9033978686.400784
05-07-2021,34.44884875,424937662.013282,9396692749.038609
04-07-2021,34.46550621,462037406.357741,9395489549.381342
03-07-2021,33.95890784,607351754.662538,9219660440.797184
02-07-2021,33.55617113,663491276.666849,9145093164.974163
01-07-2021,35.83440252,791091273.174556,9784660089.641449
30-06-2021,33.92293268,645572532.225487,9355893411.033453
29-06-2021,33.11418087,674515112.394726,9040653316.656572
28-06-2021,31.67466281,572104299.64303,8602431238.497906
27-06-2021,29.37477622,639618006.14469,7914659494.026683
26-06-2021,29.23725923,737663786.939992,7985242401.768214
25-06-2021,31.44053281,732654201.744898,8585542319.490724
24-06-2021,30.87900373,1203441656.811578,8377496849.572571
23-06-2021,26.72920147,1371341088.675252,7157859824.732246
22-06-2021,26.59538137,836901347.21882,7439425733.837019
21-06-2021,35.2842749,507507928.94648,9611623563.108702
20-06-2021,35.26048478,302280531.196337,9621683962.87426
19-06-2021,36.62410257,481564015.606182,10008182630.914902
18-06-2021,39.32721785,472927528.302924,10638298323.849005
17-06-2021,39.54766089,636535388.3934,10781816203.272686
16-06-2021,39.69949998,508646352.887396,10852976029.829046
15-06-2021,39.6440578,564059144.821838,10808680336.53195
14-06-2021,38.8203861,488535747.534941,10521989454.932695
13-06-2021,36.56837527,584578781.818263,10095207879.649364
12-06-2021,36.09038097,558803764.835251,9831892846.255322
11-06-2021,41.2059607,624242377.725589,11231058225.872488
10-06-2021,42.07765253,1272173444.953454,11544497584.210085
09-06-2021,41.41714833,1825252143.252731,11375166576.681131
08-06-2021,38.19473237,942584607.208076,10637505878.18168
07-06-2021,42.25988705,825017874.733521,11508207254.494314
06-06-2021,39.34001089,1151594281.254084,10611364493.458803
05-06-2021,37.59916222,1090388198.691374,10271428908.065245
04-06-2021,39.70667545,1003176056.373024,10988660955.92941
03-06-2021,34.18804886,526537332.912624,9317118424.383059
02-06-2021,30.98523815,451120119.866493,8466375153.864945
01-06-2021,32.6621226,556481220.858271,8921358871.643251
31-05-2021,28.56228743,385506550.294193,7786190305.535411
30-05-2021,27.55720416,402043440.13746,7555682949.6168995
29-05-2021,29.02194839,624114420.045115,7915741496.51031
28-05-2021,33.65934259,662066528.441319,9223068939.871315
27-05-2021,35.65025364,1118628986.919348,9637728345.153328
26-05-2021,30.00644953,934610971.722382,8200361459.252723
25-05-2021,30.98546737,1351443455.141726,8456340961.644994
24-05-2021,24.76763979,1988074629.747088,6741153859.711208
23-05-2021,31.61460189,1134738458.84617,8668570148.20386
22-05-2021,38.43160145,1807465387.129997,10430110171.295876
21-05-2021,44.52570263,2519340039.672483,12171270499.157091
20-05-2021,35.75884416,2921072601.00622,9921711894.075151
19-05-2021,56.20200903,2063395663.241311,15371663655.587006
18-05-2021,46.86175962,2104910795.048521,12904194705.374098
17-05-2021,47.17666784,2249695072.220029,12808567896.878408
16-05-2021,43.46242757,617414124.11738,11799908298.851982
15-05-2021,42.87180003,536552649.641544,11689352286.16738
14-05-2021,41.10996898,1273761712.573315,11096669650.829687
13-05-2021,43.62157837,1387803968.473676,12440648899.351025
12-05-2021,44.72439582,587946571.631547,12215743859.11548
11-05-2021,42.960486,610750904.602907,11724389834.30516
10-05-2021,44.35912616,631361237.648315,12070625546.32745
09-05-2021,45.6856733,565022391.066524,12483159691.847982
08-05-2021,43.07213433,628075167.800464,11736620149.519144
07-05-2021,43.43782697,496643551.401742,11848638343.099876
06-05-2021,44.89309349,632988283.988609,12196654588.937689
05-05-2021,42.7018941,850967614.88984,11695753640.918264
04-05-2021,46.08780895,754315146.457899,12596937422.5915
03-05-2021,46.93452855,736253572.401462,12731441940.852585
02-05-2021,49.66339414,1107804038.455903,13505629296.647703
01-05-2021,42.99529635,715484397.660666,11625206342.893156
30-04-2021,42.5819452,1007552489.880059,11521025311.458416
29-04-2021,45.03962011,1328456957.454336,12162250490.154093
28-04-2021,43.2179654,889450121.296135,11730117463.908833
27-04-2021,44.49648066,1808647601.294896,12053853291.95677
26-04-2021,47.66158942,2115947832.914539,12948847195.888563
25-04-2021,40.74492272,1508721736.124456,11122055713.48721
24-04-2021,37.0668897,2170847454.238238,10009570403.266832
23-04-2021,39.04180159,1619297323.144781,10546870753.411224
22-04-2021,32.31362189,916541281.581618,8840620046.282288
21-04-2021,31.68779272,982110136.363715,8638723481.256248
20-04-2021,31.7251483,1138689654.528968,8636876765.152142
19-04-2021,32.43000667,1456340755.968965,8839759827.800987
18-04-2021,25.01097915,259794445.973618,6763365116.21136
17-04-2021,25.28026504,294302057.270323,6847726667.985529
16-04-2021,27.82949194,267944999.871187,7510746946.813054
15-04-2021,26.45151636,425296729.17071,7124964901.168281
14-04-2021,27.56950727,327658007.71777,7477651408.251166
13-04-2021,28.52398051,388174413.343228,7668557969.184397
12-04-2021,27.81776983,293810895.928427,7504132255.224255
11-04-2021,26.83396606,340108404.220596,7243681262.228849
10-04-2021,27.78469812,351754156.42642,7509326042.822403
09-04-2021,27.00514637,445724093.106052,7238834909.900146
08-04-2021,26.67473295,714313720.050788,7244692415.792232
07-04-2021,24.98954918,404116807.871563,6677871480.251414
06-04-2021,22.94298584,324307982.046024,6143755028.531597
05-04-2021,24.02282912,536246712.900277,6459213598.5183325
04-04-2021,22.59896305,600716419.56809,6076766593.933186
03-04-2021,19.73831925,162070984.463778,5287278539.188044
02-04-2021,19.05545052,213522852.924449,5115358904.3969
01-04-2021,19.48663194,255371895.727941,5229172252.453522
31-03-2021,19.17575575,320692680.341766,5140859722.050636
30-03-2021,18.88489087,266282434.705308,5060496028.96088
29-03-2021,18.00806967,534850426.55737,4849136131.610755
28-03-2021,16.56643725,282806957.30753,4447942286.04174
27-03-2021,14.74905407,183730696.644504,3952457817.8285327
26-03-2021,12.96452276,143844943.834949,3458196577.606995
25-03-2021,13.60393816,147906709.02354,3673111725.4258575
24-03-2021,14.19456779,133887151.902857,3797038254.7652097
23-03-2021,14.87033748,326592283.755726,3996883816.28734
22-03-2021,14.30622975,79484161.871732,3820743747.1802936
21-03-2021,14.27580403,86343402.395933,3827195162.447837
20-03-2021,14.1828667,86842533.956318,3784530964.203633
19-03-2021,14.26867568,98337016.850984,3818502582.108464
18-03-2021,14.27775626,118128026.422545,3813907144.3630457
17-03-2021,13.68931374,144943707.171302,3652666107.3940897
16-03-2021,14.16336589,133187836.1555,3802503168.319744
15-03-2021,14.56731405,111823964.283825,3914890622.835212
14-03-2021,15.31847866,187955914.458191,4102822643.2251086
13-03-2021,14.59862313,234666311.889873,3904039878.018883
12-03-2021,15.97657142,296645197.902651,4251534865.370938
11-03-2021,14.23353965,146460475.435415,3801048410.638191
10-03-2021,14.86660709,167995189.731889,3948666694.2631745
09-03-2021,13.64022584,135033736.394285,3627821384.3008895
08-03-2021,13.91718705,176392184.7459,3683032789.5785527
07-03-2021,13.06809551,151724548.432345,3455484976.176569
06-03-2021,12.63107018,114430118.942305,3328224948.5193915
05-03-2021,13.11502409,147658517.89297,3465889173.00098
04-03-2021,14.13100351,196774080.844339,3742765612.8392954
03-03-2021,14.01008625,225140396.160563,3703367097.5839834
02-03-2021,15.03008569,392440888.403443,3973508157.319812
01-03-2021,13.03076907,388225411.00663,3482110143.44744
28-02-2021,13.31096512,331645301.89716,3502097092.0348463
27-02-2021,13.66893596,439215087.793658,3630663218.351275
26-02-2021,13.81100907,528005152.612853,3670715311.0156097
25-02-2021,17.47180364,653765450.524351,4630153132.806193
24-02-2021,15.15827795,1244332504.036801,4014384609.485051
23-02-2021,14.42373053,745502104.783165,3751426598.917991
22-02-2021,11.11340294,185663015.638801,2943199329.545796
21-02-2021,10.04473383,151686888.404297,2615417098.019502
20-02-2021,11.4408694,337882476.362909,2993685734.1051297
19-02-2021,9.01266263,93285838.882476,2375754523.610692
18-02-2021,8.23193101,95778536.212488,2173930631.1428275
17-02-2021,8.30280603,72282574.144615,2184260799.960396
16-02-2021,8.84730542,109980858.189167,2319301370.904806
15-02-2021,8.7276322,111434979.064466,2299584697.0798793
14-02-2021,8.71396962,116673415.155255,2299907027.7197843
13-02-2021,9.22880489,114926769.556197,2426763287.306892
12-02-2021,9.20017931,201126010.151082,2396719732.172312
11-02-2021,9.02172013,151648521.931501,2347978417.7784863
10-02-2021,7.84013833,155211915.617241,2066515667.7340856
09-02-2021,7.90874978,198992540.377201,2067531944.1291592
08-02-2021,6.65733969,133124403.501186,1741080410.398057
07-02-2021,6.11765791,134130068.367537,1614662623.626382
06-02-2021,6.70664773,122560651.237531,1732564478.94795
05-02-2021,6.41624673,136705073.211898,1677733734.3813236
04-02-2021,5.72147079,94154842.870954,1486424501.2461636
03-02-2021,5.25732108,123805679.788846,1375270992.6864705
02-02-2021,4.5945748,46965792.231594,1181003688.1507916
01-02-2021,4.26396859,97446415.859447,1108554251.4633815
31-01-2021,4.23348577,67081650.437249,1099976702.0181136
30-01-2021,3.86434859,56780983.119157,1011832935.6122584
29-01-2021,3.81740207,39406683.91005,994404569.1401207
28-01-2021,3.69951154,41769652.736768,965216149.5931334
27-01-2021,4.03288405,99915130.853126,1054703273.4109548
26-01-2021,3.71399963,102071940.744134,970376773.8007469
25-01-2021,3.63170707,39857016.486705,946423915.3825784
24-01-2021,3.5015683,34563933.459065,910358037.3778707
23-01-2021,3.34136008,78912922.709627,870802220.8670269
22-01-2021,2.99881147,56210951.531339,786986237.3494189
21-01-2021,3.72911584,58455688.054312,973442831.7891594
20-01-2021,3.64143131,70082464.789289,953132372.6214266
19-01-2021,3.77514664,92855359.636195,987108914.5515287
18-01-2021,3.81598416,93623327.600686,1017470477.7839756
17-01-2021,3.4518655,99803415.706773,904006570.0309955
16-01-2021,3.2557794,58075508.183614,854734765.1596448
15-01-2021,3.27819349,76404702.335953,859145982.5611855
14-01-2021,3.52076221,75016318.351792,921726565.2583522
13-01-2021,3.58676468,97551374.061502,938493137.5207736
12-01-2021,3.10762749,106045335.588828,817258464.2688268
11-01-2021,3.47373223,80904486.742044,912330458.1173432
10-01-2021,3.38858837,120168621.415851,895647361.510903
09-01-2021,3.23448212,286755149.113389,832993617.4072844
08-01-2021,2.36740928,219251174.219748,617487734.823374
07-01-2021,1.92318546,66770224.861169,89806036.82660183
06-01-2021,2.16186896,65041612.888437,100329573.08891997
05-01-2021,2.42178461,74768826.606912,111799126.97201678
04-01-2021,2.14770799,71243785.083349,99775343.80647424
03-01-2021,1.80262891,41366106.070081,84086466.39653847
02-01-2021,1.84114088,32991393.100118,86318139.65505527
01-01-2021,1.5158075,17111375.741751,69766796.8517985
31-12-2020,1.53783909,16897738.266746,71585859.2732059
30-12-2020,1.67606853,34126955.314971,78352281.80230162
29-12-2020,1.51912825,16248544.099952,70774348.23560144
28-12-2020,1.30654013,15721103.749788,61706533.09169116
27-12-2020,1.3282608,8569139.626476,61824850.92219503
26-12-2020,1.44588481,11302457.898447,67364923.8031706
25-12-2020,1.36345901,11669615.744971,63270395.09871319
24-12-2020,1.20624302,21811152.391228,56718890.08800321
23-12-2020,1.49288377,14598569.959201,69532641.54486774
22-12-2020,1.54342054,10231076.962528,71954471.52541262
21-12-2020,1.56334835,11294828.803488,72790529.40428856
20-12-2020,1.66830856,11133539.429366,77655684.25950308
19-12-2020,1.69977856,9944183.274929,79098065.29444037
18-12-2020,1.67776432,19771583.134829,77962145.67023137
17-12-2020,1.77920948,20667383.028789,82697026.71230772
16-12-2020,1.75296765,25707468.38552,80958321.29626867
15-12-2020,1.59045721,10852348.235007,74144495.06564687
14-12-2020,1.5665711,10831419.615199,72368450.61816674
13-12-2020,1.49084971,9176582.194923,68998005.96321389
12-12-2020,1.44966928,10757763.654799,67063074.53264825
11-12-2020,1.57650789,9081181.441214,73019479.91112876
10-12-2020,1.66493735,16742998.451289,77258533.71758029
09-12-2020,1.67036862,17112369.527683,77643530.78405608
08-12-2020,1.83063359,10468359.685002,84695936.97844146
07-12-2020,1.85130155,10598081.573962,85608059.73744749
06-12-2020,1.97866033,10627298.671877,91469353.58874711
05-12-2020,1.85848555,12376166.936333,86302542.38359374
04-12-2020,2.09675132,26145331.304001,97007192.41882148
03-12-2020,2.11738196,20110298.140905,98158810.32584806
02-12-2020,1.98211558,15857429.66748,91819218.14741091
01-12-2020,1.96524699,10302108.662414,90930509.95528533
30-11-2020,1.91334298,7475716.686282,87979239.4231415
29-11-2020,1.89037596,13543976.251382,86876340.85848026
28-11-2020,1.85926299,16043158.397331,85368717.62930092
27-11-2020,1.90190504,41413742.502415,87261948.4587302
26-11-2020,2.264613,31314180.501589,103929950.4113385
25-11-2020,2.25991414,32072469.884426,103371313.28825708
24-11-2020,2.27338849,18928875.395501,104405683.73789696
23-11-2020,2.15181354,20574885.270063,99643753.24807031
22-11-2020,2.38142968,25366504.823793,109103139.9036232
21-11-2020,2.0992589,10371769.86292,96699115.09128667
20-11-2020,2.0706842,9316529.247631,95016544.57983688
19-11-2020,2.11788619,13848265.661516,97122156.74764428
18-11-2020,2.19719078,15969353.057184,101161954.40612784
17-11-2020,2.262359,20610242.317284,103751002.08687328
16-11-2020,2.04067913,17895366.808901,93688715.99840245
15-11-2020,1.91982081,7480703.339548,88345125.41853492
14-11-2020,2.01759535,10853681.100997,92395446.39953326
13-11-2020,1.89679048,14316052.70374,86929582.54336853
12-11-2020,2.0001947,17995064.278242,91842384.4291332
11-11-2020,2.25278669,17683772.994641,104439762.47148168
10-11-2020,2.0285116,23430879.829115,92911864.560423
09-11-2020,2.15534489,35274009.490947,99153483.96280438
08-11-2020,2.0323915,69505254.934348,94477844.75803708
07-11-2020,1.92596915,29260208.08208,88646989.63268837
06-11-2020,1.40570836,10875990.980388,64230247.78658664
05-11-2020,1.39330705,13444944.22519,64037059.28113097
04-11-2020,1.41263564,6668083.606459,64789424.24486666
03-11-2020,1.47523533,6491093.903777,67681588.11219725
02-11-2020,1.60057244,7044518.693985,73223097.96611069
01-11-2020,1.53555145,6702913.199915,70310236.99352686
31-10-2020,1.4406458,9349348.871777,65971825.09030392
30-10-2020,1.42884669,8662606.661042,65484559.74846173
29-10-2020,1.51854343,15939411.515577,69484097.07158922
28-10-2020,1.71594151,15297050.59832,78379682.65133592
27-10-2020,1.68480075,13591649.24059,76352252.52403358
26-10-2020,1.79101246,9185870.299509,80166567.40845197
25-10-2020,1.91253484,6919606.69246,85097119.41553113
24-10-2020,1.95717453,11186213.35634,86992250.29298699
23-10-2020,1.95388685,13454997.575524,86559361.41416237
22-10-2020,1.88096895,23297280.721893,82144490.25896214
21-10-2020,1.88588599,15641566.709201,82488167.14046891
20-10-2020,2.0568544,8565815.857466,89483911.14654794
19-10-2020,2.21192102,5687385.028653,96201418.29928117
18-10-2020,2.2035632,6335659.683847,95604758.79489854
17-10-2020,2.14109699,15223420.219593,93684534.75782022
16-10-2020,2.26854983,8122715.968984,98861299.72953752
15-10-2020,2.31915368,10350998.488724,100630989.38907091
14-10-2020,2.40227577,13892838.741345,104349414.79795986
13-10-2020,2.58358145,15148498.562809,109398780.83412512
12-10-2020,2.41810555,7287675.814385,102599664.11189498
11-10-2020,2.40556864,10183145.724822,102263473.3254
10-10-2020,2.53949274,14326709.102964,108143704.99926196
09-10-2020,2.36265731,18962028.194039,100361073.08665311
08-10-2020,2.2901025,14026928.603024,96626244.2271101
07-10-2020,2.17459599,12053371.149591,90510593.136206
06-10-2020,2.65275143,8274088.030813,109983903.67952684
05-10-2020,2.52255708,7148795.36633,104629072.11208975
04-10-2020,2.55363781,5964945.748663,104629198.18132688
03-10-2020,2.62890391,14212990.242723,107373602.62220952
02-10-2020,2.86612578,8826242.176135,116446343.764479
01-10-2020,2.89585172,5787535.35331,116997169.793763
30-09-2020,2.94511904,6850416.403733,117794737.82329232
29-09-2020,2.95577515,9309539.826511,115671366.64099684
28-09-2020,3.16599488,7557998.443944,124163454.94575258
27-09-2020,3.13514522,8801854.277708,121477645.40078652
26-09-2020,3.19100605,13618464.79644,122238331.59277277
25-09-2020,3.13012641,16633162.873781,118878878.68168244
24-09-2020,2.83550059,14564763.145005,107801478.99659245
23-09-2020,2.94021551,18874481.496141,110996725.68154047
22-09-2020,2.77366023,19270693.968702,105132421.8250733
21-09-2020,2.86795826,9294739.741029,107485223.20908946
20-09-2020,3.0147289,10943760.457858,113066182.9422364
19-09-2020,3.08407983,22533255.903117,115398247.16683204
18-09-2020,2.9191993,21791980.632196,107329192.55976476
17-09-2020,2.54946541,24795333.687555,94070098.59695262
16-09-2020,2.93169321,12635260.000412,107150010.94799854
15-09-2020,3.26239121,21853783.608766,118721263.47138277
14-09-2020,3.22479831,15375145.936973,112654349.57438488
13-09-2020,3.33266209,10193775.121683,116947704.57942767
12-09-2020,3.44620852,16519855.116029,121133286.76719752
11-09-2020,3.45309,31817980.375815,118759154.8277774
10-09-2020,3.63437035,46180176.273431,121438753.71660665
09-09-2020,2.47428063,10503232.091517,85338829.21618006
08-09-2020,2.90643802,15992080.626502,99103615.3011978
07-09-2020,3.08715375,18512975.69054,103754712.65869252
06-09-2020,2.59517171,25742235.85356,87193154.31518938
05-09-2020,3.54071745,17857611.36846,118962336.47400291
04-09-2020,3.51397115,27187766.957454,119105104.96979707
03-09-2020,4.17622447,23121094.981107,137747076.79202124
02-09-2020,4.30435362,16073140.847875,144080731.16918826
01-09-2020,4.79446185,19476155.18527,157231078.23530626
31-08-2020,4.43666353,22083311.984775,144468272.8412078
30-08-2020,3.97228223,14534080.230702,128816760.88101023
29-08-2020,4.01141616,26740109.116043,129651597.85797817
28-08-2020,3.43061612,21498130.288651,110491240.21623018
27-08-2020,3.55106694,22112806.023895,114219136.44905476
26-08-2020,3.26124161,12533596.2047,103504610.6052642
25-08-2020,3.33977704,15583655.536927,105025071.74355628
24-08-2020,3.32993405,11705563.476911,104838610.420335
23-08-2020,3.0217656,10159244.744941,95149797.26079312
22-08-2020,2.93318941,12006369.819544,92576368.0854075
21-08-2020,3.20650258,13595404.010379,101186302.29256418
20-08-2020,2.89613107,15448650.496923,91194729.76245809
19-08-2020,3.33106208,29613499.054797,103512572.7225058
18-08-2020,3.10308894,11222688.377131,95117475.85564578
17-08-2020,3.38522673,10367526.298215,101093049.99744666
16-08-2020,3.17319544,13945414.886382,94560197.3979158
15-08-2020,3.41749722,19041477.056083,101662334.18190424
14-08-2020,3.73367541,28936940.781297,108874815.26710749
13-08-2020,3.74138793,27350570.773884,105458413.8307931
12-08-2020,3.26486912,34022534.263691,91851887.99480896
11-08-2020,3.13588374,22017721.742905,87332088.95472732
10-08-2020,2.65900283,11357917.296251,71020175.15382175
09-08-2020,2.47340178,10257501.939669,65401183.62573061
08-08-2020,2.07312041,7707429.070749,54969359.87215626
07-08-2020,2.20192249,10399801.55609,57169342.30736419
06-08-2020,1.76118332,5569521.620615,43050611.45569475
05-08-2020,1.89730725,5584908.268188,46368816.3139189
04-08-2020,1.80036368,5778334.689311,43879557.43250306
03-08-2020,1.74601567,6698349.656646,42382004.44263186
02-08-2020,1.5331374,4748192.135286,37591996.35081554
01-08-2020,1.53809703,5087571.122032,37711209.1687282
31-07-2020,1.68841873,5611511.032736,41117076.71814283
30-07-2020,1.65719193,11129957.578108,40210662.87394944
29-07-2020,1.78396314,9748575.381711,41629008.98213004
28-07-2020,1.77695581,34618880.397741,41165009.82828771
27-07-2020,1.59702605,9916449.449219,35745817.7886529
26-07-2020,1.25086643,9847485.817662,27986367.37451385
25-07-2020,0.99620446,2030487.649315,22240716.37530521
24-07-2020,1.05580629,3051275.67076,23621340.96676559
23-07-2020,1.04472467,5381567.012407,23288212.43762789
22-07-2020,0.97639203,4296502.831841,20859692.48008183
21-07-2020,0.87305898,3041235.988885,18811046.93901724
20-07-2020,0.92243834,2231346.892892,19624140.86478575
19-07-2020,0.96731827,2951092.759334,20602905.14344744
18-07-2020,0.98182415,11550958.719089,20917439.75564856
17-07-2020,0.86891847,9296866.059843,17274473.46197496
16-07-2020,1.29354751,3361791.927422,24362181.92654055
15-07-2020,1.14835619,2236363.061694,19972946.84442129
14-07-2020,1.17875329,4064986.859324,20428062.23511229
13-07-2020,1.01752694,4779890.404797,16696748.62176667
12-07-2020,0.92153419,1733700.483832,15255277.05816987
11-07-2020,0.91363737,1871221.381625,15112460.37027957
10-07-2020,0.85047834,2615952.924426,14045120.42282106
09-07-2020,0.79561417,2258517.814089,13138366.72426377
08-07-2020,0.75347726,1711217.873798,12435090.74214987
07-07-2020,0.7084093,1164528.516228,11691026.18090691
06-07-2020,0.69218766,3820984.230135,11423393.47428414
05-07-2020,0.78118711,1683516.106731,12892264.59270759
04-07-2020,0.76747047,1136961.545898,12672163.17503139
03-07-2020,0.77461148,1796842.527682,12783903.73450776
02-07-2020,0.83245924,1840101.230846,13737840.60927967
01-07-2020,0.85929555,4200596.310609,14164459.01397903
30-06-2020,0.85312688,2179078.50221,14062849.9745091
29-06-2020,0.79876047,3419777.192562,13136127.95236029
28-06-2020,0.71335537,1710200.37564,11750514.83967768
27-06-2020,0.74072087,1673667.391558,12079079.1451861
26-06-2020,0.71268941,1804323.659106,11741625.18994288
25-06-2020,0.73624526,2827321.031897,12150092.54225176
24-06-2020,0.70673363,1383543.515394,11646898.98250334
23-06-2020,0.72717296,1654719.032752,11996277.11268716
22-06-2020,0.67274779,2287434.979192,11086240.79289364
21-06-2020,0.64459798,1745226.986195,10673766.04333862
20-06-2020,0.68609169,7055205.212782,11247343.89420311
19-06-2020,0.619998,1372641.019899,10224928.43580747
18-06-2020,0.58184817,704810.188891,9549958.35463254
17-06-2020,0.58509884,679085.216201,9519846.38912149
16-06-2020,0.57033127,1052111.259269,9320494.00074121
15-06-2020,0.58618311,915552.325663,9583560.12503535
14-06-2020,0.6088102,753788.263305,9955797.60475687
13-06-2020,0.59335648,962192.202345,9722321.60166213
12-06-2020,0.5719983,1164520.213589,9341515.40626821
11-06-2020,0.65036175,1145633.287296,10648020.65447342
10-06-2020,0.65541852,934660.151081,10726797.093154
09-06-2020,0.66768074,1450401.051181,10913789.3867705
08-06-2020,0.61937456,778127.933019,10138083.79372387
07-06-2020,0.62541746,1644975.947936,10180036.83531056
06-06-2020,0.6569611,4253926.368139,10747702.95638117
05-06-2020,0.58675537,863889.776349,9543805.26248722
04-06-2020,0.58620547,888236.664725,9614805.94741188
03-06-2020,0.56581432,1384105.149773,9310563.10943371
02-06-2020,0.57897552,2232352.346863,9424972.58616183
01-06-2020,0.575677,1936502.361093,9399234.9514859
31-05-2020,0.58581324,2439529.328958,9591470.33610501
30-05-2020,0.57743231,2051249.650451,9427078.26608464
29-05-2020,0.57217009,2654599.496858,9366383.78394155
28-05-2020,0.58840049,2545885.093825,4715158.09027535
27-05-2020,0.57313995,2703457.584155,4598505.3510088
26-05-2020,0.60223041,4453912.364551,4809730.17960867
25-05-2020,0.54657417,2831384.623667,4374843.16036941
24-05-2020,0.60822017,2624526.458176,4866957.61542499
23-05-2020,0.61498323,3449950.869842,4919865.80656783
22-05-2020,0.6055661,2791803.410912,4853042.59489784
21-05-2020,0.57958594,2306268.656301,4629608.82973847
20-05-2020,0.62193575,2375972.614431,4996233.19933248
19-05-2020,0.64773444,3280890.995949,5213969.63380214
18-05-2020,0.61593374,2950437.82109,4898008.35775984
17-05-2020,0.59896611,2286736.274938,4752035.38617175
16-05-2020,0.5564342,1837728.91458,4432087.50899181
15-05-2020,0.57428142,548910.111112,4570789.91837684
14-05-2020,0.5533191,2337721.382751,4413742.89750091
13-05-2020,0.53334265,2182277.411687,4266741.23130491
12-05-2020,0.5139235,2113480.526002,4171226.29910029
11-05-2020,0.54177793,2370841.723069,4324416.94928526
10-05-2020,0.6017918,2126230.151996,4816707.90941828
09-05-2020,0.60893966,2493703.559428,4827334.90816907
08-05-2020,0.60893989,3385522.017471,4874818.72185592
07-05-2020,0.61940036,2715223.287706,5010066.05478024
06-05-2020,0.65030815,2903980.856852,5195811.6286706
05-05-2020,0.67282974,3467483.256731,5354861.58390889
04-05-2020,0.68660982,3375393.73001,5486412.38566429
03-05-2020,0.71243789,3457574.557001,5669404.16998171
02-05-2020,0.71695393,4174109.642904,5735879.89959945
01-05-2020,0.69308972,5182978.537733,5635423.50596413
30-04-2020,0.74118901,8964597.27053,5897415.53721542
29-04-2020,0.65742832,7387289.032147,5283691.35133158
28-04-2020,0.56831548,7534010.521157,4616001.37515563
27-04-2020,0.6398628,8493459.048447,5137791.33082596
26-04-2020,0.64709032,7324961.274115,5173619.23346503
25-04-2020,0.62276509,8959427.139646,5027193.62040914
24-04-2020,0.62170328,13659849.485802,4909586.99903656
23-04-2020,0.68488722,18146790.144481,5446538.17385084
22-04-2020,0.57282692,9610841.993019,4591546.7612261
21-04-2020,0.53479049,8763891.031038,4285479.15468102
20-04-2020,0.60943584,9789186.730548,4844617.21118236
19-04-2020,0.67697219,10199318.16316,5423066.28586426
18-04-2020,0.6574494,10227034.752457,5348323.97534936
17-04-2020,0.69233313,23132895.909516,5505929.48697869
16-04-2020,0.63762107,12659541.408409,5114653.93263679
15-04-2020,0.66667339,17523533.049867,5306221.06575891
14-04-2020,0.78671219,19579214.892932,6302364.15058463
13-04-2020,0.87599441,37821009.955602,7269680.44744514
12-04-2020,0.78471131,49458692.875224,6173607.67834532
11-04-2020,0.95760583,92672667.43447,7827651.8926592
