Date,Price,Volume,Market_cap,crypto_name
26-02-2024,0.68944438,20905582.903117,461781263.71784365,Terra
25-02-2024,0.69332523,31573807.470601,463784729.36425126,Terra
24-02-2024,0.66532188,13072535.815838,444436172.9351848,Terra
23-02-2024,0.65166344,18648938.188588,434750648.6751277,Terra
22-02-2024,0.66060229,20463418.037279,440142983.87706435,Terra
21-02-2024,0.66892766,53060388.706972,445072234.6574795,Terra
20-02-2024,0.6861551,48892586.424851,455943410.14409685,Terra
19-02-2024,0.71496566,42487681.699807,474426555.63688886,Terra
18-02-2024,0.71407044,23534503.143735,473218126.58050895,Terra
17-02-2024,0.71363397,34035384.672504,472270342.6294863,Terra
16-02-2024,0.71538427,46743628.228006,472811759.1084609,Terra
15-02-2024,0.73107773,148646419.445597,482551202.4157973,Terra
14-02-2024,0.69135652,44131743.312324,455692532.6913102,Terra
13-02-2024,0.66088252,30249956.63011,435037728.0602684,Terra
12-02-2024,0.67458653,37275701.714023,443476944.3051692,Terra
11-02-2024,0.66056378,25255412.658199,433566703.34282273,Terra
10-02-2024,0.68381129,45935331.669303,448320142.5783318,Terra
09-02-2024,0.66838689,35502389.401085,437590303.502652,Terra
08-02-2024,0.65826648,44962206.450755,430396918.882946,Terra
07-02-2024,0.65957811,40233294.908626,430686543.1562525,Terra
06-02-2024,0.64110621,26276389.45807,418034482.9936776,Terra
05-02-2024,0.63098477,29791394.834024,410893544.23258376,Terra
04-02-2024,0.62877637,54430122.881013,408877669.32791984,Terra
03-02-2024,0.6595669,50642310.067674,428332776.5441871,Terra
02-02-2024,0.61964616,19294738.316214,401836747.35233927,Terra
01-02-2024,0.60661341,22553665.687813,392863905.4484164,Terra
31-01-2024,0.60210704,31946309.036511,389428307.152626,Terra
30-01-2024,0.62615497,29496746.673115,404405807.28528327,Terra
29-01-2024,0.64721401,29665822.215503,417451520.38058394,Terra
28-01-2024,0.63676488,27750321.228947,410125031.28813165,Terra
27-01-2024,0.65221486,75303201.787691,419031290.9127753,Terra
26-01-2024,0.61587325,27875910.489995,395605678.5536808,Terra
25-01-2024,0.5878343,28541825.96914,377086195.1419205,Terra
24-01-2024,0.59931894,27763440.65637,383936532.86812335,Terra
23-01-2024,0.58343512,37673773.803938,372618202.69449455,Terra
22-01-2024,0.59025747,46438661.19089,377077875.2646952,Terra
21-01-2024,0.64619774,21775479.898654,412219067.13629526,Terra
20-01-2024,0.66032912,24191470.999138,420665842.68047935,Terra
19-01-2024,0.65792194,43425661.731918,418566155.7171223,Terra
18-01-2024,0.68966414,43481697.051666,438124443.50495815,Terra
17-01-2024,0.73118687,30050472.370976,463625777.54586303,Terra
16-01-2024,0.74426719,38312534.648654,430563211.86514413,Terra
15-01-2024,0.73317554,44938273.030161,424146621.23356485,Terra
14-01-2024,0.71843781,43675163.877009,415620753.27368623,Terra
13-01-2024,0.75388456,71752981.667988,436126919.70197743,Terra
12-01-2024,0.69929637,61820681.806714,404547309.45094806,Terra
11-01-2024,0.7296352,46829692.8268,422098512.62183905,Terra
10-01-2024,0.72645465,57359556.179245,420258547.0831637,Terra
09-01-2024,0.67330043,42611920.691319,389508495.18225074,Terra
08-01-2024,0.72468784,49189003.277945,419236435.07919407,Terra
07-01-2024,0.66035193,27507063.11227,382017706.3605671,Terra
06-01-2024,0.69938587,34090091.12525,404599088.7991016,Terra
05-01-2024,0.72457032,57729231.714487,419168448.0880313,Terra
04-01-2024,0.75845934,42028023.095548,438773455.0485392,Terra
03-01-2024,0.69946932,92348671.854982,404647360.6966096,Terra
02-01-2024,0.8364747,37934761.923069,483905831.1166457,Terra
01-01-2024,0.86121098,28497788.99616,498215918.8121404,Terra
31-12-2023,0.82895949,43353142.952372,479558233.47952175,Terra
30-12-2023,0.86098385,29572229.195233,498084527.41064227,Terra
29-12-2023,0.85232696,44762761.703269,493076459.4399488,Terra
28-12-2023,0.87300135,58394355.887301,505036725.91473526,Terra
27-12-2023,0.91765633,40637231.901839,530869907.4955033,Terra
26-12-2023,0.90512552,69222707.007831,523620758.5107778,Terra
25-12-2023,0.9715595,51881726.182612,562053229.9286069,Terra
24-12-2023,0.95067044,46289551.493923,549968776.7714821,Terra
23-12-2023,0.97783031,48388900.308327,565680932.2551533,Terra
22-12-2023,1.00475508,98506018.017531,581257079.3380356,Terra
21-12-2023,0.96346777,54644967.278305,557372112.2548016,Terra
20-12-2023,0.94311122,56790208.658966,545595719.4219508,Terra
19-12-2023,0.954769,122726653.454432,552339816.7752159,Terra
18-12-2023,0.90248556,53796924.671959,522093524.12192416,Terra
17-12-2023,0.94264413,38452957.845974,545325505.3442018,Terra
16-12-2023,0.9652257,54559576.980416,558389085.6132036,Terra
15-12-2023,0.93651914,53570227.789397,541782161.6989969,Terra
14-12-2023,1.00193363,72911737.051339,579624853.0643896,Terra
13-12-2023,1.00043454,88302406.068719,578757618.0622984,Terra
12-12-2023,0.97371103,79908007.532796,563297902.753764,Terra
11-12-2023,0.96059279,116408814.801484,555708920.858902,Terra
10-12-2023,1.08266348,258971172.307574,626327575.716854,Terra
09-12-2023,0.9591807,76987380.601088,554892015.2886521,Terra
08-12-2023,1.03979998,85248501.182104,601530768.6203471,Terra
07-12-2023,0.99775369,108830984.095416,577206732.0597855,Terra
06-12-2023,1.03844701,159199560.858503,600748070.5865971,Terra
05-12-2023,1.15119301,304461137.859692,665972332.2529596,Terra
04-12-2023,1.21333402,728242551.173653,701921296.018352,Terra
03-12-2023,0.88476969,92225246.765717,511844781.4729433,Terra
02-12-2023,0.80498736,86392024.600141,465690208.52089745,Terra
01-12-2023,0.79639674,116544453.391305,460720479.7390373,Terra
30-11-2023,0.73487914,55670024.131483,425132164.09522545,Terra
29-11-2023,0.74958001,130633157.969576,433636708.69550174,Terra
28-11-2023,0.75451579,150551362.801853,436492091.55455375,Terra
27-11-2023,0.74082009,418191100.115093,428569041.2862885,Terra
26-11-2023,0.78068233,339614223.885008,451629595.7442761,Terra
25-11-2023,0.66852613,70355710.564754,386746535.9214838,Terra
24-11-2023,0.63238381,35044806.18856,365837977.0649388,Terra
23-11-2023,0.63233233,42888412.450081,365808194.4490696,Terra
22-11-2023,0.6332602,77036901.652346,366344971.40191126,Terra
21-11-2023,0.56954248,49474772.973488,329483874.6066621,Terra
20-11-2023,0.62205531,32744370.758973,359862873.24635,Terra
19-11-2023,0.65374797,34876172.147368,378197277.30552834,Terra
18-11-2023,0.64277528,64523680.110752,371849504.548414,Terra
17-11-2023,0.64986044,65927590.783016,375948313.6620211,Terra
16-11-2023,0.68964407,85432098.145306,398963394.96670216,Terra
15-11-2023,0.75252917,97919111.940099,435342814.33108413,Terra
14-11-2023,0.704751,73490240.808756,407531151.9095335,Terra
13-11-2023,0.72643851,151995267.49015,419409072.22177017,Terra
12-11-2023,0.79709628,215787731.600147,459524615.85619766,Terra
11-11-2023,0.7212297,347413602.509155,415130358.44624734,Terra
10-11-2023,0.84136449,705285215.160517,483562463.924328,Terra
09-11-2023,0.48248717,82277463.604198,276891438.011587,Terra
08-11-2023,0.48164335,35598536.620019,275967746.1948525,Terra
07-11-2023,0.46653513,24038066.612439,266915019.33220068,Terra
06-11-2023,0.47902175,26958802.866383,273622675.1914177,Terra
05-11-2023,0.45620503,18629577.199945,260202095.2468478,Terra
04-11-2023,0.44922383,19760138.597475,255810791.36043143,Terra
03-11-2023,0.44471891,26937274.519041,252868025.73511752,Terra
02-11-2023,0.45007922,22044033.856601,255505809.18338627,Terra
01-11-2023,0.46301997,25633003.310583,262459538.4810092,Terra
31-10-2023,0.45580587,21204450.488304,257955974.51095068,Terra
30-10-2023,0.47823912,30522347.318356,270245733.80691457,Terra
29-10-2023,0.46992826,20401347.014597,265121753.55369064,Terra
28-10-2023,0.47382184,40134693.00499,266915132.55323613,Terra
27-10-2023,0.441713,18233477.454536,248424234.5836264,Terra
26-10-2023,0.45107869,42358774.877851,253308211.39472285,Terra
25-10-2023,0.45689752,65942763.29046,256186848.00321928,Terra
24-10-2023,0.44095482,62487549.0203,180702774.90640765,Terra
23-10-2023,0.43155868,30755111.364378,176485295.97525066,Terra
22-10-2023,0.41528247,19228665.088954,169451130.17400435,Terra
21-10-2023,0.41519278,30777582.230445,169061849.99827173,Terra
20-10-2023,0.40490831,23331102.000483,164505653.15798637,Terra
19-10-2023,0.39293598,20495913.912321,159308117.8822442,Terra
18-10-2023,0.40536171,17997877.399465,163976525.82838207,Terra
17-10-2023,0.41067836,29351801.65805,165770492.85189068,Terra
16-10-2023,0.43012087,43555352.556876,173253000.15381175,Terra
15-10-2023,0.40999938,16643515.765976,164774889.95897046,Terra
14-10-2023,0.40234971,7710199.062332,161359205.17023212,Terra
13-10-2023,0.40414422,11581176.57611,161735496.37142277,Terra
12-10-2023,0.40265856,11141655.872219,160774282.4633475,Terra
11-10-2023,0.40370246,16417561.144024,160848086.10406002,Terra
10-10-2023,0.40511168,24083888.263123,161054971.04933766,Terra
09-10-2023,0.40450595,21854425.214079,160472180.6791905,Terra
08-10-2023,0.42477706,12167832.491945,168126328.5329962,Terra
07-10-2023,0.43733278,12024997.920325,172724415.2040076,Terra
06-10-2023,0.44113992,20656843.220856,173851226.35294372,Terra
05-10-2023,0.42859994,19369497.706888,168518309.2505017,Terra
04-10-2023,0.44062753,30434785.067017,172873280.5277094,Terra
03-10-2023,0.45269855,31505463.679951,177197723.29395425,Terra
02-10-2023,0.46917613,59197566.039092,183249092.7513089,Terra
01-10-2023,0.49521271,36117527.371657,192967585.96833244,Terra
30-09-2023,0.48083596,42606580.624507,186956567.98890013,Terra
29-09-2023,0.49257953,55482823.436034,191103933.39693323,Terra
28-09-2023,0.52931981,136659987.526113,204875557.02162585,Terra
27-09-2023,0.55514798,248452991.836606,214399933.56584305,Terra
26-09-2023,0.44636771,41536939.751766,171982056.28326562,Terra
25-09-2023,0.4114139,26329941.629494,158163686.82546994,Terra
24-09-2023,0.4052117,47752953.227862,155431336.7738175,Terra
23-09-2023,0.3942549,10875561.040536,150889532.2472235,Terra
22-09-2023,0.39207231,31851887.934573,149717668.8072607,Terra
21-09-2023,0.39316135,20068744.696429,149772861.09751958,Terra
20-09-2023,0.39031131,11492658.774393,148352610.2929599,Terra
19-09-2023,0.39220656,13166485.222548,148740038.59036368,Terra
18-09-2023,0.39040233,14222879.595637,147700981.12281898,Terra
17-09-2023,0.38849649,9460236.816211,146555839.37063846,Terra
16-09-2023,0.39947066,16421383.888429,150333014.03435585,Terra
15-09-2023,0.40114234,17128845.382866,150622219.1554498,Terra
14-09-2023,0.39433748,20100807.029872,147733233.26093355,Terra
13-09-2023,0.39109565,18765515.928823,146163366.15981925,Terra
12-09-2023,0.39029066,23329970.436984,145530639.71155474,Terra
11-09-2023,0.3879077,18949081.16204,144288505.94073045,Terra
10-09-2023,0.40606751,21762510.473537,150698769.7029716,Terra
09-09-2023,0.43009253,23334547.223365,159249675.2453548,Terra
08-09-2023,0.42971691,47847217.410026,158720150.95754543,Terra
07-09-2023,0.41183975,8423633.535828,151768042.71173015,Terra
06-09-2023,0.40938531,13838843.59166,150491803.10091373,Terra
05-09-2023,0.41419946,43820262.866759,151909423.3720881,Terra
04-09-2023,0.43453233,166721066.800773,159171546.9128974,Terra
03-09-2023,0.39396907,7421560.999916,143978450.31381026,Terra
02-09-2023,0.40096937,9897284.466589,146193500.2463086,Terra
01-09-2023,0.39476303,11118192.410472,143571426.30681345,Terra
31-08-2023,0.40261345,16010002.260663,146084953.26992986,Terra
30-08-2023,0.42374254,13159183.354833,153391583.1853904,Terra
29-08-2023,0.43374039,23576143.384316,156615357.82617846,Terra
28-08-2023,0.41370689,13418308.982523,149030442.96041805,Terra
27-08-2023,0.41644646,7001778.128933,149663732.47628298,Terra
26-08-2023,0.41384767,8999241.61563,148353754.71578154,Terra
25-08-2023,0.4205158,14809049.467975,150387520.1237925,Terra
24-08-2023,0.41958198,14622774.813732,149670937.94979084,Terra
23-08-2023,0.43550897,14004621.142106,154982092.0781469,Terra
22-08-2023,0.42635027,14522761.700067,151361200.66496614,Terra
21-08-2023,0.43506552,14273294.976856,154059883.79957527,Terra
20-08-2023,0.44481508,18535311.245003,157135240.88782656,Terra
19-08-2023,0.4480262,27683926.352001,157862633.358867,Terra
18-08-2023,0.42944682,36136112.407942,150952448.6034646,Terra
17-08-2023,0.42201268,45571102.573721,147982248.10969666,Terra
16-08-2023,0.47439234,40138227.95045,165919365.15120623,Terra
15-08-2023,0.49849367,46209573.760753,173926914.15952185,Terra
14-08-2023,0.5624625,27223382.979848,195701412.30371687,Terra
13-08-2023,0.55942859,25221055.909802,194172288.85903043,Terra
12-08-2023,0.56287189,23938851.86576,194494592.87548333,Terra
11-08-2023,0.55979054,23766261.023496,192955862.1263184,Terra
10-08-2023,0.55986157,26208456.058997,192505829.4165156,Terra
09-08-2023,0.56578833,27956054.219335,194029100.39132336,Terra
08-08-2023,0.56311992,31209544.081134,192634889.75689447,Terra
07-08-2023,0.55994771,33920668.053437,191073322.10773236,Terra
06-08-2023,0.56648088,33683648.200358,192786683.86659157,Terra
05-08-2023,0.55995476,32209942.679187,190089418.20614624,Terra
04-08-2023,0.55919636,33298097.013338,189356400.00569627,Terra
03-08-2023,0.55514262,35866084.545414,187477631.6073956,Terra
02-08-2023,0.56653957,41417783.160692,190845376.1489913,Terra
01-08-2023,0.58058456,44183866.867126,195083517.6574376,Terra
31-07-2023,0.58106138,37208469.569451,194714213.6072804,Terra
30-07-2023,0.59076126,39159379.592035,198168128.58149344,Terra
29-07-2023,0.61013173,27838590.32554,204147104.10292277,Terra
28-07-2023,0.60789788,33853875.360993,202844669.51969883,Terra
27-07-2023,0.60488198,38263818.044879,201323042.93130505,Terra
26-07-2023,0.6048501,40106547.926247,200795166.94209117,Terra
25-07-2023,0.60847274,36882535.08797,201440362.0889041,Terra
24-07-2023,0.61956167,53651820.786734,204582015.82382265,Terra
23-07-2023,0.66582333,60901186.163383,219288844.36268896,Terra
22-07-2023,0.68723571,127817775.55027,225710652.13938227,Terra
21-07-2023,0.6696209,90020315.970269,219352574.30367288,Terra
20-07-2023,0.63516571,46818968.835038,207523167.344214,Terra
19-07-2023,0.64181528,70751064.425658,209108437.99490684,Terra
18-07-2023,0.63259914,52077774.999937,205565681.7140613,Terra
17-07-2023,0.65478533,241411607.750506,212206965.73155153,Terra
16-07-2023,0.63091678,78161886.239793,203894390.7991979,Terra
15-07-2023,0.63933881,65654597.212124,206070402.54235765,Terra
14-07-2023,0.60516147,47175700.431345,194537875.202828,Terra
13-07-2023,0.62004523,34673407.132148,198755043.96239936,Terra
12-07-2023,0.58422751,17885357.569707,186775130.15964064,Terra
11-07-2023,0.5906613,25400299.32881,188327821.32141647,Terra
10-07-2023,0.58964346,37944374.070471,187462881.92740664,Terra
09-07-2023,0.58457142,12685539.783012,182428571.43750632,Terra
08-07-2023,0.59422202,21487072.00039,184933188.31090817,Terra
07-07-2023,0.58925676,19124873.614254,182849485.42378724,Terra
06-07-2023,0.57952714,32476479.675179,179336285.0786938,Terra
05-07-2023,0.60841029,28089464.311678,187723373.28178155,Terra
04-07-2023,0.64307705,32271065.565535,197871723.5081108,Terra
03-07-2023,0.66244625,32831931.832583,203263848.2829261,Terra
02-07-2023,0.64405932,19464958.498445,197803325.2163702,Terra
01-07-2023,0.65033677,46344189.261895,199177547.50911248,Terra
30-06-2023,0.62763682,40936071.691056,191690549.10297576,Terra
29-06-2023,0.61589937,22071820.896995,187542595.6684586,Terra
28-06-2023,0.59964384,31867470.893379,182080291.6535028,Terra
27-06-2023,0.65509847,31606391.358296,198354952.1974328,Terra
26-06-2023,0.66166976,72087971.460796,199772477.50449675,Terra
25-06-2023,0.67735851,53927459.13483,204053359.63430473,Terra
24-06-2023,0.64237938,58112648.741131,192912626.1587917,Terra
23-06-2023,0.67778768,137263844.304206,202967517.54455915,Terra
22-06-2023,0.63336887,65856343.856208,189086641.5013306,Terra
21-06-2023,0.62819336,35621010.875581,187005678.10281703,Terra
20-06-2023,0.60397596,15693108.61122,179281266.56080392,Terra
19-06-2023,0.58199715,18769148.579039,172226386.50975668,Terra
18-06-2023,0.57674352,17361147.20635,170180977.88636333,Terra
17-06-2023,0.59252528,17481139.434347,174296304.7585635,Terra
16-06-2023,0.59074711,19398845.118642,173269896.93143073,Terra
15-06-2023,0.58675024,37422085.458732,171597788.83894232,Terra
14-06-2023,0.58991244,37002089.322008,171982984.86641005,Terra
13-06-2023,0.6105064,35152809.816064,177463670.00836712,Terra
12-06-2023,0.59970577,23130976.154028,173812871.60452333,Terra
11-06-2023,0.59741419,21101457.125988,172603539.70814347,Terra
10-06-2023,0.60586096,93516914.944491,174526772.32014492,Terra
09-06-2023,0.75665212,24624337.572636,217319185.4885902,Terra
08-06-2023,0.76477902,42181771.16289,218954318.52234152,Terra
07-06-2023,0.74506603,46087100.121467,212677116.9650582,Terra
06-06-2023,0.80677248,53403725.917496,229604045.8855958,Terra
05-06-2023,0.78679245,122833289.567866,223198642.7485704,Terra
04-06-2023,0.93760261,215072751.362511,265182242.9567381,Terra
03-06-2023,0.83916256,12048741.590032,236575196.48526916,Terra
02-06-2023,0.84061858,16980656.400362,236270971.22503948,Terra
01-06-2023,0.81836543,22733208.188657,229320949.79759735,Terra
31-05-2023,0.83316999,21837462.83478,232709242.2658645,Terra
30-05-2023,0.86279186,14885656.857371,240188592.04017732,Terra
29-05-2023,0.8625965,14783735.635044,239399744.25476876,Terra
28-05-2023,0.88068428,16044914.962912,243666643.8258408,Terra
27-05-2023,0.86123493,15283145.228607,237499097.83564392,Terra
26-05-2023,0.86293825,16181070.043632,237233565.76754275,Terra
25-05-2023,0.8609466,22492221.838303,233055588.7353753,Terra
24-05-2023,0.85882098,27217750.750952,232480190.18879092,Terra
23-05-2023,0.91284248,14275147.86658,247103644.2749744,Terra
22-05-2023,0.89849469,13544187.759289,243219741.13210472,Terra
21-05-2023,0.9027224,12096484.975868,243782167.84326884,Terra
20-05-2023,0.93069987,10737290.645648,250776650.1128741,Terra
19-05-2023,0.9259386,13583411.670422,248896398.20526007,Terra
18-05-2023,0.93375976,16246323.123908,255549105.02963132,Terra
17-05-2023,0.9598508,18203188.232847,262108841.809327,Terra
16-05-2023,0.93868909,14814570.743706,255726780.789582,Terra
15-05-2023,0.94488968,18272638.754842,256847518.7157932,Terra
14-05-2023,0.93646555,18187661.759703,253953292.02099228,Terra
13-05-2023,0.92239041,20921663.527161,249580910.60749793,Terra
12-05-2023,0.94202625,33549812.615471,254326342.9554824,Terra
11-05-2023,0.92347826,32623594.541136,248722854.3291514,Terra
10-05-2023,0.99684246,61253278.546437,267881985.41017845,Terra
09-05-2023,0.98665353,39442273.282306,265143908.4754772,Terra
08-05-2023,0.9561297,41235278.475275,255220641.0305494,Terra
07-05-2023,1.11272745,21911341.055473,296352577.8395927,Terra
06-05-2023,1.13832825,27699191.514906,302437585.0222728,Terra
05-05-2023,1.20576822,31350179.627066,319630626.67710435,Terra
04-05-2023,1.22366233,17777550.720524,323637767.67187804,Terra
03-05-2023,1.22601826,22592494.737569,323471193.7295245,Terra
02-05-2023,1.23271733,16278722.238082,324498483.6261828,Terra
01-05-2023,1.22811294,23973090.867701,322496367.00714725,Terra
30-04-2023,1.24857171,23127463.567043,327039821.2270378,Terra
29-04-2023,1.27316687,34395092.203317,332662837.4812644,Terra
28-04-2023,1.30675562,55914682.311217,340653453.46968275,Terra
27-04-2023,1.25855272,27873632.498281,327330747.4701541,Terra
26-04-2023,1.23410342,47646007.665983,320177828.865537,Terra
25-04-2023,1.26580413,27601475.969595,327642565.06406504,Terra
24-04-2023,1.26292547,36309384.191237,326085061.90976536,Terra
23-04-2023,1.23709213,45200815.522968,318672744.1029357,Terra
22-04-2023,1.25018952,20683597.17021,321296794.6012873,Terra
21-04-2023,1.21516437,35520454.22271,311460308.6761188,Terra
20-04-2023,1.27319514,44446073.877461,325650115.84528816,Terra
19-04-2023,1.28543466,69021141.70086,327892554.87100434,Terra
18-04-2023,1.4354496,54479379.736512,365300561.8497361,Terra
17-04-2023,1.36926182,33417858.365743,347546185.71520233,Terra
16-04-2023,1.41759306,37869549.752646,358966120.65240085,Terra
15-04-2023,1.41378169,44553618.836902,357094770.3720651,Terra
14-04-2023,1.42455979,82601797.375618,358965519.3445888,Terra
13-04-2023,1.40864735,108570441.202086,354053806.23348254,Terra
12-04-2023,1.40344376,161019484.483392,351847372.85949886,Terra
11-04-2023,1.35496444,44710782.373546,338883616.03951454,Terra
10-04-2023,1.31891533,37613984.370862,321308661.5758664,Terra
09-04-2023,1.328741,102301037.794242,323702350.7324077,Terra
08-04-2023,1.38762153,155582559.750431,338046580.00541115,Terra
07-04-2023,1.26034879,36887714.061997,307040925.4712599,Terra
06-04-2023,1.27426339,27436748.342185,310430741.972802,Terra
05-04-2023,1.27541671,31885930.246541,310711710.2727695,Terra
04-04-2023,1.27237682,26096877.253569,309971143.08037806,Terra
03-04-2023,1.24897184,35719924.678063,304269320.12861,Terra
02-04-2023,1.26490704,26623764.379494,308151387.2136954,Terra
01-04-2023,1.30859848,28586455.418128,318795314.098711,Terra
31-03-2023,1.2852427,24597382.439314,312720851.1876596,Terra
30-03-2023,1.29013755,36228319.328757,312314564.5816016,Terra
29-03-2023,1.29860471,37936704.411569,314364282.79001665,Terra
28-03-2023,1.28774401,32083325.346339,310801356.5515218,Terra
27-03-2023,1.26160407,39518698.60072,303847335.39570594,Terra
26-03-2023,1.31287488,33914944.448984,315411505.2285026,Terra
25-03-2023,1.32452919,50624608.36292,317364646.4617293,Terra
24-03-2023,1.2892368,42165607.506732,308139509.62378925,Terra
23-03-2023,1.36060525,94427304.663108,324328184.994287,Terra
22-03-2023,1.37368322,69844172.227148,326626768.57998043,Terra
21-03-2023,1.43909274,47463727.727693,341260270.00487065,Terra
20-03-2023,1.39182976,46460882.025676,329223168.01532376,Terra
19-03-2023,1.4682507,64139727.843893,346362998.46475786,Terra
18-03-2023,1.44272068,91012347.662463,339481340.46916413,Terra
17-03-2023,1.44709798,44247610.829748,339587022.70718706,Terra
16-03-2023,1.37426791,34567719.64514,321676287.5597262,Terra
15-03-2023,1.34233974,58604130.58484,313343635.095498,Terra
14-03-2023,1.45744219,76639323.817634,339341891.41281754,Terra
13-03-2023,1.4144927,70517648.804056,328435592.0523175,Terra
12-03-2023,1.37573324,36571144.787446,318614053.74071723,Terra
11-03-2023,1.28956859,47648567.720193,297833055.5127246,Terra
10-03-2023,1.30555003,57011599.042613,300743952.7261912,Terra
09-03-2023,1.29501304,62891562.675835,297543915.47552246,Terra
08-03-2023,1.36252891,44876215.293117,312185606.62659544,Terra
07-03-2023,1.49050714,30865713.625555,340618795.4507123,Terra
06-03-2023,1.53413137,29394531.593989,349607728.97948915,Terra
05-03-2023,1.51278081,24805307.496388,343840860.5167236,Terra
04-03-2023,1.51705587,31694250.023892,343844910.50739634,Terra
03-03-2023,1.57064075,64265903.815217,355054587.33460045,Terra
02-03-2023,1.73680087,59465686.400101,391509260.1837663,Terra
01-03-2023,1.74044397,34828016.315339,391294390.54700005,Terra
28-02-2023,1.70743598,50672786.774031,382783970.0722702,Terra
27-02-2023,1.71628504,38181328.351843,383747013.0283556,Terra
26-02-2023,1.73819247,25431295.857553,387537579.738872,Terra
25-02-2023,1.71741115,39846849.423843,381882780.5831791,Terra
24-02-2023,1.73683521,106524960.197265,385095248.3456721,Terra
23-02-2023,1.78271485,39512393.855388,394207388.9140677,Terra
22-02-2023,1.79293106,55463668.113387,395324398.1822426,Terra
21-02-2023,1.80408805,65633987.794033,396711416.65804654,Terra
20-02-2023,1.86429876,57141719.352196,408763580.2155021,Terra
19-02-2023,1.84264724,45725628.982155,401746918.69570017,Terra
18-02-2023,1.88442984,44356373.414744,410856654.12079394,Terra
17-02-2023,1.90124184,57525223.165884,413546288.8057192,Terra
16-02-2023,1.82680243,94976491.912863,395106277.3527419,Terra
15-02-2023,1.98074323,56317240.979524,428401052.41467506,Terra
14-02-2023,1.85925247,42086044.955365,400941642.86129373,Terra
13-02-2023,1.82551265,60117477.013861,392582225.89998233,Terra
12-02-2023,1.78598861,30606149.745828,382944915.0202533,Terra
11-02-2023,1.8487309,36317811.14833,395282966.13827527,Terra
10-02-2023,1.78705429,40781241.041779,380959600.073729,Terra
09-02-2023,1.76827017,58679628.544894,375830093.8341615,Terra
08-02-2023,2.05245948,41306587.114138,435013454.06375855,Terra
07-02-2023,2.13991983,76254188.853813,452073196.01456064,Terra
06-02-2023,2.05188067,52481213.998909,431039300.88449895,Terra
05-02-2023,2.07757207,90624315.973306,436436303.24789846,Terra
04-02-2023,2.18587421,81333373.215787,457794745.89882696,Terra
03-02-2023,2.2513339,300498071.260484,470070067.00213635,Terra
02-02-2023,2.06175684,94789686.467965,429262333.8624801,Terra
01-02-2023,2.1220946,82004074.145615,440474264.07734114,Terra
31-01-2023,2.05836928,112030792.584084,424715384.846968,Terra
30-01-2023,1.96125579,82723776.485622,404677388.4709299,Terra
29-01-2023,2.17531873,72137052.941291,447554376.75653934,Terra
28-01-2023,2.11469533,81441715.049837,439541288.84900737,Terra
27-01-2023,2.13539658,70019813.240495,442280202.83325016,Terra
26-01-2023,2.15732317,77668827.970732,446012474.6268093,Terra
25-01-2023,2.17828056,100202275.778331,415533881.07737434,Terra
24-01-2023,2.04829153,110564740.331447,456254897.0611075,Terra
23-01-2023,2.24741305,139633542.980396,462264575.39811736,Terra
22-01-2023,2.29614114,277734384.933621,444366080.5325669,Terra
21-01-2023,2.21396836,354226614.480124,420486998.1094065,Terra
20-01-2023,2.09999825,102938842.660706,389697375.02570975,Terra
19-01-2023,1.95534277,93123629.470929,370415711.7869149,Terra
18-01-2023,1.85623543,147740362.143123,409552894.01768845,Terra
17-01-2023,2.07190189,147799221.386826,421724170.4340247,Terra
16-01-2023,2.12945877,295192212.293813,408744185.2320566,Terra
15-01-2023,2.06954022,470565376.170609,364230265.88892347,Terra
14-01-2023,1.8447248,335981569.310675,332495425.3892179,Terra
13-01-2023,1.69356307,129902574.344614,312286973.08030856,Terra
12-01-2023,1.61348803,100868244.672974,305419821.5594332,Terra
11-01-2023,1.56152953,77279550.24817,306186552.58588165,Terra
10-01-2023,1.57784209,225251450.381645,299454494.1435998,Terra
09-01-2023,1.56416014,242127612.377095,260721844.26073384,Terra
08-01-2023,1.35022232,25591712.886601,253726921.08786643,Terra
07-01-2023,1.31810663,17541047.328171,254620399.36105692,Terra
06-01-2023,1.325744,26242573.631595,249755297.75998887,Terra
05-01-2023,1.30177842,20436605.694191,253927566.13023365,Terra
04-01-2023,1.32885231,30038752.512831,249892786.572356,Terra
03-01-2023,1.31215804,35024275.240034,250598659.64387563,Terra
02-01-2023,1.31950378,32262674.646063,242495363.26499063,Terra
01-01-2023,1.28045734,20273104.926912,237365022.74962464,Terra
31-12-2022,1.2588254,17104376.053434,235553384.21311215,Terra
30-12-2022,1.25463055,23219111.433623,239100928.96149543,Terra
29-12-2022,1.27317423,27557148.770264,239127696.5539244,Terra
28-12-2022,1.28007681,48525113.18977,254199890.471394,Terra
27-12-2022,1.36970794,118003924.043796,244157590.8956037,Terra
26-12-2022,1.31607822,47310411.261508,233411302.88405788,Terra
25-12-2022,1.27307604,19910321.495814,235541236.4181929,Terra
24-12-2022,1.27741643,19606760.511552,233506982.55901724,Terra
23-12-2022,1.27405974,28885581.073635,232147455.26722813,Terra
22-12-2022,1.27036654,45285643.285744,223238326.08950415,Terra
21-12-2022,1.23517576,28865717.008871,236316015.38766104,Terra
20-12-2022,1.30266503,27430183.473246,222654405.3416249,Terra
19-12-2022,1.23235126,34342039.710503,236903982.2739268,Terra
18-12-2022,1.3189885,22951822.634717,238406532.0081996,Terra
17-12-2022,1.3346168,76936487.379772,228780572.37890935,Terra
16-12-2022,1.29845419,68960222.503329,284574540.37900764,Terra
15-12-2022,1.61030896,21226134.210121,288494274.16513145,Terra
14-12-2022,1.63025267,25826347.002369,293238515.65150726,Terra
13-12-2022,1.67046341,46770241.395538,285163660.13546824,Terra
12-12-2022,1.62753505,34176597.767008,278523029.87718385,Terra
11-12-2022,1.60442958,25831555.698751,285200148.31083566,Terra
10-12-2022,1.65282658,23953964.582686,282553268.75132084,Terra
09-12-2022,1.64028198,30384713.187345,284632644.3210942,Terra
08-12-2022,1.65760801,75053182.710932,270382527.32390994,Terra
07-12-2022,1.58053558,28565764.271538,278132661.0574745,Terra
06-12-2022,1.63581713,25295069.292072,278879022.6353054,Terra
05-12-2022,1.64189812,33942071.14313,280385882.43927246,Terra
04-12-2022,1.65990552,21906184.531379,276992830.3439766,Terra
03-12-2022,1.64410979,30678358.825984,282593245.15290266,Terra
02-12-2022,1.6798662,73117935.393035,275340912.1193597,Terra
01-12-2022,1.65336097,42117100.895634,272003655.33806795,Terra
30-11-2022,1.62844442,36890758.025739,267116829.63846728,Terra
29-11-2022,1.60735504,34412440.64443,260097115.827274,Terra
28-11-2022,1.57219675,37985717.50093,263886009.69683525,Terra
27-11-2022,1.58862952,62537306.536205,257343707.00997305,Terra
26-11-2022,1.55967263,35529224.648566,255422899.15871745,Terra
25-11-2022,1.55262224,35691672.230165,256222218.47684368,Terra
24-11-2022,1.56636015,32080635.465442,257075605.40163773,Terra
23-11-2022,1.57748756,44382410.321702,248915122.3080358,Terra
22-11-2022,1.53739331,64697114.479872,240702337.6691453,Terra
21-11-2022,1.48718967,56000044.540896,252047605.71502233,Terra
20-11-2022,1.55465944,52168042.812448,271838871.16543174,Terra
19-11-2022,1.67724483,28480576.387466,273592387.4108014,Terra
18-11-2022,1.68795818,59948858.507965,270316998.1694398,Terra
17-11-2022,1.66764832,39241493.406662,268710688.625883,Terra
16-11-2022,1.66385717,57377746.145408,274052986.4387819,Terra
15-11-2022,1.6979237,74926804.883195,270589047.0672868,Terra
14-11-2022,1.66300103,68807620.997951,265182560.90809137,Terra
13-11-2022,1.65138325,108042134.996757,271984048.8983088,Terra
12-11-2022,1.69737635,124119601.117453,276723348.5923144,Terra
11-11-2022,1.72105299,132678574.134432,292060026.37919027,Terra
10-11-2022,1.81431437,236488546.064253,255602225.57259727,Terra
09-11-2022,1.61675286,301928907.357377,305532122.8245572,Terra
08-11-2022,1.90888166,272006568.15579,385976698.29961634,Terra
07-11-2022,2.42903391,103393360.899647,380598905.8839964,Terra
06-11-2022,2.38170208,117023368.946067,393202506.1119013,Terra
05-11-2022,2.47651816,199707603.237141,412244432.54989886,Terra
04-11-2022,2.58565836,210829820.752145,376323943.54281914,Terra
03-11-2022,2.37889286,161243304.688561,364444600.26546645,Terra
02-11-2022,2.30218602,125433022.376286,375163812.3320164,Terra
01-11-2022,2.38042076,154565258.033452,385748480.93522346,Terra
31-10-2022,2.45952684,141857026.717748,393773995.2254073,Terra
30-10-2022,2.50519371,334577736.814337,380826815.9093843,Terra
29-10-2022,2.43374373,145092790.70745,381573655.27083904,Terra
28-10-2022,2.4313045,137768221.463753,377830799.9668729,Terra
27-10-2022,2.40383686,169895964.620576,383967686.79007846,Terra
26-10-2022,2.46110777,127555389.10456,377389770.97650206,Terra
25-10-2022,2.41320753,102912188.55992,369238135.80089647,Terra
24-10-2022,2.3727188,89316009.101783,381846648.4311068,Terra
23-10-2022,2.45137176,167734656.430473,365252400.5607441,Terra
22-10-2022,2.35058847,83740835.990162,365521620.7172496,Terra
21-10-2022,2.35073498,112528750.136299,363153573.56085825,Terra
20-10-2022,2.34479164,103845877.12601,374111482.41408384,Terra
19-10-2022,2.44770576,150616091.256619,389566543.55694383,Terra
18-10-2022,2.52015063,159217682.249731,407606575.21548384,Terra
17-10-2022,2.63402375,121836530.453289,402169618.74602014,Terra
16-10-2022,2.62213586,170870577.556154,420235254.4770311,Terra
15-10-2022,2.72634881,287453944.888017,437871881.90049815,Terra
14-10-2022,2.84189912,311524816.921026,438970962.2990786,Terra
13-10-2022,2.63938297,374198227.601864,469202191.72366816,Terra
12-10-2022,2.42137192,445364772.444969,402615136.8186515,Terra
11-10-2022,2.50847762,145800401.784523,416727613.1834785,Terra
10-10-2022,2.53334791,89092938.130009,420733916.0044416,Terra
09-10-2022,2.48816293,76966038.045671,412900327.19676816,Terra
08-10-2022,2.48471137,106532072.682618,411141483.6844232,Terra
07-10-2022,2.47389464,112108677.460076,410968881.38195455,Terra
06-10-2022,2.55269919,145199709.763217,424287467.8126333,Terra
05-10-2022,2.56731591,228840948.126196,427109241.7409564,Terra
04-10-2022,2.45146324,104764473.676522,406155796.2292,Terra
03-10-2022,2.48061188,224177390.488498,413105586.7367409,Terra
02-10-2022,2.47798457,104440412.8774,411183182.1865223,Terra
01-10-2022,2.48700971,164796401.421491,410583925.2654119,Terra
30-09-2022,2.459936,123375715.700809,405872107.4816063,Terra
29-09-2022,2.50639107,213251160.00351,412290578.5396877,Terra
28-09-2022,2.48949083,234185929.844502,411102736.8545177,Terra
27-09-2022,2.7164295,533857217.438173,444519803.1533305,Terra
26-09-2022,2.18429391,119504499.584289,359349484.39749014,Terra
25-09-2022,2.40662973,107802982.708096,395190058.73833215,Terra
24-09-2022,2.62459084,195984284.167988,430982114.13466215,Terra
23-09-2022,2.63344393,129362334.346172,429022788.2362747,Terra
22-09-2022,2.50360577,182781239.542962,407632605.8656413,Terra
21-09-2022,2.69934268,172009879.864485,442037053.161612,Terra
20-09-2022,2.91266892,381042450.566761,472204244.3925592,Terra
19-09-2022,2.73862508,251680359.831189,446819161.8352133,Terra
18-09-2022,3.08854477,358549737.091773,499339153.8198316,Terra
17-09-2022,3.06465539,553545621.225757,498594423.2145189,Terra
16-09-2022,2.73150262,431099253.301899,444215112.37232673,Terra
15-09-2022,2.99215366,1273447504.299969,485394267.5232512,Terra
14-09-2022,4.14402172,957777193.80106,675165437.3988488,Terra
13-09-2022,3.96035801,1181172993.953251,646525810.2329205,Terra
12-09-2022,5.69135246,1423926653.41091,927021635.0165732,Terra
11-09-2022,6.39752059,3099986729.009605,1036521478.5808986,Terra
10-09-2022,5.079782,4546101919.870398,824546503.1291139,Terra
09-09-2022,1.91039677,196742153.281635,310280791.54414546,Terra
08-09-2022,1.88387035,132758466.241094,308029709.19239247,Terra
07-09-2022,1.85572228,230497870.554612,302679014.0239389,Terra
06-09-2022,1.98343572,155275165.712646,319617249.927362,Terra
05-09-2022,1.80991575,46542708.667409,295588584.82427806,Terra
04-09-2022,1.85179109,70174248.545991,302667853.46831715,Terra
03-09-2022,1.84424327,136445251.54733,301834744.5830042,Terra
02-09-2022,1.99574123,456069385.749604,288249987.4563814,Terra
01-09-2022,1.77532408,74010698.539812,255802007.02625808,Terra
31-08-2022,1.73523458,49493097.754942,248517032.15925932,Terra
30-08-2022,1.65079499,23793891.275254,235442160.1669281,Terra
29-08-2022,1.55197979,17004060.175709,223114949.75514397,Terra
28-08-2022,1.62009152,21958334.272584,230912554.22363335,Terra
27-08-2022,1.61494505,51720699.868488,229421965.64830777,Terra
26-08-2022,1.82591457,59101479.91447,260424622.75793007,Terra
25-08-2022,1.71920642,26634369.851512,244061569.6025833,Terra
24-08-2022,1.8178007,59899008.71382,257917402.6284452,Terra
23-08-2022,1.68410985,27752027.484988,237770163.17717993,Terra
22-08-2022,1.68212633,25064808.783629,237842494.54863477,Terra
21-08-2022,1.6264102,27595399.476763,229460473.43817332,Terra
20-08-2022,1.60379011,69217854.277062,225764170.96957117,Terra
19-08-2022,1.76550761,42896983.936724,247588831.04422897,Terra
18-08-2022,1.92996856,32487125.796127,272138181.82340723,Terra
17-08-2022,1.99860319,24546603.106686,274908806.00551724,Terra
16-08-2022,1.99072579,75603699.598944,274254258.16969705,Terra
15-08-2022,2.04898018,63523195.32205,282333342.8650536,Terra
14-08-2022,2.00329827,22016641.664603,274747980.80245614,Terra
13-08-2022,2.04568004,30379173.826522,280751081.478781,Terra
12-08-2022,1.97139168,24024860.440008,271268258.6634963,Terra
11-08-2022,2.02073016,32791021.494589,277452935.77153784,Terra
10-08-2022,1.98714721,44696699.168238,272998559.23161566,Terra
09-08-2022,2.1065656,27333699.284159,289242077.0035234,Terra
08-08-2022,2.09965139,23236575.030186,288423385.51461565,Terra
07-08-2022,2.11309735,31471944.508979,290092519.08487886,Terra
06-08-2022,2.13107983,33479395.228599,292133110.29316324,Terra
05-08-2022,2.09533086,50932540.710203,287158992.09712386,Terra
04-08-2022,2.08463215,58430802.46999,285523200.8178177,Terra
03-08-2022,2.1396412,117279120.718384,294610514.03784007,Terra
02-08-2022,2.26910333,377910724.151502,311168994.5655302,Terra
01-08-2022,1.89389172,76196537.422688,258214287.94672245,Terra
31-07-2022,1.8575127,41806351.969842,252139080.71682993,Terra
30-07-2022,1.91548303,78314076.762595,261784910.4319576,Terra
29-07-2022,1.86167219,50521002.31468,252078740.35458368,Terra
28-07-2022,1.81093716,36270558.13204,244097708.84479895,Terra
27-07-2022,1.70172304,32878145.122721,228185108.0098392,Terra
26-07-2022,1.67091466,35027498.865284,231811693.01953307,Terra
25-07-2022,1.86872028,22746147.575673,251291496.81177655,Terra
24-07-2022,1.86042197,31464681.299973,248182936.13461205,Terra
23-07-2022,1.85557791,28270615.772173,246753209.46083805,Terra
22-07-2022,1.90988853,36449223.624733,254560116.52884108,Terra
21-07-2022,1.90388093,70383146.276993,256283279.97240853,Terra
20-07-2022,2.00001066,60082003.814691,265528719.9540956,Terra
19-07-2022,2.05703735,105375070.834207,270074929.19302845,Terra
18-07-2022,1.76907399,24952307.17301,234417807.34128305,Terra
17-07-2022,1.78297714,27493144.128433,235491315.01039103,Terra
16-07-2022,1.80335504,38813190.14362,236940737.1190872,Terra
15-07-2022,1.76189017,35097844.140006,233347254.8010308,Terra
14-07-2022,1.79570408,51357698.287213,235357230.06309637,Terra
13-07-2022,1.82478586,31861543.187095,240259640.13659945,Terra
12-07-2022,1.89002178,32959907.550505,247597707.90762463,Terra
11-07-2022,2.11480602,27508116.848107,275843520.11916685,Terra
10-07-2022,2.26790257,22664422.028388,296078657.30912846,Terra
09-07-2022,2.35096072,68705450.413153,306649076.89663696,Terra
08-07-2022,2.19413678,21181755.654367,284826594.2032867,Terra
07-07-2022,2.15248742,21810055.70367,279366646.6088488,Terra
06-07-2022,2.15636478,39989502.292302,279367325.1687456,Terra
05-07-2022,2.24971197,35520650.500172,290252576.8601406,Terra
04-07-2022,2.15271981,29622402.766476,277228147.4535964,Terra
03-07-2022,2.11540635,40106990.408247,271495276.0289498,Terra
02-07-2022,2.15800455,56529926.950596,278979328.41446966,Terra
01-07-2022,2.09424062,72457794.679272,269116512.1677416,Terra
30-06-2022,2.61080605,158431222.327037,336848671.7322179,Terra
29-06-2022,2.4454566,108477510.306948,310646680.17543745,Terra
28-06-2022,2.23073702,208642045.276729,283583924.97952825,Terra
27-06-2022,2.02808598,56399263.063913,260625110.5575298,Terra
26-06-2022,1.98879567,39834552.71779,252562977.00848073,Terra
25-06-2022,1.98841895,51166181.526399,254856318.1594289,Terra
24-06-2022,1.94158655,48887901.958004,245632794.0232742,Terra
23-06-2022,1.92219983,32010233.493435,243485478.134982,Terra
22-06-2022,2.02920174,56250161.865331,256274980.806917,Terra
21-06-2022,2.04402877,62933491.796451,258084146.5097464,Terra
20-06-2022,2.10962488,107888464.010618,264901011.2084261,Terra
19-06-2022,1.86367235,102447408.909551,233271844.34476423,Terra
18-06-2022,2.24134032,59226038.675433,281219991.5205692,Terra
17-06-2022,2.24867601,91240084.711187,282826101.59325063,Terra
16-06-2022,2.51932385,141217276.077973,314620254.2733696,Terra
15-06-2022,2.53566817,130384843.998538,0.0,Terra
14-06-2022,2.48046639,139137642.603286,0.0,Terra
13-06-2022,2.71498876,142761318.945268,0.0,Terra
12-06-2022,2.59828367,101930109.8327,0.0,Terra
11-06-2022,2.86084514,91398911.527473,0.0,Terra
10-06-2022,3.15548896,288904955.983123,0.0,Terra
09-06-2022,2.15570915,188057258.719243,0.0,Terra
08-06-2022,3.84382753,155501879.608113,0.0,Terra
07-06-2022,4.92482331,110308250.796237,0.0,Terra
06-06-2022,4.84370308,271370083.866584,0.0,Terra
05-06-2022,6.35801624,213407143.322716,0.0,Terra
04-06-2022,6.4959381,177959163.39413,0.0,Terra
03-06-2022,7.12025523,301440730.596273,0.0,Terra
02-06-2022,6.57193417,418175275.81626,0.0,Terra
01-06-2022,8.94918329,779352679.35183,0.0,Terra
31-05-2022,10.52281037,278287700.700382,0.0,Terra
30-05-2022,5.92077477,188633877.572498,0.0,Terra
29-05-2022,5.1512686,162256858.25424,0.0,Terra
28-05-2022,5.1512686,162256858.25424,0.0,Terra
