date,Caterpillar Stock Price
2013-01-01,0.0
2013-01-02,8.58
2013-01-03,0.0
2013-01-04,7.92
2013-01-05,9.24
2013-01-06,0.0
2013-01-07,12.1
2013-01-08,0.0
2013-01-09,9.9
2013-01-10,0.0
2013-01-11,0.0
2013-01-12,0.0
2013-01-13,0.0
2013-01-14,0.0
2013-01-15,0.0
2013-01-16,0.0
2013-01-17,7.04
2013-01-18,11.44
2013-01-19,6.82
2013-01-20,0.0
2013-01-21,0.0
2013-01-22,0.0
2013-01-23,0.0
2013-01-24,0.0
2013-01-25,22.0
2013-01-26,0.0
2013-01-27,0.0
2013-01-28,0.0
2013-01-29,0.0
2013-01-30,0.0
2013-01-31,9.02
2013-02-01,0.0
2013-02-02,11.6
2013-02-03,0.0
2013-02-04,0.0
2013-02-05,5.4
2013-02-06,14.0
2013-02-07,0.0
2013-02-08,0.0
2013-02-09,6.800000000000001
2013-02-10,0.0
2013-02-11,20.0
2013-02-12,0.0
2013-02-13,9.0
2013-02-14,6.6000000000000005
2013-02-15,0.0
2013-02-16,16.6
2013-02-17,0.0
2013-02-18,0.0
2013-02-19,0.0
2013-02-20,0.0
2013-02-21,0.0
2013-02-22,9.6
2013-02-23,0.0
2013-02-24,0.0
2013-02-25,0.0
2013-02-26,0.0
2013-02-27,0.0
2013-02-28,0.0
2013-03-01,10.95
2013-03-02,0.0
2013-03-03,0.0
2013-03-04,10.35
2013-03-05,6.75
2013-03-06,0.0
2013-03-07,7.05
2013-03-08,0.0
2013-03-09,0.0
2013-03-10,11.4
2013-03-11,15.0
2013-03-12,0.0
2013-03-13,0.0
2013-03-14,13.5
2013-03-15,0.0
2013-03-16,9.15
2013-03-17,0.0
2013-03-18,13.35
2013-03-19,10.8
2013-03-20,0.0
2013-03-21,0.0
2013-03-22,0.0
2013-03-23,0.0
2013-03-24,0.0
2013-03-25,0.0
2013-03-26,7.8
2013-03-27,0.0
2013-03-28,0.0
2013-03-29,0.0
2013-03-30,10.8
2013-03-31,0.0
2013-04-01,0.0
2013-04-02,0.0
2013-04-03,4.84
2013-04-04,9.9
2013-04-05,0.0
2013-04-06,0.0
2013-04-07,0.0
2013-04-08,8.8
2013-04-09,8.14
2013-04-10,0.0
2013-04-11,0.0
2013-04-12,0.0
2013-04-13,0.0
2013-04-14,0.0
2013-04-15,9.46
2013-04-16,0.0
2013-04-17,0.0
2013-04-18,6.82
2013-04-19,9.9
2013-04-20,0.0
2013-04-21,0.0
2013-04-22,0.0
2013-04-23,22.0
2013-04-24,0.0
2013-04-25,8.14
2013-04-26,0.0
2013-04-27,0.0
2013-04-28,0.0
2013-04-29,0.0
2013-04-30,8.58
2013-05-01,0.0
2013-05-02,0.0
2013-05-03,13.090000000000002
2013-05-04,13.77
2013-05-05,0.0
2013-05-06,0.0
2013-05-07,0.0
2013-05-08,8.33
2013-05-09,0.0
2013-05-10,0.0
2013-05-11,14.11
2013-05-12,0.0
2013-05-13,0.0
2013-05-14,0.0
2013-05-15,0.0
2013-05-16,0.0
2013-05-17,0.0
2013-05-18,0.0
2013-05-19,0.0
2013-05-20,0.0
2013-05-21,0.0
2013-05-22,0.0
2013-05-23,17.0
2013-05-24,9.86
2013-05-25,0.0
2013-05-26,0.0
2013-05-27,0.0
2013-05-28,13.260000000000002
2013-05-29,0.0
2013-05-30,10.37
2013-05-31,13.77
2013-06-01,0.0
2013-06-02,0.0
2013-06-03,14.55
2013-06-04,12.45
2013-06-05,0.0
2013-06-06,0.0
2013-06-07,0.0
2013-06-08,0.0
2013-06-09,0.0
2013-06-10,0.0
2013-06-11,9.3
2013-06-12,0.0
2013-06-13,9.6
2013-06-14,0.0
2013-06-15,0.0
2013-06-16,15.0
2013-06-17,0.0
2013-06-18,0.0
2013-06-19,10.35
2013-06-20,0.0
2013-06-21,0.0
2013-06-22,0.0
2013-06-23,0.0
2013-06-24,0.0
2013-06-25,7.05
2013-06-26,0.0
2013-06-27,0.0
2013-06-28,0.0
2013-06-29,0.0
2013-06-30,0.0
2013-07-01,0.0
2013-07-02,0.0
2013-07-03,0.0
2013-07-04,0.0
2013-07-05,0.0
2013-07-06,0.0
2013-07-07,0.0
2013-07-08,13.49
2013-07-09,8.17
2013-07-10,12.16
2013-07-11,11.4
2013-07-12,0.0
2013-07-13,0.0
2013-07-14,0.0
2013-07-15,12.35
2013-07-16,7.22
2013-07-17,0.0
2013-07-18,9.5
2013-07-19,7.98
2013-07-20,0.0
2013-07-21,0.0
2013-07-22,9.69
2013-07-23,17.67
2013-07-24,6.65
2013-07-25,0.0
2013-07-26,0.0
2013-07-27,0.0
2013-07-28,19.0
2013-07-29,0.0
2013-07-30,0.0
2013-07-31,0.0
2013-08-01,0.0
2013-08-02,0.0
2013-08-03,0.0
2013-08-04,0.0
2013-08-05,5.22
2013-08-06,0.0
2013-08-07,0.0
2013-08-08,0.0
2013-08-09,0.0
2013-08-10,10.26
2013-08-11,0.0
2013-08-12,14.4
2013-08-13,0.0
2013-08-14,0.0
2013-08-15,18.0
2013-08-16,11.34
2013-08-17,13.5
2013-08-18,0.0
2013-08-19,0.0
2013-08-20,0.0
2013-08-21,0.0
2013-08-22,0.0
2013-08-23,5.76
2013-08-24,0.0
2013-08-25,0.0
2013-08-26,9.18
2013-08-27,0.0
2013-08-28,0.0
2013-08-29,10.26
2013-08-30,10.44
2013-08-31,0.0
2013-09-01,0.0
2013-09-02,0.0
2013-09-03,8.48
2013-09-04,0.0
2013-09-05,5.6000000000000005
2013-09-06,7.36
2013-09-07,7.04
2013-09-08,16.0
2013-09-09,5.28
2013-09-10,0.0
2013-09-11,0.0
2013-09-12,0.0
2013-09-13,0.0
2013-09-14,0.0
2013-09-15,0.0
2013-09-16,11.2
2013-09-17,5.92
2013-09-18,0.0
2013-09-19,0.0
2013-09-20,0.0
2013-09-21,0.0
2013-09-22,0.0
2013-09-23,0.0
2013-09-24,0.0
2013-09-25,10.88
2013-09-26,0.0
2013-09-27,0.0
2013-09-28,0.0
2013-09-29,9.76
2013-09-30,0.0
2013-10-01,9.75
2013-10-02,11.96
2013-10-03,0.0
2013-10-04,0.0
2013-10-05,0.0
2013-10-06,0.0
2013-10-07,0.0
2013-10-08,5.720000000000001
2013-10-09,0.0
2013-10-10,10.27
2013-10-11,0.0
2013-10-12,0.0
2013-10-13,0.0
2013-10-14,0.0
2013-10-15,13.0
2013-10-16,0.0
2013-10-17,0.0
2013-10-18,0.0
2013-10-19,0.0
2013-10-20,0.0
2013-10-21,7.800000000000001
2013-10-22,0.0
2013-10-23,12.87
2013-10-24,10.53
2013-10-25,6.11
2013-10-26,7.0200000000000005
2013-10-27,0.0
2013-10-28,0.0
2013-10-29,0.0
2013-10-30,0.0
2013-10-31,0.0
2013-11-01,0.0
2013-11-02,0.0
2013-11-03,0.0
2013-11-04,3.5000000000000004
2013-11-05,0.0
2013-11-06,4.340000000000001
2013-11-07,0.0
2013-11-08,0.0
2013-11-09,0.0
2013-11-10,14.000000000000002
2013-11-11,0.0
2013-11-12,3.22
2013-11-13,0.0
2013-11-14,0.0
2013-11-15,7.140000000000001
2013-11-16,0.0
2013-11-17,0.0
2013-11-18,0.0
2013-11-19,3.92
2013-11-20,0.0
2013-11-21,4.62
2013-11-22,7.140000000000001
2013-11-23,0.0
2013-11-24,0.0
2013-11-25,5.6000000000000005
2013-11-26,0.0
2013-11-27,0.0
2013-11-28,0.0
2013-11-29,9.1
2013-11-30,0.0
2013-12-01,0.0
2013-12-02,0.0
2013-12-03,0.0
2013-12-04,0.0
2013-12-05,8.4
2013-12-06,12.6
2013-12-07,0.0
2013-12-08,14.000000000000002
2013-12-09,11.06
2013-12-10,0.0
2013-12-11,0.0
2013-12-12,0.0
2013-12-13,0.0
2013-12-14,0.0
2013-12-15,0.0
2013-12-16,7.700000000000001
2013-12-17,0.0
2013-12-18,12.32
2013-12-19,0.0
2013-12-20,8.4
2013-12-21,7.56
2013-12-22,0.0
2013-12-23,5.74
2013-12-24,0.0
2013-12-25,0.0
2013-12-26,8.96
2013-12-27,7.280000000000001
2013-12-28,0.0
2013-12-29,0.0
2013-12-30,0.0
2013-12-31,0.0
2014-01-01,0.0
2014-01-02,4.37
2014-01-03,5.0600000000000005
2014-01-04,0.0
2014-01-05,0.0
2014-01-06,0.0
2014-01-07,0.0
2014-01-08,5.0600000000000005
2014-01-09,13.34
2014-01-10,12.65
2014-01-11,0.0
2014-01-12,0.0
2014-01-13,6.44
2014-01-14,4.6000000000000005
2014-01-15,0.0
2014-01-16,15.18
2014-01-17,0.0
2014-01-18,0.0
2014-01-19,0.0
2014-01-20,0.0
2014-01-21,0.0
2014-01-22,5.0600000000000005
2014-01-23,0.0
2014-01-24,0.0
2014-01-25,0.0
2014-01-26,0.0
2014-01-27,6.21
2014-01-28,13.34
2014-01-29,23.0
2014-01-30,7.590000000000001
2014-01-31,7.82
2014-02-01,0.0
2014-02-02,0.0
2014-02-03,0.0
2014-02-04,21.0
2014-02-05,0.0
2014-02-06,0.0
2014-02-07,7.56
2014-02-08,0.0
2014-02-09,7.35
2014-02-10,5.04
2014-02-11,9.87
2014-02-12,4.83
2014-02-13,8.19
2014-02-14,8.4
2014-02-15,0.0
2014-02-16,0.0
2014-02-17,0.0
2014-02-18,6.93
2014-02-19,17.22
2014-02-20,16.59
2014-02-21,6.09
2014-02-22,10.92
2014-02-23,0.0
2014-02-24,0.0
2014-02-25,0.0
2014-02-26,0.0
2014-02-27,7.979999999999999
2014-02-28,16.38
2014-03-01,0.0
2014-03-02,0.0
2014-03-03,0.0
2014-03-04,7.52
2014-03-05,0.0
2014-03-06,8.8
2014-03-07,3.84
2014-03-08,0.0
2014-03-09,0.0
2014-03-10,0.0
2014-03-11,7.68
2014-03-12,0.0
2014-03-13,7.2
2014-03-14,0.0
2014-03-15,0.0
2014-03-16,0.0
2014-03-17,0.0
2014-03-18,0.0
2014-03-19,0.0
2014-03-20,5.12
2014-03-21,0.0
2014-03-22,0.0
2014-03-23,0.0
2014-03-24,7.2
2014-03-25,6.72
2014-03-26,0.0
2014-03-27,4.96
2014-03-28,6.08
2014-03-29,0.0
2014-03-30,16.0
2014-03-31,5.6000000000000005
2014-04-01,16.8
2014-04-02,0.0
2014-04-03,0.0
2014-04-04,0.0
2014-04-05,0.0
2014-04-06,0.0
2014-04-07,8.4
2014-04-08,0.0
2014-04-09,0.0
2014-04-10,0.0
2014-04-11,0.0
2014-04-12,8.4
2014-04-13,24.0
2014-04-14,4.8
2014-04-15,0.0
2014-04-16,0.0
2014-04-17,7.92
2014-04-18,0.0
2014-04-19,0.0
2014-04-20,0.0
2014-04-21,0.0
2014-04-22,6.24
2014-04-23,0.0
2014-04-24,13.92
2014-04-25,8.879999999999999
2014-04-26,12.0
2014-04-27,7.439999999999999
2014-04-28,0.0
2014-04-29,0.0
2014-04-30,5.04
2014-05-01,0.0
2014-05-02,0.0
2014-05-03,0.0
2014-05-04,9.6
2014-05-05,4.95
2014-05-06,15.0
2014-05-07,0.0
2014-05-08,0.0
2014-05-09,4.8
2014-05-10,0.0
2014-05-11,0.0
2014-05-12,0.0
2014-05-13,0.0
2014-05-14,0.0
2014-05-15,0.0
2014-05-16,5.7
2014-05-17,0.0
2014-05-18,0.0
2014-05-19,0.0
2014-05-20,0.0
2014-05-21,9.6
2014-05-22,0.0
2014-05-23,0.0
2014-05-24,13.95
2014-05-25,0.0
2014-05-26,0.0
2014-05-27,0.0
2014-05-28,0.0
2014-05-29,0.0
2014-05-30,0.0
2014-05-31,8.549999999999999
2014-06-01,3.75
2014-06-02,3.3
2014-06-03,4.35
2014-06-04,0.0
2014-06-05,0.0
2014-06-06,0.0
2014-06-07,0.0
2014-06-08,0.0
2014-06-09,0.0
2014-06-10,6.0
2014-06-11,2.1
2014-06-12,8.549999999999999
2014-06-13,7.649999999999999
2014-06-14,5.1
2014-06-15,0.0
2014-06-16,0.0
2014-06-17,0.0
2014-06-18,3.9
2014-06-19,0.0
2014-06-20,3.6
2014-06-21,15.0
2014-06-22,0.0
2014-06-23,0.0
2014-06-24,3.9
2014-06-25,2.1
2014-06-26,0.0
2014-06-27,0.0
2014-06-28,6.45
2014-06-29,0.0
2014-06-30,0.0
2014-07-01,0.0
2014-07-02,0.0
2014-07-03,0.0
2014-07-04,0.0
2014-07-05,20.0
2014-07-06,0.0
2014-07-07,0.0
2014-07-08,8.6
2014-07-09,16.2
2014-07-10,0.0
2014-07-11,0.0
2014-07-12,0.0
2014-07-13,0.0
2014-07-14,0.0
2014-07-15,0.0
2014-07-16,0.0
2014-07-17,18.2
2014-07-18,0.0
2014-07-19,0.0
2014-07-20,8.200000000000001
2014-07-21,9.0
2014-07-22,0.0
2014-07-23,15.6
2014-07-24,0.0
2014-07-25,0.0
2014-07-26,0.0
2014-07-27,0.0
2014-07-28,0.0
2014-07-29,0.0
2014-07-30,14.8
2014-07-31,0.0
2014-08-01,10.2
2014-08-02,0.0
2014-08-03,11.4
2014-08-04,0.0
2014-08-05,11.28
2014-08-06,0.0
2014-08-07,0.0
2014-08-08,0.0
2014-08-09,0.0
2014-08-10,0.0
2014-08-11,0.0
2014-08-12,0.0
2014-08-13,5.4
2014-08-14,6.359999999999999
2014-08-15,0.0
2014-08-16,0.0
2014-08-17,5.88
2014-08-18,5.88
2014-08-19,4.92
2014-08-20,0.0
2014-08-21,0.0
2014-08-22,12.0
2014-08-23,0.0
2014-08-24,0.0
2014-08-25,0.0
2014-08-26,7.08
2014-08-27,11.76
2014-08-28,0.0
2014-08-29,9.6
2014-08-30,0.0
2014-08-31,9.24
2014-09-01,0.0
2014-09-02,4.56
2014-09-03,8.04
2014-09-04,0.0
2014-09-05,3.36
2014-09-06,0.0
2014-09-07,3.96
2014-09-08,0.0
2014-09-09,6.48
2014-09-10,3.72
2014-09-11,0.0
2014-09-12,0.0
2014-09-13,0.0
2014-09-14,0.0
2014-09-15,0.0
2014-09-16,12.0
2014-09-17,0.0
2014-09-18,0.0
2014-09-19,0.0
2014-09-20,0.0
2014-09-21,0.0
2014-09-22,2.76
2014-09-23,0.0
2014-09-24,6.359999999999999
2014-09-25,0.0
2014-09-26,0.0
2014-09-27,0.0
2014-09-28,0.0
2014-09-29,4.2
2014-09-30,0.0
2014-10-01,0.0
2014-10-02,6.4
2014-10-03,17.2
2014-10-04,0.0
2014-10-05,0.0
2014-10-06,20.0
2014-10-07,0.0
2014-10-08,0.0
2014-10-09,0.0
2014-10-10,5.800000000000001
2014-10-11,0.0
2014-10-12,0.0
2014-10-13,0.0
2014-10-14,0.0
2014-10-15,10.6
2014-10-16,12.8
2014-10-17,9.4
2014-10-18,0.0
2014-10-19,12.6
2014-10-20,17.400000000000002
2014-10-21,0.0
2014-10-22,0.0
2014-10-23,6.6000000000000005
2014-10-24,0.0
2014-10-25,0.0
2014-10-26,0.0
2014-10-27,0.0
2014-10-28,0.0
2014-10-29,0.0
2014-10-30,12.2
2014-10-31,0.0
2014-11-01,8.64
2014-11-02,0.0
2014-11-03,0.0
2014-11-04,0.0
2014-11-05,0.0
2014-11-06,7.92
2014-11-07,8.28
2014-11-08,0.0
2014-11-09,0.0
2014-11-10,0.0
2014-11-11,5.58
2014-11-12,8.1
2014-11-13,18.0
2014-11-14,0.0
2014-11-15,0.0
2014-11-16,0.0
2014-11-17,5.58
2014-11-18,10.62
2014-11-19,0.0
2014-11-20,0.0
2014-11-21,0.0
2014-11-22,6.48
2014-11-23,9.54
2014-11-24,0.0
2014-11-25,0.0
2014-11-26,8.64
2014-11-27,0.0
2014-11-28,0.0
2014-11-29,9.0
2014-11-30,0.0
2014-12-01,5.46
2014-12-02,3.57
2014-12-03,5.46
2014-12-04,4.2
2014-12-05,7.35
2014-12-06,21.0
2014-12-07,0.0
2014-12-08,5.67
2014-12-09,4.41
2014-12-10,10.08
2014-12-11,0.0
2014-12-12,4.62
2014-12-13,0.0
2014-12-14,0.0
2014-12-15,0.0
2014-12-16,0.0
2014-12-17,0.0
2014-12-18,0.0
2014-12-19,13.86
2014-12-20,9.03
2014-12-21,6.72
2014-12-22,4.83
2014-12-23,0.0
2014-12-24,7.35
2014-12-25,6.72
2014-12-26,6.51
2014-12-27,7.56
2014-12-28,0.0
2014-12-29,0.0
2014-12-30,0.0
2014-12-31,0.0
2015-01-01,0.0
2015-01-02,0.0
2015-01-03,10.53
2015-01-04,8.64
2015-01-05,0.0
2015-01-06,8.64
2015-01-07,0.0
2015-01-08,8.91
2015-01-09,7.0200000000000005
2015-01-10,10.8
2015-01-11,0.0
2015-01-12,0.0
2015-01-13,6.210000000000001
2015-01-14,0.0
2015-01-15,6.48
2015-01-16,0.0
2015-01-17,0.0
2015-01-18,0.0
2015-01-19,0.0
2015-01-20,0.0
2015-01-21,12.96
2015-01-22,6.75
2015-01-23,0.0
2015-01-24,0.0
2015-01-25,0.0
2015-01-26,10.260000000000002
2015-01-27,9.18
2015-01-28,13.23
2015-01-29,27.0
2015-01-30,5.4
2015-01-31,11.61
2015-02-01,0.0
2015-02-02,8.100000000000001
2015-02-03,20.25
2015-02-04,0.0
2015-02-05,0.0
2015-02-06,14.580000000000002
2015-02-07,27.0
2015-02-08,0.0
2015-02-09,25.92
2015-02-10,0.0
2015-02-11,0.0
2015-02-12,0.0
2015-02-13,25.65
2015-02-14,0.0
2015-02-15,0.0
2015-02-16,0.0
2015-02-17,0.0
2015-02-18,9.45
2015-02-19,0.0
2015-02-20,20.790000000000003
2015-02-21,0.0
2015-02-22,0.0
2015-02-23,0.0
2015-02-24,23.76
2015-02-25,12.15
2015-02-26,0.0
2015-02-27,0.0
2015-02-28,0.0
2015-03-01,0.0
2015-03-02,19.200000000000003
2015-03-03,0.0
2015-03-04,0.0
2015-03-05,0.0
2015-03-06,0.0
2015-03-07,0.0
2015-03-08,0.0
2015-03-09,0.0
2015-03-10,0.0
2015-03-11,0.0
2015-03-12,20.0
2015-03-13,8.0
2015-03-14,0.0
2015-03-15,0.0
2015-03-16,7.800000000000001
2015-03-17,7.2
2015-03-18,0.0
2015-03-19,0.0
2015-03-20,10.0
2015-03-21,0.0
2015-03-22,0.0
2015-03-23,0.0
2015-03-24,10.4
2015-03-25,0.0
2015-03-26,0.0
2015-03-27,0.0
2015-03-28,0.0
2015-03-29,0.0
2015-03-30,8.8
2015-03-31,0.0
2015-04-01,0.0
2015-04-02,2.88
2015-04-03,3.04
2015-04-04,4.16
2015-04-05,0.0
2015-04-06,0.0
2015-04-07,0.0
2015-04-08,0.0
2015-04-09,2.88
2015-04-10,16.0
2015-04-11,0.0
2015-04-12,0.0
2015-04-13,0.0
2015-04-14,0.0
2015-04-15,0.0
2015-04-16,0.0
2015-04-17,0.0
2015-04-18,13.28
2015-04-19,0.0
2015-04-20,0.0
2015-04-21,0.0
2015-04-22,0.0
2015-04-23,0.0
2015-04-24,4.96
2015-04-25,0.0
2015-04-26,0.0
2015-04-27,3.2
2015-04-28,0.0
2015-04-29,0.0
2015-04-30,0.0
2015-05-01,5.6000000000000005
2015-05-02,20.0
2015-05-03,0.0
2015-05-04,0.0
2015-05-05,0.0
2015-05-06,0.0
2015-05-07,9.0
2015-05-08,0.0
2015-05-09,0.0
2015-05-10,0.0
2015-05-11,0.0
2015-05-12,0.0
2015-05-13,4.2
2015-05-14,0.0
2015-05-15,3.0
2015-05-16,0.0
2015-05-17,0.0
2015-05-18,0.0
2015-05-19,0.0
2015-05-20,0.0
2015-05-21,0.0
2015-05-22,0.0
2015-05-23,0.0
2015-05-24,0.0
2015-05-25,0.0
2015-05-26,4.6000000000000005
2015-05-27,0.0
2015-05-28,3.2
2015-05-29,0.0
2015-05-30,0.0
2015-05-31,5.2
2015-06-01,8.16
2015-06-02,16.32
2015-06-03,11.76
2015-06-04,0.0
2015-06-05,11.28
2015-06-06,0.0
2015-06-07,10.08
2015-06-08,0.0
2015-06-09,24.0
2015-06-10,7.92
2015-06-11,14.64
2015-06-12,0.0
2015-06-13,0.0
2015-06-14,0.0
2015-06-15,23.04
2015-06-16,6.0
2015-06-17,0.0
2015-06-18,18.0
2015-06-19,0.0
2015-06-20,0.0
2015-06-21,0.0
2015-06-22,0.0
2015-06-23,8.4
2015-06-24,14.16
2015-06-25,0.0
2015-06-26,0.0
2015-06-27,0.0
2015-06-28,0.0
2015-06-29,0.0
2015-06-30,8.16
2015-07-01,0.0
2015-07-02,6.38
2015-07-03,5.72
2015-07-04,22.0
2015-07-05,6.6
2015-07-06,8.58
2015-07-07,5.72
2015-07-08,8.58
2015-07-09,8.8
2015-07-10,0.0
2015-07-11,0.0
2015-07-12,0.0
2015-07-13,0.0
2015-07-14,10.78
2015-07-15,5.5
2015-07-16,0.0
2015-07-17,7.7
2015-07-18,0.0
2015-07-19,0.0
2015-07-20,0.0
2015-07-21,4.84
2015-07-22,0.0
2015-07-23,7.7
2015-07-24,0.0
2015-07-25,10.12
2015-07-26,0.0
2015-07-27,0.0
2015-07-28,11.88
2015-07-29,0.0
2015-07-30,0.0
2015-07-31,8.36
2015-08-01,0.0
2015-08-02,0.0
2015-08-03,0.0
2015-08-04,8.84
2015-08-05,0.0
2015-08-06,0.0
2015-08-07,0.0
2015-08-08,0.0
2015-08-09,0.0
2015-08-10,7.140000000000001
2015-08-11,0.0
2015-08-12,0.0
2015-08-13,0.0
2015-08-14,21.42
2015-08-15,0.0
2015-08-16,0.0
2015-08-17,0.0
2015-08-18,0.0
2015-08-19,0.0
2015-08-20,6.460000000000001
2015-08-21,9.52
2015-08-22,0.0
2015-08-23,15.98
2015-08-24,23.12
2015-08-25,20.74
2015-08-26,0.0
2015-08-27,0.0
2015-08-28,0.0
2015-08-29,21.08
2015-08-30,9.52
2015-08-31,34.0
2015-09-01,0.0
2015-09-02,15.25
2015-09-03,11.5
2015-09-04,6.25
2015-09-05,0.0
2015-09-06,0.0
2015-09-07,0.0
2015-09-08,5.75
2015-09-09,25.0
2015-09-10,0.0
2015-09-11,0.0
2015-09-12,0.0
2015-09-13,0.0
2015-09-14,0.0
2015-09-15,6.5
2015-09-16,6.0
2015-09-17,7.25
2015-09-18,22.75
2015-09-19,9.75
2015-09-20,0.0
2015-09-21,5.75
2015-09-22,0.0
2015-09-23,12.25
2015-09-24,14.0
2015-09-25,13.5
2015-09-26,0.0
2015-09-27,0.0
2015-09-28,19.25
2015-09-29,0.0
2015-09-30,17.0
2015-10-01,15.68
2015-10-02,14.08
2015-10-03,13.44
2015-10-04,0.0
2015-10-05,32.0
2015-10-06,26.24
2015-10-07,0.0
2015-10-08,20.8
2015-10-09,0.0
2015-10-10,0.0
2015-10-11,0.0
2015-10-12,11.2
2015-10-13,0.0
2015-10-14,0.0
2015-10-15,9.28
2015-10-16,0.0
2015-10-17,0.0
2015-10-18,0.0
2015-10-19,21.12
2015-10-20,9.6
2015-10-21,20.16
2015-10-22,0.0
2015-10-23,0.0
2015-10-24,12.48
2015-10-25,0.0
2015-10-26,0.0
2015-10-27,0.0
2015-10-28,8.64
2015-10-29,14.72
2015-10-30,0.0
2015-10-31,9.6
2015-11-01,0.0
2015-11-02,0.0
2015-11-03,0.0
2015-11-04,19.0
2015-11-05,8.17
2015-11-06,0.0
2015-11-07,14.44
2015-11-08,0.0
2015-11-09,0.0
2015-11-10,6.2700000000000005
2015-11-11,4.94
2015-11-12,0.0
2015-11-13,6.65
2015-11-14,0.0
2015-11-15,0.0
2015-11-16,0.0
2015-11-17,7.03
2015-11-18,11.21
2015-11-19,9.69
2015-11-20,4.18
2015-11-21,9.5
2015-11-22,7.98
2015-11-23,0.0
2015-11-24,0.0
2015-11-25,0.0
2015-11-26,0.0
2015-11-27,0.0
2015-11-28,0.0
2015-11-29,0.0
2015-11-30,0.0
2015-12-01,10.83
2015-12-02,6.2700000000000005
2015-12-03,0.0
2015-12-04,0.0
2015-12-05,7.03
2015-12-06,0.0
2015-12-07,4.37
2015-12-08,11.4
2015-12-09,7.41
2015-12-10,4.5600000000000005
2015-12-11,6.46
2015-12-12,19.0
2015-12-13,0.0
2015-12-14,0.0
2015-12-15,0.0
2015-12-16,7.98
2015-12-17,0.0
2015-12-18,4.5600000000000005
2015-12-19,0.0
2015-12-20,0.0
2015-12-21,9.12
2015-12-22,0.0
2015-12-23,12.54
2015-12-24,13.68
2015-12-25,0.0
2015-12-26,0.0
2015-12-27,0.0
2015-12-28,8.93
2015-12-29,0.0
2015-12-30,0.0
2015-12-31,0.0
2016-01-01,0.0
2016-01-02,0.0
2016-01-03,20.01
2016-01-04,29.0
2016-01-05,10.15
2016-01-06,25.81
2016-01-07,19.14
2016-01-08,17.4
2016-01-09,0.0
2016-01-10,0.0
2016-01-11,25.81
2016-01-12,0.0
2016-01-13,23.2
2016-01-14,0.0
2016-01-15,0.0
2016-01-16,14.21
2016-01-17,0.0
2016-01-18,0.0
2016-01-19,22.33
2016-01-20,13.919999999999998
2016-01-21,0.0
2016-01-22,7.829999999999999
2016-01-23,9.86
2016-01-24,0.0
2016-01-25,15.37
2016-01-26,10.15
2016-01-27,19.14
2016-01-28,17.4
2016-01-29,21.75
2016-01-30,10.44
2016-01-31,0.0
2016-02-01,0.0
2016-02-02,6.3
2016-02-03,6.6
2016-02-04,30.0
2016-02-05,11.7
2016-02-06,0.0
2016-02-07,0.0
2016-02-08,7.5
2016-02-09,17.4
2016-02-10,21.0
2016-02-11,17.7
2016-02-12,0.0
2016-02-13,0.0
2016-02-14,0.0
2016-02-15,0.0
2016-02-16,0.0
2016-02-17,6.6
2016-02-18,19.8
2016-02-19,26.7
2016-02-20,9.9
2016-02-21,28.8
2016-02-22,9.6
2016-02-23,0.0
2016-02-24,0.0
2016-02-25,27.9
2016-02-26,11.4
2016-02-27,0.0
2016-02-28,14.4
2016-02-29,29.4
2016-03-01,32.0
2016-03-02,0.0
2016-03-03,15.68
2016-03-04,24.0
2016-03-05,0.0
2016-03-06,19.52
2016-03-07,10.88
2016-03-08,22.08
2016-03-09,0.0
2016-03-10,23.04
2016-03-11,0.0
2016-03-12,11.52
2016-03-13,30.72
2016-03-14,10.56
2016-03-15,0.0
2016-03-16,0.0
2016-03-17,20.48
2016-03-18,13.44
2016-03-19,0.0
2016-03-20,0.0
2016-03-21,19.84
2016-03-22,0.0
2016-03-23,24.96
2016-03-24,25.6
2016-03-25,18.24
2016-03-26,0.0
2016-03-27,0.0
2016-03-28,27.84
2016-03-29,0.0
2016-03-30,0.0
2016-03-31,12.8
2016-04-01,22.0
2016-04-02,13.2
2016-04-03,0.0
2016-04-04,0.0
2016-04-05,0.0
2016-04-06,0.0
2016-04-07,0.0
2016-04-08,0.0
2016-04-09,0.0
2016-04-10,12.98
2016-04-11,0.0
2016-04-12,12.98
2016-04-13,11.44
2016-04-14,0.0
2016-04-15,20.02
2016-04-16,0.0
2016-04-17,0.0
2016-04-18,0.0
2016-04-19,18.48
2016-04-20,0.0
2016-04-21,16.06
2016-04-22,12.1
2016-04-23,0.0
2016-04-24,0.0
2016-04-25,0.0
2016-04-26,10.56
2016-04-27,0.0
2016-04-28,0.0
2016-04-29,0.0
2016-04-30,9.02
2016-05-01,12.4
2016-05-02,0.0
2016-05-03,15.19
2016-05-04,25.42
2016-05-05,15.19
2016-05-06,8.99
2016-05-07,0.0
2016-05-08,0.0
2016-05-09,13.64
2016-05-10,22.01
2016-05-11,10.23
2016-05-12,16.43
2016-05-13,13.95
2016-05-14,0.0
2016-05-15,22.32
2016-05-16,13.64
2016-05-17,11.78
2016-05-18,9.92
2016-05-19,31.0
2016-05-20,0.0
2016-05-21,17.05
2016-05-22,0.0
2016-05-23,18.6
2016-05-24,11.78
2016-05-25,13.33
2016-05-26,19.22
2016-05-27,8.37
2016-05-28,0.0
2016-05-29,0.0
2016-05-30,0.0
2016-05-31,16.43
2016-06-01,0.0
2016-06-02,0.0
2016-06-03,8.680000000000001
2016-06-04,0.0
2016-06-05,0.0
2016-06-06,0.0
2016-06-07,6.44
2016-06-08,11.48
2016-06-09,12.32
2016-06-10,5.6000000000000005
2016-06-11,0.0
2016-06-12,0.0
2016-06-13,0.0
2016-06-14,0.0
2016-06-15,12.32
2016-06-16,0.0
2016-06-17,19.6
2016-06-18,0.0
2016-06-19,0.0
2016-06-20,10.64
2016-06-21,0.0
2016-06-22,0.0
2016-06-23,7.840000000000001
2016-06-24,9.52
2016-06-25,0.0
2016-06-26,0.0
2016-06-27,14.000000000000002
2016-06-28,28.000000000000004
2016-06-29,9.52
2016-06-30,0.0
2016-07-01,16.8
2016-07-02,0.0
2016-07-03,0.0
2016-07-04,0.0
2016-07-05,7.5
2016-07-06,0.0
2016-07-07,10.2
2016-07-08,14.1
2016-07-09,0.0
2016-07-10,0.0
2016-07-11,6.6
2016-07-12,17.099999999999998
2016-07-13,0.0
2016-07-14,14.1
2016-07-15,0.0
2016-07-16,9.3
2016-07-17,7.8
2016-07-18,16.5
2016-07-19,6.9
2016-07-20,0.0
2016-07-21,24.3
2016-07-22,5.7
2016-07-23,0.0
2016-07-24,0.0
2016-07-25,30.0
2016-07-26,10.5
2016-07-27,20.1
2016-07-28,14.7
2016-07-29,6.0
2016-07-30,0.0
2016-07-31,0.0
2016-08-01,0.0
2016-08-02,17.0
2016-08-03,0.0
2016-08-04,0.0
2016-08-05,7.140000000000001
2016-08-06,0.0
2016-08-07,0.0
2016-08-08,0.0
2016-08-09,0.0
2016-08-10,7.31
2016-08-11,0.0
2016-08-12,0.0
2016-08-13,0.0
2016-08-14,0.0
2016-08-15,0.0
2016-08-16,4.760000000000001
2016-08-17,0.0
2016-08-18,0.0
2016-08-19,6.630000000000001
2016-08-20,9.35
2016-08-21,0.0
2016-08-22,3.74
2016-08-23,0.0
2016-08-24,0.0
2016-08-25,12.07
2016-08-26,0.0
2016-08-27,0.0
2016-08-28,0.0
2016-08-29,0.0
2016-08-30,0.0
2016-08-31,7.82
2016-09-01,5.72
2016-09-02,0.0
2016-09-03,0.0
2016-09-04,8.58
2016-09-05,0.0
2016-09-06,22.0
2016-09-07,11.44
2016-09-08,9.46
2016-09-09,6.6
2016-09-10,0.0
2016-09-11,0.0
2016-09-12,16.28
2016-09-13,11.66
2016-09-14,0.0
2016-09-15,7.7
2016-09-16,10.78
2016-09-17,17.16
2016-09-18,0.0
2016-09-19,6.82
2016-09-20,0.0
2016-09-21,20.24
2016-09-22,14.74
2016-09-23,0.0
2016-09-24,0.0
2016-09-25,0.0
2016-09-26,10.34
2016-09-27,0.0
2016-09-28,0.0
2016-09-29,0.0
2016-09-30,10.12
2016-10-01,0.0
2016-10-02,0.0
2016-10-03,0.0
2016-10-04,0.0
2016-10-05,14.840000000000002
2016-10-06,0.0
2016-10-07,8.680000000000001
2016-10-08,9.52
2016-10-09,0.0
2016-10-10,8.96
2016-10-11,0.0
2016-10-12,13.72
2016-10-13,10.36
2016-10-14,19.040000000000003
2016-10-15,0.0
2016-10-16,17.64
2016-10-17,25.480000000000004
2016-10-18,7.280000000000001
2016-10-19,6.720000000000001
2016-10-20,9.52
2016-10-21,12.04
2016-10-22,0.0
2016-10-23,0.0
2016-10-24,8.120000000000001
2016-10-25,26.040000000000003
2016-10-26,0.0
2016-10-27,28.000000000000004
2016-10-28,7.280000000000001
2016-10-29,0.0
2016-10-30,0.0
2016-10-31,10.36
2016-11-01,0.0
2016-11-02,0.0
2016-11-03,8.74
2016-11-04,16.560000000000002
2016-11-05,12.42
2016-11-06,8.280000000000001
2016-11-07,6.9
2016-11-08,30.360000000000003
2016-11-09,20.7
2016-11-10,46.0
2016-11-11,40.940000000000005
2016-11-12,16.560000000000002
2016-11-13,0.0
2016-11-14,13.34
2016-11-15,0.0
2016-11-16,11.04
2016-11-17,24.380000000000003
2016-11-18,31.74
2016-11-19,0.0
2016-11-20,0.0
2016-11-21,0.0
2016-11-22,19.32
2016-11-23,19.78
2016-11-24,19.32
2016-11-25,22.08
2016-11-26,11.96
2016-11-27,20.24
2016-11-28,0.0
2016-11-29,0.0
2016-11-30,22.08
2016-12-01,15.48
2016-12-02,43.0
2016-12-03,0.0
2016-12-04,0.0
2016-12-05,10.32
2016-12-06,30.1
2016-12-07,26.23
2016-12-08,42.57
2016-12-09,21.07
2016-12-10,0.0
2016-12-11,0.0
2016-12-12,13.76
2016-12-13,36.12
2016-12-14,21.07
2016-12-15,33.97
2016-12-16,10.75
2016-12-17,0.0
2016-12-18,0.0
2016-12-19,38.27
2016-12-20,14.62
2016-12-21,30.53
2016-12-22,21.5
2016-12-23,0.0
2016-12-24,0.0
2016-12-25,13.33
2016-12-26,0.0
2016-12-27,15.48
2016-12-28,14.62
2016-12-29,10.32
2016-12-30,0.0
2016-12-31,0.0
2017-01-01,0.0
2017-01-02,0.0
2017-01-03,11.2
2017-01-04,12.95
2017-01-05,5.25
2017-01-06,9.45
2017-01-07,0.0
2017-01-08,0.0
2017-01-09,7.699999999999999
2017-01-10,4.9
2017-01-11,12.95
2017-01-12,0.0
2017-01-13,0.0
2017-01-14,0.0
2017-01-15,7.35
2017-01-16,0.0
2017-01-17,0.0
2017-01-18,0.0
2017-01-19,11.9
2017-01-20,6.3
2017-01-21,8.049999999999999
2017-01-22,0.0
2017-01-23,8.049999999999999
2017-01-24,20.65
2017-01-25,26.6
2017-01-26,17.849999999999998
2017-01-27,35.0
2017-01-28,0.0
2017-01-29,0.0
2017-01-30,0.0
2017-01-31,0.0
2017-02-01,40.89
2017-02-02,34.78
2017-02-03,29.61
2017-02-04,27.26
2017-02-05,0.0
2017-02-06,25.85
2017-02-07,15.51
2017-02-08,0.0
2017-02-09,27.73
2017-02-10,47.0
2017-02-11,14.57
2017-02-12,0.0
2017-02-13,23.5
2017-02-14,8.459999999999999
2017-02-15,8.93
2017-02-16,20.21
2017-02-17,11.28
2017-02-18,16.919999999999998
2017-02-19,26.32
2017-02-20,0.0
2017-02-21,23.5
2017-02-22,9.4
2017-02-23,42.77
2017-02-24,0.0
2017-02-25,16.919999999999998
2017-02-26,0.0
2017-02-27,15.04
2017-02-28,24.91
2017-03-01,38.35
2017-03-02,65.0
2017-03-03,57.2
2017-03-04,18.85
2017-03-05,16.900000000000002
2017-03-06,15.6
2017-03-07,5.2
2017-03-08,34.45
2017-03-09,26.0
2017-03-10,11.05
2017-03-11,16.25
2017-03-12,0.0
2017-03-13,0.0
2017-03-14,22.1
2017-03-15,20.15
2017-03-16,11.7
2017-03-17,16.900000000000002
2017-03-18,9.1
2017-03-19,8.450000000000001
2017-03-20,14.3
2017-03-21,22.75
2017-03-22,15.6
2017-03-23,11.05
2017-03-24,15.6
2017-03-25,0.0
2017-03-26,0.0
2017-03-27,7.800000000000001
2017-03-28,20.15
2017-03-29,6.5
2017-03-30,14.3
2017-03-31,27.3
2017-04-01,0.0
2017-04-02,27.72
2017-04-03,0.0
2017-04-04,21.56
2017-04-05,8.36
2017-04-06,8.8
2017-04-07,22.88
2017-04-08,0.0
2017-04-09,10.56
2017-04-10,12.76
2017-04-11,11.44
2017-04-12,11.88
2017-04-13,14.52
2017-04-14,26.4
2017-04-15,11.88
2017-04-16,0.0
2017-04-17,0.0
2017-04-18,38.72
2017-04-19,33.44
2017-04-20,29.92
2017-04-21,32.12
2017-04-22,0.0
2017-04-23,0.0
2017-04-24,19.36
2017-04-25,44.0
2017-04-26,33.44
2017-04-27,25.96
2017-04-28,14.52
2017-04-29,0.0
2017-04-30,0.0
2017-05-01,36.8
2017-05-02,23.200000000000003
2017-05-03,22.8
2017-05-04,0.0
2017-05-05,18.0
2017-05-06,0.0
2017-05-07,0.0
2017-05-08,10.8
2017-05-09,19.200000000000003
2017-05-10,21.200000000000003
2017-05-11,31.6
2017-05-12,25.200000000000003
2017-05-13,11.6
2017-05-14,0.0
2017-05-15,16.400000000000002
2017-05-16,13.6
2017-05-17,16.8
2017-05-18,12.0
2017-05-19,0.0
2017-05-20,20.0
2017-05-21,0.0
2017-05-22,8.4
2017-05-23,15.2
2017-05-24,9.6
2017-05-25,24.0
2017-05-26,0.0
2017-05-27,10.8
2017-05-28,11.2
2017-05-29,0.0
2017-05-30,40.0
2017-05-31,0.0
2017-06-01,22.14
2017-06-02,26.24
2017-06-03,19.27
2017-06-04,0.0
2017-06-05,39.36
2017-06-06,27.88
2017-06-07,26.24
2017-06-08,25.01
2017-06-09,0.0
2017-06-10,0.0
2017-06-11,0.0
2017-06-12,0.0
2017-06-13,13.53
2017-06-14,15.579999999999998
2017-06-15,0.0
2017-06-16,14.76
2017-06-17,41.0
2017-06-18,0.0
2017-06-19,20.91
2017-06-20,7.789999999999999
2017-06-21,28.29
2017-06-22,18.04
2017-06-23,13.94
2017-06-24,0.0
2017-06-25,17.63
2017-06-26,21.73
2017-06-27,15.989999999999998
2017-06-28,9.43
2017-06-29,7.789999999999999
2017-06-30,14.35
2017-07-01,0.0
2017-07-02,0.0
2017-07-03,7.98
2017-07-04,0.0
2017-07-05,38.0
2017-07-06,0.0
2017-07-07,10.64
2017-07-08,0.0
2017-07-09,0.0
2017-07-10,17.48
2017-07-11,19.38
2017-07-12,12.16
2017-07-13,11.4
2017-07-14,11.02
2017-07-15,0.0
2017-07-16,0.0
2017-07-17,0.0
2017-07-18,30.02
2017-07-19,0.0
2017-07-20,17.48
2017-07-21,7.6
2017-07-22,0.0
2017-07-23,0.0
2017-07-24,21.66
2017-07-25,21.66
2017-07-26,21.28
2017-07-27,8.36
2017-07-28,13.68
2017-07-29,0.0
2017-07-30,0.0
2017-07-31,0.0
2017-08-01,35.7
2017-08-02,27.72
2017-08-03,0.0
2017-08-04,29.82
2017-08-05,0.0
2017-08-06,0.0
2017-08-07,21.0
2017-08-08,23.1
2017-08-09,19.32
2017-08-10,25.2
2017-08-11,0.0
2017-08-12,0.0
2017-08-13,0.0
2017-08-14,31.92
2017-08-15,20.58
2017-08-16,23.94
2017-08-17,23.52
2017-08-18,38.22
2017-08-19,12.18
2017-08-20,21.84
2017-08-21,39.9
2017-08-22,0.0
2017-08-23,21.84
2017-08-24,41.58
2017-08-25,15.54
2017-08-26,0.0
2017-08-27,0.0
2017-08-28,19.74
2017-08-29,22.68
2017-08-30,42.0
2017-08-31,0.0
2017-09-01,0.0
2017-09-02,0.0
2017-09-03,0.0
2017-09-04,10.75
2017-09-05,12.9
2017-09-06,10.32
2017-09-07,23.22
2017-09-08,24.51
2017-09-09,0.0
2017-09-10,13.76
2017-09-11,9.89
2017-09-12,16.77
2017-09-13,18.49
2017-09-14,23.65
2017-09-15,43.0
2017-09-16,0.0
2017-09-17,17.63
2017-09-18,10.75
2017-09-19,11.61
2017-09-20,19.35
2017-09-21,0.0
2017-09-22,11.61
2017-09-23,0.0
2017-09-24,0.0
2017-09-25,35.69
2017-09-26,33.97
2017-09-27,28.81
2017-09-28,0.0
2017-09-29,21.93
2017-09-30,0.0
2017-10-01,0.0
2017-10-02,10.2
2017-10-03,12.24
2017-10-04,8.67
2017-10-05,0.0
2017-10-06,10.2
2017-10-07,0.0
2017-10-08,0.0
2017-10-09,21.93
2017-10-10,10.2
2017-10-11,25.5
2017-10-12,13.77
2017-10-13,51.0
2017-10-14,0.0
2017-10-15,0.0
2017-10-16,9.69
2017-10-17,12.24
2017-10-18,13.26
2017-10-19,20.4
2017-10-20,9.69
2017-10-21,0.0
2017-10-22,12.75
2017-10-23,17.34
2017-10-24,47.43
2017-10-25,27.03
2017-10-26,22.95
2017-10-27,20.4
2017-10-28,21.93
2017-10-29,0.0
2017-10-30,7.140000000000001
2017-10-31,10.71
2017-11-01,13.33
2017-11-02,28.38
2017-11-03,43.0
2017-11-04,0.0
2017-11-05,0.0
2017-11-06,16.34
2017-11-07,17.2
2017-11-08,28.38
2017-11-09,0.0
2017-11-10,12.47
2017-11-11,0.0
2017-11-12,11.61
2017-11-13,36.12
2017-11-14,0.0
2017-11-15,17.2
2017-11-16,23.22
2017-11-17,30.96
2017-11-18,0.0
2017-11-19,25.8
2017-11-20,27.09
2017-11-21,38.27
2017-11-22,27.52
2017-11-23,0.0
2017-11-24,30.1
2017-11-25,0.0
2017-11-26,12.9
2017-11-27,14.19
2017-11-28,15.05
2017-11-29,22.36
2017-11-30,39.99
2017-12-01,65.0
2017-12-02,0.0
2017-12-03,0.0
2017-12-04,21.45
2017-12-05,29.9
2017-12-06,13.0
2017-12-07,26.0
2017-12-08,23.4
2017-12-09,23.4
2017-12-10,0.0
2017-12-11,16.900000000000002
2017-12-12,13.65
2017-12-13,27.3
2017-12-14,26.0
2017-12-15,24.7
2017-12-16,16.900000000000002
2017-12-17,11.05
2017-12-18,30.55
2017-12-19,28.6
2017-12-20,37.05
2017-12-21,21.45
2017-12-22,33.15
2017-12-23,0.0
2017-12-24,0.0
2017-12-25,0.0
2017-12-26,35.75
2017-12-27,27.95
2017-12-28,39.65
2017-12-29,29.25
2017-12-30,27.95
2017-12-31,0.0
2018-01-01,0.0
2018-01-02,44.0
2018-01-03,34.0
2018-01-04,70.0
2018-01-05,58.0
2018-01-06,0.0
2018-01-07,0.0
2018-01-08,41.0
2018-01-09,32.0
2018-01-10,43.0
2018-01-11,56.0
2018-01-12,95.0
2018-01-13,0.0
2018-01-14,14.0
2018-01-15,20.0
2018-01-16,60.0
2018-01-17,64.0
2018-01-18,50.0
2018-01-19,35.0
2018-01-20,42.0
2018-01-21,11.0
2018-01-22,30.0
2018-01-23,44.0
2018-01-24,46.0
2018-01-25,87.0
2018-01-26,54.0
2018-01-27,33.0
2018-01-28,19.0
2018-01-29,37.0
2018-01-30,40.0
2018-01-31,100.0
2018-02-01,56.7
2018-02-02,47.7
2018-02-03,46.8
2018-02-04,46.8
2018-02-05,51.3
2018-02-06,80.10000000000001
2018-02-07,75.60000000000001
2018-02-08,69.3
2018-02-09,90.0
2018-02-10,0.0
2018-02-11,32.4
2018-02-12,55.8
2018-02-13,66.60000000000001
2018-02-14,0.0
2018-02-15,36.0
2018-02-16,28.8
2018-02-17,0.0
2018-02-18,0.0
2018-02-19,0.0
2018-02-20,57.6
2018-02-21,49.5
2018-02-22,45.0
2018-02-23,68.4
2018-02-24,42.3
2018-02-25,16.2
2018-02-26,46.8
2018-02-27,57.6
2018-02-28,47.7
2018-03-01,31.24
2018-03-02,28.4
2018-03-03,20.59
2018-03-04,16.33
2018-03-05,71.0
2018-03-06,35.5
2018-03-07,0.0
2018-03-08,36.21
2018-03-09,45.44
2018-03-10,0.0
2018-03-11,0.0
2018-03-12,21.3
2018-03-13,41.18
2018-03-14,15.62
2018-03-15,39.76
2018-03-16,38.34
2018-03-17,0.0
2018-03-18,0.0
2018-03-19,25.56
2018-03-20,29.11
2018-03-21,37.63
2018-03-22,58.93
2018-03-23,40.47
2018-03-24,0.0
2018-03-25,0.0
2018-03-26,42.6
2018-03-27,36.21
2018-03-28,31.95
2018-03-29,25.56
2018-03-30,19.88
2018-03-31,24.85
2018-04-01,0.0
2018-04-02,19.52
2018-04-03,26.23
2018-04-04,22.57
2018-04-05,39.65
2018-04-06,29.28
2018-04-07,0.0
2018-04-08,0.0
2018-04-09,28.06
2018-04-10,31.11
2018-04-11,33.55
2018-04-12,29.89
2018-04-13,27.45
2018-04-14,0.0
2018-04-15,0.0
2018-04-16,0.0
2018-04-17,34.77
2018-04-18,29.28
2018-04-19,10.98
2018-04-20,9.76
2018-04-21,0.0
2018-04-22,21.96
2018-04-23,9.76
2018-04-24,61.0
2018-04-25,49.41
2018-04-26,28.67
2018-04-27,35.38
2018-04-28,0.0
2018-04-29,16.47
2018-04-30,0.0
2018-05-01,20.64
2018-05-02,20.64
2018-05-03,10.08
2018-05-04,17.759999999999998
2018-05-05,21.6
2018-05-06,0.0
2018-05-07,12.96
2018-05-08,44.16
2018-05-09,20.64
2018-05-10,14.88
2018-05-11,32.64
2018-05-12,14.4
2018-05-13,9.12
2018-05-14,13.44
2018-05-15,27.36
2018-05-16,22.56
2018-05-17,0.0
2018-05-18,28.8
2018-05-19,0.0
2018-05-20,12.96
2018-05-21,39.84
2018-05-22,19.2
2018-05-23,19.68
2018-05-24,0.0
2018-05-25,13.44
2018-05-26,17.759999999999998
2018-05-27,0.0
2018-05-28,8.64
2018-05-29,17.28
2018-05-30,48.0
2018-05-31,7.68
2018-06-01,21.28
2018-06-02,22.4
2018-06-03,14.000000000000002
2018-06-04,31.360000000000003
2018-06-05,30.800000000000004
2018-06-06,39.2
2018-06-07,15.12
2018-06-08,37.52
2018-06-09,0.0
2018-06-10,25.76
2018-06-11,34.720000000000006
2018-06-12,45.36000000000001
2018-06-13,29.680000000000003
2018-06-14,29.680000000000003
2018-06-15,25.200000000000003
2018-06-16,0.0
2018-06-17,0.0
2018-06-18,29.680000000000003
2018-06-19,19.6
2018-06-20,25.76
2018-06-21,11.2
2018-06-22,31.92
2018-06-23,56.00000000000001
2018-06-24,19.040000000000003
2018-06-25,30.24
2018-06-26,26.880000000000003
2018-06-27,0.0
2018-06-28,54.32000000000001
2018-06-29,29.680000000000003
2018-06-30,18.48
2018-07-01,0.0
2018-07-02,0.0
2018-07-03,27.36
2018-07-04,25.92
2018-07-05,15.84
2018-07-06,7.199999999999999
2018-07-07,0.0
2018-07-08,0.0
2018-07-09,15.84
2018-07-10,31.2
2018-07-11,20.16
2018-07-12,19.2
2018-07-13,10.08
2018-07-14,9.6
2018-07-15,6.72
2018-07-16,8.64
2018-07-17,24.48
2018-07-18,37.92
2018-07-19,16.8
2018-07-20,13.44
2018-07-21,0.0
2018-07-22,0.0
2018-07-23,13.92
2018-07-24,24.0
2018-07-25,19.2
2018-07-26,48.0
2018-07-27,16.8
2018-07-28,16.32
2018-07-29,0.0
2018-07-30,37.92
2018-07-31,29.76
2018-08-01,45.1
2018-08-02,17.05
2018-08-03,13.750000000000002
2018-08-04,0.0
2018-08-05,9.9
2018-08-06,55.00000000000001
2018-08-07,15.400000000000002
2018-08-08,20.35
2018-08-09,31.35
2018-08-10,11.55
2018-08-11,19.25
2018-08-12,0.0
2018-08-13,12.65
2018-08-14,0.0
2018-08-15,31.9
2018-08-16,37.400000000000006
2018-08-17,30.250000000000004
2018-08-18,0.0
2018-08-19,0.0
2018-08-20,38.5
2018-08-21,14.85
2018-08-22,20.9
2018-08-23,12.65
2018-08-24,17.6
2018-08-25,0.0
2018-08-26,0.0
2018-08-27,23.1
2018-08-28,18.700000000000003
2018-08-29,24.200000000000003
2018-08-30,14.3
2018-08-31,15.400000000000002
2018-09-01,13.2
2018-09-02,11.44
2018-09-03,18.48
2018-09-04,16.28
2018-09-05,37.4
2018-09-06,9.68
2018-09-07,0.0
2018-09-08,23.32
2018-09-09,0.0
2018-09-10,29.48
2018-09-11,0.0
2018-09-12,10.12
2018-09-13,18.04
2018-09-14,0.0
2018-09-15,0.0
2018-09-16,0.0
2018-09-17,25.08
2018-09-18,19.8
2018-09-19,14.52
2018-09-20,44.0
2018-09-21,0.0
2018-09-22,8.8
2018-09-23,39.6
2018-09-24,22.88
2018-09-25,18.48
2018-09-26,37.84
2018-09-27,17.16
2018-09-28,20.68
2018-09-29,0.0
2018-09-30,11.0
2018-10-01,18.88
2018-10-02,20.65
2018-10-03,34.809999999999995
2018-10-04,27.14
2018-10-05,19.47
2018-10-06,14.75
2018-10-07,0.0
2018-10-08,0.0
2018-10-09,14.16
2018-10-10,30.09
2018-10-11,0.0
2018-10-12,0.0
2018-10-13,0.0
2018-10-14,0.0
2018-10-15,15.93
2018-10-16,27.14
2018-10-17,21.83
2018-10-18,12.39
2018-10-19,30.09
2018-10-20,27.14
2018-10-21,11.8
2018-10-22,40.71
2018-10-23,59.0
2018-10-24,31.86
2018-10-25,15.34
2018-10-26,43.66
2018-10-27,13.57
2018-10-28,0.0
2018-10-29,25.37
2018-10-30,14.16
2018-10-31,0.0
2018-11-01,31.11
2018-11-02,51.0
2018-11-03,0.0
2018-11-04,21.42
2018-11-05,0.0
2018-11-06,34.17
2018-11-07,38.25
2018-11-08,34.68
2018-11-09,16.830000000000002
2018-11-10,0.0
2018-11-11,0.0
2018-11-12,26.01
2018-11-13,0.0
2018-11-14,0.0
2018-11-15,24.48
2018-11-16,29.07
2018-11-17,0.0
2018-11-18,0.0
2018-11-19,14.79
2018-11-20,20.4
2018-11-21,16.830000000000002
2018-11-22,0.0
2018-11-23,23.97
2018-11-24,44.37
2018-11-25,0.0
2018-11-26,0.0
2018-11-27,7.65
2018-11-28,35.7
2018-11-29,26.01
2018-11-30,34.17
2018-12-01,0.0
2018-12-02,0.0
2018-12-03,27.14
2018-12-04,25.76
2018-12-05,36.8
2018-12-06,30.82
2018-12-07,45.080000000000005
2018-12-08,0.0
2018-12-09,0.0
2018-12-10,16.1
2018-12-11,43.24
2018-12-12,26.68
2018-12-13,12.88
2018-12-14,20.7
2018-12-15,0.0
2018-12-16,10.58
2018-12-17,34.04
2018-12-18,32.660000000000004
2018-12-19,0.0
2018-12-20,0.0
2018-12-21,46.0
2018-12-22,25.76
2018-12-23,0.0
2018-12-24,23.0
2018-12-25,0.0
2018-12-26,14.72
2018-12-27,0.0
2018-12-28,35.88
2018-12-29,0.0
2018-12-30,0.0
2018-12-31,0.0
2019-01-01,11.66
2019-01-02,12.19
2019-01-03,16.43
2019-01-04,29.68
2019-01-05,11.13
2019-01-06,0.0
2019-01-07,26.5
2019-01-08,22.790000000000003
2019-01-09,16.96
2019-01-10,17.490000000000002
2019-01-11,0.0
2019-01-12,11.66
2019-01-13,0.0
2019-01-14,7.42
2019-01-15,12.72
2019-01-16,11.66
2019-01-17,19.08
2019-01-18,23.32
2019-01-19,0.0
2019-01-20,0.0
2019-01-21,0.0
2019-01-22,10.6
2019-01-23,23.85
2019-01-24,6.890000000000001
2019-01-25,25.44
2019-01-26,0.0
2019-01-27,0.0
2019-01-28,53.0
2019-01-29,21.200000000000003
2019-01-30,20.14
2019-01-31,22.790000000000003
2019-02-01,14.0
2019-02-02,10.5
2019-02-03,0.0
2019-02-04,21.0
2019-02-05,0.0
2019-02-06,18.0
2019-02-07,0.0
2019-02-08,42.0
2019-02-09,10.5
2019-02-10,0.0
2019-02-11,21.5
2019-02-12,28.5
2019-02-13,25.0
2019-02-14,11.5
2019-02-15,14.5
2019-02-16,0.0
2019-02-17,0.0
2019-02-18,0.0
2019-02-19,26.5
2019-02-20,27.5
2019-02-21,24.0
2019-02-22,21.0
2019-02-23,0.0
2019-02-24,0.0
2019-02-25,27.5
2019-02-26,40.0
2019-02-27,50.0
2019-02-28,39.5
2019-03-01,27.28
2019-03-02,11.0
2019-03-03,0.0
2019-03-04,10.56
2019-03-05,19.36
2019-03-06,16.72
2019-03-07,16.72
2019-03-08,15.4
2019-03-09,0.0
2019-03-10,0.0
2019-03-11,0.0
2019-03-12,33.44
2019-03-13,25.52
2019-03-14,0.0
2019-03-15,18.92
2019-03-16,0.0
2019-03-17,0.0
2019-03-18,35.64
2019-03-19,13.2
2019-03-20,11.0
2019-03-21,14.08
2019-03-22,21.56
2019-03-23,9.68
2019-03-24,0.0
2019-03-25,35.2
2019-03-26,26.4
2019-03-27,13.64
2019-03-28,13.2
2019-03-29,44.0
2019-03-30,13.64
2019-03-31,10.56
2019-04-01,23.4
2019-04-02,0.0
2019-04-03,21.84
2019-04-04,45.760000000000005
2019-04-05,40.04
2019-04-06,0.0
2019-04-07,0.0
2019-04-08,39.52
2019-04-09,30.16
2019-04-10,26.0
2019-04-11,0.0
2019-04-12,36.92
2019-04-13,0.0
2019-04-14,0.0
2019-04-15,11.44
2019-04-16,25.48
2019-04-17,23.4
2019-04-18,32.24
2019-04-19,0.0
2019-04-20,0.0
2019-04-21,0.0
2019-04-22,13.52
2019-04-23,22.880000000000003
2019-04-24,43.68
2019-04-25,19.76
2019-04-26,29.12
2019-04-27,19.24
2019-04-28,52.0
2019-04-29,28.08
2019-04-30,17.16
2019-05-01,32.24
2019-05-02,16.12
2019-05-03,42.120000000000005
2019-05-04,10.4
2019-05-05,0.0
2019-05-06,22.880000000000003
2019-05-07,29.12
2019-05-08,21.84
2019-05-09,20.28
2019-05-10,19.24
2019-05-11,0.0
2019-05-12,12.48
2019-05-13,34.84
2019-05-14,52.0
2019-05-15,31.72
2019-05-16,39.52
2019-05-17,38.48
2019-05-18,0.0
2019-05-19,0.0
2019-05-20,16.12
2019-05-21,36.92
2019-05-22,17.16
2019-05-23,22.880000000000003
2019-05-24,30.68
2019-05-25,0.0
2019-05-26,11.44
2019-05-27,0.0
2019-05-28,32.76
2019-05-29,17.16
2019-05-30,22.36
2019-05-31,24.44
2019-06-01,42.0
2019-06-02,0.0
2019-06-03,19.74
2019-06-04,15.54
2019-06-05,33.18
2019-06-06,41.16
2019-06-07,13.86
2019-06-08,17.22
2019-06-09,0.0
2019-06-10,12.6
2019-06-11,16.8
2019-06-12,31.08
2019-06-13,27.72
2019-06-14,12.6
2019-06-15,9.66
2019-06-16,0.0
2019-06-17,15.54
2019-06-18,0.0
2019-06-19,23.1
2019-06-20,12.6
2019-06-21,33.6
2019-06-22,0.0
2019-06-23,0.0
2019-06-24,0.0
2019-06-25,17.64
2019-06-26,29.4
2019-06-27,27.72
2019-06-28,21.84
2019-06-29,0.0
2019-06-30,0.0
2019-07-01,20.67
2019-07-02,27.69
2019-07-03,30.03
2019-07-04,0.0
2019-07-05,31.200000000000003
2019-07-06,0.0
2019-07-07,0.0
2019-07-08,14.82
2019-07-09,16.38
2019-07-10,20.28
2019-07-11,36.27
2019-07-12,17.16
2019-07-13,0.0
2019-07-14,0.0
2019-07-15,0.0
2019-07-16,23.79
2019-07-17,0.0
2019-07-18,21.06
2019-07-19,29.64
2019-07-20,0.0
2019-07-21,0.0
2019-07-22,0.0
2019-07-23,29.25
2019-07-24,31.98
2019-07-25,34.32
2019-07-26,39.0
2019-07-27,0.0
2019-07-28,10.92
2019-07-29,0.0
2019-07-30,31.59
2019-07-31,12.87
2019-08-01,25.35
2019-08-02,8.97
2019-08-03,0.0
2019-08-04,0.0
2019-08-05,39.0
2019-08-06,10.92
2019-08-07,16.77
2019-08-08,7.41
2019-08-09,10.14
2019-08-10,6.63
2019-08-11,5.46
2019-08-12,11.7
2019-08-13,12.87
2019-08-14,21.45
2019-08-15,18.33
2019-08-16,8.58
2019-08-17,0.0
2019-08-18,0.0
2019-08-19,10.92
2019-08-20,0.0
2019-08-21,6.63
2019-08-22,19.11
2019-08-23,7.0200000000000005
2019-08-24,0.0
2019-08-25,0.0
2019-08-26,10.14
2019-08-27,8.19
2019-08-28,30.81
2019-08-29,9.36
2019-08-30,13.26
2019-08-31,0.0
2019-09-01,0.0
2019-09-02,0.0
2019-09-03,21.66
2019-09-04,18.62
2019-09-05,38.0
2019-09-06,18.24
2019-09-07,0.0
2019-09-08,0.0
2019-09-09,0.0
2019-09-10,27.74
2019-09-11,20.52
2019-09-12,30.02
2019-09-13,0.0
2019-09-14,26.6
2019-09-15,15.96
2019-09-16,22.8
2019-09-17,23.56
2019-09-18,23.18
2019-09-19,28.5
2019-09-20,26.98
2019-09-21,30.78
2019-09-22,0.0
2019-09-23,14.44
2019-09-24,26.98
2019-09-25,23.56
2019-09-26,30.02
2019-09-27,12.16
2019-09-28,0.0
2019-09-29,0.0
2019-09-30,16.34
2019-10-01,31.85
2019-10-02,23.03
2019-10-03,33.81
2019-10-04,32.83
2019-10-05,0.0
2019-10-06,0.0
2019-10-07,9.8
2019-10-08,0.0
2019-10-09,30.38
2019-10-10,11.27
2019-10-11,31.36
2019-10-12,0.0
2019-10-13,0.0
2019-10-14,17.15
2019-10-15,17.64
2019-10-16,18.13
2019-10-17,23.52
2019-10-18,0.0
2019-10-19,0.0
2019-10-20,0.0
2019-10-21,21.56
2019-10-22,21.56
2019-10-23,48.02
2019-10-24,18.13
2019-10-25,36.75
2019-10-26,12.74
2019-10-27,15.19
2019-10-28,49.0
2019-10-29,12.74
2019-10-30,22.54
2019-10-31,32.34
2019-11-01,9.75
2019-11-02,0.0
2019-11-03,0.0
2019-11-04,0.0
2019-11-05,17.94
2019-11-06,16.77
2019-11-07,11.31
2019-11-08,19.89
2019-11-09,0.0
2019-11-10,0.0
2019-11-11,19.5
2019-11-12,25.35
2019-11-13,0.0
2019-11-14,14.04
2019-11-15,14.82
2019-11-16,0.0
2019-11-17,10.14
2019-11-18,0.0
2019-11-19,0.0
2019-11-20,15.21
2019-11-21,17.94
2019-11-22,9.75
2019-11-23,0.0
2019-11-24,0.0
2019-11-25,19.11
2019-11-26,9.36
2019-11-27,39.0
2019-11-28,10.92
2019-11-29,35.88
2019-11-30,0.0
2019-12-01,0.0
2019-12-02,0.0
2019-12-03,8.68
2019-12-04,16.12
2019-12-05,17.669999999999998
2019-12-06,14.26
2019-12-07,9.92
2019-12-08,17.05
2019-12-09,9.61
2019-12-10,14.57
2019-12-11,0.0
2019-12-12,9.3
2019-12-13,12.4
2019-12-14,0.0
2019-12-15,0.0
2019-12-16,8.37
2019-12-17,0.0
2019-12-18,23.56
2019-12-19,0.0
2019-12-20,14.57
2019-12-21,0.0
2019-12-22,0.0
2019-12-23,31.0
2019-12-24,12.09
2019-12-25,0.0
2019-12-26,0.0
2019-12-27,6.51
2019-12-28,18.6
2019-12-29,9.3
2019-12-30,0.0
2019-12-31,11.16
2020-01-01,0.0
2020-01-02,24.49
2020-01-03,0.0
2020-01-04,0.0
2020-01-05,0.0
2020-01-06,13.33
2020-01-07,12.09
2020-01-08,22.94
2020-01-09,0.0
2020-01-10,0.0
2020-01-11,9.3
2020-01-12,0.0
2020-01-13,0.0
2020-01-14,19.22
2020-01-15,0.0
2020-01-16,16.43
2020-01-17,13.02
2020-01-18,0.0
2020-01-19,0.0
2020-01-20,0.0
2020-01-21,31.0
2020-01-22,0.0
2020-01-23,0.0
2020-01-24,16.43
2020-01-25,0.0
2020-01-26,0.0
2020-01-27,0.0
2020-01-28,8.99
2020-01-29,18.6
2020-01-30,21.39
2020-01-31,25.73
2020-02-01,0.0
2020-02-02,0.0
2020-02-03,13.65
2020-02-04,10.53
2020-02-05,9.75
2020-02-06,12.48
2020-02-07,11.7
2020-02-08,0.0
2020-02-09,11.31
2020-02-10,20.28
2020-02-11,29.25
2020-02-12,20.67
2020-02-13,20.28
2020-02-14,0.0
2020-02-15,0.0
2020-02-16,12.87
2020-02-17,0.0
2020-02-18,7.800000000000001
2020-02-19,17.94
2020-02-20,0.0
2020-02-21,16.38
2020-02-22,0.0
2020-02-23,0.0
2020-02-24,11.31
2020-02-25,26.91
2020-02-26,21.45
2020-02-27,23.79
2020-02-28,39.0
2020-02-29,0.0
2020-03-01,14.45
2020-03-02,10.2
2020-03-03,27.2
2020-03-04,36.55
2020-03-05,34.85
2020-03-06,35.7
2020-03-07,0.0
2020-03-08,0.0
2020-03-09,48.45
2020-03-10,70.55
2020-03-11,58.65
2020-03-12,48.45
2020-03-13,72.25
2020-03-14,37.4
2020-03-15,0.0
2020-03-16,76.5
2020-03-17,45.05
2020-03-18,63.75
2020-03-19,46.75
2020-03-20,45.9
2020-03-21,19.55
2020-03-22,0.0
2020-03-23,85.0
2020-03-24,72.25
2020-03-25,73.95
2020-03-26,64.6
2020-03-27,45.9
2020-03-28,0.0
2020-03-29,26.35
2020-03-30,15.3
2020-03-31,25.5
2020-04-01,49.58
2020-04-02,58.46
2020-04-03,55.5
2020-04-04,11.1
2020-04-05,0.0
2020-04-06,0.0
2020-04-07,38.48
2020-04-08,46.62
2020-04-09,74.0
2020-04-10,37.0
2020-04-11,30.34
2020-04-12,14.8
2020-04-13,43.66
2020-04-14,33.3
2020-04-15,56.24
2020-04-16,63.64
2020-04-17,68.82
2020-04-18,11.1
2020-04-19,0.0
2020-04-20,15.54
2020-04-21,54.02
2020-04-22,28.86
2020-04-23,54.02
2020-04-24,40.7
2020-04-25,18.5
2020-04-26,0.0
2020-04-27,31.08
2020-04-28,28.86
2020-04-29,28.12
2020-04-30,25.16
2020-05-01,28.42
2020-05-02,0.0
2020-05-03,16.24
2020-05-04,30.16
2020-05-05,46.98
2020-05-06,52.78
2020-05-07,43.5
2020-05-08,57.99999999999999
2020-05-09,17.4
2020-05-10,0.0
2020-05-11,13.919999999999998
2020-05-12,33.64
2020-05-13,33.059999999999995
2020-05-14,45.24
2020-05-15,24.36
2020-05-16,29.0
2020-05-17,0.0
2020-05-18,26.68
2020-05-19,18.56
2020-05-20,34.22
2020-05-21,26.68
2020-05-22,10.44
2020-05-23,0.0
2020-05-24,47.56
2020-05-25,0.0
2020-05-26,0.0
2020-05-27,33.059999999999995
2020-05-28,39.44
2020-05-29,40.6
2020-05-30,11.6
2020-05-31,0.0
2020-06-01,27.84
2020-06-02,0.0
2020-06-03,26.88
2020-06-04,22.08
2020-06-05,26.88
2020-06-06,0.0
2020-06-07,0.0
2020-06-08,33.6
2020-06-09,38.4
2020-06-10,27.36
2020-06-11,37.92
2020-06-12,25.92
2020-06-13,0.0
2020-06-14,0.0
2020-06-15,17.759999999999998
2020-06-16,39.36
2020-06-17,33.12
2020-06-18,24.48
2020-06-19,35.52
2020-06-20,27.36
2020-06-21,0.0
2020-06-22,9.12
2020-06-23,31.68
2020-06-24,24.48
2020-06-25,14.88
2020-06-26,31.2
2020-06-27,27.36
2020-06-28,24.48
2020-06-29,8.64
2020-06-30,48.0
2020-07-01,24.5
2020-07-02,33.32
2020-07-03,0.0
2020-07-04,0.0
2020-07-05,0.0
2020-07-06,9.8
2020-07-07,27.44
2020-07-08,36.26
2020-07-09,9.31
2020-07-10,27.93
2020-07-11,0.0
2020-07-12,0.0
2020-07-13,9.8
2020-07-14,38.71
2020-07-15,23.03
2020-07-16,8.82
2020-07-17,49.0
2020-07-18,24.5
2020-07-19,12.74
2020-07-20,19.11
2020-07-21,25.48
2020-07-22,26.46
2020-07-23,15.19
2020-07-24,11.76
2020-07-25,0.0
2020-07-26,0.0
2020-07-27,34.79
2020-07-28,41.16
2020-07-29,15.19
2020-07-30,8.82
2020-07-31,40.18
2020-08-01,0.0
2020-08-02,5.04
2020-08-03,13.86
2020-08-04,13.02
2020-08-05,15.54
2020-08-06,29.82
2020-08-07,11.34
2020-08-08,24.36
2020-08-09,0.0
2020-08-10,21.0
2020-08-11,24.36
2020-08-12,18.06
2020-08-13,25.2
2020-08-14,10.08
2020-08-15,0.0
2020-08-16,0.0
2020-08-17,15.96
2020-08-18,13.44
2020-08-19,14.7
2020-08-20,0.0
2020-08-21,0.0
2020-08-22,6.72
2020-08-23,23.52
2020-08-24,42.0
2020-08-25,9.24
2020-08-26,11.34
2020-08-27,11.76
2020-08-28,7.979999999999999
2020-08-29,0.0
2020-08-30,0.0
2020-08-31,4.2
2020-09-01,21.32
2020-09-02,14.35
2020-09-03,20.5
2020-09-04,13.94
2020-09-05,0.0
2020-09-06,0.0
2020-09-07,0.0
2020-09-08,0.0
2020-09-09,8.2
2020-09-10,27.47
2020-09-11,41.0
2020-09-12,0.0
2020-09-13,0.0
2020-09-14,0.0
2020-09-15,23.37
2020-09-16,10.66
2020-09-17,19.27
2020-09-18,34.44
2020-09-19,15.579999999999998
2020-09-20,0.0
2020-09-21,10.66
2020-09-22,13.94
2020-09-23,15.989999999999998
2020-09-24,14.76
2020-09-25,0.0
2020-09-26,6.97
2020-09-27,41.0
2020-09-28,18.45
2020-09-29,30.75
2020-09-30,26.65
2020-10-01,18.62
2020-10-02,30.87
2020-10-03,0.0
2020-10-04,11.27
2020-10-05,23.03
2020-10-06,9.31
2020-10-07,13.23
2020-10-08,0.0
2020-10-09,20.09
2020-10-10,18.13
2020-10-11,0.0
2020-10-12,13.72
2020-10-13,10.29
2020-10-14,36.75
2020-10-15,22.54
2020-10-16,32.34
2020-10-17,7.84
2020-10-18,13.72
2020-10-19,25.48
2020-10-20,24.01
2020-10-21,0.0
2020-10-22,19.11
2020-10-23,24.99
2020-10-24,34.3
2020-10-25,0.0
2020-10-26,33.32
2020-10-27,37.24
2020-10-28,35.28
2020-10-29,49.0
2020-10-30,28.42
2020-10-31,15.19
2020-11-01,0.0
2020-11-02,10.2
2020-11-03,19.38
2020-11-04,24.48
2020-11-05,32.13
2020-11-06,12.24
2020-11-07,12.24
2020-11-08,0.0
2020-11-09,51.0
2020-11-10,45.39
2020-11-11,44.37
2020-11-12,32.64
2020-11-13,30.09
2020-11-14,0.0
2020-11-15,0.0
2020-11-16,0.0
2020-11-17,0.0
2020-11-18,51.0
2020-11-19,45.39
2020-11-20,9.18
2020-11-21,13.77
2020-11-22,0.0
2020-11-23,13.77
2020-11-24,22.44
2020-11-25,45.39
2020-11-26,14.28
2020-11-27,18.36
2020-11-28,0.0
2020-11-29,0.0
2020-11-30,13.26
2020-12-01,36.57
2020-12-02,11.13
2020-12-03,37.1
2020-12-04,31.270000000000003
2020-12-05,0.0
2020-12-06,21.200000000000003
2020-12-07,33.39
2020-12-08,0.0
2020-12-09,0.0
2020-12-10,17.490000000000002
2020-12-11,32.86
2020-12-12,0.0
2020-12-13,0.0
2020-12-14,20.67
2020-12-15,33.92
2020-12-16,32.86
2020-12-17,18.55
2020-12-18,24.91
2020-12-19,18.02
2020-12-20,24.91
2020-12-21,46.64
2020-12-22,31.8
2020-12-23,10.6
2020-12-24,27.03
2020-12-25,15.9
2020-12-26,0.0
2020-12-27,9.01
2020-12-28,27.03
2020-12-29,28.09
2020-12-30,15.37
2020-12-31,53.0
2021-01-01,0.0
2021-01-02,14.64
2021-01-03,0.0
2021-01-04,27.45
2021-01-05,16.47
2021-01-06,51.85
2021-01-07,54.29
2021-01-08,56.73
2021-01-09,0.0
2021-01-10,15.25
2021-01-11,42.09
2021-01-12,31.72
2021-01-13,53.68
2021-01-14,28.06
2021-01-15,28.06
2021-01-16,28.67
2021-01-17,0.0
2021-01-18,13.42
2021-01-19,37.82
2021-01-20,57.34
2021-01-21,32.94
2021-01-22,44.53
2021-01-23,20.13
2021-01-24,0.0
2021-01-25,61.0
2021-01-26,54.29
2021-01-27,54.9
2021-01-28,17.69
2021-01-29,53.07
2021-01-30,0.0
2021-01-31,18.3
2021-02-01,41.4
2021-02-02,31.74
2021-02-03,30.36
2021-02-04,0.0
2021-02-05,29.67
2021-02-06,17.25
2021-02-07,13.8
2021-02-08,0.0
2021-02-09,28.98
2021-02-10,42.09
2021-02-11,31.05
2021-02-12,22.77
2021-02-13,18.63
2021-02-14,16.56
2021-02-15,0.0
2021-02-16,22.08
2021-02-17,23.46
2021-02-18,26.22
2021-02-19,48.3
2021-02-20,18.63
2021-02-21,0.0
2021-02-22,67.61999999999999
2021-02-23,69.0
2021-02-24,31.05
2021-02-25,0.0
2021-02-26,48.99
2021-02-27,0.0
2021-02-28,0.0
2021-03-01,42.7
2021-03-02,60.9
2021-03-03,28.0
2021-03-04,42.0
2021-03-05,55.3
2021-03-06,0.0
2021-03-07,11.9
2021-03-08,51.1
2021-03-09,39.2
2021-03-10,56.7
2021-03-11,57.4
2021-03-12,34.3
2021-03-13,23.8
2021-03-14,26.6
2021-03-15,32.2
2021-03-16,25.9
2021-03-17,22.4
2021-03-18,53.9
2021-03-19,0.0
2021-03-20,0.0
2021-03-21,0.0
2021-03-22,34.3
2021-03-23,70.0
2021-03-24,42.0
2021-03-25,32.9
2021-03-26,31.5
2021-03-27,18.9
2021-03-28,0.0
2021-03-29,49.0
2021-03-30,53.9
2021-03-31,44.1
2021-04-01,41.54
2021-04-02,24.12
2021-04-03,0.0
2021-04-04,0.0
2021-04-05,37.52
2021-04-06,52.260000000000005
2021-04-07,27.47
2021-04-08,59.63
2021-04-09,52.260000000000005
2021-04-10,25.46
2021-04-11,0.0
2021-04-12,30.82
2021-04-13,36.85
2021-04-14,51.59
2021-04-15,42.88
2021-04-16,12.06
2021-04-17,14.74
2021-04-18,14.07
2021-04-19,45.56
2021-04-20,67.0
2021-04-21,18.09
2021-04-22,64.32000000000001
2021-04-23,41.54
2021-04-24,22.110000000000003
2021-04-25,0.0
2021-04-26,16.75
2021-04-27,39.53
2021-04-28,20.77
2021-04-29,36.85
2021-04-30,29.48
2021-05-01,8.32
2021-05-02,14.08
2021-05-03,32.0
2021-05-04,27.52
2021-05-05,5.76
2021-05-06,38.4
2021-05-07,20.48
2021-05-08,8.32
2021-05-09,7.04
2021-05-10,28.8
2021-05-11,64.0
2021-05-12,42.88
2021-05-13,34.56
2021-05-14,30.08
2021-05-15,16.64
2021-05-16,10.24
2021-05-17,37.12
2021-05-18,60.16
2021-05-19,0.0
2021-05-20,0.0
2021-05-21,31.36
2021-05-22,0.0
2021-05-23,8.32
2021-05-24,14.08
2021-05-25,19.2
2021-05-26,10.88
2021-05-27,14.72
2021-05-28,21.76
2021-05-29,38.4
2021-05-30,29.44
2021-05-31,0.0
2021-06-01,31.200000000000003
2021-06-02,38.35
2021-06-03,61.1
2021-06-04,59.15
2021-06-05,0.0
2021-06-06,0.0
2021-06-07,44.2
2021-06-08,26.0
2021-06-09,33.15
2021-06-10,35.1
2021-06-11,26.0
2021-06-12,31.85
2021-06-13,28.6
2021-06-14,49.4
2021-06-15,29.25
2021-06-16,14.95
2021-06-17,54.6
2021-06-18,39.65
2021-06-19,0.0
2021-06-20,0.0
2021-06-21,37.7
2021-06-22,65.0
2021-06-23,31.200000000000003
2021-06-24,38.35
2021-06-25,57.85
2021-06-26,0.0
2021-06-27,16.900000000000002
2021-06-28,31.200000000000003
2021-06-29,32.5
2021-06-30,22.75
2021-07-01,24.0
2021-07-02,50.0
2021-07-03,11.0
2021-07-04,0.0
2021-07-05,27.0
2021-07-06,19.5
2021-07-07,40.5
2021-07-08,32.5
2021-07-09,34.0
2021-07-10,12.5
2021-07-11,0.0
2021-07-12,23.5
2021-07-13,27.5
2021-07-14,24.0
2021-07-15,37.5
2021-07-16,20.5
2021-07-17,0.0
2021-07-18,0.0
2021-07-19,35.5
2021-07-20,37.0
2021-07-21,22.0
2021-07-22,10.5
2021-07-23,48.0
2021-07-24,11.0
2021-07-25,0.0
2021-07-26,12.5
2021-07-27,20.0
2021-07-28,16.5
2021-07-29,48.0
2021-07-30,47.0
2021-07-31,23.0
2021-08-01,0.0
2021-08-02,33.040000000000006
2021-08-03,21.28
2021-08-04,56.00000000000001
2021-08-05,26.320000000000004
2021-08-06,33.6
2021-08-07,11.2
2021-08-08,0.0
2021-08-09,9.52
2021-08-10,37.52
2021-08-11,38.64
2021-08-12,44.8
2021-08-13,46.48
2021-08-14,12.32
2021-08-15,19.040000000000003
2021-08-16,31.360000000000003
2021-08-17,40.32000000000001
2021-08-18,15.68
2021-08-19,20.160000000000004
2021-08-20,33.040000000000006
2021-08-21,0.0
2021-08-22,0.0
2021-08-23,36.400000000000006
2021-08-24,46.48
2021-08-25,32.480000000000004
2021-08-26,36.400000000000006
2021-08-27,35.28
2021-08-28,13.44
2021-08-29,16.240000000000002
2021-08-30,17.360000000000003
2021-08-31,36.96
2021-09-01,14.4
2021-09-02,17.759999999999998
2021-09-03,0.0
2021-09-04,0.0
2021-09-05,0.0
2021-09-06,0.0
2021-09-07,23.52
2021-09-08,11.04
2021-09-09,13.44
2021-09-10,0.0
2021-09-11,0.0
2021-09-12,0.0
2021-09-13,18.24
2021-09-14,11.04
2021-09-15,16.8
2021-09-16,7.68
2021-09-17,24.48
2021-09-18,0.0
2021-09-19,0.0
2021-09-20,15.84
2021-09-21,39.84
2021-09-22,18.72
2021-09-23,19.2
2021-09-24,48.0
2021-09-25,0.0
2021-09-26,8.64
2021-09-27,13.92
2021-09-28,28.8
2021-09-29,24.96
2021-09-30,8.16
2021-10-01,14.21
2021-10-02,0.0
2021-10-03,0.0
2021-10-04,15.68
2021-10-05,18.62
2021-10-06,28.91
2021-10-07,13.72
2021-10-08,15.68
2021-10-09,0.0
2021-10-10,0.0
2021-10-11,10.78
2021-10-12,0.0
2021-10-13,0.0
2021-10-14,49.0
2021-10-15,25.48
2021-10-16,0.0
2021-10-17,9.31
2021-10-18,31.36
2021-10-19,21.07
2021-10-20,16.66
2021-10-21,28.91
2021-10-22,24.5
2021-10-23,29.89
2021-10-24,0.0
2021-10-25,22.54
2021-10-26,0.0
2021-10-27,22.54
2021-10-28,0.0
2021-10-29,41.65
2021-10-30,0.0
2021-10-31,0.0
2021-11-01,22.44
2021-11-02,11.22
2021-11-03,0.0
2021-11-04,43.56
2021-11-05,48.84
2021-11-06,9.9
2021-11-07,0.0
2021-11-08,55.440000000000005
2021-11-09,65.34
2021-11-10,19.14
2021-11-11,47.52
2021-11-12,30.360000000000003
2021-11-13,0.0
2021-11-14,0.0
2021-11-15,38.940000000000005
2021-11-16,33.0
2021-11-17,24.42
2021-11-18,24.42
2021-11-19,30.360000000000003
2021-11-20,0.0
2021-11-21,29.040000000000003
2021-11-22,31.68
2021-11-23,66.0
2021-11-24,26.4
2021-11-25,0.0
2021-11-26,40.92
2021-11-27,31.020000000000003
2021-11-28,18.48
2021-11-29,27.72
2021-11-30,22.44
2021-12-01,13.64
2021-12-02,22.94
2021-12-03,42.16
2021-12-04,34.72
2021-12-05,0.0
2021-12-06,38.44
2021-12-07,50.22
2021-12-08,32.24
2021-12-09,43.4
2021-12-10,43.4
2021-12-11,0.0
2021-12-12,10.54
2021-12-13,28.52
2021-12-14,0.0
2021-12-15,39.68
2021-12-16,37.82
2021-12-17,46.5
2021-12-18,0.0
2021-12-19,0.0
2021-12-20,38.44
2021-12-21,62.0
2021-12-22,50.84
2021-12-23,32.86
2021-12-24,35.96
2021-12-25,0.0
2021-12-26,14.88
2021-12-27,39.06
2021-12-28,40.3
2021-12-29,41.54
2021-12-30,34.72
2021-12-31,19.84
2022-01-01,0.0
2022-01-02,0.0
2022-01-03,8.67
2022-01-04,0.0
2022-01-05,0.0
2022-01-06,46.92
2022-01-07,24.99
2022-01-08,19.89
2022-01-09,10.2
2022-01-10,22.95
2022-01-11,15.3
2022-01-12,15.3
2022-01-13,31.11
2022-01-14,33.15
2022-01-15,0.0
2022-01-16,0.0
2022-01-17,37.23
2022-01-18,31.62
2022-01-19,29.07
2022-01-20,26.52
2022-01-21,44.88
2022-01-22,15.3
2022-01-23,0.0
2022-01-24,51.0
2022-01-25,44.37
2022-01-26,9.18
2022-01-27,15.3
2022-01-28,12.24
2022-01-29,12.75
2022-01-30,0.0
2022-01-31,28.56
2022-02-01,0.0
2022-02-02,20.5
2022-02-03,33.0
2022-02-04,18.0
2022-02-05,12.5
2022-02-06,0.0
2022-02-07,24.0
2022-02-08,27.0
2022-02-09,20.0
2022-02-10,50.0
2022-02-11,30.5
2022-02-12,13.5
2022-02-13,15.0
2022-02-14,14.5
2022-02-15,12.5
2022-02-16,19.5
2022-02-17,27.0
2022-02-18,28.0
2022-02-19,0.0
2022-02-20,0.0
2022-02-21,9.5
2022-02-22,27.0
2022-02-23,13.5
2022-02-24,20.0
2022-02-25,0.0
2022-02-26,0.0
2022-02-27,7.5
2022-02-28,21.0
2022-03-01,50.84
2022-03-02,13.64
2022-03-03,27.9
2022-03-04,31.0
2022-03-05,13.64
2022-03-06,0.0
2022-03-07,34.72
2022-03-08,42.78
2022-03-09,36.58
2022-03-10,37.2
2022-03-11,62.0
2022-03-12,0.0
2022-03-13,0.0
2022-03-14,42.78
2022-03-15,45.26
2022-03-16,34.72
2022-03-17,38.44
2022-03-18,44.02
2022-03-19,0.0
2022-03-20,13.02
2022-03-21,34.72
2022-03-22,34.1
2022-03-23,40.3
2022-03-24,32.24
2022-03-25,28.52
2022-03-26,0.0
2022-03-27,0.0
2022-03-28,13.64
2022-03-29,23.56
2022-03-30,44.02
2022-03-31,45.88
2022-04-01,19.0
2022-04-02,0.0
2022-04-03,0.0
2022-04-04,0.0
2022-04-05,17.5
2022-04-06,19.0
2022-04-07,20.5
2022-04-08,0.0
2022-04-09,6.5
2022-04-10,0.0
2022-04-11,50.0
2022-04-12,14.5
2022-04-13,26.0
2022-04-14,20.5
2022-04-15,20.5
2022-04-16,6.5
2022-04-17,0.0
2022-04-18,27.0
2022-04-19,17.5
2022-04-20,11.5
2022-04-21,37.0
2022-04-22,25.0
2022-04-23,16.0
2022-04-24,0.0
2022-04-25,30.5
2022-04-26,15.5
2022-04-27,33.5
2022-04-28,22.0
2022-04-29,27.0
2022-04-30,7.5
2022-05-01,0.0
2022-05-02,16.650000000000002
2022-05-03,26.1
2022-05-04,40.5
2022-05-05,7.65
2022-05-06,23.4
2022-05-07,0.0
2022-05-08,0.0
2022-05-09,8.1
2022-05-10,0.0
2022-05-11,37.8
2022-05-12,31.05
2022-05-13,29.7
2022-05-14,13.05
2022-05-15,0.0
2022-05-16,15.75
2022-05-17,12.15
2022-05-18,12.6
2022-05-19,18.0
2022-05-20,45.0
2022-05-21,0.0
2022-05-22,14.4
2022-05-23,22.05
2022-05-24,24.3
2022-05-25,36.9
2022-05-26,40.5
2022-05-27,23.85
2022-05-28,0.0
2022-05-29,41.85
2022-05-30,15.3
2022-05-31,23.85
2022-06-01,26.880000000000003
2022-06-02,24.64
2022-06-03,15.12
2022-06-04,15.12
2022-06-05,0.0
2022-06-06,26.320000000000004
2022-06-07,13.44
2022-06-08,15.12
2022-06-09,7.840000000000001
2022-06-10,56.00000000000001
2022-06-11,0.0
2022-06-12,0.0
2022-06-13,29.120000000000005
2022-06-14,16.8
2022-06-15,27.44
2022-06-16,20.160000000000004
2022-06-17,25.76
2022-06-18,0.0
2022-06-19,33.6
2022-06-20,8.96
2022-06-21,17.92
2022-06-22,29.120000000000005
2022-06-23,47.040000000000006
2022-06-24,28.56
2022-06-25,9.52
2022-06-26,0.0
2022-06-27,37.52
2022-06-28,28.000000000000004
2022-06-29,21.28
2022-06-30,30.800000000000004
2022-07-01,37.62
2022-07-02,6.46
2022-07-03,0.0
2022-07-04,0.0
2022-07-05,23.56
2022-07-06,15.96
2022-07-07,23.56
2022-07-08,30.02
2022-07-09,0.0
2022-07-10,0.0
2022-07-11,15.96
2022-07-12,0.0
2022-07-13,21.28
2022-07-14,19.38
2022-07-15,17.48
2022-07-16,0.0
2022-07-17,0.0
2022-07-18,8.74
2022-07-19,13.68
2022-07-20,9.5
2022-07-21,10.26
2022-07-22,18.62
2022-07-23,15.58
2022-07-24,8.74
2022-07-25,13.68
2022-07-26,24.32
2022-07-27,12.54
2022-07-28,30.78
2022-07-29,38.0
2022-07-30,9.5
2022-07-31,10.64
2022-08-01,21.15
2022-08-02,35.1
2022-08-03,21.6
2022-08-04,31.95
2022-08-05,27.0
2022-08-06,8.1
2022-08-07,11.7
2022-08-08,20.7
2022-08-09,17.55
2022-08-10,32.85
2022-08-11,12.6
2022-08-12,21.15
2022-08-13,8.1
2022-08-14,0.0
2022-08-15,21.6
2022-08-16,25.2
2022-08-17,37.35
2022-08-18,11.7
2022-08-19,34.65
2022-08-20,15.3
2022-08-21,0.0
2022-08-22,45.0
2022-08-23,36.9
2022-08-24,18.0
2022-08-25,19.8
2022-08-26,8.55
2022-08-27,0.0
2022-08-28,0.0
2022-08-29,22.95
2022-08-30,23.85
2022-08-31,28.8
2022-09-01,0.0
2022-09-02,13.69
2022-09-03,0.0
2022-09-04,0.0
2022-09-05,0.0
2022-09-06,0.0
2022-09-07,9.25
2022-09-08,13.69
2022-09-09,12.95
2022-09-10,0.0
2022-09-11,5.92
2022-09-12,12.21
2022-09-13,19.98
2022-09-14,25.9
2022-09-15,8.14
2022-09-16,6.66
2022-09-17,0.0
2022-09-18,0.0
2022-09-19,20.72
2022-09-20,8.51
2022-09-21,18.13
2022-09-22,8.51
2022-09-23,28.12
2022-09-24,11.1
2022-09-25,0.0
2022-09-26,11.84
2022-09-27,37.0
2022-09-28,15.54
2022-09-29,0.0
2022-09-30,33.3
2022-10-01,0.0
2022-10-02,6.12
2022-10-03,10.8
2022-10-04,14.4
2022-10-05,0.0
2022-10-06,7.56
2022-10-07,23.76
2022-10-08,12.96
2022-10-09,0.0
2022-10-10,9.36
2022-10-11,11.88
2022-10-12,10.8
2022-10-13,15.12
2022-10-14,8.28
2022-10-15,0.0
2022-10-16,0.0
2022-10-17,36.0
2022-10-18,20.88
2022-10-19,9.72
2022-10-20,0.0
2022-10-21,8.28
2022-10-22,0.0
2022-10-23,8.28
2022-10-24,0.0
2022-10-25,0.0
2022-10-26,19.8
2022-10-27,23.76
2022-10-28,16.2
2022-10-29,15.48
2022-10-30,0.0
2022-10-31,16.2
2022-11-01,17.22
2022-11-02,10.92
2022-11-03,22.26
2022-11-04,18.9
2022-11-05,11.34
2022-11-06,0.0
2022-11-07,20.16
2022-11-08,17.64
2022-11-09,6.3
2022-11-10,11.76
2022-11-11,36.54
2022-11-12,0.0
2022-11-13,0.0
2022-11-14,0.0
2022-11-15,18.48
2022-11-16,11.76
2022-11-17,10.5
2022-11-18,18.06
2022-11-19,0.0
2022-11-20,0.0
2022-11-21,8.4
2022-11-22,21.84
2022-11-23,15.12
2022-11-24,10.92
2022-11-25,42.0
2022-11-26,13.02
2022-11-27,0.0
2022-11-28,14.28
2022-11-29,10.5
2022-11-30,13.44
2022-12-01,16.81
2022-12-02,28.29
2022-12-03,9.43
2022-12-04,0.0
2022-12-05,12.3
2022-12-06,0.0
2022-12-07,9.84
2022-12-08,15.989999999999998
2022-12-09,0.0
2022-12-10,12.71
2022-12-11,16.4
2022-12-12,36.08
2022-12-13,25.83
2022-12-14,29.93
2022-12-15,25.01
2022-12-16,17.22
2022-12-17,0.0
2022-12-18,0.0
2022-12-19,9.02
2022-12-20,20.5
2022-12-21,26.65
2022-12-22,17.22
2022-12-23,19.68
2022-12-24,32.8
2022-12-25,19.68
2022-12-26,0.0
2022-12-27,32.39
2022-12-28,17.63
2022-12-29,41.0
2022-12-30,29.11
2022-12-31,18.45
2023-01-01,0.0
2023-01-02,12.74
2023-01-03,30.38
2023-01-04,24.99
2023-01-05,13.72
2023-01-06,34.79
2023-01-07,16.169999999999998
2023-01-08,0.0
2023-01-09,30.38
2023-01-10,16.169999999999998
2023-01-11,21.07
2023-01-12,30.87
2023-01-13,29.89
2023-01-14,12.25
2023-01-15,0.0
2023-01-16,0.0
2023-01-17,11.27
2023-01-18,28.42
2023-01-19,40.18
2023-01-20,19.11
2023-01-21,0.0
2023-01-22,8.33
2023-01-23,25.48
2023-01-24,19.11
2023-01-25,29.89
2023-01-26,8.33
2023-01-27,35.28
2023-01-28,11.76
2023-01-29,8.82
2023-01-30,32.83
2023-01-31,49.0
2023-02-01,37.4
2023-02-02,38.72
2023-02-03,10.56
2023-02-04,0.0
2023-02-05,0.0
2023-02-06,0.0
2023-02-07,22.44
2023-02-08,7.92
2023-02-09,21.56
2023-02-10,30.8
2023-02-11,18.48
2023-02-12,11.44
2023-02-13,25.08
2023-02-14,10.56
2023-02-15,9.24
2023-02-16,19.8
2023-02-17,18.92
2023-02-18,0.0
2023-02-19,0.0
2023-02-20,0.0
2023-02-21,44.0
2023-02-22,15.84
2023-02-23,22.88
2023-02-24,16.72
2023-02-25,18.92
2023-02-26,0.0
2023-02-27,12.76
2023-02-28,37.84
2023-03-01,37.84
2023-03-02,27.72
2023-03-03,44.0
2023-03-04,11.44
2023-03-05,10.56
2023-03-06,32.56
2023-03-07,0.0
2023-03-08,7.04
2023-03-09,24.2
2023-03-10,17.6
2023-03-11,0.0
2023-03-12,0.0
2023-03-13,25.52
2023-03-14,28.6
2023-03-15,11.88
2023-03-16,22.88
2023-03-17,19.8
2023-03-18,15.84
2023-03-19,0.0
2023-03-20,33.0
2023-03-21,9.24
2023-03-22,23.76
2023-03-23,0.0
2023-03-24,24.64
2023-03-25,0.0
2023-03-26,12.76
2023-03-27,0.0
2023-03-28,18.04
2023-03-29,10.12
2023-03-30,21.56
2023-03-31,36.52
2023-04-01,10.32
2023-04-02,0.0
2023-04-03,23.65
2023-04-04,7.74
2023-04-05,22.79
2023-04-06,24.08
2023-04-07,7.31
2023-04-08,0.0
2023-04-09,0.0
2023-04-10,34.83
2023-04-11,28.38
2023-04-12,41.71
2023-04-13,36.55
2023-04-14,43.0
2023-04-15,8.17
2023-04-16,0.0
2023-04-17,19.35
2023-04-18,26.23
2023-04-19,36.12
2023-04-20,15.91
2023-04-21,12.04
2023-04-22,0.0
2023-04-23,0.0
2023-04-24,0.0
2023-04-25,30.96
2023-04-26,36.12
2023-04-27,21.5
2023-04-28,22.36
2023-04-29,22.36
2023-04-30,11.61
2023-05-01,21.06
2023-05-02,13.26
2023-05-03,16.77
2023-05-04,0.0
2023-05-05,19.5
2023-05-06,0.0
2023-05-07,0.0
2023-05-08,18.72
2023-05-09,6.24
2023-05-10,16.38
2023-05-11,11.31
2023-05-12,13.26
2023-05-13,7.800000000000001
2023-05-14,5.46
2023-05-15,9.36
2023-05-16,8.97
2023-05-17,12.09
2023-05-18,39.0
2023-05-19,22.62
2023-05-20,14.04
2023-05-21,16.77
2023-05-22,19.5
2023-05-23,0.0
2023-05-24,10.92
2023-05-25,8.58
2023-05-26,20.28
2023-05-27,0.0
2023-05-28,0.0
2023-05-29,8.97
2023-05-30,17.16
2023-05-31,7.800000000000001
2023-06-01,34.17
2023-06-02,36.72
2023-06-03,14.28
2023-06-04,0.0
2023-06-05,29.58
2023-06-06,40.29
2023-06-07,20.91
2023-06-08,39.78
2023-06-09,27.03
2023-06-10,0.0
2023-06-11,0.0
2023-06-12,36.21
2023-06-13,28.56
2023-06-14,31.62
2023-06-15,0.0
2023-06-16,28.05
2023-06-17,14.28
2023-06-18,0.0
2023-06-19,14.28
2023-06-20,33.660000000000004
2023-06-21,37.23
2023-06-22,36.72
2023-06-23,27.03
2023-06-24,0.0
2023-06-25,11.22
2023-06-26,32.13
2023-06-27,51.0
2023-06-28,24.99
2023-06-29,39.78
2023-06-30,37.23
2023-07-01,0.0
2023-07-02,0.0
2023-07-03,15.3
2023-07-04,0.0
2023-07-05,21.42
2023-07-06,10.71
2023-07-07,22.44
2023-07-08,0.0
2023-07-09,0.0
2023-07-10,44.37
2023-07-11,16.830000000000002
2023-07-12,51.0
2023-07-13,26.01
2023-07-14,39.78
2023-07-15,0.0
2023-07-16,0.0
2023-07-17,17.34
2023-07-18,16.830000000000002
2023-07-19,32.64
2023-07-20,29.07
2023-07-21,11.73
2023-07-22,0.0
2023-07-23,0.0
2023-07-24,15.3
2023-07-25,25.5
2023-07-26,27.03
2023-07-27,16.830000000000002
2023-07-28,30.09
2023-07-29,0.0
2023-07-30,12.75
2023-07-31,11.22
2023-08-01,54.0
2023-08-02,18.36
2023-08-03,0.0
2023-08-04,23.22
2023-08-05,16.740000000000002
2023-08-06,0.0
2023-08-07,15.66
2023-08-08,28.08
2023-08-09,26.46
2023-08-10,14.580000000000002
2023-08-11,14.04
2023-08-12,14.580000000000002
2023-08-13,0.0
2023-08-14,8.100000000000001
2023-08-15,15.12
2023-08-16,10.260000000000002
2023-08-17,22.14
2023-08-18,18.36
2023-08-19,0.0
2023-08-20,0.0
2023-08-21,24.3
2023-08-22,0.0
2023-08-23,27.540000000000003
2023-08-24,0.0
2023-08-25,37.260000000000005
2023-08-26,14.04
2023-08-27,0.0
2023-08-28,17.82
2023-08-29,12.420000000000002
2023-08-30,15.12
2023-08-31,21.06
2023-09-01,22.23
2023-09-02,0.0
2023-09-03,0.0
2023-09-04,0.0
2023-09-05,12.09
2023-09-06,26.130000000000003
2023-09-07,9.36
2023-09-08,0.0
2023-09-09,0.0
2023-09-10,0.0
2023-09-11,31.98
2023-09-12,19.5
2023-09-13,17.94
2023-09-14,39.0
2023-09-15,24.57
2023-09-16,15.99
2023-09-17,0.0
2023-09-18,19.11
2023-09-19,26.130000000000003
2023-09-20,17.55
2023-09-21,19.89
2023-09-22,25.35
2023-09-23,15.6
2023-09-24,0.0
2023-09-25,22.62
2023-09-26,12.09
2023-09-27,33.54
2023-09-28,17.94
2023-09-29,23.01
2023-09-30,0.0
2023-10-01,0.0
2023-10-02,20.16
2023-10-03,24.48
2023-10-04,0.0
2023-10-05,14.4
2023-10-06,10.08
2023-10-07,0.0
2023-10-08,0.0
2023-10-09,19.2
2023-10-10,35.52
2023-10-11,20.64
2023-10-12,15.36
2023-10-13,31.68
2023-10-14,9.12
2023-10-15,0.0
2023-10-16,24.48
2023-10-17,36.48
2023-10-18,26.88
2023-10-19,24.0
2023-10-20,41.28
2023-10-21,0.0
2023-10-22,13.92
2023-10-23,11.04
2023-10-24,48.0
2023-10-25,29.28
2023-10-26,27.36
2023-10-27,13.44
2023-10-28,0.0
2023-10-29,0.0
2023-10-30,43.68
2023-10-31,34.08
2023-11-01,21.56
2023-11-02,0.0
2023-11-03,19.11
2023-11-04,0.0
2023-11-05,0.0
2023-11-06,22.05
2023-11-07,13.72
2023-11-08,13.23
2023-11-09,13.72
2023-11-10,24.99
2023-11-11,0.0
2023-11-12,0.0
2023-11-13,14.21
2023-11-14,20.09
2023-11-15,14.7
2023-11-16,20.09
2023-11-17,9.8
2023-11-18,6.859999999999999
2023-11-19,11.76
2023-11-20,49.0
2023-11-21,35.77
2023-11-22,17.15
2023-11-23,32.83
2023-11-24,30.38
2023-11-25,15.19
2023-11-26,13.72
2023-11-27,8.33
2023-11-28,5.39
2023-11-29,20.58
2023-11-30,23.52
2023-12-01,10.5
2023-12-02,0.0
2023-12-03,0.0
2023-12-04,31.0
2023-12-05,27.5
2023-12-06,12.0
2023-12-07,0.0
2023-12-08,36.0
2023-12-09,13.5
2023-12-10,0.0
2023-12-11,28.5
2023-12-12,14.5
2023-12-13,21.5
2023-12-14,30.5
2023-12-15,35.0
2023-12-16,0.0
2023-12-17,0.0
2023-12-18,20.0
2023-12-19,44.0
2023-12-20,17.0
2023-12-21,0.0
2023-12-22,25.0
2023-12-23,0.0
2023-12-24,50.0
2023-12-25,11.5
2023-12-26,25.5
2023-12-27,25.5
2023-12-28,16.0
2023-12-29,30.0
2023-12-30,20.5
2023-12-31,9.0
