date,Home Depot Stock Price
2013-01-01,0.0
2013-01-02,6.48
2013-01-03,9.36
2013-01-04,0.0
2013-01-05,0.0
2013-01-06,0.0
2013-01-07,10.92
2013-01-08,3.6
2013-01-09,7.56
2013-01-10,3.12
2013-01-11,3.6
2013-01-12,0.0
2013-01-13,0.0
2013-01-14,0.0
2013-01-15,6.24
2013-01-16,0.0
2013-01-17,5.76
2013-01-18,8.28
2013-01-19,7.68
2013-01-20,0.0
2013-01-21,6.72
2013-01-22,0.0
2013-01-23,4.56
2013-01-24,6.6
2013-01-25,3.48
2013-01-26,4.2
2013-01-27,0.0
2013-01-28,12.0
2013-01-29,0.0
2013-01-30,11.52
2013-01-31,0.0
2013-02-01,5.2
2013-02-02,0.0
2013-02-03,4.03
2013-02-04,4.8100000000000005
2013-02-05,13.0
2013-02-06,3.51
2013-02-07,0.0
2013-02-08,7.800000000000001
2013-02-09,0.0
2013-02-10,0.0
2013-02-11,3.25
2013-02-12,4.55
2013-02-13,8.32
2013-02-14,0.0
2013-02-15,0.0
2013-02-16,0.0
2013-02-17,6.11
2013-02-18,0.0
2013-02-19,0.0
2013-02-20,7.54
2013-02-21,7.54
2013-02-22,8.58
2013-02-23,6.5
2013-02-24,0.0
2013-02-25,5.720000000000001
2013-02-26,5.720000000000001
2013-02-27,9.75
2013-02-28,7.800000000000001
2013-03-01,3.84
2013-03-02,8.8
2013-03-03,4.32
2013-03-04,15.04
2013-03-05,4.96
2013-03-06,8.96
2013-03-07,4.96
2013-03-08,8.0
2013-03-09,0.0
2013-03-10,0.0
2013-03-11,0.0
2013-03-12,16.0
2013-03-13,10.08
2013-03-14,6.08
2013-03-15,4.16
2013-03-16,0.0
2013-03-17,0.0
2013-03-18,0.0
2013-03-19,0.0
2013-03-20,7.04
2013-03-21,4.8
2013-03-22,11.04
2013-03-23,6.08
2013-03-24,3.84
2013-03-25,4.64
2013-03-26,4.0
2013-03-27,9.44
2013-03-28,9.28
2013-03-29,5.12
2013-03-30,0.0
2013-03-31,11.68
2013-04-01,2.75
2013-04-02,6.82
2013-04-03,9.57
2013-04-04,0.0
2013-04-05,5.5
2013-04-06,0.0
2013-04-07,0.0
2013-04-08,0.0
2013-04-09,7.26
2013-04-10,6.49
2013-04-11,6.6
2013-04-12,0.0
2013-04-13,0.0
2013-04-14,11.0
2013-04-15,5.39
2013-04-16,9.68
2013-04-17,3.19
2013-04-18,0.0
2013-04-19,0.0
2013-04-20,0.0
2013-04-21,0.0
2013-04-22,8.14
2013-04-23,0.0
2013-04-24,0.0
2013-04-25,0.0
2013-04-26,0.0
2013-04-27,0.0
2013-04-28,5.61
2013-04-29,0.0
2013-04-30,8.36
2013-05-01,4.96
2013-05-02,3.36
2013-05-03,16.0
2013-05-04,10.88
2013-05-05,5.12
2013-05-06,6.88
2013-05-07,8.0
2013-05-08,12.48
2013-05-09,13.92
2013-05-10,0.0
2013-05-11,7.36
2013-05-12,0.0
2013-05-13,0.0
2013-05-14,0.0
2013-05-15,7.2
2013-05-16,12.64
2013-05-17,0.0
2013-05-18,0.0
2013-05-19,11.04
2013-05-20,0.0
2013-05-21,0.0
2013-05-22,0.0
2013-05-23,6.5600000000000005
2013-05-24,11.04
2013-05-25,0.0
2013-05-26,0.0
2013-05-27,0.0
2013-05-28,7.36
2013-05-29,12.32
2013-05-30,6.24
2013-05-31,0.0
2013-06-01,3.640000000000001
2013-06-02,8.260000000000002
2013-06-03,14.000000000000002
2013-06-04,6.0200000000000005
2013-06-05,0.0
2013-06-06,0.0
2013-06-07,11.62
2013-06-08,0.0
2013-06-09,8.82
2013-06-10,8.96
2013-06-11,6.720000000000001
2013-06-12,9.24
2013-06-13,3.08
2013-06-14,0.0
2013-06-15,4.340000000000001
2013-06-16,0.0
2013-06-17,5.040000000000001
2013-06-18,8.120000000000001
2013-06-19,0.0
2013-06-20,3.08
2013-06-21,4.9
2013-06-22,0.0
2013-06-23,0.0
2013-06-24,5.32
2013-06-25,9.24
2013-06-26,3.5000000000000004
2013-06-27,10.22
2013-06-28,5.180000000000001
2013-06-29,0.0
2013-06-30,0.0
2013-07-01,2.24
2013-07-02,0.0
2013-07-03,14.000000000000002
2013-07-04,0.0
2013-07-05,2.66
2013-07-06,0.0
2013-07-07,3.08
2013-07-08,0.0
2013-07-09,10.78
2013-07-10,5.180000000000001
2013-07-11,5.32
2013-07-12,2.9400000000000004
2013-07-13,6.16
2013-07-14,0.0
2013-07-15,0.0
2013-07-16,0.0
2013-07-17,0.0
2013-07-18,4.340000000000001
2013-07-19,3.3600000000000003
2013-07-20,0.0
2013-07-21,6.16
2013-07-22,11.340000000000002
2013-07-23,7.56
2013-07-24,3.5000000000000004
2013-07-25,10.22
2013-07-26,5.040000000000001
2013-07-27,0.0
2013-07-28,0.0
2013-07-29,2.3800000000000003
2013-07-30,9.1
2013-07-31,2.8000000000000003
2013-08-01,0.0
2013-08-02,6.24
2013-08-03,0.0
2013-08-04,3.38
2013-08-05,0.0
2013-08-06,4.42
2013-08-07,5.07
2013-08-08,3.12
2013-08-09,0.0
2013-08-10,0.0
2013-08-11,5.33
2013-08-12,7.41
2013-08-13,0.0
2013-08-14,0.0
2013-08-15,7.930000000000001
2013-08-16,4.8100000000000005
2013-08-17,0.0
2013-08-18,0.0
2013-08-19,2.99
2013-08-20,3.25
2013-08-21,4.29
2013-08-22,5.8500000000000005
2013-08-23,4.03
2013-08-24,4.68
2013-08-25,0.0
2013-08-26,3.64
2013-08-27,0.0
2013-08-28,13.0
2013-08-29,4.94
2013-08-30,0.0
2013-08-31,4.29
2013-09-01,0.0
2013-09-02,0.0
2013-09-03,2.64
2013-09-04,2.31
2013-09-05,0.0
2013-09-06,0.0
2013-09-07,0.0
2013-09-08,0.0
2013-09-09,4.18
2013-09-10,8.69
2013-09-11,8.36
2013-09-12,9.46
2013-09-13,2.31
2013-09-14,0.0
2013-09-15,4.18
2013-09-16,0.0
2013-09-17,6.16
2013-09-18,0.0
2013-09-19,4.62
2013-09-20,0.0
2013-09-21,10.89
2013-09-22,2.64
2013-09-23,3.41
2013-09-24,8.58
2013-09-25,0.0
2013-09-26,4.07
2013-09-27,11.0
2013-09-28,3.63
2013-09-29,4.51
2013-09-30,8.69
2013-10-01,0.0
2013-10-02,6.12
2013-10-03,0.0
2013-10-04,0.0
2013-10-05,0.0
2013-10-06,3.36
2013-10-07,2.28
2013-10-08,0.0
2013-10-09,2.88
2013-10-10,3.24
2013-10-11,9.6
2013-10-12,0.0
2013-10-13,0.0
2013-10-14,12.0
2013-10-15,3.6
2013-10-16,1.92
2013-10-17,0.0
2013-10-18,2.88
2013-10-19,4.56
2013-10-20,0.0
2013-10-21,1.92
2013-10-22,5.52
2013-10-23,2.16
2013-10-24,3.72
2013-10-25,2.88
2013-10-26,2.76
2013-10-27,0.0
2013-10-28,6.72
2013-10-29,6.0
2013-10-30,1.7999999999999998
2013-10-31,0.0
2013-11-01,9.1
2013-11-02,0.0
2013-11-03,0.0
2013-11-04,6.37
2013-11-05,12.09
2013-11-06,6.24
2013-11-07,9.1
2013-11-08,7.54
2013-11-09,7.28
2013-11-10,0.0
2013-11-11,0.0
2013-11-12,7.28
2013-11-13,10.66
2013-11-14,7.67
2013-11-15,8.71
2013-11-16,5.8500000000000005
2013-11-17,0.0
2013-11-18,13.0
2013-11-19,9.75
2013-11-20,5.98
2013-11-21,12.74
2013-11-22,11.7
2013-11-23,5.98
2013-11-24,0.0
2013-11-25,5.07
2013-11-26,4.94
2013-11-27,9.23
2013-11-28,4.8100000000000005
2013-11-29,0.0
2013-11-30,0.0
2013-12-01,5.7
2013-12-02,5.6000000000000005
2013-12-03,4.2
2013-12-04,0.0
2013-12-05,3.7
2013-12-06,3.5
2013-12-07,0.0
2013-12-08,5.800000000000001
2013-12-09,5.1000000000000005
2013-12-10,3.3000000000000003
2013-12-11,7.6
2013-12-12,5.7
2013-12-13,5.4
2013-12-14,4.9
2013-12-15,0.0
2013-12-16,2.0
2013-12-17,4.2
2013-12-18,2.8000000000000003
2013-12-19,0.0
2013-12-20,0.0
2013-12-21,4.6000000000000005
2013-12-22,0.0
2013-12-23,0.0
2013-12-24,7.6
2013-12-25,0.0
2013-12-26,0.0
2013-12-27,10.0
2013-12-28,3.5
2013-12-29,0.0
2013-12-30,0.0
2013-12-31,3.3000000000000003
2014-01-01,0.0
2014-01-02,0.0
2014-01-03,2.8600000000000003
2014-01-04,3.12
2014-01-05,4.16
2014-01-06,9.23
2014-01-07,5.8500000000000005
2014-01-08,5.98
2014-01-09,5.720000000000001
2014-01-10,3.51
2014-01-11,0.0
2014-01-12,0.0
2014-01-13,4.29
2014-01-14,3.51
2014-01-15,6.37
2014-01-16,3.51
2014-01-17,0.0
2014-01-18,0.0
2014-01-19,2.8600000000000003
2014-01-20,2.99
2014-01-21,3.38
2014-01-22,0.0
2014-01-23,0.0
2014-01-24,4.55
2014-01-25,2.73
2014-01-26,0.0
2014-01-27,13.0
2014-01-28,5.98
2014-01-29,4.68
2014-01-30,0.0
2014-01-31,4.94
2014-02-01,0.0
2014-02-02,0.0
2014-02-03,3.74
2014-02-04,14.96
2014-02-05,5.1000000000000005
2014-02-06,0.0
2014-02-07,14.96
2014-02-08,7.65
2014-02-09,5.44
2014-02-10,15.64
2014-02-11,6.630000000000001
2014-02-12,5.78
2014-02-13,6.12
2014-02-14,12.58
2014-02-15,0.0
2014-02-16,0.0
2014-02-17,0.0
2014-02-18,0.0
2014-02-19,10.2
2014-02-20,6.12
2014-02-21,13.6
2014-02-22,0.0
2014-02-23,0.0
2014-02-24,10.03
2014-02-25,16.830000000000002
2014-02-26,17.0
2014-02-27,12.07
2014-02-28,5.1000000000000005
2014-03-01,13.44
2014-03-02,0.0
2014-03-03,7.420000000000001
2014-03-04,6.44
2014-03-05,2.24
2014-03-06,4.760000000000001
2014-03-07,8.680000000000001
2014-03-08,0.0
2014-03-09,0.0
2014-03-10,4.760000000000001
2014-03-11,14.000000000000002
2014-03-12,3.08
2014-03-13,5.74
2014-03-14,0.0
2014-03-15,4.2
2014-03-16,0.0
2014-03-17,6.0200000000000005
2014-03-18,2.9400000000000004
2014-03-19,11.2
2014-03-20,7.840000000000001
2014-03-21,7.420000000000001
2014-03-22,7.000000000000001
2014-03-23,0.0
2014-03-24,2.9400000000000004
2014-03-25,4.760000000000001
2014-03-26,7.700000000000001
2014-03-27,6.300000000000001
2014-03-28,3.22
2014-03-29,5.32
2014-03-30,2.9400000000000004
2014-03-31,6.720000000000001
2014-04-01,3.77
2014-04-02,8.32
2014-04-03,0.0
2014-04-04,3.51
2014-04-05,0.0
2014-04-06,3.64
2014-04-07,2.8600000000000003
2014-04-08,8.71
2014-04-09,7.41
2014-04-10,0.0
2014-04-11,0.0
2014-04-12,0.0
2014-04-13,0.0
2014-04-14,8.32
2014-04-15,2.34
2014-04-16,5.59
2014-04-17,3.51
2014-04-18,7.800000000000001
2014-04-19,0.0
2014-04-20,0.0
2014-04-21,2.8600000000000003
2014-04-22,5.46
2014-04-23,6.37
2014-04-24,3.9
2014-04-25,8.06
2014-04-26,0.0
2014-04-27,3.25
2014-04-28,2.47
2014-04-29,5.33
2014-04-30,13.0
2014-05-01,10.66
2014-05-02,0.0
2014-05-03,3.51
2014-05-04,0.0
2014-05-05,0.0
2014-05-06,4.8100000000000005
2014-05-07,3.38
2014-05-08,9.88
2014-05-09,2.8600000000000003
2014-05-10,0.0
2014-05-11,0.0
2014-05-12,9.36
2014-05-13,0.0
2014-05-14,5.07
2014-05-15,8.32
2014-05-16,7.28
2014-05-17,0.0
2014-05-18,6.76
2014-05-19,4.55
2014-05-20,11.31
2014-05-21,0.0
2014-05-22,0.0
2014-05-23,7.15
2014-05-24,11.18
2014-05-25,0.0
2014-05-26,0.0
2014-05-27,7.54
2014-05-28,10.4
2014-05-29,0.0
2014-05-30,13.0
2014-05-31,3.38
2014-06-01,3.84
2014-06-02,6.6
2014-06-03,7.08
2014-06-04,0.0
2014-06-05,0.0
2014-06-06,6.0
2014-06-07,8.16
2014-06-08,12.0
2014-06-09,0.0
2014-06-10,5.4
2014-06-11,0.0
2014-06-12,7.439999999999999
2014-06-13,5.279999999999999
2014-06-14,0.0
2014-06-15,0.0
2014-06-16,6.24
2014-06-17,0.0
2014-06-18,5.76
2014-06-19,0.0
2014-06-20,4.08
2014-06-21,4.8
2014-06-22,0.0
2014-06-23,0.0
2014-06-24,10.92
2014-06-25,6.72
2014-06-26,4.2
2014-06-27,3.6
2014-06-28,0.0
2014-06-29,0.0
2014-06-30,0.0
2014-07-01,2.31
2014-07-02,0.0
2014-07-03,5.06
2014-07-04,0.0
2014-07-05,0.0
2014-07-06,0.0
2014-07-07,4.73
2014-07-08,10.23
2014-07-09,4.29
2014-07-10,2.75
2014-07-11,2.31
2014-07-12,0.0
2014-07-13,5.83
2014-07-14,0.0
2014-07-15,0.0
2014-07-16,0.0
2014-07-17,3.3
2014-07-18,0.0
2014-07-19,0.0
2014-07-20,0.0
2014-07-21,5.72
2014-07-22,11.0
2014-07-23,5.5
2014-07-24,2.53
2014-07-25,0.0
2014-07-26,0.0
2014-07-27,4.51
2014-07-28,0.0
2014-07-29,0.0
2014-07-30,4.18
2014-07-31,5.17
2014-08-01,4.29
2014-08-02,4.8100000000000005
2014-08-03,5.59
2014-08-04,0.0
2014-08-05,0.0
2014-08-06,0.0
2014-08-07,0.0
2014-08-08,0.0
2014-08-09,0.0
2014-08-10,0.0
2014-08-11,3.77
2014-08-12,5.59
2014-08-13,3.12
2014-08-14,0.0
2014-08-15,0.0
2014-08-16,8.71
2014-08-17,3.51
2014-08-18,0.0
2014-08-19,8.06
2014-08-20,13.0
2014-08-21,3.25
2014-08-22,11.57
2014-08-23,6.76
2014-08-24,3.38
2014-08-25,5.720000000000001
2014-08-26,9.49
2014-08-27,5.07
2014-08-28,0.0
2014-08-29,8.71
2014-08-30,0.0
2014-08-31,0.0
2014-09-01,5.7
2014-09-02,3.61
2014-09-03,17.48
2014-09-04,19.0
2014-09-05,13.3
2014-09-06,12.16
2014-09-07,0.0
2014-09-08,7.6
2014-09-09,18.43
2014-09-10,10.64
2014-09-11,11.59
2014-09-12,16.15
2014-09-13,6.08
2014-09-14,0.0
2014-09-15,0.0
2014-09-16,11.59
2014-09-17,9.69
2014-09-18,9.31
2014-09-19,8.74
2014-09-20,5.32
2014-09-21,0.0
2014-09-22,9.5
2014-09-23,11.02
2014-09-24,10.83
2014-09-25,15.96
2014-09-26,9.88
2014-09-27,0.0
2014-09-28,0.0
2014-09-29,4.18
2014-09-30,4.75
2014-10-01,3.04
2014-10-02,10.72
2014-10-03,6.88
2014-10-04,0.0
2014-10-05,5.6000000000000005
2014-10-06,5.28
2014-10-07,7.2
2014-10-08,7.84
2014-10-09,16.0
2014-10-10,0.0
2014-10-11,9.92
2014-10-12,0.0
2014-10-13,9.12
2014-10-14,0.0
2014-10-15,4.16
2014-10-16,0.0
2014-10-17,7.68
2014-10-18,4.48
2014-10-19,0.0
2014-10-20,4.64
2014-10-21,3.68
2014-10-22,7.52
2014-10-23,6.24
2014-10-24,4.96
2014-10-25,0.0
2014-10-26,0.0
2014-10-27,0.0
2014-10-28,7.2
2014-10-29,0.0
2014-10-30,8.16
2014-10-31,2.88
2014-11-01,0.0
2014-11-02,6.0
2014-11-03,6.6
2014-11-04,2.55
2014-11-05,0.0
2014-11-06,10.8
2014-11-07,10.2
2014-11-08,8.25
2014-11-09,5.25
2014-11-10,0.0
2014-11-11,9.9
2014-11-12,15.0
2014-11-13,3.3
2014-11-14,13.8
2014-11-15,7.35
2014-11-16,0.0
2014-11-17,5.85
2014-11-18,6.75
2014-11-19,6.15
2014-11-20,12.75
2014-11-21,7.949999999999999
2014-11-22,9.75
2014-11-23,0.0
2014-11-24,4.35
2014-11-25,3.6
2014-11-26,9.75
2014-11-27,0.0
2014-11-28,6.45
2014-11-29,0.0
2014-11-30,0.0
2014-12-01,9.5
2014-12-02,0.0
2014-12-03,14.82
2014-12-04,9.31
2014-12-05,0.0
2014-12-06,10.07
2014-12-07,0.0
2014-12-08,11.4
2014-12-09,7.79
2014-12-10,3.61
2014-12-11,4.75
2014-12-12,10.83
2014-12-13,0.0
2014-12-14,4.5600000000000005
2014-12-15,0.0
2014-12-16,9.5
2014-12-17,11.02
2014-12-18,10.07
2014-12-19,13.87
2014-12-20,0.0
2014-12-21,5.51
2014-12-22,14.06
2014-12-23,3.42
2014-12-24,19.0
2014-12-25,0.0
2014-12-26,3.42
2014-12-27,0.0
2014-12-28,0.0
2014-12-29,11.21
2014-12-30,11.59
2014-12-31,9.31
2015-01-01,5.6000000000000005
2015-01-02,0.0
2015-01-03,0.0
2015-01-04,0.0
2015-01-05,0.0
2015-01-06,8.8
2015-01-07,5.800000000000001
2015-01-08,12.8
2015-01-09,8.200000000000001
2015-01-10,20.0
2015-01-11,0.0
2015-01-12,7.4
2015-01-13,7.2
2015-01-14,8.4
2015-01-15,5.4
2015-01-16,8.0
2015-01-17,0.0
2015-01-18,0.0
2015-01-19,4.6000000000000005
2015-01-20,5.6000000000000005
2015-01-21,6.6000000000000005
2015-01-22,3.2
2015-01-23,4.6000000000000005
2015-01-24,4.800000000000001
2015-01-25,0.0
2015-01-26,8.8
2015-01-27,6.0
2015-01-28,3.6
2015-01-29,3.4000000000000004
2015-01-30,4.4
2015-01-31,2.8000000000000003
2015-02-01,8.4
2015-02-02,6.2
2015-02-03,8.4
2015-02-04,12.2
2015-02-05,11.2
2015-02-06,20.0
2015-02-07,5.0
2015-02-08,4.2
2015-02-09,4.800000000000001
2015-02-10,3.8
2015-02-11,17.6
2015-02-12,4.2
2015-02-13,18.2
2015-02-14,0.0
2015-02-15,0.0
2015-02-16,0.0
2015-02-17,3.6
2015-02-18,0.0
2015-02-19,7.6
2015-02-20,4.2
2015-02-21,8.200000000000001
2015-02-22,5.2
2015-02-23,9.8
2015-02-24,17.400000000000002
2015-02-25,14.6
2015-02-26,5.0
2015-02-27,5.2
2015-02-28,0.0
2015-03-01,13.2
2015-03-02,7.26
2015-03-03,8.8
2015-03-04,11.0
2015-03-05,4.84
2015-03-06,22.0
2015-03-07,11.88
2015-03-08,6.6
2015-03-09,11.22
2015-03-10,3.52
2015-03-11,3.08
2015-03-12,11.44
2015-03-13,4.84
2015-03-14,11.22
2015-03-15,8.14
2015-03-16,16.5
2015-03-17,7.92
2015-03-18,12.1
2015-03-19,11.88
2015-03-20,14.52
2015-03-21,4.4
2015-03-22,5.06
2015-03-23,11.44
2015-03-24,6.16
2015-03-25,5.28
2015-03-26,4.18
2015-03-27,15.62
2015-03-28,0.0
2015-03-29,5.28
2015-03-30,8.8
2015-03-31,18.48
2015-04-01,13.2
2015-04-02,8.200000000000001
2015-04-03,6.4
2015-04-04,7.4
2015-04-05,15.2
2015-04-06,16.8
2015-04-07,11.4
2015-04-08,10.4
2015-04-09,9.0
2015-04-10,11.6
2015-04-11,0.0
2015-04-12,0.0
2015-04-13,7.2
2015-04-14,20.0
2015-04-15,10.4
2015-04-16,0.0
2015-04-17,7.0
2015-04-18,0.0
2015-04-19,0.0
2015-04-20,13.6
2015-04-21,7.2
2015-04-22,16.400000000000002
2015-04-23,8.6
2015-04-24,0.0
2015-04-25,12.6
2015-04-26,9.8
2015-04-27,7.6
2015-04-28,8.200000000000001
2015-04-29,10.0
2015-04-30,7.2
2015-05-01,5.89
2015-05-02,5.89
2015-05-03,4.37
2015-05-04,3.23
2015-05-05,5.7
2015-05-06,6.08
2015-05-07,4.94
2015-05-08,7.6
2015-05-09,6.65
2015-05-10,12.16
2015-05-11,8.55
2015-05-12,11.21
2015-05-13,7.03
2015-05-14,11.02
2015-05-15,19.0
2015-05-16,5.51
2015-05-17,0.0
2015-05-18,12.54
2015-05-19,11.78
2015-05-20,0.0
2015-05-21,0.0
2015-05-22,3.42
2015-05-23,14.82
2015-05-24,0.0
2015-05-25,0.0
2015-05-26,6.46
2015-05-27,12.92
2015-05-28,11.97
2015-05-29,7.22
2015-05-30,4.18
2015-05-31,0.0
2015-06-01,3.4000000000000004
2015-06-02,0.0
2015-06-03,3.4000000000000004
2015-06-04,8.67
2015-06-05,10.88
2015-06-06,0.0
2015-06-07,17.0
2015-06-08,6.800000000000001
2015-06-09,3.74
2015-06-10,0.0
2015-06-11,5.61
2015-06-12,0.0
2015-06-13,0.0
2015-06-14,0.0
2015-06-15,0.0
2015-06-16,5.44
2015-06-17,2.5500000000000003
2015-06-18,2.3800000000000003
2015-06-19,8.67
2015-06-20,4.760000000000001
2015-06-21,6.460000000000001
2015-06-22,4.25
2015-06-23,0.0
2015-06-24,0.0
2015-06-25,5.61
2015-06-26,7.65
2015-06-27,3.91
2015-06-28,0.0
2015-06-29,6.460000000000001
2015-06-30,6.12
2015-07-01,0.0
2015-07-02,0.0
2015-07-03,13.11
2015-07-04,7.79
2015-07-05,0.0
2015-07-06,13.87
2015-07-07,0.0
2015-07-08,11.02
2015-07-09,7.22
2015-07-10,13.87
2015-07-11,0.0
2015-07-12,0.0
2015-07-13,19.0
2015-07-14,9.69
2015-07-15,3.61
2015-07-16,9.88
2015-07-17,4.75
2015-07-18,13.11
2015-07-19,7.79
2015-07-20,12.35
2015-07-21,9.5
2015-07-22,11.59
2015-07-23,0.0
2015-07-24,16.53
2015-07-25,10.64
2015-07-26,0.0
2015-07-27,13.3
2015-07-28,0.0
2015-07-29,8.17
2015-07-30,15.77
2015-07-31,10.64
2015-08-01,8.399999999999999
2015-08-02,0.0
2015-08-03,13.65
2015-08-04,4.55
2015-08-05,19.25
2015-08-06,8.399999999999999
2015-08-07,6.3
2015-08-08,0.0
2015-08-09,10.85
2015-08-10,5.949999999999999
2015-08-11,10.5
2015-08-12,6.65
2015-08-13,10.85
2015-08-14,7.0
2015-08-15,9.8
2015-08-16,0.0
2015-08-17,15.749999999999998
2015-08-18,10.5
2015-08-19,10.15
2015-08-20,16.45
2015-08-21,19.25
2015-08-22,10.5
2015-08-23,0.0
2015-08-24,34.3
2015-08-25,35.0
2015-08-26,23.1
2015-08-27,17.5
2015-08-28,18.9
2015-08-29,9.1
2015-08-30,5.949999999999999
2015-08-31,18.9
2015-09-01,9.88
2015-09-02,14.25
2015-09-03,11.4
2015-09-04,6.08
2015-09-05,5.89
2015-09-06,0.0
2015-09-07,7.41
2015-09-08,9.5
2015-09-09,13.68
2015-09-10,8.36
2015-09-11,11.4
2015-09-12,9.69
2015-09-13,0.0
2015-09-14,0.0
2015-09-15,7.79
2015-09-16,6.65
2015-09-17,5.32
2015-09-18,11.59
2015-09-19,0.0
2015-09-20,0.0
2015-09-21,5.13
2015-09-22,13.87
2015-09-23,15.39
2015-09-24,19.0
2015-09-25,0.0
2015-09-26,5.13
2015-09-27,0.0
2015-09-28,8.74
2015-09-29,10.83
2015-09-30,11.02
2015-10-01,0.0
2015-10-02,4.140000000000001
2015-10-03,0.0
2015-10-04,0.0
2015-10-05,5.75
2015-10-06,13.11
2015-10-07,7.590000000000001
2015-10-08,9.2
2015-10-09,8.280000000000001
2015-10-10,5.5200000000000005
2015-10-11,4.37
2015-10-12,11.27
2015-10-13,18.17
2015-10-14,8.51
2015-10-15,13.8
2015-10-16,19.55
2015-10-17,0.0
2015-10-18,0.0
2015-10-19,8.74
2015-10-20,4.140000000000001
2015-10-21,11.73
2015-10-22,17.71
2015-10-23,23.0
2015-10-24,0.0
2015-10-25,0.0
2015-10-26,16.1
2015-10-27,16.79
2015-10-28,8.280000000000001
2015-10-29,8.74
2015-10-30,15.41
2015-10-31,14.95
2015-11-01,9.75
2015-11-02,4.0
2015-11-03,9.75
2015-11-04,11.75
2015-11-05,10.25
2015-11-06,19.25
2015-11-07,4.25
2015-11-08,25.0
2015-11-09,13.25
2015-11-10,8.0
2015-11-11,9.0
2015-11-12,17.75
2015-11-13,16.75
2015-11-14,0.0
2015-11-15,0.0
2015-11-16,4.0
2015-11-17,16.5
2015-11-18,17.5
2015-11-19,13.25
2015-11-20,12.25
2015-11-21,0.0
2015-11-22,15.25
2015-11-23,10.5
2015-11-24,6.75
2015-11-25,20.25
2015-11-26,9.0
2015-11-27,7.5
2015-11-28,13.25
2015-11-29,4.25
2015-11-30,18.0
2015-12-01,7.26
2015-12-02,6.82
2015-12-03,9.46
2015-12-04,9.02
2015-12-05,5.72
2015-12-06,0.0
2015-12-07,5.94
2015-12-08,15.62
2015-12-09,7.26
2015-12-10,11.88
2015-12-11,0.0
2015-12-12,0.0
2015-12-13,0.0
2015-12-14,6.6
2015-12-15,11.44
2015-12-16,7.04
2015-12-17,4.18
2015-12-18,5.06
2015-12-19,4.18
2015-12-20,3.52
2015-12-21,9.9
2015-12-22,7.48
2015-12-23,22.0
2015-12-24,14.3
2015-12-25,8.36
2015-12-26,15.84
2015-12-27,0.0
2015-12-28,3.08
2015-12-29,3.08
2015-12-30,6.6
2015-12-31,12.98
2016-01-01,6.48
2016-01-02,5.52
2016-01-03,0.0
2016-01-04,13.44
2016-01-05,12.96
2016-01-06,13.44
2016-01-07,16.08
2016-01-08,24.0
2016-01-09,4.8
2016-01-10,0.0
2016-01-11,13.68
2016-01-12,12.24
2016-01-13,0.0
2016-01-14,15.6
2016-01-15,19.68
2016-01-16,9.84
2016-01-17,0.0
2016-01-18,4.08
2016-01-19,15.6
2016-01-20,18.72
2016-01-21,16.32
2016-01-22,16.8
2016-01-23,0.0
2016-01-24,5.76
2016-01-25,8.879999999999999
2016-01-26,13.68
2016-01-27,12.96
2016-01-28,7.199999999999999
2016-01-29,17.759999999999998
2016-01-30,11.76
2016-01-31,0.0
2016-02-01,0.0
2016-02-02,16.740000000000002
2016-02-03,10.260000000000002
2016-02-04,22.68
2016-02-05,17.55
2016-02-06,12.96
2016-02-07,0.0
2016-02-08,12.96
2016-02-09,24.57
2016-02-10,27.0
2016-02-11,19.98
2016-02-12,11.88
2016-02-13,9.18
2016-02-14,13.5
2016-02-15,16.470000000000002
2016-02-16,25.380000000000003
2016-02-17,24.3
2016-02-18,21.87
2016-02-19,25.65
2016-02-20,0.0
2016-02-21,9.45
2016-02-22,17.28
2016-02-23,17.82
2016-02-24,26.46
2016-02-25,9.72
2016-02-26,13.77
2016-02-27,10.260000000000002
2016-02-28,8.64
2016-02-29,18.9
2016-03-01,10.12
2016-03-02,9.24
2016-03-03,11.88
2016-03-04,9.68
2016-03-05,10.34
2016-03-06,0.0
2016-03-07,15.4
2016-03-08,14.74
2016-03-09,11.22
2016-03-10,12.98
2016-03-11,15.62
2016-03-12,7.48
2016-03-13,0.0
2016-03-14,6.82
2016-03-15,9.46
2016-03-16,20.24
2016-03-17,20.02
2016-03-18,14.3
2016-03-19,5.28
2016-03-20,0.0
2016-03-21,12.98
2016-03-22,17.82
2016-03-23,11.22
2016-03-24,13.2
2016-03-25,3.74
2016-03-26,8.14
2016-03-27,6.38
2016-03-28,22.0
2016-03-29,9.68
2016-03-30,6.16
2016-03-31,0.0
2016-04-01,22.0
2016-04-02,0.0
2016-04-03,0.0
2016-04-04,20.75
2016-04-05,16.75
2016-04-06,16.5
2016-04-07,11.25
2016-04-08,24.0
2016-04-09,5.25
2016-04-10,3.75
2016-04-11,11.75
2016-04-12,18.5
2016-04-13,16.5
2016-04-14,12.75
2016-04-15,10.25
2016-04-16,0.0
2016-04-17,0.0
2016-04-18,16.0
2016-04-19,15.5
2016-04-20,16.75
2016-04-21,16.75
2016-04-22,18.5
2016-04-23,4.75
2016-04-24,0.0
2016-04-25,11.0
2016-04-26,11.75
2016-04-27,25.0
2016-04-28,13.5
2016-04-29,9.5
2016-04-30,0.0
2016-05-01,0.0
2016-05-02,14.3
2016-05-03,11.18
2016-05-04,7.800000000000001
2016-05-05,16.64
2016-05-06,12.74
2016-05-07,0.0
2016-05-08,0.0
2016-05-09,0.0
2016-05-10,22.880000000000003
2016-05-11,16.12
2016-05-12,12.22
2016-05-13,11.44
2016-05-14,0.0
2016-05-15,4.16
2016-05-16,9.62
2016-05-17,25.22
2016-05-18,26.0
2016-05-19,15.08
2016-05-20,8.06
2016-05-21,0.0
2016-05-22,0.0
2016-05-23,9.36
2016-05-24,15.34
2016-05-25,16.38
2016-05-26,19.5
2016-05-27,9.36
2016-05-28,8.06
2016-05-29,0.0
2016-05-30,0.0
2016-05-31,8.58
2016-06-01,14.49
2016-06-02,14.95
2016-06-03,4.140000000000001
2016-06-04,5.5200000000000005
2016-06-05,3.68
2016-06-06,18.4
2016-06-07,8.05
2016-06-08,16.330000000000002
2016-06-09,0.0
2016-06-10,3.68
2016-06-11,4.83
2016-06-12,3.91
2016-06-13,3.91
2016-06-14,8.280000000000001
2016-06-15,10.12
2016-06-16,16.330000000000002
2016-06-17,11.96
2016-06-18,9.66
2016-06-19,0.0
2016-06-20,13.34
2016-06-21,14.03
2016-06-22,13.11
2016-06-23,9.2
2016-06-24,23.0
2016-06-25,10.12
2016-06-26,5.98
2016-06-27,13.8
2016-06-28,22.31
2016-06-29,8.05
2016-06-30,10.58
2016-07-01,17.16
2016-07-02,0.0
2016-07-03,0.0
2016-07-04,0.0
2016-07-05,10.12
2016-07-06,9.68
2016-07-07,14.74
2016-07-08,15.84
2016-07-09,0.0
2016-07-10,5.28
2016-07-11,12.32
2016-07-12,12.98
2016-07-13,12.32
2016-07-14,20.68
2016-07-15,9.46
2016-07-16,5.06
2016-07-17,3.96
2016-07-18,13.86
2016-07-19,16.5
2016-07-20,13.2
2016-07-21,22.0
2016-07-22,12.1
2016-07-23,3.74
2016-07-24,6.16
2016-07-25,8.14
2016-07-26,8.58
2016-07-27,8.36
2016-07-28,17.6
2016-07-29,13.64
2016-07-30,10.56
2016-07-31,0.0
2016-08-01,6.3
2016-08-02,15.33
2016-08-03,16.169999999999998
2016-08-04,10.71
2016-08-05,20.58
2016-08-06,5.46
2016-08-07,0.0
2016-08-08,0.0
2016-08-09,8.19
2016-08-10,21.0
2016-08-11,10.08
2016-08-12,17.22
2016-08-13,0.0
2016-08-14,6.72
2016-08-15,14.7
2016-08-16,13.86
2016-08-17,10.5
2016-08-18,13.86
2016-08-19,7.979999999999999
2016-08-20,4.2
2016-08-21,4.83
2016-08-22,12.81
2016-08-23,10.5
2016-08-24,10.08
2016-08-25,4.41
2016-08-26,9.45
2016-08-27,14.7
2016-08-28,5.25
2016-08-29,9.03
2016-08-30,9.87
2016-08-31,11.97
2016-09-01,0.0
2016-09-02,3.22
2016-09-03,0.0
2016-09-04,0.0
2016-09-05,0.0
2016-09-06,0.0
2016-09-07,4.48
2016-09-08,5.74
2016-09-09,3.22
2016-09-10,2.3800000000000003
2016-09-11,3.3600000000000003
2016-09-12,6.300000000000001
2016-09-13,3.78
2016-09-14,6.86
2016-09-15,10.36
2016-09-16,14.000000000000002
2016-09-17,0.0
2016-09-18,0.0
2016-09-19,2.3800000000000003
2016-09-20,6.300000000000001
2016-09-21,5.6000000000000005
2016-09-22,4.340000000000001
2016-09-23,5.040000000000001
2016-09-24,2.24
2016-09-25,0.0
2016-09-26,9.66
2016-09-27,0.0
2016-09-28,5.180000000000001
2016-09-29,5.74
2016-09-30,2.9400000000000004
2016-10-01,4.0
2016-10-02,6.08
2016-10-03,0.0
2016-10-04,15.68
2016-10-05,0.0
2016-10-06,15.36
2016-10-07,11.36
2016-10-08,8.8
2016-10-09,0.0
2016-10-10,10.24
2016-10-11,10.08
2016-10-12,15.04
2016-10-13,0.0
2016-10-14,16.0
2016-10-15,4.16
2016-10-16,9.92
2016-10-17,7.36
2016-10-18,11.52
2016-10-19,12.64
2016-10-20,8.64
2016-10-21,8.48
2016-10-22,0.0
2016-10-23,0.0
2016-10-24,7.68
2016-10-25,9.92
2016-10-26,14.72
2016-10-27,11.04
2016-10-28,8.8
2016-10-29,5.92
2016-10-30,0.0
2016-10-31,9.28
2016-11-01,4.41
2016-11-02,0.0
2016-11-03,7.14
2016-11-04,10.08
2016-11-05,0.0
2016-11-06,0.0
2016-11-07,4.62
2016-11-08,0.0
2016-11-09,21.0
2016-11-10,13.02
2016-11-11,12.39
2016-11-12,3.99
2016-11-13,0.0
2016-11-14,10.71
2016-11-15,5.46
2016-11-16,4.41
2016-11-17,11.13
2016-11-18,6.72
2016-11-19,0.0
2016-11-20,6.51
2016-11-21,0.0
2016-11-22,12.81
2016-11-23,3.57
2016-11-24,3.15
2016-11-25,11.55
2016-11-26,6.09
2016-11-27,0.0
2016-11-28,6.09
2016-11-29,11.34
2016-11-30,6.93
2016-12-01,6.3
2016-12-02,0.0
2016-12-03,4.83
2016-12-04,2.94
2016-12-05,10.29
2016-12-06,7.979999999999999
2016-12-07,12.6
2016-12-08,3.15
2016-12-09,6.72
2016-12-10,4.2
2016-12-11,0.0
2016-12-12,12.39
2016-12-13,21.0
2016-12-14,16.169999999999998
2016-12-15,4.83
2016-12-16,14.7
2016-12-17,6.3
2016-12-18,0.0
2016-12-19,5.04
2016-12-20,13.65
2016-12-21,17.22
2016-12-22,9.03
2016-12-23,10.08
2016-12-24,0.0
2016-12-25,0.0
2016-12-26,5.04
2016-12-27,7.35
2016-12-28,2.73
2016-12-29,13.86
2016-12-30,14.91
2016-12-31,0.0
2017-01-01,0.0
2017-01-02,0.0
2017-01-03,9.12
2017-01-04,19.0
2017-01-05,8.74
2017-01-06,6.65
2017-01-07,0.0
2017-01-08,9.5
2017-01-09,4.37
2017-01-10,4.37
2017-01-11,5.51
2017-01-12,15.01
2017-01-13,6.46
2017-01-14,11.78
2017-01-15,0.0
2017-01-16,0.0
2017-01-17,8.55
2017-01-18,2.66
2017-01-19,11.02
2017-01-20,3.42
2017-01-21,7.98
2017-01-22,0.0
2017-01-23,12.92
2017-01-24,13.68
2017-01-25,10.45
2017-01-26,9.12
2017-01-27,5.89
2017-01-28,0.0
2017-01-29,2.66
2017-01-30,11.02
2017-01-31,0.0
2017-02-01,12.5
2017-02-02,10.75
2017-02-03,14.0
2017-02-04,9.25
2017-02-05,0.0
2017-02-06,7.5
2017-02-07,8.75
2017-02-08,10.5
2017-02-09,12.0
2017-02-10,11.75
2017-02-11,0.0
2017-02-12,2.75
2017-02-13,5.0
2017-02-14,15.25
2017-02-15,21.0
2017-02-16,10.0
2017-02-17,9.25
2017-02-18,0.0
2017-02-19,0.0
2017-02-20,5.25
2017-02-21,20.25
2017-02-22,25.0
2017-02-23,23.75
2017-02-24,7.25
2017-02-25,5.25
2017-02-26,5.0
2017-02-27,13.25
2017-02-28,8.0
2017-03-01,23.76
2017-03-02,19.44
2017-03-03,27.0
2017-03-04,12.15
2017-03-05,9.45
2017-03-06,17.28
2017-03-07,9.18
2017-03-08,13.5
2017-03-09,9.99
2017-03-10,10.53
2017-03-11,3.51
2017-03-12,8.64
2017-03-13,12.69
2017-03-14,8.91
2017-03-15,9.99
2017-03-16,0.0
2017-03-17,18.09
2017-03-18,0.0
2017-03-19,8.64
2017-03-20,9.18
2017-03-21,6.75
2017-03-22,9.72
2017-03-23,14.31
2017-03-24,13.23
2017-03-25,9.72
2017-03-26,3.78
2017-03-27,16.470000000000002
2017-03-28,11.88
2017-03-29,13.23
2017-03-30,14.31
2017-03-31,8.100000000000001
2017-04-01,6.75
2017-04-02,21.87
2017-04-03,7.83
2017-04-04,26.46
2017-04-05,0.0
2017-04-06,11.34
2017-04-07,17.01
2017-04-08,3.24
2017-04-09,0.0
2017-04-10,8.64
2017-04-11,14.31
2017-04-12,8.64
2017-04-13,18.09
2017-04-14,0.0
2017-04-15,7.0200000000000005
2017-04-16,3.78
2017-04-17,27.0
2017-04-18,7.0200000000000005
2017-04-19,19.44
2017-04-20,6.210000000000001
2017-04-21,16.740000000000002
2017-04-22,6.48
2017-04-23,17.01
2017-04-24,16.740000000000002
2017-04-25,21.87
2017-04-26,22.41
2017-04-27,19.44
2017-04-28,10.260000000000002
2017-04-29,0.0
2017-04-30,4.86
2017-05-01,21.44
2017-05-02,18.24
2017-05-03,22.72
2017-05-04,27.2
2017-05-05,21.44
2017-05-06,5.44
2017-05-07,12.48
2017-05-08,19.52
2017-05-09,21.12
2017-05-10,23.68
2017-05-11,8.0
2017-05-12,19.84
2017-05-13,14.72
2017-05-14,12.8
2017-05-15,13.12
2017-05-16,24.0
2017-05-17,32.0
2017-05-18,26.56
2017-05-19,16.64
2017-05-20,12.48
2017-05-21,11.84
2017-05-22,20.16
2017-05-23,20.48
2017-05-24,22.08
2017-05-25,18.24
2017-05-26,17.6
2017-05-27,9.6
2017-05-28,15.68
2017-05-29,0.0
2017-05-30,19.2
2017-05-31,26.24
2017-06-01,7.54
2017-06-02,8.58
2017-06-03,0.0
2017-06-04,6.24
2017-06-05,8.06
2017-06-06,10.14
2017-06-07,12.74
2017-06-08,14.3
2017-06-09,13.26
2017-06-10,4.16
2017-06-11,23.4
2017-06-12,17.42
2017-06-13,17.42
2017-06-14,24.18
2017-06-15,15.86
2017-06-16,12.22
2017-06-17,6.5
2017-06-18,4.94
2017-06-19,26.0
2017-06-20,13.52
2017-06-21,9.62
2017-06-22,9.62
2017-06-23,8.84
2017-06-24,0.0
2017-06-25,4.42
2017-06-26,10.66
2017-06-27,17.42
2017-06-28,15.34
2017-06-29,8.58
2017-06-30,9.1
2017-07-01,0.0
2017-07-02,0.0
2017-07-03,7.83
2017-07-04,9.99
2017-07-05,16.740000000000002
2017-07-06,11.34
2017-07-07,15.93
2017-07-08,0.0
2017-07-09,8.64
2017-07-10,14.04
2017-07-11,8.64
2017-07-12,7.56
2017-07-13,12.69
2017-07-14,27.0
2017-07-15,8.100000000000001
2017-07-16,0.0
2017-07-17,10.260000000000002
2017-07-18,14.31
2017-07-19,9.99
2017-07-20,26.73
2017-07-21,17.55
2017-07-22,7.83
2017-07-23,2.97
2017-07-24,10.260000000000002
2017-07-25,15.12
2017-07-26,17.82
2017-07-27,22.950000000000003
2017-07-28,18.9
2017-07-29,3.51
2017-07-30,12.15
2017-07-31,16.200000000000003
2017-08-01,11.2
2017-08-02,17.92
2017-08-03,15.36
2017-08-04,12.8
2017-08-05,0.0
2017-08-06,4.16
2017-08-07,7.68
2017-08-08,8.32
2017-08-09,5.12
2017-08-10,4.8
2017-08-11,3.2
2017-08-12,0.0
2017-08-13,0.0
2017-08-14,9.92
2017-08-15,32.0
2017-08-16,10.24
2017-08-17,12.16
2017-08-18,9.28
2017-08-19,0.0
2017-08-20,8.32
2017-08-21,12.48
2017-08-22,7.68
2017-08-23,16.96
2017-08-24,18.56
2017-08-25,12.8
2017-08-26,12.48
2017-08-27,0.0
2017-08-28,18.56
2017-08-29,23.68
2017-08-30,18.56
2017-08-31,21.76
2017-09-01,17.1
2017-09-02,11.7
2017-09-03,4.05
2017-09-04,10.35
2017-09-05,17.55
2017-09-06,21.6
2017-09-07,27.0
2017-09-08,45.0
2017-09-09,11.25
2017-09-10,4.05
2017-09-11,27.0
2017-09-12,31.05
2017-09-13,29.25
2017-09-14,18.0
2017-09-15,18.45
2017-09-16,4.05
2017-09-17,3.6
2017-09-18,11.25
2017-09-19,9.45
2017-09-20,16.650000000000002
2017-09-21,19.8
2017-09-22,13.05
2017-09-23,9.45
2017-09-24,6.75
2017-09-25,14.85
2017-09-26,15.3
2017-09-27,15.75
2017-09-28,14.4
2017-09-29,17.1
2017-09-30,9.45
2017-10-01,0.0
2017-10-02,19.2
2017-10-03,12.8
2017-10-04,21.76
2017-10-05,19.52
2017-10-06,20.8
2017-10-07,6.4
2017-10-08,3.84
2017-10-09,7.04
2017-10-10,26.24
2017-10-11,15.68
2017-10-12,6.72
2017-10-13,12.16
2017-10-14,12.8
2017-10-15,0.0
2017-10-16,10.88
2017-10-17,14.4
2017-10-18,16.96
2017-10-19,22.72
2017-10-20,25.92
2017-10-21,0.0
2017-10-22,6.4
2017-10-23,15.36
2017-10-24,30.72
2017-10-25,19.2
2017-10-26,18.88
2017-10-27,15.36
2017-10-28,12.16
2017-10-29,3.84
2017-10-30,12.8
2017-10-31,32.0
2017-11-01,34.78
2017-11-02,35.52
2017-11-03,36.63
2017-11-04,13.32
2017-11-05,19.24
2017-11-06,17.39
2017-11-07,25.53
2017-11-08,31.08
2017-11-09,31.82
2017-11-10,22.94
2017-11-11,0.0
2017-11-12,9.25
2017-11-13,18.5
2017-11-14,29.23
2017-11-15,31.45
2017-11-16,35.52
2017-11-17,15.91
2017-11-18,5.92
2017-11-19,9.62
2017-11-20,29.6
2017-11-21,33.67
2017-11-22,32.19
2017-11-23,4.81
2017-11-24,24.79
2017-11-25,8.51
2017-11-26,0.0
2017-11-27,23.68
2017-11-28,37.0
2017-11-29,30.71
2017-11-30,32.19
2017-12-01,15.12
2017-12-02,2.52
2017-12-03,0.0
2017-12-04,22.32
2017-12-05,20.88
2017-12-06,25.2
2017-12-07,7.199999999999999
2017-12-08,22.68
2017-12-09,4.68
2017-12-10,3.96
2017-12-11,14.76
2017-12-12,13.32
2017-12-13,14.04
2017-12-14,13.32
2017-12-15,13.68
2017-12-16,7.199999999999999
2017-12-17,7.92
2017-12-18,15.48
2017-12-19,12.24
2017-12-20,20.16
2017-12-21,21.96
2017-12-22,14.76
2017-12-23,7.199999999999999
2017-12-24,0.0
2017-12-25,9.36
2017-12-26,11.16
2017-12-27,28.08
2017-12-28,36.0
2017-12-29,20.16
2017-12-30,7.199999999999999
2017-12-31,0.0
2018-01-01,12.65
2018-01-02,27.500000000000004
2018-01-03,40.150000000000006
2018-01-04,44.0
2018-01-05,46.2
2018-01-06,23.1
2018-01-07,7.15
2018-01-08,23.65
2018-01-09,23.65
2018-01-10,33.0
2018-01-11,28.05
2018-01-12,42.900000000000006
2018-01-13,14.85
2018-01-14,7.700000000000001
2018-01-15,18.15
2018-01-16,55.00000000000001
2018-01-17,34.650000000000006
2018-01-18,36.3
2018-01-19,39.6
2018-01-20,17.05
2018-01-21,12.1
2018-01-22,24.200000000000003
2018-01-23,49.50000000000001
2018-01-24,50.05
2018-01-25,39.6
2018-01-26,46.75000000000001
2018-01-27,12.65
2018-01-28,0.0
2018-01-29,30.800000000000004
2018-01-30,43.45
2018-01-31,42.900000000000006
2018-02-01,28.42
2018-02-02,22.54
2018-02-03,24.01
2018-02-04,7.35
2018-02-05,35.28
2018-02-06,49.0
2018-02-07,31.36
2018-02-08,40.18
2018-02-09,35.28
2018-02-10,16.66
2018-02-11,12.25
2018-02-12,27.93
2018-02-13,23.52
2018-02-14,30.38
2018-02-15,21.56
2018-02-16,25.97
2018-02-17,6.37
2018-02-18,4.41
2018-02-19,11.27
2018-02-20,25.48
2018-02-21,20.58
2018-02-22,21.56
2018-02-23,24.01
2018-02-24,4.9
2018-02-25,3.92
2018-02-26,22.05
2018-02-27,27.93
2018-02-28,34.79
2018-03-01,23.18
2018-03-02,8.36
2018-03-03,12.16
2018-03-04,0.0
2018-03-05,28.88
2018-03-06,28.12
2018-03-07,15.2
2018-03-08,25.46
2018-03-09,31.92
2018-03-10,14.82
2018-03-11,0.0
2018-03-12,20.52
2018-03-13,20.9
2018-03-14,28.5
2018-03-15,20.9
2018-03-16,30.02
2018-03-17,4.94
2018-03-18,4.18
2018-03-19,4.5600000000000005
2018-03-20,28.88
2018-03-21,25.08
2018-03-22,38.0
2018-03-23,23.18
2018-03-24,0.0
2018-03-25,8.74
2018-03-26,19.38
2018-03-27,28.12
2018-03-28,24.7
2018-03-29,21.28
2018-03-30,11.78
2018-03-31,8.74
2018-04-01,10.36
2018-04-02,21.46
2018-04-03,30.34
2018-04-04,25.9
2018-04-05,24.42
2018-04-06,30.34
2018-04-07,11.1
2018-04-08,0.0
2018-04-09,34.04
2018-04-10,20.35
2018-04-11,16.28
2018-04-12,24.05
2018-04-13,32.19
2018-04-14,7.03
2018-04-15,0.0
2018-04-16,25.53
2018-04-17,19.24
2018-04-18,37.0
2018-04-19,27.01
2018-04-20,31.82
2018-04-21,8.51
2018-04-22,0.0
2018-04-23,27.01
2018-04-24,22.94
2018-04-25,23.31
2018-04-26,27.75
2018-04-27,15.91
2018-04-28,12.58
2018-04-29,4.44
2018-04-30,20.35
2018-05-01,8.14
2018-05-02,13.32
2018-05-03,11.47
2018-05-04,11.84
2018-05-05,12.58
2018-05-06,0.0
2018-05-07,14.43
2018-05-08,14.43
2018-05-09,27.01
2018-05-10,20.35
2018-05-11,12.21
2018-05-12,0.0
2018-05-13,9.25
2018-05-14,37.0
2018-05-15,32.93
2018-05-16,31.45
2018-05-17,21.46
2018-05-18,21.46
2018-05-19,9.25
2018-05-20,7.03
2018-05-21,24.79
2018-05-22,18.13
2018-05-23,13.69
2018-05-24,24.42
2018-05-25,21.46
2018-05-26,9.99
2018-05-27,0.0
2018-05-28,7.77
2018-05-29,17.39
2018-05-30,20.72
2018-05-31,17.759999999999998
2018-06-01,25.8
2018-06-02,15.48
2018-06-03,9.46
2018-06-04,24.94
2018-06-05,32.68
2018-06-06,29.24
2018-06-07,26.23
2018-06-08,38.7
2018-06-09,20.21
2018-06-10,9.03
2018-06-11,34.83
2018-06-12,43.0
2018-06-13,29.24
2018-06-14,36.12
2018-06-15,23.22
2018-06-16,15.91
2018-06-17,4.73
2018-06-18,30.53
2018-06-19,18.92
2018-06-20,27.09
2018-06-21,19.78
2018-06-22,22.79
2018-06-23,6.88
2018-06-24,4.3
2018-06-25,20.21
2018-06-26,38.7
2018-06-27,26.66
2018-06-28,17.63
2018-06-29,17.2
2018-06-30,0.0
2018-07-01,0.0
2018-07-02,16.34
2018-07-03,10.26
2018-07-04,7.98
2018-07-05,19.38
2018-07-06,17.1
2018-07-07,4.18
2018-07-08,5.32
2018-07-09,22.04
2018-07-10,26.6
2018-07-11,20.52
2018-07-12,16.72
2018-07-13,21.28
2018-07-14,16.34
2018-07-15,0.0
2018-07-16,17.48
2018-07-17,26.22
2018-07-18,16.34
2018-07-19,25.46
2018-07-20,24.7
2018-07-21,4.94
2018-07-22,0.0
2018-07-23,15.2
2018-07-24,20.9
2018-07-25,21.28
2018-07-26,28.88
2018-07-27,38.0
2018-07-28,15.2
2018-07-29,0.0
2018-07-30,26.6
2018-07-31,21.66
2018-08-01,18.87
2018-08-02,17.39
2018-08-03,13.69
2018-08-04,8.879999999999999
2018-08-05,5.18
2018-08-06,19.24
2018-08-07,13.32
2018-08-08,27.75
2018-08-09,22.2
2018-08-10,10.36
2018-08-11,10.36
2018-08-12,0.0
2018-08-13,18.5
2018-08-14,37.0
2018-08-15,14.43
2018-08-16,21.46
2018-08-17,18.87
2018-08-18,12.95
2018-08-19,9.25
2018-08-20,16.28
2018-08-21,16.65
2018-08-22,24.42
2018-08-23,14.06
2018-08-24,22.57
2018-08-25,7.4
2018-08-26,8.51
2018-08-27,20.35
2018-08-28,22.57
2018-08-29,28.12
2018-08-30,20.35
2018-08-31,17.02
2018-09-01,10.5
2018-09-02,3.36
2018-09-03,5.88
2018-09-04,18.48
2018-09-05,22.26
2018-09-06,21.0
2018-09-07,13.44
2018-09-08,8.4
2018-09-09,5.46
2018-09-10,12.18
2018-09-11,42.0
2018-09-12,30.24
2018-09-13,17.64
2018-09-14,17.22
2018-09-15,8.82
2018-09-16,0.0
2018-09-17,12.6
2018-09-18,14.28
2018-09-19,20.16
2018-09-20,24.36
2018-09-21,21.0
2018-09-22,10.92
2018-09-23,3.78
2018-09-24,10.92
2018-09-25,23.52
2018-09-26,18.06
2018-09-27,10.08
2018-09-28,17.64
2018-09-29,4.62
2018-09-30,0.0
2018-10-01,30.02
2018-10-02,22.04
2018-10-03,28.88
2018-10-04,20.14
2018-10-05,21.28
2018-10-06,0.0
2018-10-07,0.0
2018-10-08,15.58
2018-10-09,15.96
2018-10-10,28.88
2018-10-11,38.0
2018-10-12,36.48
2018-10-13,16.72
2018-10-14,9.88
2018-10-15,21.66
2018-10-16,20.14
2018-10-17,34.58
2018-10-18,28.12
2018-10-19,34.96
2018-10-20,6.08
2018-10-21,0.0
2018-10-22,31.92
2018-10-23,22.42
2018-10-24,26.22
2018-10-25,23.94
2018-10-26,31.54
2018-10-27,6.46
2018-10-28,10.26
2018-10-29,18.62
2018-10-30,24.32
2018-10-31,22.42
2018-11-01,28.8
2018-11-02,40.0
2018-11-03,6.800000000000001
2018-11-04,0.0
2018-11-05,21.200000000000003
2018-11-06,19.200000000000003
2018-11-07,33.2
2018-11-08,24.8
2018-11-09,28.8
2018-11-10,4.0
2018-11-11,6.800000000000001
2018-11-12,33.2
2018-11-13,32.4
2018-11-14,37.6
2018-11-15,36.4
2018-11-16,34.0
2018-11-17,8.8
2018-11-18,7.2
2018-11-19,24.8
2018-11-20,28.4
2018-11-21,27.200000000000003
2018-11-22,13.6
2018-11-23,22.0
2018-11-24,11.6
2018-11-25,4.4
2018-11-26,10.8
2018-11-27,28.4
2018-11-28,36.8
2018-11-29,31.6
2018-11-30,34.800000000000004
2018-12-01,0.0
2018-12-02,6.4
2018-12-03,27.84
2018-12-04,24.0
2018-12-05,13.12
2018-12-06,21.12
2018-12-07,24.32
2018-12-08,8.96
2018-12-09,3.2
2018-12-10,17.28
2018-12-11,17.92
2018-12-12,19.52
2018-12-13,18.56
2018-12-14,13.12
2018-12-15,11.52
2018-12-16,0.0
2018-12-17,15.68
2018-12-18,19.84
2018-12-19,21.12
2018-12-20,27.84
2018-12-21,32.0
2018-12-22,9.6
2018-12-23,14.08
2018-12-24,23.04
2018-12-25,10.24
2018-12-26,22.08
2018-12-27,22.72
2018-12-28,18.24
2018-12-29,13.12
2018-12-30,0.0
2018-12-31,8.96
2019-01-01,12.24
2019-01-02,6.12
2019-01-03,21.24
2019-01-04,29.52
2019-01-05,15.12
2019-01-06,5.76
2019-01-07,23.76
2019-01-08,27.36
2019-01-09,35.28
2019-01-10,34.56
2019-01-11,24.48
2019-01-12,14.04
2019-01-13,4.32
2019-01-14,24.84
2019-01-15,32.04
2019-01-16,29.16
2019-01-17,32.76
2019-01-18,27.72
2019-01-19,5.76
2019-01-20,7.56
2019-01-21,12.24
2019-01-22,20.52
2019-01-23,27.72
2019-01-24,22.32
2019-01-25,31.32
2019-01-26,16.919999999999998
2019-01-27,15.48
2019-01-28,12.6
2019-01-29,30.24
2019-01-30,14.76
2019-01-31,36.0
2019-02-01,32.68
2019-02-02,4.94
2019-02-03,19.76
2019-02-04,22.8
2019-02-05,23.18
2019-02-06,18.24
2019-02-07,26.22
2019-02-08,11.4
2019-02-09,12.54
2019-02-10,0.0
2019-02-11,20.14
2019-02-12,25.08
2019-02-13,24.32
2019-02-14,21.66
2019-02-15,22.04
2019-02-16,14.44
2019-02-17,5.7
2019-02-18,11.02
2019-02-19,27.74
2019-02-20,38.0
2019-02-21,27.74
2019-02-22,14.82
2019-02-23,11.78
2019-02-24,10.26
2019-02-25,29.26
2019-02-26,31.16
2019-02-27,32.68
2019-02-28,19.76
2019-03-01,22.77
2019-03-02,16.830000000000002
2019-03-03,3.96
2019-03-04,20.46
2019-03-05,15.84
2019-03-06,20.130000000000003
2019-03-07,17.16
2019-03-08,6.2700000000000005
2019-03-09,9.24
2019-03-10,0.0
2019-03-11,30.360000000000003
2019-03-12,23.43
2019-03-13,16.17
2019-03-14,10.56
2019-03-15,33.0
2019-03-16,7.590000000000001
2019-03-17,0.0
2019-03-18,6.930000000000001
2019-03-19,20.790000000000003
2019-03-20,22.44
2019-03-21,19.14
2019-03-22,14.52
2019-03-23,0.0
2019-03-24,11.55
2019-03-25,16.17
2019-03-26,21.78
2019-03-27,22.11
2019-03-28,15.84
2019-03-29,18.48
2019-03-30,2.97
2019-03-31,6.930000000000001
2019-04-01,14.19
2019-04-02,29.24
2019-04-03,32.68
2019-04-04,33.54
2019-04-05,42.14
2019-04-06,16.77
2019-04-07,0.0
2019-04-08,27.09
2019-04-09,42.14
2019-04-10,22.36
2019-04-11,26.23
2019-04-12,27.09
2019-04-13,9.03
2019-04-14,7.31
2019-04-15,24.94
2019-04-16,34.4
2019-04-17,35.26
2019-04-18,34.4
2019-04-19,15.91
2019-04-20,21.07
2019-04-21,4.73
2019-04-22,36.98
2019-04-23,27.52
2019-04-24,43.0
2019-04-25,30.1
2019-04-26,21.93
2019-04-27,8.17
2019-04-28,21.93
2019-04-29,37.41
2019-04-30,30.1
2019-05-01,33.3
2019-05-02,28.12
2019-05-03,31.82
2019-05-04,19.61
2019-05-05,4.07
2019-05-06,23.31
2019-05-07,12.58
2019-05-08,17.02
2019-05-09,14.06
2019-05-10,24.05
2019-05-11,8.879999999999999
2019-05-12,8.14
2019-05-13,26.27
2019-05-14,22.94
2019-05-15,21.83
2019-05-16,22.94
2019-05-17,37.0
2019-05-18,7.4
2019-05-19,0.0
2019-05-20,15.91
2019-05-21,33.67
2019-05-22,18.5
2019-05-23,29.6
2019-05-24,20.35
2019-05-25,3.33
2019-05-26,0.0
2019-05-27,0.0
2019-05-28,20.72
2019-05-29,14.06
2019-05-30,18.13
2019-05-31,22.94
2019-06-01,0.0
2019-06-02,0.0
2019-06-03,12.95
2019-06-04,17.5
2019-06-05,14.0
2019-06-06,14.35
2019-06-07,19.6
2019-06-08,4.9
2019-06-09,0.0
2019-06-10,16.799999999999997
2019-06-11,21.7
2019-06-12,17.15
2019-06-13,5.6
2019-06-14,23.45
2019-06-15,10.5
2019-06-16,15.05
2019-06-17,14.7
2019-06-18,35.0
2019-06-19,15.749999999999998
2019-06-20,21.7
2019-06-21,22.05
2019-06-22,3.15
2019-06-23,3.15
2019-06-24,12.6
2019-06-25,23.45
2019-06-26,9.1
2019-06-27,12.25
2019-06-28,13.3
2019-06-29,5.6
2019-06-30,4.55
2019-07-01,17.2
2019-07-02,36.0
2019-07-03,25.6
2019-07-04,7.2
2019-07-05,22.0
2019-07-06,22.4
2019-07-07,3.2
2019-07-08,22.4
2019-07-09,30.4
2019-07-10,29.200000000000003
2019-07-11,34.0
2019-07-12,36.8
2019-07-13,12.4
2019-07-14,0.0
2019-07-15,24.8
2019-07-16,32.0
2019-07-17,28.8
2019-07-18,21.6
2019-07-19,27.200000000000003
2019-07-20,16.400000000000002
2019-07-21,11.2
2019-07-22,40.0
2019-07-23,26.0
2019-07-24,16.8
2019-07-25,23.6
2019-07-26,20.4
2019-07-27,8.0
2019-07-28,6.800000000000001
2019-07-29,18.4
2019-07-30,18.8
2019-07-31,19.200000000000003
2019-08-01,23.94
2019-08-02,25.62
2019-08-03,9.66
2019-08-04,6.3
2019-08-05,24.78
2019-08-06,31.92
2019-08-07,14.7
2019-08-08,26.88
2019-08-09,32.76
2019-08-10,7.14
2019-08-11,15.96
2019-08-12,26.46
2019-08-13,15.12
2019-08-14,26.88
2019-08-15,29.4
2019-08-16,30.66
2019-08-17,8.4
2019-08-18,12.6
2019-08-19,30.66
2019-08-20,42.0
2019-08-21,37.8
2019-08-22,35.28
2019-08-23,20.16
2019-08-24,7.979999999999999
2019-08-25,6.72
2019-08-26,29.4
2019-08-27,31.5
2019-08-28,39.06
2019-08-29,36.12
2019-08-30,41.16
2019-08-31,27.72
2019-09-01,25.92
2019-09-02,12.6
2019-09-03,33.84
2019-09-04,27.36
2019-09-05,33.84
2019-09-06,15.48
2019-09-07,6.48
2019-09-08,7.199999999999999
2019-09-09,21.96
2019-09-10,20.52
2019-09-11,25.92
2019-09-12,32.76
2019-09-13,29.16
2019-09-14,12.6
2019-09-15,3.24
2019-09-16,21.6
2019-09-17,15.48
2019-09-18,20.88
2019-09-19,36.0
2019-09-20,19.8
2019-09-21,8.28
2019-09-22,0.0
2019-09-23,14.4
2019-09-24,14.76
2019-09-25,20.16
2019-09-26,20.16
2019-09-27,23.4
2019-09-28,3.96
2019-09-29,8.64
2019-09-30,19.08
2019-10-01,23.76
2019-10-02,13.2
2019-10-03,9.57
2019-10-04,13.86
2019-10-05,8.25
2019-10-06,0.0
2019-10-07,11.88
2019-10-08,13.86
2019-10-09,21.78
2019-10-10,17.490000000000002
2019-10-11,25.74
2019-10-12,5.61
2019-10-13,9.57
2019-10-14,33.0
2019-10-15,19.8
2019-10-16,21.12
2019-10-17,17.490000000000002
2019-10-18,29.040000000000003
2019-10-19,5.61
2019-10-20,9.24
2019-10-21,19.47
2019-10-22,17.82
2019-10-23,21.78
2019-10-24,14.52
2019-10-25,9.57
2019-10-26,0.0
2019-10-27,19.47
2019-10-28,19.14
2019-10-29,12.87
2019-10-30,25.08
2019-10-31,15.18
2019-11-01,15.96
2019-11-02,18.24
2019-11-03,6.46
2019-11-04,14.06
2019-11-05,15.58
2019-11-06,15.58
2019-11-07,20.52
2019-11-08,20.9
2019-11-09,9.12
2019-11-10,10.64
2019-11-11,9.5
2019-11-12,15.58
2019-11-13,18.62
2019-11-14,9.5
2019-11-15,17.1
2019-11-16,5.32
2019-11-17,5.7
2019-11-18,13.3
2019-11-19,38.0
2019-11-20,27.74
2019-11-21,20.52
2019-11-22,21.66
2019-11-23,0.0
2019-11-24,5.32
2019-11-25,26.98
2019-11-26,21.66
2019-11-27,18.62
2019-11-28,11.4
2019-11-29,18.24
2019-11-30,5.7
2019-12-01,11.22
2019-12-02,26.180000000000003
2019-12-03,32.64
2019-12-04,30.94
2019-12-05,18.02
2019-12-06,34.0
2019-12-07,12.58
2019-12-08,12.24
2019-12-09,7.82
2019-12-10,20.4
2019-12-11,25.840000000000003
2019-12-12,32.300000000000004
2019-12-13,33.32
2019-12-14,12.920000000000002
2019-12-15,4.760000000000001
2019-12-16,24.14
2019-12-17,30.26
2019-12-18,18.700000000000003
2019-12-19,30.26
2019-12-20,27.880000000000003
2019-12-21,7.82
2019-12-22,11.56
2019-12-23,20.06
2019-12-24,9.52
2019-12-25,11.56
2019-12-26,19.380000000000003
2019-12-27,23.12
2019-12-28,10.2
2019-12-29,0.0
2019-12-30,23.46
2019-12-31,27.200000000000003
2020-01-01,8.75
2020-01-02,30.8
2020-01-03,19.6
2020-01-04,12.95
2020-01-05,5.25
2020-01-06,17.15
2020-01-07,18.55
2020-01-08,28.7
2020-01-09,21.35
2020-01-10,22.75
2020-01-11,11.55
2020-01-12,11.9
2020-01-13,27.3
2020-01-14,35.0
2020-01-15,15.749999999999998
2020-01-16,28.0
2020-01-17,23.45
2020-01-18,22.4
2020-01-19,5.6
2020-01-20,12.25
2020-01-21,19.6
2020-01-22,28.7
2020-01-23,24.85
2020-01-24,20.65
2020-01-25,8.049999999999999
2020-01-26,0.0
2020-01-27,16.099999999999998
2020-01-28,21.0
2020-01-29,29.4
2020-01-30,23.45
2020-01-31,22.4
2020-02-01,9.87
2020-02-02,5.17
2020-02-03,14.1
2020-02-04,15.04
2020-02-05,26.79
2020-02-06,29.14
2020-02-07,12.69
2020-02-08,3.29
2020-02-09,3.76
2020-02-10,22.56
2020-02-11,25.38
2020-02-12,24.44
2020-02-13,21.62
2020-02-14,30.08
2020-02-15,7.989999999999999
2020-02-16,4.23
2020-02-17,9.87
2020-02-18,26.32
2020-02-19,20.21
2020-02-20,18.33
2020-02-21,20.68
2020-02-22,6.58
2020-02-23,11.75
2020-02-24,15.04
2020-02-25,36.19
2020-02-26,29.61
2020-02-27,31.49
2020-02-28,47.0
2020-02-29,17.39
2020-03-01,10.0
2020-03-02,38.0
2020-03-03,31.0
2020-03-04,46.0
2020-03-05,50.0
2020-03-06,39.0
2020-03-07,12.0
2020-03-08,14.0
2020-03-09,46.0
2020-03-10,61.0
2020-03-11,49.0
2020-03-12,71.0
2020-03-13,68.0
2020-03-14,21.0
2020-03-15,17.0
2020-03-16,77.0
2020-03-17,86.0
2020-03-18,96.0
2020-03-19,89.0
2020-03-20,75.0
2020-03-21,43.0
2020-03-22,30.0
2020-03-23,76.0
2020-03-24,100.0
2020-03-25,93.0
2020-03-26,75.0
2020-03-27,84.0
2020-03-28,45.0
2020-03-29,39.0
2020-03-30,68.0
2020-03-31,70.0
2020-04-01,74.69
2020-04-02,67.76
2020-04-03,55.44
2020-04-04,27.72
2020-04-05,13.86
2020-04-06,74.69
2020-04-07,66.22
2020-04-08,71.61
2020-04-09,58.52
2020-04-10,33.88
2020-04-11,29.26
2020-04-12,17.71
2020-04-13,46.2
2020-04-14,72.38
2020-04-15,46.2
2020-04-16,56.98
2020-04-17,77.0
2020-04-18,24.64
2020-04-19,10.78
2020-04-20,49.28
2020-04-21,50.05
2020-04-22,45.43
2020-04-23,48.51
2020-04-24,26.18
2020-04-25,24.64
2020-04-26,17.71
2020-04-27,56.21
2020-04-28,43.89
2020-04-29,61.6
2020-04-30,67.76
2020-05-01,41.48
2020-05-02,23.12
2020-05-03,26.520000000000003
2020-05-04,28.56
2020-05-05,53.040000000000006
2020-05-06,47.6
2020-05-07,47.6
2020-05-08,42.16
2020-05-09,14.96
2020-05-10,21.76
2020-05-11,40.8
2020-05-12,32.64
2020-05-13,51.00000000000001
2020-05-14,46.24
2020-05-15,42.84
2020-05-16,14.96
2020-05-17,12.920000000000002
2020-05-18,57.8
2020-05-19,68.0
2020-05-20,61.2
2020-05-21,44.2
2020-05-22,42.16
2020-05-23,6.800000000000001
2020-05-24,0.0
2020-05-25,17.0
2020-05-26,42.16
2020-05-27,52.36000000000001
2020-05-28,42.16
2020-05-29,37.400000000000006
2020-05-30,23.8
2020-05-31,12.24
2020-06-01,40.32
2020-06-02,49.92
2020-06-03,52.48
2020-06-04,33.28
2020-06-05,49.28
2020-06-06,21.76
2020-06-07,32.0
2020-06-08,64.0
2020-06-09,62.72
2020-06-10,44.8
2020-06-11,46.08
2020-06-12,58.24
2020-06-13,17.92
2020-06-14,16.64
2020-06-15,42.88
2020-06-16,58.24
2020-06-17,37.76
2020-06-18,35.2
2020-06-19,53.120000000000005
2020-06-20,8.32
2020-06-21,7.68
2020-06-22,46.72
2020-06-23,50.56
2020-06-24,38.4
2020-06-25,50.56
2020-06-26,42.88
2020-06-27,19.2
2020-06-28,21.12
2020-06-29,28.8
2020-06-30,46.08
2020-07-01,37.400000000000006
2020-07-02,42.35
2020-07-03,26.4
2020-07-04,17.6
2020-07-05,3.850000000000001
2020-07-06,41.25
2020-07-07,38.5
2020-07-08,29.700000000000003
2020-07-09,40.7
2020-07-10,22.0
2020-07-11,19.25
2020-07-12,0.0
2020-07-13,39.05
2020-07-14,35.2
2020-07-15,55.00000000000001
2020-07-16,36.3
2020-07-17,37.400000000000006
2020-07-18,9.35
2020-07-19,25.3
2020-07-20,34.650000000000006
2020-07-21,30.800000000000004
2020-07-22,46.2
2020-07-23,43.45
2020-07-24,27.500000000000004
2020-07-25,39.6
2020-07-26,9.9
2020-07-27,39.05
2020-07-28,40.7
2020-07-29,33.550000000000004
2020-07-30,47.85
2020-07-31,34.650000000000006
2020-08-01,21.7
2020-08-02,12.4
2020-08-03,54.56
2020-08-04,49.6
2020-08-05,57.66
2020-08-06,39.06
2020-08-07,45.26
2020-08-08,13.02
2020-08-09,8.06
2020-08-10,40.3
2020-08-11,40.92
2020-08-12,50.22
2020-08-13,44.02
2020-08-14,45.88
2020-08-15,25.42
2020-08-16,21.7
2020-08-17,49.6
2020-08-18,62.0
2020-08-19,62.0
2020-08-20,45.88
2020-08-21,45.26
2020-08-22,27.9
2020-08-23,9.3
2020-08-24,42.78
2020-08-25,42.78
2020-08-26,45.88
2020-08-27,49.6
2020-08-28,46.5
2020-08-29,5.58
2020-08-30,14.26
2020-08-31,34.72
2020-09-01,45.9
2020-09-02,40.8
2020-09-03,44.37
2020-09-04,32.64
2020-09-05,17.85
2020-09-06,4.59
2020-09-07,15.3
2020-09-08,27.54
2020-09-09,37.74
2020-09-10,51.0
2020-09-11,32.64
2020-09-12,11.73
2020-09-13,12.24
2020-09-14,28.56
2020-09-15,34.68
2020-09-16,32.13
2020-09-17,24.99
2020-09-18,27.03
2020-09-19,12.24
2020-09-20,12.75
2020-09-21,28.05
2020-09-22,31.11
2020-09-23,34.68
2020-09-24,28.05
2020-09-25,16.830000000000002
2020-09-26,9.69
2020-09-27,11.73
2020-09-28,26.01
2020-09-29,22.95
2020-09-30,39.27
2020-10-01,24.51
2020-10-02,25.37
2020-10-03,9.03
2020-10-04,16.77
2020-10-05,25.8
2020-10-06,21.5
2020-10-07,29.24
2020-10-08,43.0
2020-10-09,39.99
2020-10-10,25.37
2020-10-11,7.74
2020-10-12,34.83
2020-10-13,27.09
2020-10-14,22.36
2020-10-15,22.79
2020-10-16,27.52
2020-10-17,9.46
2020-10-18,6.02
2020-10-19,33.54
2020-10-20,24.94
2020-10-21,34.4
2020-10-22,27.09
2020-10-23,24.08
2020-10-24,19.78
2020-10-25,17.2
2020-10-26,39.13
2020-10-27,17.2
2020-10-28,34.4
2020-10-29,29.24
2020-10-30,17.2
2020-10-31,5.59
2020-11-01,4.68
2020-11-02,32.76
2020-11-03,35.88
2020-11-04,23.4
2020-11-05,24.96
2020-11-06,22.880000000000003
2020-11-07,6.24
2020-11-08,7.28
2020-11-09,40.04
2020-11-10,37.44
2020-11-11,24.96
2020-11-12,26.52
2020-11-13,30.68
2020-11-14,11.44
2020-11-15,9.36
2020-11-16,39.0
2020-11-17,31.200000000000003
2020-11-18,39.52
2020-11-19,32.24
2020-11-20,31.200000000000003
2020-11-21,9.88
2020-11-22,8.32
2020-11-23,35.88
2020-11-24,52.0
2020-11-25,32.76
2020-11-26,9.88
2020-11-27,30.68
2020-11-28,9.88
2020-11-29,12.48
2020-11-30,23.92
2020-12-01,34.309999999999995
2020-12-02,35.25
2020-12-03,29.14
2020-12-04,41.36
2020-12-05,15.04
2020-12-06,7.05
2020-12-07,31.02
2020-12-08,38.54
2020-12-09,43.71
2020-12-10,47.0
2020-12-11,20.21
2020-12-12,3.29
2020-12-13,0.0
2020-12-14,34.78
2020-12-15,25.85
2020-12-16,18.33
2020-12-17,34.78
2020-12-18,31.02
2020-12-19,14.57
2020-12-20,16.919999999999998
2020-12-21,24.91
2020-12-22,29.14
2020-12-23,41.83
2020-12-24,17.39
2020-12-25,20.21
2020-12-26,10.81
2020-12-27,7.52
2020-12-28,31.96
2020-12-29,9.87
2020-12-30,29.14
2020-12-31,34.309999999999995
2021-01-01,16.32
2021-01-02,17.759999999999998
2021-01-03,4.8
2021-01-04,27.36
2021-01-05,15.84
2021-01-06,30.24
2021-01-07,36.0
2021-01-08,16.32
2021-01-09,16.8
2021-01-10,7.199999999999999
2021-01-11,24.48
2021-01-12,40.32
2021-01-13,31.2
2021-01-14,33.6
2021-01-15,37.44
2021-01-16,21.6
2021-01-17,12.0
2021-01-18,13.92
2021-01-19,25.44
2021-01-20,37.44
2021-01-21,48.0
2021-01-22,36.0
2021-01-23,16.8
2021-01-24,7.68
2021-01-25,25.44
2021-01-26,36.48
2021-01-27,42.72
2021-01-28,44.64
2021-01-29,31.68
2021-01-30,21.6
2021-01-31,12.48
2021-02-01,37.52
2021-02-02,35.84
2021-02-03,43.68000000000001
2021-02-04,33.6
2021-02-05,38.080000000000005
2021-02-06,21.840000000000003
2021-02-07,0.0
2021-02-08,34.720000000000006
2021-02-09,28.56
2021-02-10,27.44
2021-02-11,28.000000000000004
2021-02-12,25.76
2021-02-13,19.6
2021-02-14,12.88
2021-02-15,11.760000000000002
2021-02-16,24.64
2021-02-17,33.6
2021-02-18,18.48
2021-02-19,35.84
2021-02-20,12.88
2021-02-21,10.080000000000002
2021-02-22,29.680000000000003
2021-02-23,42.00000000000001
2021-02-24,56.00000000000001
2021-02-25,34.160000000000004
2021-02-26,38.64
2021-02-27,14.000000000000002
2021-02-28,6.720000000000001
2021-03-01,35.84
2021-03-02,51.84
2021-03-03,39.04
2021-03-04,44.16
2021-03-05,42.88
2021-03-06,19.84
2021-03-07,10.88
2021-03-08,36.48
2021-03-09,50.56
2021-03-10,64.0
2021-03-11,51.2
2021-03-12,52.48
2021-03-13,14.72
2021-03-14,19.2
2021-03-15,41.6
2021-03-16,44.8
2021-03-17,54.4
2021-03-18,51.84
2021-03-19,40.32
2021-03-20,23.68
2021-03-21,18.56
2021-03-22,40.96
2021-03-23,55.68
2021-03-24,60.16
2021-03-25,58.88
2021-03-26,64.0
2021-03-27,18.56
2021-03-28,10.24
2021-03-29,53.76
2021-03-30,43.52
2021-03-31,54.4
2021-04-01,59.63
2021-04-02,27.47
2021-04-03,14.74
2021-04-04,14.74
2021-04-05,50.92
2021-04-06,45.56
2021-04-07,34.17
2021-04-08,50.92
2021-04-09,49.580000000000005
2021-04-10,18.09
2021-04-11,10.72
2021-04-12,46.900000000000006
2021-04-13,40.870000000000005
2021-04-14,46.23
2021-04-15,49.580000000000005
2021-04-16,50.25
2021-04-17,39.53
2021-04-18,14.07
2021-04-19,67.0
2021-04-20,39.53
2021-04-21,50.92
2021-04-22,34.17
2021-04-23,43.55
2021-04-24,13.4
2021-04-25,18.09
2021-04-26,42.88
2021-04-27,37.52
2021-04-28,33.5
2021-04-29,53.6
2021-04-30,32.830000000000005
2021-05-01,18.360000000000003
2021-05-02,13.6
2021-05-03,46.92
2021-05-04,51.68000000000001
2021-05-05,63.92
2021-05-06,49.64
2021-05-07,59.84
2021-05-08,21.08
2021-05-09,21.76
2021-05-10,38.760000000000005
2021-05-11,55.760000000000005
2021-05-12,66.64
2021-05-13,64.60000000000001
2021-05-14,62.56
2021-05-15,23.8
2021-05-16,12.24
2021-05-17,55.080000000000005
2021-05-18,68.0
2021-05-19,57.8
2021-05-20,48.96
2021-05-21,32.64
2021-05-22,7.48
2021-05-23,26.520000000000003
2021-05-24,38.080000000000005
2021-05-25,35.36
2021-05-26,46.24
2021-05-27,44.88
2021-05-28,59.84
2021-05-29,12.24
2021-05-30,16.32
2021-05-31,6.800000000000001
2021-06-01,33.480000000000004
2021-06-02,50.220000000000006
2021-06-03,37.260000000000005
2021-06-04,37.8
2021-06-05,12.96
2021-06-06,12.96
2021-06-07,34.56
2021-06-08,43.2
2021-06-09,23.76
2021-06-10,27.540000000000003
2021-06-11,25.380000000000003
2021-06-12,21.6
2021-06-13,4.32
2021-06-14,38.34
2021-06-15,18.36
2021-06-16,28.62
2021-06-17,29.160000000000004
2021-06-18,42.120000000000005
2021-06-19,11.88
2021-06-20,3.78
2021-06-21,34.56
2021-06-22,38.88
2021-06-23,21.6
2021-06-24,36.72
2021-06-25,21.06
2021-06-26,17.28
2021-06-27,6.48
2021-06-28,34.02
2021-06-29,54.0
2021-06-30,38.88
2021-07-01,36.0
2021-07-02,42.0
2021-07-03,14.5
2021-07-04,14.5
2021-07-05,21.5
2021-07-06,27.5
2021-07-07,36.5
2021-07-08,36.0
2021-07-09,36.0
2021-07-10,14.5
2021-07-11,8.0
2021-07-12,24.5
2021-07-13,26.0
2021-07-14,29.0
2021-07-15,41.0
2021-07-16,42.0
2021-07-17,10.5
2021-07-18,6.5
2021-07-19,35.0
2021-07-20,24.5
2021-07-21,44.0
2021-07-22,41.5
2021-07-23,39.0
2021-07-24,16.5
2021-07-25,4.0
2021-07-26,37.0
2021-07-27,46.5
2021-07-28,39.0
2021-07-29,50.0
2021-07-30,20.0
2021-07-31,10.5
2021-08-01,0.0
2021-08-02,25.44
2021-08-03,45.05
2021-08-04,32.86
2021-08-05,31.270000000000003
2021-08-06,35.510000000000005
2021-08-07,8.48
2021-08-08,5.300000000000001
2021-08-09,23.32
2021-08-10,28.62
2021-08-11,25.97
2021-08-12,32.33
2021-08-13,40.28
2021-08-14,13.78
2021-08-15,13.78
2021-08-16,25.97
2021-08-17,45.580000000000005
2021-08-18,53.0
2021-08-19,40.28
2021-08-20,46.64
2021-08-21,19.08
2021-08-22,0.0
2021-08-23,40.81
2021-08-24,36.57
2021-08-25,30.21
2021-08-26,34.980000000000004
2021-08-27,32.33
2021-08-28,11.66
2021-08-29,6.36
2021-08-30,34.980000000000004
2021-08-31,41.870000000000005
2021-09-01,30.6
2021-09-02,45.0
2021-09-03,36.0
2021-09-04,8.55
2021-09-05,0.0
2021-09-06,8.1
2021-09-07,26.1
2021-09-08,31.95
2021-09-09,22.5
2021-09-10,32.4
2021-09-11,11.25
2021-09-12,5.4
2021-09-13,27.9
2021-09-14,35.1
2021-09-15,21.15
2021-09-16,9.0
2021-09-17,26.1
2021-09-18,11.7
2021-09-19,12.6
2021-09-20,31.5
2021-09-21,29.25
2021-09-22,26.1
2021-09-23,31.05
2021-09-24,15.75
2021-09-25,13.5
2021-09-26,0.0
2021-09-27,19.8
2021-09-28,27.0
2021-09-29,15.75
2021-09-30,27.45
2021-10-01,39.27
2021-10-02,5.61
2021-10-03,7.65
2021-10-04,23.97
2021-10-05,37.74
2021-10-06,27.54
2021-10-07,28.56
2021-10-08,25.5
2021-10-09,4.59
2021-10-10,20.4
2021-10-11,26.01
2021-10-12,31.62
2021-10-13,43.86
2021-10-14,36.21
2021-10-15,45.39
2021-10-16,7.65
2021-10-17,14.28
2021-10-18,24.48
2021-10-19,40.29
2021-10-20,33.15
2021-10-21,51.0
2021-10-22,45.39
2021-10-23,15.3
2021-10-24,7.65
2021-10-25,30.6
2021-10-26,43.35
2021-10-27,42.33
2021-10-28,36.72
2021-10-29,48.45
2021-10-30,12.75
2021-10-31,8.67
2021-11-01,27.72
2021-11-02,24.57
2021-11-03,37.8
2021-11-04,32.13
2021-11-05,28.35
2021-11-06,9.45
2021-11-07,11.97
2021-11-08,37.17
2021-11-09,35.910000000000004
2021-11-10,18.27
2021-11-11,22.68
2021-11-12,26.46
2021-11-13,15.75
2021-11-14,8.19
2021-11-15,25.2
2021-11-16,63.0
2021-11-17,63.0
2021-11-18,43.47
2021-11-19,52.29
2021-11-20,6.3
2021-11-21,0.0
2021-11-22,40.95
2021-11-23,50.4
2021-11-24,22.68
2021-11-25,11.34
2021-11-26,35.28
2021-11-27,18.9
2021-11-28,17.64
2021-11-29,37.8
2021-11-30,27.72
2021-12-01,39.68
2021-12-02,44.8
2021-12-03,51.2
2021-12-04,27.52
2021-12-05,5.12
2021-12-06,38.4
2021-12-07,64.0
2021-12-08,52.48
2021-12-09,39.68
2021-12-10,50.56
2021-12-11,21.12
2021-12-12,14.08
2021-12-13,35.84
2021-12-14,33.28
2021-12-15,58.88
2021-12-16,44.8
2021-12-17,53.76
2021-12-18,21.12
2021-12-19,15.36
2021-12-20,34.56
2021-12-21,57.6
2021-12-22,42.88
2021-12-23,47.36
2021-12-24,9.6
2021-12-25,9.6
2021-12-26,6.4
2021-12-27,46.72
2021-12-28,46.72
2021-12-29,40.32
2021-12-30,49.28
2021-12-31,49.92
2022-01-01,22.1
2022-01-02,10.4
2022-01-03,33.15
2022-01-04,63.05
2022-01-05,57.85
2022-01-06,39.65
2022-01-07,39.0
2022-01-08,11.7
2022-01-09,5.8500000000000005
2022-01-10,24.7
2022-01-11,31.85
2022-01-12,40.95
2022-01-13,65.0
2022-01-14,26.65
2022-01-15,15.6
2022-01-16,6.5
2022-01-17,18.85
2022-01-18,33.15
2022-01-19,28.6
2022-01-20,44.2
2022-01-21,54.6
2022-01-22,19.5
2022-01-23,10.4
2022-01-24,56.55
2022-01-25,52.0
2022-01-26,40.95
2022-01-27,41.6
2022-01-28,46.15
2022-01-29,11.7
2022-01-30,0.0
2022-01-31,35.1
2022-02-01,30.38
2022-02-02,32.24
2022-02-03,30.38
2022-02-04,24.18
2022-02-05,9.92
2022-02-06,6.82
2022-02-07,21.08
2022-02-08,32.24
2022-02-09,39.68
2022-02-10,40.92
2022-02-11,27.28
2022-02-12,10.54
2022-02-13,6.2
2022-02-14,28.52
2022-02-15,31.62
2022-02-16,32.86
2022-02-17,28.52
2022-02-18,27.28
2022-02-19,7.439999999999999
2022-02-20,11.16
2022-02-21,16.74
2022-02-22,45.88
2022-02-23,53.94
2022-02-24,62.0
2022-02-25,44.02
2022-02-26,14.26
2022-02-27,7.439999999999999
2022-02-28,34.72
2022-03-01,44.8
2022-03-02,64.0
2022-03-03,56.96
2022-03-04,48.64
2022-03-05,12.16
2022-03-06,10.88
2022-03-07,51.84
2022-03-08,45.44
2022-03-09,44.8
2022-03-10,41.6
2022-03-11,46.72
2022-03-12,7.04
2022-03-13,0.0
2022-03-14,25.6
2022-03-15,40.96
2022-03-16,55.68
2022-03-17,42.88
2022-03-18,30.08
2022-03-19,14.08
2022-03-20,14.08
2022-03-21,58.88
2022-03-22,49.28
2022-03-23,46.72
2022-03-24,44.16
2022-03-25,39.04
2022-03-26,15.36
2022-03-27,9.6
2022-03-28,35.2
2022-03-29,40.32
2022-03-30,48.0
2022-03-31,47.36
2022-04-01,33.040000000000006
2022-04-02,28.56
2022-04-03,11.2
2022-04-04,46.48
2022-04-05,36.400000000000006
2022-04-06,36.96
2022-04-07,49.28
2022-04-08,41.440000000000005
2022-04-09,19.6
2022-04-10,6.16
2022-04-11,47.6
2022-04-12,47.6
2022-04-13,41.440000000000005
2022-04-14,42.56
2022-04-15,35.28
2022-04-16,10.080000000000002
2022-04-17,0.0
2022-04-18,44.24
2022-04-19,40.88
2022-04-20,46.48
2022-04-21,44.24
2022-04-22,39.760000000000005
2022-04-23,18.48
2022-04-24,15.12
2022-04-25,44.24
2022-04-26,42.00000000000001
2022-04-27,39.760000000000005
2022-04-28,35.28
2022-04-29,56.00000000000001
2022-04-30,19.6
2022-05-01,8.32
2022-05-02,44.8
2022-05-03,33.92
2022-05-04,33.92
2022-05-05,58.24
2022-05-06,58.88
2022-05-07,0.0
2022-05-08,8.96
2022-05-09,45.44
2022-05-10,47.36
2022-05-11,45.44
2022-05-12,46.72
2022-05-13,51.2
2022-05-14,20.48
2022-05-15,16.64
2022-05-16,48.64
2022-05-17,64.0
2022-05-18,57.6
2022-05-19,58.24
2022-05-20,58.24
2022-05-21,27.52
2022-05-22,3.84
2022-05-23,51.84
2022-05-24,39.04
2022-05-25,48.64
2022-05-26,52.48
2022-05-27,32.0
2022-05-28,9.6
2022-05-29,17.92
2022-05-30,11.52
2022-05-31,28.16
2022-06-01,37.2
2022-06-02,39.6
2022-06-03,31.2
2022-06-04,20.4
2022-06-05,7.8
2022-06-06,49.8
2022-06-07,38.4
2022-06-08,39.0
2022-06-09,53.4
2022-06-10,49.8
2022-06-11,0.0
2022-06-12,9.6
2022-06-13,52.2
2022-06-14,58.8
2022-06-15,42.0
2022-06-16,46.2
2022-06-17,49.2
2022-06-18,14.4
2022-06-19,0.0
2022-06-20,20.4
2022-06-21,45.6
2022-06-22,59.4
2022-06-23,60.0
2022-06-24,50.4
2022-06-25,22.2
2022-06-26,17.4
2022-06-27,46.8
2022-06-28,29.4
2022-06-29,48.0
2022-06-30,26.4
2022-07-01,35.72
2022-07-02,0.0
2022-07-03,0.0
2022-07-04,15.04
2022-07-05,38.07
2022-07-06,42.3
2022-07-07,31.02
2022-07-08,34.309999999999995
2022-07-09,12.22
2022-07-10,4.699999999999999
2022-07-11,20.21
2022-07-12,32.43
2022-07-13,29.14
2022-07-14,25.38
2022-07-15,43.24
2022-07-16,7.52
2022-07-17,14.57
2022-07-18,38.07
2022-07-19,40.42
2022-07-20,31.96
2022-07-21,34.309999999999995
2022-07-22,46.06
2022-07-23,9.87
2022-07-24,7.05
2022-07-25,37.6
2022-07-26,31.96
2022-07-27,29.14
2022-07-28,38.07
2022-07-29,47.0
2022-07-30,8.459999999999999
2022-07-31,15.04
2022-08-01,31.860000000000003
2022-08-02,34.56
2022-08-03,32.940000000000005
2022-08-04,27.540000000000003
2022-08-05,24.3
2022-08-06,5.4
2022-08-07,5.94
2022-08-08,27.0
2022-08-09,28.62
2022-08-10,28.62
2022-08-11,35.1
2022-08-12,33.480000000000004
2022-08-13,14.580000000000002
2022-08-14,14.04
2022-08-15,25.380000000000003
2022-08-16,54.0
2022-08-17,38.34
2022-08-18,22.68
2022-08-19,28.62
2022-08-20,6.48
2022-08-21,11.34
2022-08-22,20.520000000000003
2022-08-23,32.400000000000006
2022-08-24,28.08
2022-08-25,25.92
2022-08-26,28.62
2022-08-27,7.0200000000000005
2022-08-28,3.78
2022-08-29,18.9
2022-08-30,26.46
2022-08-31,16.200000000000003
2022-09-01,28.8
2022-09-02,22.4
2022-09-03,10.4
2022-09-04,9.6
2022-09-05,6.0
2022-09-06,18.4
2022-09-07,20.8
2022-09-08,21.6
2022-09-09,24.8
2022-09-10,5.2
2022-09-11,5.2
2022-09-12,28.8
2022-09-13,40.0
2022-09-14,29.6
2022-09-15,20.4
2022-09-16,20.4
2022-09-17,8.8
2022-09-18,8.8
2022-09-19,33.2
2022-09-20,18.0
2022-09-21,30.0
2022-09-22,25.6
2022-09-23,32.0
2022-09-24,12.8
2022-09-25,6.4
2022-09-26,26.4
2022-09-27,24.0
2022-09-28,24.8
2022-09-29,18.0
2022-09-30,38.8
2022-10-01,8.2
2022-10-02,3.28
2022-10-03,31.98
2022-10-04,41.0
2022-10-05,25.83
2022-10-06,8.2
2022-10-07,34.03
2022-10-08,15.989999999999998
2022-10-09,10.66
2022-10-10,13.12
2022-10-11,11.48
2022-10-12,19.27
2022-10-13,39.77
2022-10-14,25.01
2022-10-15,5.739999999999999
2022-10-16,0.0
2022-10-17,24.6
2022-10-18,25.01
2022-10-19,34.44
2022-10-20,26.24
2022-10-21,25.42
2022-10-22,7.38
2022-10-23,3.69
2022-10-24,32.39
2022-10-25,24.6
2022-10-26,32.39
2022-10-27,29.93
2022-10-28,34.03
2022-10-29,17.63
2022-10-30,7.789999999999999
2022-10-31,19.68
2022-11-01,28.7
2022-11-02,31.98
2022-11-03,24.6
2022-11-04,34.85
2022-11-05,6.56
2022-11-06,5.739999999999999
2022-11-07,27.47
2022-11-08,29.52
2022-11-09,38.95
2022-11-10,41.0
2022-11-11,30.34
2022-11-12,19.68
2022-11-13,0.0
2022-11-14,37.72
2022-11-15,36.08
2022-11-16,36.08
2022-11-17,37.72
2022-11-18,33.21
2022-11-19,7.38
2022-11-20,4.92
2022-11-21,30.34
2022-11-22,37.72
2022-11-23,27.06
2022-11-24,22.14
2022-11-25,18.45
2022-11-26,11.89
2022-11-27,12.3
2022-11-28,27.06
2022-11-29,32.39
2022-11-30,22.14
2022-12-01,26.0
2022-12-02,26.0
2022-12-03,10.8
2022-12-04,10.8
2022-12-05,40.0
2022-12-06,26.4
2022-12-07,17.6
2022-12-08,23.200000000000003
2022-12-09,28.0
2022-12-10,14.4
2022-12-11,7.6
2022-12-12,27.6
2022-12-13,22.4
2022-12-14,24.4
2022-12-15,32.4
2022-12-16,24.0
2022-12-17,0.0
2022-12-18,0.0
2022-12-19,16.400000000000002
2022-12-20,36.8
2022-12-21,22.8
2022-12-22,25.200000000000003
2022-12-23,21.6
2022-12-24,12.0
2022-12-25,0.0
2022-12-26,12.4
2022-12-27,36.8
2022-12-28,22.4
2022-12-29,40.0
2022-12-30,31.200000000000003
2022-12-31,9.6
2023-01-01,8.28
2023-01-02,5.76
2023-01-03,23.76
2023-01-04,23.76
2023-01-05,24.12
2023-01-06,23.76
2023-01-07,18.0
2023-01-08,0.0
2023-01-09,28.44
2023-01-10,28.44
2023-01-11,29.16
2023-01-12,35.64
2023-01-13,28.08
2023-01-14,17.28
2023-01-15,11.16
2023-01-16,7.199999999999999
2023-01-17,19.44
2023-01-18,32.76
2023-01-19,24.48
2023-01-20,33.12
2023-01-21,16.2
2023-01-22,7.56
2023-01-23,33.48
2023-01-24,24.84
2023-01-25,34.92
2023-01-26,36.0
2023-01-27,31.68
2023-01-28,5.76
2023-01-29,11.16
2023-01-30,30.6
2023-01-31,32.4
2023-02-01,33.62
2023-02-02,29.93
2023-02-03,28.29
2023-02-04,10.66
2023-02-05,4.51
2023-02-06,20.91
2023-02-07,27.47
2023-02-08,18.86
2023-02-09,21.32
2023-02-10,20.5
2023-02-11,9.02
2023-02-12,0.0
2023-02-13,22.55
2023-02-14,30.34
2023-02-15,22.55
2023-02-16,25.42
2023-02-17,12.3
2023-02-18,6.56
2023-02-19,8.2
2023-02-20,10.66
2023-02-21,41.0
2023-02-22,18.86
2023-02-23,20.91
2023-02-24,20.09
2023-02-25,15.989999999999998
2023-02-26,4.92
2023-02-27,27.88
2023-02-28,20.91
2023-03-01,23.18
2023-03-02,22.42
2023-03-03,22.04
2023-03-04,8.36
2023-03-05,0.0
2023-03-06,25.46
2023-03-07,19.38
2023-03-08,20.9
2023-03-09,24.32
2023-03-10,20.14
2023-03-11,6.08
2023-03-12,4.5600000000000005
2023-03-13,38.0
2023-03-14,15.2
2023-03-15,21.28
2023-03-16,26.6
2023-03-17,25.46
2023-03-18,4.94
2023-03-19,0.0
2023-03-20,15.96
2023-03-21,21.66
2023-03-22,22.8
2023-03-23,18.24
2023-03-24,13.68
2023-03-25,7.6
2023-03-26,3.42
2023-03-27,25.84
2023-03-28,25.08
2023-03-29,24.7
2023-03-30,22.04
2023-03-31,34.96
2023-04-01,20.8
2023-04-02,10.4
2023-04-03,22.8
2023-04-04,32.0
2023-04-05,25.6
2023-04-06,40.0
2023-04-07,18.0
2023-04-08,0.0
2023-04-09,4.0
2023-04-10,33.6
2023-04-11,40.0
2023-04-12,35.2
2023-04-13,40.0
2023-04-14,34.0
2023-04-15,11.2
2023-04-16,18.0
2023-04-17,24.0
2023-04-18,26.8
2023-04-19,29.6
2023-04-20,23.200000000000003
2023-04-21,38.8
2023-04-22,20.0
2023-04-23,10.0
2023-04-24,30.4
2023-04-25,30.4
2023-04-26,32.4
2023-04-27,22.4
2023-04-28,32.4
2023-04-29,19.200000000000003
2023-04-30,5.6000000000000005
2023-05-01,26.22
2023-05-02,13.8
2023-05-03,16.1
2023-05-04,14.72
2023-05-05,30.82
2023-05-06,11.04
2023-05-07,12.42
2023-05-08,23.46
2023-05-09,18.4
2023-05-10,21.16
2023-05-11,30.360000000000003
2023-05-12,19.78
2023-05-13,4.140000000000001
2023-05-14,3.22
2023-05-15,16.560000000000002
2023-05-16,46.0
2023-05-17,37.72
2023-05-18,30.82
2023-05-19,21.62
2023-05-20,14.26
2023-05-21,6.9
2023-05-22,21.16
2023-05-23,21.62
2023-05-24,23.46
2023-05-25,23.0
2023-05-26,26.68
2023-05-27,9.66
2023-05-28,11.5
2023-05-29,8.280000000000001
2023-05-30,27.14
2023-05-31,15.64
2023-06-01,36.49
2023-06-02,40.59
2023-06-03,15.17
2023-06-04,0.0
2023-06-05,27.06
2023-06-06,39.77
2023-06-07,40.18
2023-06-08,36.08
2023-06-09,28.29
2023-06-10,8.61
2023-06-11,12.71
2023-06-12,27.06
2023-06-13,34.44
2023-06-14,36.08
2023-06-15,34.85
2023-06-16,40.18
2023-06-17,0.0
2023-06-18,0.0
2023-06-19,6.97
2023-06-20,41.0
2023-06-21,28.29
2023-06-22,17.63
2023-06-23,36.08
2023-06-24,0.0
2023-06-25,12.3
2023-06-26,34.44
2023-06-27,41.0
2023-06-28,15.989999999999998
2023-06-29,24.19
2023-06-30,33.62
2023-07-01,5.46
2023-07-02,10.92
2023-07-03,16.77
2023-07-04,10.14
2023-07-05,32.76
2023-07-06,14.04
2023-07-07,26.91
2023-07-08,9.36
2023-07-09,7.800000000000001
2023-07-10,17.55
2023-07-11,27.3
2023-07-12,19.11
2023-07-13,39.0
2023-07-14,25.35
2023-07-15,6.63
2023-07-16,0.0
2023-07-17,28.86
2023-07-18,36.27
2023-07-19,22.23
2023-07-20,24.96
2023-07-21,35.1
2023-07-22,12.48
2023-07-23,0.0
2023-07-24,20.67
2023-07-25,30.03
2023-07-26,30.03
2023-07-27,27.3
2023-07-28,30.42
2023-07-29,15.21
2023-07-30,7.41
2023-07-31,26.91
2023-08-01,21.24
2023-08-02,23.4
2023-08-03,17.28
2023-08-04,19.8
2023-08-05,3.24
2023-08-06,3.96
2023-08-07,15.84
2023-08-08,20.52
2023-08-09,18.0
2023-08-10,29.88
2023-08-11,34.2
2023-08-12,9.0
2023-08-13,4.68
2023-08-14,36.0
2023-08-15,30.6
2023-08-16,27.72
2023-08-17,23.4
2023-08-18,32.76
2023-08-19,11.52
2023-08-20,5.4
2023-08-21,22.68
2023-08-22,24.48
2023-08-23,30.24
2023-08-24,16.2
2023-08-25,19.08
2023-08-26,14.4
2023-08-27,0.0
2023-08-28,16.56
2023-08-29,17.64
2023-08-30,20.52
2023-08-31,17.64
2023-09-01,7.290000000000001
2023-09-02,0.0
2023-09-03,0.0
2023-09-04,7.290000000000001
2023-09-05,24.03
2023-09-06,27.0
2023-09-07,21.87
2023-09-08,23.76
2023-09-09,11.07
2023-09-10,7.0200000000000005
2023-09-11,19.17
2023-09-12,15.66
2023-09-13,22.41
2023-09-14,27.0
2023-09-15,21.87
2023-09-16,0.0
2023-09-17,0.0
2023-09-18,22.950000000000003
2023-09-19,26.46
2023-09-20,25.380000000000003
2023-09-21,24.840000000000003
2023-09-22,24.57
2023-09-23,4.59
2023-09-24,5.67
2023-09-25,21.06
2023-09-26,15.39
2023-09-27,14.04
2023-09-28,20.790000000000003
2023-09-29,14.31
2023-09-30,0.0
2023-10-01,2.8000000000000003
2023-10-02,14.560000000000002
2023-10-03,16.8
2023-10-04,20.160000000000004
2023-10-05,21.28
2023-10-06,12.6
2023-10-07,0.0
2023-10-08,3.92
2023-10-09,14.840000000000002
2023-10-10,28.000000000000004
2023-10-11,19.32
2023-10-12,17.92
2023-10-13,12.32
2023-10-14,0.0
2023-10-15,3.92
2023-10-16,20.160000000000004
2023-10-17,22.4
2023-10-18,17.92
2023-10-19,19.32
2023-10-20,14.28
2023-10-21,8.4
2023-10-22,15.68
2023-10-23,8.96
2023-10-24,16.8
2023-10-25,18.76
2023-10-26,11.2
2023-10-27,25.480000000000004
2023-10-28,5.32
2023-10-29,3.640000000000001
2023-10-30,22.4
2023-10-31,12.6
2023-11-01,17.34
2023-11-02,23.46
2023-11-03,17.68
2023-11-04,12.58
2023-11-05,0.0
2023-11-06,15.98
2023-11-07,25.16
2023-11-08,14.96
2023-11-09,11.9
2023-11-10,31.96
2023-11-11,0.0
2023-11-12,6.460000000000001
2023-11-13,18.700000000000003
2023-11-14,34.0
2023-11-15,18.700000000000003
2023-11-16,26.860000000000003
2023-11-17,28.22
2023-11-18,7.82
2023-11-19,3.4000000000000004
2023-11-20,24.82
2023-11-21,24.14
2023-11-22,27.540000000000003
2023-11-23,10.54
2023-11-24,21.42
2023-11-25,5.44
2023-11-26,0.0
2023-11-27,24.82
2023-11-28,20.06
2023-11-29,13.6
2023-11-30,29.24
2023-12-01,28.86
2023-12-02,8.879999999999999
2023-12-03,6.29
2023-12-04,19.61
2023-12-05,16.28
2023-12-06,22.2
2023-12-07,16.28
2023-12-08,20.35
2023-12-09,9.99
2023-12-10,0.0
2023-12-11,22.94
2023-12-12,17.02
2023-12-13,19.98
2023-12-14,23.31
2023-12-15,19.61
2023-12-16,11.84
2023-12-17,8.51
2023-12-18,18.13
2023-12-19,12.58
2023-12-20,18.13
2023-12-21,14.06
2023-12-22,19.24
2023-12-23,6.66
2023-12-24,11.47
2023-12-25,8.51
2023-12-26,37.0
2023-12-27,22.94
2023-12-28,7.03
2023-12-29,16.65
2023-12-30,3.7
2023-12-31,4.81
