date,MCD
2013-01-01,8.4
2013-01-02,17.52
2013-01-03,12.0
2013-01-04,11.52
2013-01-05,9.84
2013-01-06,6.0
2013-01-07,14.399999999999999
2013-01-08,16.32
2013-01-09,12.959999999999999
2013-01-10,14.399999999999999
2013-01-11,13.92
2013-01-12,6.96
2013-01-13,3.36
2013-01-14,14.399999999999999
2013-01-15,11.04
2013-01-16,11.28
2013-01-17,13.44
2013-01-18,14.879999999999999
2013-01-19,5.76
2013-01-20,8.16
2013-01-21,6.96
2013-01-22,14.639999999999999
2013-01-23,24.0
2013-01-24,16.08
2013-01-25,16.8
2013-01-26,12.0
2013-01-27,10.32
2013-01-28,11.76
2013-01-29,15.6
2013-01-30,12.719999999999999
2013-01-31,16.32
2013-02-01,17.25
2013-02-02,17.48
2013-02-03,12.42
2013-02-04,19.32
2013-02-05,19.09
2013-02-06,10.35
2013-02-07,19.55
2013-02-08,17.02
2013-02-09,10.81
2013-02-10,6.44
2013-02-11,17.48
2013-02-12,15.64
2013-02-13,21.39
2013-02-14,18.86
2013-02-15,13.34
2013-02-16,13.8
2013-02-17,8.280000000000001
2013-02-18,12.88
2013-02-19,16.330000000000002
2013-02-20,22.540000000000003
2013-02-21,23.0
2013-02-22,11.73
2013-02-23,4.6000000000000005
2013-02-24,0.0
2013-02-25,17.71
2013-02-26,19.78
2013-02-27,20.93
2013-02-28,20.470000000000002
2013-03-01,16.72
2013-03-02,11.22
2013-03-03,8.14
2013-03-04,11.0
2013-03-05,19.8
2013-03-06,21.12
2013-03-07,13.86
2013-03-08,17.38
2013-03-09,7.04
2013-03-10,6.82
2013-03-11,15.62
2013-03-12,22.0
2013-03-13,14.3
2013-03-14,18.48
2013-03-15,17.16
2013-03-16,4.18
2013-03-17,9.46
2013-03-18,22.0
2013-03-19,14.52
2013-03-20,12.540000000000001
2013-03-21,10.34
2013-03-22,16.06
2013-03-23,8.36
2013-03-24,14.74
2013-03-25,13.86
2013-03-26,16.5
2013-03-27,12.540000000000001
2013-03-28,14.74
2013-03-29,13.42
2013-03-30,4.62
2013-03-31,9.24
2013-04-01,14.16
2013-04-02,13.44
2013-04-03,17.52
2013-04-04,13.68
2013-04-05,13.2
2013-04-06,12.0
2013-04-07,16.8
2013-04-08,19.68
2013-04-09,11.28
2013-04-10,16.32
2013-04-11,15.6
2013-04-12,21.119999999999997
2013-04-13,12.959999999999999
2013-04-14,10.08
2013-04-15,17.04
2013-04-16,12.48
2013-04-17,20.16
2013-04-18,16.32
2013-04-19,24.0
2013-04-20,13.92
2013-04-21,12.0
2013-04-22,19.2
2013-04-23,19.439999999999998
2013-04-24,21.84
2013-04-25,14.399999999999999
2013-04-26,18.72
2013-04-27,6.24
2013-04-28,7.199999999999999
2013-04-29,17.04
2013-04-30,19.439999999999998
2013-05-01,12.98
2013-05-02,18.26
2013-05-03,18.26
2013-05-04,9.24
2013-05-05,5.06
2013-05-06,14.74
2013-05-07,14.08
2013-05-08,22.0
2013-05-09,21.34
2013-05-10,15.84
2013-05-11,10.56
2013-05-12,17.16
2013-05-13,15.4
2013-05-14,17.38
2013-05-15,12.540000000000001
2013-05-16,13.2
2013-05-17,9.46
2013-05-18,11.66
2013-05-19,8.58
2013-05-20,15.18
2013-05-21,16.06
2013-05-22,18.48
2013-05-23,9.24
2013-05-24,13.2
2013-05-25,10.12
2013-05-26,9.46
2013-05-27,8.14
2013-05-28,14.08
2013-05-29,15.84
2013-05-30,15.84
2013-05-31,16.28
2013-06-01,14.7
2013-06-02,6.51
2013-06-03,15.12
2013-06-04,15.54
2013-06-05,17.43
2013-06-06,13.229999999999999
2013-06-07,13.44
2013-06-08,9.24
2013-06-09,4.83
2013-06-10,21.0
2013-06-11,16.169999999999998
2013-06-12,16.38
2013-06-13,14.91
2013-06-14,13.86
2013-06-15,5.25
2013-06-16,7.9799999999999995
2013-06-17,12.809999999999999
2013-06-18,15.54
2013-06-19,18.689999999999998
2013-06-20,19.529999999999998
2013-06-21,8.61
2013-06-22,13.02
2013-06-23,10.08
2013-06-24,13.229999999999999
2013-06-25,8.82
2013-06-26,19.74
2013-06-27,13.02
2013-06-28,17.009999999999998
2013-06-29,10.92
2013-06-30,13.86
2013-07-01,7.36
2013-07-02,8.0
2013-07-03,9.92
2013-07-04,8.0
2013-07-05,9.92
2013-07-06,9.92
2013-07-07,8.64
2013-07-08,14.4
2013-07-09,10.56
2013-07-10,10.88
2013-07-11,9.28
2013-07-12,11.52
2013-07-13,5.44
2013-07-14,6.72
2013-07-15,8.96
2013-07-16,17.28
2013-07-17,16.32
2013-07-18,12.8
2013-07-19,17.6
2013-07-20,16.96
2013-07-21,17.6
2013-07-22,32.0
2013-07-23,24.0
2013-07-24,21.44
2013-07-25,20.8
2013-07-26,18.88
2013-07-27,19.52
2013-07-28,24.0
2013-07-29,21.44
2013-07-30,24.64
2013-07-31,22.080000000000002
2013-08-01,18.56
2013-08-02,26.560000000000002
2013-08-03,23.04
2013-08-04,25.6
2013-08-05,32.0
2013-08-06,19.84
2013-08-07,24.0
2013-08-08,31.04
2013-08-09,22.72
2013-08-10,21.44
2013-08-11,25.92
2013-08-12,23.04
2013-08-13,18.240000000000002
2013-08-14,15.68
2013-08-15,22.72
2013-08-16,13.44
2013-08-17,14.72
2013-08-18,5.12
2013-08-19,13.76
2013-08-20,15.36
2013-08-21,12.16
2013-08-22,17.92
2013-08-23,14.08
2013-08-24,5.12
2013-08-25,10.24
2013-08-26,14.08
2013-08-27,15.68
2013-08-28,12.48
2013-08-29,16.64
2013-08-30,11.52
2013-08-31,10.88
2013-09-01,11.0
2013-09-02,7.800000000000001
2013-09-03,7.6000000000000005
2013-09-04,11.0
2013-09-05,14.8
2013-09-06,13.200000000000001
2013-09-07,7.800000000000001
2013-09-08,10.8
2013-09-09,9.8
2013-09-10,17.0
2013-09-11,13.0
2013-09-12,10.8
2013-09-13,16.6
2013-09-14,9.600000000000001
2013-09-15,7.4
2013-09-16,12.600000000000001
2013-09-17,16.8
2013-09-18,14.4
2013-09-19,19.0
2013-09-20,11.600000000000001
2013-09-21,7.6000000000000005
2013-09-22,10.8
2013-09-23,16.0
2013-09-24,16.6
2013-09-25,10.200000000000001
2013-09-26,14.4
2013-09-27,16.0
2013-09-28,7.4
2013-09-29,11.0
2013-09-30,20.0
2013-10-01,18.630000000000003
2013-10-02,18.630000000000003
2013-10-03,16.560000000000002
2013-10-04,15.64
2013-10-05,15.64
2013-10-06,18.630000000000003
2013-10-07,13.34
2013-10-08,16.560000000000002
2013-10-09,18.86
2013-10-10,21.85
2013-10-11,13.8
2013-10-12,10.81
2013-10-13,10.120000000000001
2013-10-14,19.55
2013-10-15,18.17
2013-10-16,20.470000000000002
2013-10-17,21.16
2013-10-18,17.48
2013-10-19,11.270000000000001
2013-10-20,12.42
2013-10-21,23.0
2013-10-22,19.32
2013-10-23,16.560000000000002
2013-10-24,15.64
2013-10-25,13.34
2013-10-26,13.8
2013-10-27,6.67
2013-10-28,17.94
2013-10-29,20.240000000000002
2013-10-30,22.540000000000003
2013-10-31,17.02
2013-11-01,11.44
2013-11-02,11.22
2013-11-03,9.24
2013-11-04,14.3
2013-11-05,16.06
2013-11-06,17.82
2013-11-07,15.18
2013-11-08,18.7
2013-11-09,9.9
2013-11-10,4.18
2013-11-11,11.88
2013-11-12,12.32
2013-11-13,17.6
2013-11-14,15.4
2013-11-15,16.72
2013-11-16,10.12
2013-11-17,13.2
2013-11-18,14.74
2013-11-19,22.0
2013-11-20,18.04
2013-11-21,17.38
2013-11-22,16.28
2013-11-23,10.56
2013-11-24,8.36
2013-11-25,16.28
2013-11-26,19.14
2013-11-27,12.32
2013-11-28,6.82
2013-11-29,13.86
2013-11-30,11.0
2013-12-01,7.26
2013-12-02,14.74
2013-12-03,19.8
2013-12-04,20.68
2013-12-05,13.86
2013-12-06,12.540000000000001
2013-12-07,13.86
2013-12-08,12.98
2013-12-09,16.5
2013-12-10,15.84
2013-12-11,15.4
2013-12-12,16.28
2013-12-13,18.04
2013-12-14,14.96
2013-12-15,5.72
2013-12-16,22.0
2013-12-17,16.72
2013-12-18,14.08
2013-12-19,21.12
2013-12-20,10.34
2013-12-21,7.26
2013-12-22,7.92
2013-12-23,14.08
2013-12-24,11.88
2013-12-25,14.74
2013-12-26,11.66
2013-12-27,15.62
2013-12-28,11.88
2013-12-29,11.0
2013-12-30,15.62
2013-12-31,15.84
2014-01-01,6.67
2014-01-02,15.180000000000001
2014-01-03,14.950000000000001
2014-01-04,14.49
2014-01-05,8.51
2014-01-06,13.8
2014-01-07,18.400000000000002
2014-01-08,21.62
2014-01-09,15.64
2014-01-10,13.34
2014-01-11,11.5
2014-01-12,10.58
2014-01-13,16.330000000000002
2014-01-14,18.17
2014-01-15,17.94
2014-01-16,14.72
2014-01-17,14.49
2014-01-18,9.43
2014-01-19,13.34
2014-01-20,11.96
2014-01-21,15.64
2014-01-22,19.09
2014-01-23,23.0
2014-01-24,20.7
2014-01-25,12.190000000000001
2014-01-26,9.89
2014-01-27,14.49
2014-01-28,19.55
2014-01-29,20.240000000000002
2014-01-30,17.48
2014-01-31,12.190000000000001
2014-02-01,11.73
2014-02-02,11.96
2014-02-03,17.71
2014-02-04,17.71
2014-02-05,20.01
2014-02-06,23.0
2014-02-07,15.41
2014-02-08,10.120000000000001
2014-02-09,7.36
2014-02-10,15.41
2014-02-11,17.71
2014-02-12,15.870000000000001
2014-02-13,14.49
2014-02-14,10.35
2014-02-15,11.040000000000001
2014-02-16,7.36
2014-02-17,11.96
2014-02-18,14.030000000000001
2014-02-19,12.65
2014-02-20,16.1
2014-02-21,16.560000000000002
2014-02-22,11.040000000000001
2014-02-23,8.97
2014-02-24,16.560000000000002
2014-02-25,12.190000000000001
2014-02-26,13.110000000000001
2014-02-27,15.64
2014-02-28,13.34
2014-03-01,7.48
2014-03-02,7.92
2014-03-03,13.86
2014-03-04,18.48
2014-03-05,12.98
2014-03-06,12.98
2014-03-07,14.3
2014-03-08,11.0
2014-03-09,7.92
2014-03-10,16.94
2014-03-11,18.04
2014-03-12,15.4
2014-03-13,14.3
2014-03-14,19.580000000000002
2014-03-15,7.48
2014-03-16,9.46
2014-03-17,17.16
2014-03-18,17.38
2014-03-19,15.62
2014-03-20,18.26
2014-03-21,18.7
2014-03-22,13.42
2014-03-23,10.56
2014-03-24,15.4
2014-03-25,14.08
2014-03-26,19.580000000000002
2014-03-27,16.94
2014-03-28,16.94
2014-03-29,17.6
2014-03-30,13.42
2014-03-31,22.0
2014-04-01,22.56
2014-04-02,15.84
2014-04-03,15.36
2014-04-04,11.52
2014-04-05,13.44
2014-04-06,11.76
2014-04-07,15.84
2014-04-08,16.08
2014-04-09,19.439999999999998
2014-04-10,21.599999999999998
2014-04-11,16.8
2014-04-12,11.52
2014-04-13,10.08
2014-04-14,21.36
2014-04-15,15.84
2014-04-16,23.759999999999998
2014-04-17,16.56
2014-04-18,15.6
2014-04-19,12.959999999999999
2014-04-20,2.6399999999999997
2014-04-21,16.56
2014-04-22,24.0
2014-04-23,18.0
2014-04-24,19.919999999999998
2014-04-25,22.08
2014-04-26,12.48
2014-04-27,13.92
2014-04-28,19.439999999999998
2014-04-29,19.919999999999998
2014-04-30,14.879999999999999
2014-05-01,16.32
2014-05-02,17.28
2014-05-03,7.4399999999999995
2014-05-04,10.08
2014-05-05,15.12
2014-05-06,14.639999999999999
2014-05-07,13.68
2014-05-08,18.48
2014-05-09,18.96
2014-05-10,14.399999999999999
2014-05-11,4.56
2014-05-12,18.0
2014-05-13,14.879999999999999
2014-05-14,18.24
2014-05-15,8.16
2014-05-16,18.96
2014-05-17,14.399999999999999
2014-05-18,11.52
2014-05-19,16.8
2014-05-20,14.399999999999999
2014-05-21,17.759999999999998
2014-05-22,24.0
2014-05-23,15.12
2014-05-24,14.639999999999999
2014-05-25,7.4399999999999995
2014-05-26,9.12
2014-05-27,18.72
2014-05-28,18.72
2014-05-29,11.76
2014-05-30,17.04
2014-05-31,12.24
2014-06-01,10.530000000000001
2014-06-02,17.82
2014-06-03,20.790000000000003
2014-06-04,21.060000000000002
2014-06-05,14.31
2014-06-06,19.71
2014-06-07,8.370000000000001
2014-06-08,14.31
2014-06-09,14.040000000000001
2014-06-10,13.5
2014-06-11,11.34
2014-06-12,20.520000000000003
2014-06-13,14.040000000000001
2014-06-14,13.23
2014-06-15,19.98
2014-06-16,16.470000000000002
2014-06-17,17.82
2014-06-18,12.96
2014-06-19,27.0
2014-06-20,22.950000000000003
2014-06-21,19.44
2014-06-22,12.690000000000001
2014-06-23,20.520000000000003
2014-06-24,17.01
2014-06-25,16.740000000000002
2014-06-26,20.790000000000003
2014-06-27,19.98
2014-06-28,14.31
2014-06-29,17.01
2014-06-30,18.630000000000003
2014-07-01,19.6
2014-07-02,21.840000000000003
2014-07-03,25.200000000000003
2014-07-04,15.120000000000001
2014-07-05,6.16
2014-07-06,15.680000000000001
2014-07-07,25.200000000000003
2014-07-08,19.32
2014-07-09,22.12
2014-07-10,23.8
2014-07-11,18.48
2014-07-12,16.240000000000002
2014-07-13,11.200000000000001
2014-07-14,14.000000000000002
2014-07-15,18.200000000000003
2014-07-16,22.680000000000003
2014-07-17,22.12
2014-07-18,16.240000000000002
2014-07-19,11.48
2014-07-20,18.76
2014-07-21,21.28
2014-07-22,26.040000000000003
2014-07-23,28.000000000000004
2014-07-24,27.720000000000002
2014-07-25,22.12
2014-07-26,24.360000000000003
2014-07-27,11.760000000000002
2014-07-28,26.880000000000003
2014-07-29,26.040000000000003
2014-07-30,23.8
2014-07-31,25.76
2014-08-01,17.42
2014-08-02,12.74
2014-08-03,13.52
2014-08-04,9.88
2014-08-05,26.0
2014-08-06,17.94
2014-08-07,12.48
2014-08-08,25.48
2014-08-09,11.700000000000001
2014-08-10,10.66
2014-08-11,18.98
2014-08-12,17.42
2014-08-13,15.08
2014-08-14,11.96
2014-08-15,16.900000000000002
2014-08-16,14.3
2014-08-17,14.3
2014-08-18,17.68
2014-08-19,20.02
2014-08-20,19.76
2014-08-21,23.14
2014-08-22,18.98
2014-08-23,14.3
2014-08-24,14.040000000000001
2014-08-25,23.400000000000002
2014-08-26,19.5
2014-08-27,19.76
2014-08-28,17.68
2014-08-29,16.900000000000002
2014-08-30,14.56
2014-08-31,4.42
2014-09-01,10.25
2014-09-02,21.0
2014-09-03,23.0
2014-09-04,15.75
2014-09-05,14.25
2014-09-06,16.5
2014-09-07,12.0
2014-09-08,18.25
2014-09-09,19.25
2014-09-10,19.0
2014-09-11,13.25
2014-09-12,14.25
2014-09-13,9.0
2014-09-14,7.25
2014-09-15,20.75
2014-09-16,16.25
2014-09-17,17.0
2014-09-18,13.75
2014-09-19,14.5
2014-09-20,13.5
2014-09-21,13.0
2014-09-22,15.25
2014-09-23,22.5
2014-09-24,16.75
2014-09-25,15.75
2014-09-26,17.25
2014-09-27,11.25
2014-09-28,9.25
2014-09-29,19.5
2014-09-30,25.0
2014-10-01,16.799999999999997
2014-10-02,21.7
2014-10-03,15.049999999999999
2014-10-04,14.0
2014-10-05,11.2
2014-10-06,21.349999999999998
2014-10-07,15.749999999999998
2014-10-08,13.649999999999999
2014-10-09,19.25
2014-10-10,16.799999999999997
2014-10-11,12.6
2014-10-12,15.399999999999999
2014-10-13,21.0
2014-10-14,21.7
2014-10-15,19.25
2014-10-16,24.15
2014-10-17,18.2
2014-10-18,20.65
2014-10-19,17.849999999999998
2014-10-20,17.849999999999998
2014-10-21,35.0
2014-10-22,22.049999999999997
2014-10-23,15.749999999999998
2014-10-24,14.0
2014-10-25,10.5
2014-10-26,13.299999999999999
2014-10-27,18.549999999999997
2014-10-28,18.2
2014-10-29,14.7
2014-10-30,17.5
2014-10-31,12.95
2014-11-01,22.0
2014-11-02,15.62
2014-11-03,11.44
2014-11-04,12.1
2014-11-05,9.46
2014-11-06,17.38
2014-11-07,17.6
2014-11-08,10.34
2014-11-09,12.540000000000001
2014-11-10,18.92
2014-11-11,16.28
2014-11-12,16.06
2014-11-13,15.62
2014-11-14,14.74
2014-11-15,15.84
2014-11-16,12.1
2014-11-17,14.08
2014-11-18,18.92
2014-11-19,12.540000000000001
2014-11-20,18.7
2014-11-21,15.62
2014-11-22,10.12
2014-11-23,7.04
2014-11-24,11.66
2014-11-25,12.98
2014-11-26,11.88
2014-11-27,10.78
2014-11-28,13.64
2014-11-29,11.88
2014-11-30,9.68
2014-12-01,13.64
2014-12-02,20.46
2014-12-03,25.419999999999998
2014-12-04,20.77
2014-12-05,24.18
2014-12-06,16.12
2014-12-07,18.29
2014-12-08,25.419999999999998
2014-12-09,20.15
2014-12-10,23.56
2014-12-11,31.0
2014-12-12,22.01
2014-12-13,19.22
2014-12-14,18.6
2014-12-15,23.56
2014-12-16,21.7
2014-12-17,25.11
2014-12-18,23.87
2014-12-19,24.18
2014-12-20,12.709999999999999
2014-12-21,16.43
2014-12-22,11.16
2014-12-23,22.01
2014-12-24,13.95
2014-12-25,15.19
2014-12-26,19.53
2014-12-27,13.64
2014-12-28,8.06
2014-12-29,22.63
2014-12-30,16.74
2014-12-31,20.46
2015-01-01,8.32
2015-01-02,11.700000000000001
2015-01-03,8.58
2015-01-04,9.88
2015-01-05,9.1
2015-01-06,15.08
2015-01-07,13.52
2015-01-08,13.52
2015-01-09,12.48
2015-01-10,9.88
2015-01-11,7.800000000000001
2015-01-12,14.3
2015-01-13,14.040000000000001
2015-01-14,20.02
2015-01-15,13.52
2015-01-16,11.440000000000001
2015-01-17,9.36
2015-01-18,9.88
2015-01-19,15.860000000000001
2015-01-20,14.040000000000001
2015-01-21,10.14
2015-01-22,17.68
2015-01-23,21.060000000000002
2015-01-24,14.040000000000001
2015-01-25,12.74
2015-01-26,16.38
2015-01-27,15.860000000000001
2015-01-28,15.860000000000001
2015-01-29,26.0
2015-01-30,19.240000000000002
2015-01-31,15.08
2015-02-01,10.0
2015-02-02,16.25
2015-02-03,17.25
2015-02-04,19.75
2015-02-05,22.75
2015-02-06,19.75
2015-02-07,12.75
2015-02-08,17.75
2015-02-09,25.0
2015-02-10,21.75
2015-02-11,21.5
2015-02-12,16.0
2015-02-13,23.5
2015-02-14,14.5
2015-02-15,12.0
2015-02-16,13.5
2015-02-17,16.5
2015-02-18,16.75
2015-02-19,19.25
2015-02-20,16.25
2015-02-21,18.25
2015-02-22,10.5
2015-02-23,21.5
2015-02-24,19.5
2015-02-25,21.0
2015-02-26,19.0
2015-02-27,18.75
2015-02-28,8.5
2015-03-01,16.900000000000002
2015-03-02,19.240000000000002
2015-03-03,20.28
2015-03-04,23.92
2015-03-05,17.16
2015-03-06,22.62
2015-03-07,13.52
2015-03-08,12.48
2015-03-09,26.0
2015-03-10,20.8
2015-03-11,24.44
2015-03-12,21.32
2015-03-13,17.16
2015-03-14,17.16
2015-03-15,17.16
2015-03-16,23.400000000000002
2015-03-17,15.860000000000001
2015-03-18,15.08
2015-03-19,11.440000000000001
2015-03-20,12.48
2015-03-21,14.82
2015-03-22,8.32
2015-03-23,16.12
2015-03-24,18.98
2015-03-25,17.42
2015-03-26,15.860000000000001
2015-03-27,16.12
2015-03-28,10.4
2015-03-29,14.3
2015-03-30,16.38
2015-03-31,18.98
2015-04-01,26.0
2015-04-02,22.36
2015-04-03,17.94
2015-04-04,13.26
2015-04-05,15.08
2015-04-06,21.060000000000002
2015-04-07,12.74
2015-04-08,11.96
2015-04-09,22.1
2015-04-10,18.72
2015-04-11,17.42
2015-04-12,14.040000000000001
2015-04-13,18.46
2015-04-14,16.900000000000002
2015-04-15,15.08
2015-04-16,20.54
2015-04-17,18.46
2015-04-18,14.56
2015-04-19,4.68
2015-04-20,21.580000000000002
2015-04-21,18.72
2015-04-22,17.42
2015-04-23,19.5
2015-04-24,16.64
2015-04-25,11.18
2015-04-26,18.72
2015-04-27,17.68
2015-04-28,14.040000000000001
2015-04-29,16.38
2015-04-30,20.28
2015-05-01,9.75
2015-05-02,7.5
2015-05-03,11.25
2015-05-04,17.0
2015-05-05,14.5
2015-05-06,25.0
2015-05-07,14.0
2015-05-08,15.0
2015-05-09,11.5
2015-05-10,10.25
2015-05-11,13.75
2015-05-12,13.75
2015-05-13,13.5
2015-05-14,14.5
2015-05-15,13.75
2015-05-16,12.5
2015-05-17,9.75
2015-05-18,14.5
2015-05-19,18.5
2015-05-20,18.5
2015-05-21,22.75
2015-05-22,15.25
2015-05-23,11.0
2015-05-24,8.5
2015-05-25,6.0
2015-05-26,12.5
2015-05-27,12.0
2015-05-28,19.75
2015-05-29,14.5
2015-05-30,7.25
2015-05-31,11.0
2015-06-01,14.0
2015-06-02,18.5
2015-06-03,22.0
2015-06-04,23.0
2015-06-05,15.0
2015-06-06,11.75
2015-06-07,18.5
2015-06-08,24.25
2015-06-09,19.0
2015-06-10,20.25
2015-06-11,15.0
2015-06-12,18.25
2015-06-13,20.0
2015-06-14,15.0
2015-06-15,17.0
2015-06-16,20.0
2015-06-17,16.5
2015-06-18,20.0
2015-06-19,20.5
2015-06-20,12.75
2015-06-21,15.0
2015-06-22,16.75
2015-06-23,13.0
2015-06-24,13.75
2015-06-25,17.0
2015-06-26,21.5
2015-06-27,19.0
2015-06-28,10.25
2015-06-29,21.5
2015-06-30,25.0
2015-07-01,11.0
2015-07-02,13.0
2015-07-03,5.0
2015-07-04,9.0
2015-07-05,7.0
2015-07-06,12.0
2015-07-07,13.0
2015-07-08,18.0
2015-07-09,14.0
2015-07-10,16.0
2015-07-11,19.0
2015-07-12,17.0
2015-07-13,15.0
2015-07-14,15.0
2015-07-15,17.0
2015-07-16,28.0
2015-07-17,43.0
2015-07-18,25.0
2015-07-19,26.0
2015-07-20,66.0
2015-07-21,75.0
2015-07-22,79.0
2015-07-23,100.0
2015-07-24,92.0
2015-07-25,87.0
2015-07-26,82.0
2015-07-27,75.0
2015-07-28,62.0
2015-07-29,80.0
2015-07-30,77.0
2015-07-31,85.0
2015-08-01,51.3
2015-08-02,44.459999999999994
2015-08-03,56.99999999999999
2015-08-04,53.58
2015-08-05,43.31999999999999
2015-08-06,42.74999999999999
2015-08-07,30.779999999999998
2015-08-08,30.209999999999997
2015-08-09,31.919999999999998
2015-08-10,21.09
2015-08-11,22.229999999999997
2015-08-12,19.38
2015-08-13,20.52
2015-08-14,15.389999999999999
2015-08-15,12.54
2015-08-16,9.69
2015-08-17,14.249999999999998
2015-08-18,12.54
2015-08-19,9.12
2015-08-20,10.26
2015-08-21,12.54
2015-08-22,7.9799999999999995
2015-08-23,7.9799999999999995
2015-08-24,11.969999999999999
2015-08-25,11.399999999999999
2015-08-26,9.69
2015-08-27,11.969999999999999
2015-08-28,7.9799999999999995
2015-08-29,7.9799999999999995
2015-08-30,5.13
2015-08-31,7.9799999999999995
2015-09-01,15.64
2015-09-02,23.0
2015-09-03,18.86
2015-09-04,14.030000000000001
2015-09-05,8.74
2015-09-06,14.26
2015-09-07,13.57
2015-09-08,13.57
2015-09-09,14.950000000000001
2015-09-10,14.26
2015-09-11,15.870000000000001
2015-09-12,14.030000000000001
2015-09-13,4.83
2015-09-14,13.8
2015-09-15,17.94
2015-09-16,10.81
2015-09-17,12.190000000000001
2015-09-18,15.41
2015-09-19,7.82
2015-09-20,14.030000000000001
2015-09-21,10.58
2015-09-22,13.110000000000001
2015-09-23,14.72
2015-09-24,17.25
2015-09-25,14.950000000000001
2015-09-26,13.34
2015-09-27,9.200000000000001
2015-09-28,21.62
2015-09-29,15.41
2015-09-30,18.630000000000003
2015-10-01,11.02
2015-10-02,4.64
2015-10-03,4.93
2015-10-04,9.28
2015-10-05,9.569999999999999
2015-10-06,13.34
2015-10-07,10.729999999999999
2015-10-08,8.7
2015-10-09,8.12
2015-10-10,7.249999999999999
2015-10-11,13.34
2015-10-12,9.86
2015-10-13,9.86
2015-10-14,10.44
2015-10-15,12.76
2015-10-16,12.18
2015-10-17,12.469999999999999
2015-10-18,8.41
2015-10-19,13.049999999999999
2015-10-20,10.149999999999999
2015-10-21,15.37
2015-10-22,28.999999999999996
2015-10-23,17.98
2015-10-24,9.86
2015-10-25,12.18
2015-10-26,13.629999999999999
2015-10-27,15.95
2015-10-28,13.919999999999998
2015-10-29,11.889999999999999
2015-10-30,9.569999999999999
2015-10-31,9.569999999999999
2015-11-01,10.2
2015-11-02,17.099999999999998
2015-11-03,21.0
2015-11-04,19.5
2015-11-05,27.9
2015-11-06,17.099999999999998
2015-11-07,21.3
2015-11-08,13.5
2015-11-09,23.4
2015-11-10,30.0
2015-11-11,22.2
2015-11-12,20.4
2015-11-13,27.0
2015-11-14,16.5
2015-11-15,12.299999999999999
2015-11-16,19.8
2015-11-17,15.899999999999999
2015-11-18,16.2
2015-11-19,27.3
2015-11-20,23.099999999999998
2015-11-21,15.0
2015-11-22,18.3
2015-11-23,16.5
2015-11-24,16.2
2015-11-25,18.9
2015-11-26,12.9
2015-11-27,13.799999999999999
2015-11-28,13.2
2015-11-29,11.1
2015-11-30,15.899999999999999
2015-12-01,15.34
2015-12-02,17.94
2015-12-03,23.92
2015-12-04,17.68
2015-12-05,18.46
2015-12-06,16.38
2015-12-07,15.34
2015-12-08,24.7
2015-12-09,17.42
2015-12-10,17.42
2015-12-11,22.880000000000003
2015-12-12,13.780000000000001
2015-12-13,11.700000000000001
2015-12-14,15.600000000000001
2015-12-15,21.32
2015-12-16,22.62
2015-12-17,26.0
2015-12-18,24.44
2015-12-19,17.94
2015-12-20,4.68
2015-12-21,18.2
2015-12-22,26.0
2015-12-23,19.76
2015-12-24,14.56
2015-12-25,9.36
2015-12-26,11.700000000000001
2015-12-27,15.600000000000001
2015-12-28,19.5
2015-12-29,21.580000000000002
2015-12-30,19.240000000000002
2015-12-31,20.54
2016-01-01,6.720000000000001
2016-01-02,7.000000000000001
2016-01-03,7.280000000000001
2016-01-04,13.72
2016-01-05,16.520000000000003
2016-01-06,17.080000000000002
2016-01-07,12.88
2016-01-08,12.88
2016-01-09,7.5600000000000005
2016-01-10,9.8
2016-01-11,10.080000000000002
2016-01-12,12.32
2016-01-13,13.72
2016-01-14,9.520000000000001
2016-01-15,12.600000000000001
2016-01-16,12.32
2016-01-17,6.720000000000001
2016-01-18,9.520000000000001
2016-01-19,15.120000000000001
2016-01-20,16.8
2016-01-21,12.600000000000001
2016-01-22,21.28
2016-01-23,7.5600000000000005
2016-01-24,9.520000000000001
2016-01-25,28.000000000000004
2016-01-26,21.840000000000003
2016-01-27,18.48
2016-01-28,14.280000000000001
2016-01-29,16.520000000000003
2016-01-30,11.200000000000001
2016-01-31,12.600000000000001
2016-02-01,16.12
2016-02-02,26.0
2016-02-03,20.54
2016-02-04,16.38
2016-02-05,20.54
2016-02-06,16.64
2016-02-07,11.700000000000001
2016-02-08,20.02
2016-02-09,23.14
2016-02-10,21.84
2016-02-11,17.42
2016-02-12,21.32
2016-02-13,10.66
2016-02-14,9.88
2016-02-15,14.040000000000001
2016-02-16,21.580000000000002
2016-02-17,19.76
2016-02-18,23.14
2016-02-19,21.32
2016-02-20,15.08
2016-02-21,11.18
2016-02-22,20.02
2016-02-23,18.72
2016-02-24,14.040000000000001
2016-02-25,23.92
2016-02-26,24.96
2016-02-27,16.12
2016-02-28,17.16
2016-02-29,17.16
2016-03-01,14.560000000000002
2016-03-02,12.88
2016-03-03,12.32
2016-03-04,13.440000000000001
2016-03-05,8.680000000000001
2016-03-06,8.120000000000001
2016-03-07,11.200000000000001
2016-03-08,14.280000000000001
2016-03-09,14.000000000000002
2016-03-10,15.120000000000001
2016-03-11,11.200000000000001
2016-03-12,14.000000000000002
2016-03-13,7.000000000000001
2016-03-14,12.32
2016-03-15,12.600000000000001
2016-03-16,14.560000000000002
2016-03-17,15.96
2016-03-18,13.440000000000001
2016-03-19,8.680000000000001
2016-03-20,11.760000000000002
2016-03-21,14.280000000000001
2016-03-22,13.160000000000002
2016-03-23,11.200000000000001
2016-03-24,10.64
2016-03-25,12.600000000000001
2016-03-26,13.440000000000001
2016-03-27,12.32
2016-03-28,12.32
2016-03-29,17.360000000000003
2016-03-30,15.120000000000001
2016-03-31,28.000000000000004
2016-04-01,26.52
2016-04-02,25.740000000000002
2016-04-03,26.91
2016-04-04,33.15
2016-04-05,28.86
2016-04-06,25.35
2016-04-07,25.740000000000002
2016-04-08,28.080000000000002
2016-04-09,27.3
2016-04-10,28.080000000000002
2016-04-11,28.470000000000002
2016-04-12,28.470000000000002
2016-04-13,19.5
2016-04-14,31.200000000000003
2016-04-15,30.42
2016-04-16,26.91
2016-04-17,20.67
2016-04-18,29.64
2016-04-19,24.96
2016-04-20,25.740000000000002
2016-04-21,27.3
2016-04-22,39.0
2016-04-23,27.69
2016-04-24,24.18
2016-04-25,28.080000000000002
2016-04-26,22.23
2016-04-27,20.28
2016-04-28,15.99
2016-04-29,23.79
2016-04-30,18.330000000000002
2016-05-01,18.240000000000002
2016-05-02,18.88
2016-05-03,23.04
2016-05-04,24.32
2016-05-05,20.8
2016-05-06,22.72
2016-05-07,17.28
2016-05-08,14.72
2016-05-09,23.68
2016-05-10,28.48
2016-05-11,21.44
2016-05-12,20.8
2016-05-13,21.44
2016-05-14,15.040000000000001
2016-05-15,14.4
2016-05-16,21.44
2016-05-17,32.0
2016-05-18,19.52
2016-05-19,24.96
2016-05-20,23.68
2016-05-21,17.28
2016-05-22,17.28
2016-05-23,20.16
2016-05-24,19.84
2016-05-25,19.84
2016-05-26,20.8
2016-05-27,21.44
2016-05-28,19.52
2016-05-29,14.08
2016-05-30,17.28
2016-05-31,18.88
2016-06-01,26.4
2016-06-02,24.599999999999998
2016-06-03,18.599999999999998
2016-06-04,21.0
2016-06-05,18.599999999999998
2016-06-06,22.8
2016-06-07,23.7
2016-06-08,22.5
2016-06-09,23.4
2016-06-10,23.099999999999998
2016-06-11,19.5
2016-06-12,22.8
2016-06-13,25.2
2016-06-14,27.3
2016-06-15,15.299999999999999
2016-06-16,26.099999999999998
2016-06-17,24.3
2016-06-18,22.5
2016-06-19,7.8
2016-06-20,30.0
2016-06-21,24.0
2016-06-22,19.5
2016-06-23,18.3
2016-06-24,29.099999999999998
2016-06-25,15.6
2016-06-26,12.299999999999999
2016-06-27,27.599999999999998
2016-06-28,20.099999999999998
2016-06-29,27.0
2016-06-30,26.7
2016-07-01,15.0
2016-07-02,11.4
2016-07-03,7.5
2016-07-04,9.6
2016-07-05,18.0
2016-07-06,15.0
2016-07-07,14.1
2016-07-08,20.4
2016-07-09,10.2
2016-07-10,9.6
2016-07-11,17.4
2016-07-12,16.5
2016-07-13,13.799999999999999
2016-07-14,15.899999999999999
2016-07-15,17.4
2016-07-16,10.799999999999999
2016-07-17,10.5
2016-07-18,15.6
2016-07-19,24.599999999999998
2016-07-20,21.0
2016-07-21,14.7
2016-07-22,18.3
2016-07-23,14.1
2016-07-24,8.1
2016-07-25,13.799999999999999
2016-07-26,30.0
2016-07-27,24.3
2016-07-28,18.599999999999998
2016-07-29,18.599999999999998
2016-07-30,12.9
2016-07-31,10.5
2016-08-01,27.0
2016-08-02,17.82
2016-08-03,23.490000000000002
2016-08-04,20.520000000000003
2016-08-05,15.39
2016-08-06,7.83
2016-08-07,12.690000000000001
2016-08-08,18.36
2016-08-09,18.900000000000002
2016-08-10,19.17
2016-08-11,21.330000000000002
2016-08-12,14.31
2016-08-13,11.610000000000001
2016-08-14,14.580000000000002
2016-08-15,22.41
2016-08-16,17.82
2016-08-17,16.740000000000002
2016-08-18,13.770000000000001
2016-08-19,16.470000000000002
2016-08-20,15.120000000000001
2016-08-21,10.8
2016-08-22,21.060000000000002
2016-08-23,18.900000000000002
2016-08-24,20.25
2016-08-25,18.900000000000002
2016-08-26,17.28
2016-08-27,11.07
2016-08-28,13.5
2016-08-29,11.610000000000001
2016-08-30,22.14
2016-08-31,16.470000000000002
2016-09-01,13.52
2016-09-02,12.74
2016-09-03,11.96
2016-09-04,10.4
2016-09-05,12.74
2016-09-06,16.900000000000002
2016-09-07,15.600000000000001
2016-09-08,15.860000000000001
2016-09-09,15.860000000000001
2016-09-10,11.700000000000001
2016-09-11,11.700000000000001
2016-09-12,21.060000000000002
2016-09-13,15.08
2016-09-14,14.56
2016-09-15,9.620000000000001
2016-09-16,16.64
2016-09-17,9.36
2016-09-18,12.48
2016-09-19,11.700000000000001
2016-09-20,13.780000000000001
2016-09-21,15.08
2016-09-22,16.38
2016-09-23,18.2
2016-09-24,22.880000000000003
2016-09-25,26.0
2016-09-26,20.54
2016-09-27,18.46
2016-09-28,12.22
2016-09-29,16.64
2016-09-30,13.26
2016-10-01,12.0
2016-10-02,9.0
2016-10-03,14.5
2016-10-04,23.75
2016-10-05,13.75
2016-10-06,15.0
2016-10-07,16.0
2016-10-08,11.0
2016-10-09,7.5
2016-10-10,11.25
2016-10-11,18.25
2016-10-12,10.25
2016-10-13,19.25
2016-10-14,14.25
2016-10-15,12.5
2016-10-16,12.0
2016-10-17,18.0
2016-10-18,17.75
2016-10-19,15.5
2016-10-20,21.0
2016-10-21,25.0
2016-10-22,12.25
2016-10-23,10.75
2016-10-24,17.75
2016-10-25,19.0
2016-10-26,14.0
2016-10-27,14.0
2016-10-28,14.0
2016-10-29,11.75
2016-10-30,8.25
2016-10-31,11.75
2016-11-01,9.72
2016-11-02,15.120000000000001
2016-11-03,16.200000000000003
2016-11-04,19.71
2016-11-05,14.040000000000001
2016-11-06,11.610000000000001
2016-11-07,20.520000000000003
2016-11-08,22.41
2016-11-09,15.39
2016-11-10,23.220000000000002
2016-11-11,24.3
2016-11-12,19.17
2016-11-13,12.15
2016-11-14,21.060000000000002
2016-11-15,21.6
2016-11-16,21.87
2016-11-17,20.520000000000003
2016-11-18,23.490000000000002
2016-11-19,14.580000000000002
2016-11-20,17.01
2016-11-21,17.82
2016-11-22,27.0
2016-11-23,22.950000000000003
2016-11-24,19.71
2016-11-25,18.900000000000002
2016-11-26,14.31
2016-11-27,15.39
2016-11-28,15.120000000000001
2016-11-29,21.060000000000002
2016-11-30,25.650000000000002
2016-12-01,20.4
2016-12-02,22.8
2016-12-03,11.52
2016-12-04,14.399999999999999
2016-12-05,23.04
2016-12-06,18.24
2016-12-07,19.919999999999998
2016-12-08,24.0
2016-12-09,18.48
2016-12-10,17.52
2016-12-11,12.719999999999999
2016-12-12,20.16
2016-12-13,20.4
2016-12-14,16.56
2016-12-15,16.8
2016-12-16,18.72
2016-12-17,15.84
2016-12-18,15.36
2016-12-19,18.0
2016-12-20,21.36
2016-12-21,20.88
2016-12-22,21.119999999999997
2016-12-23,13.68
2016-12-24,14.879999999999999
2016-12-25,14.639999999999999
2016-12-26,12.0
2016-12-27,23.279999999999998
2016-12-28,16.08
2016-12-29,18.72
2016-12-30,12.24
2016-12-31,10.799999999999999
2017-01-01,8.280000000000001
2017-01-02,5.5200000000000005
2017-01-03,11.96
2017-01-04,12.88
2017-01-05,8.05
2017-01-06,13.57
2017-01-07,6.9
2017-01-08,9.43
2017-01-09,10.81
2017-01-10,16.330000000000002
2017-01-11,11.73
2017-01-12,14.030000000000001
2017-01-13,14.49
2017-01-14,9.66
2017-01-15,5.5200000000000005
2017-01-16,7.36
2017-01-17,12.42
2017-01-18,13.34
2017-01-19,11.73
2017-01-20,14.030000000000001
2017-01-21,7.36
2017-01-22,10.58
2017-01-23,23.0
2017-01-24,11.96
2017-01-25,11.96
2017-01-26,12.42
2017-01-27,13.57
2017-01-28,6.21
2017-01-29,9.200000000000001
2017-01-30,11.96
2017-01-31,14.26
2017-02-01,19.2
2017-02-02,21.84
2017-02-03,17.759999999999998
2017-02-04,17.28
2017-02-05,16.8
2017-02-06,15.84
2017-02-07,17.52
2017-02-08,21.119999999999997
2017-02-09,20.88
2017-02-10,19.439999999999998
2017-02-11,18.48
2017-02-12,12.959999999999999
2017-02-13,23.04
2017-02-14,16.8
2017-02-15,24.0
2017-02-16,21.119999999999997
2017-02-17,21.599999999999998
2017-02-18,22.32
2017-02-19,11.76
2017-02-20,18.0
2017-02-21,19.919999999999998
2017-02-22,20.4
2017-02-23,21.599999999999998
2017-02-24,16.8
2017-02-25,14.16
2017-02-26,15.84
2017-02-27,23.279999999999998
2017-02-28,23.04
2017-03-01,26.0
2017-03-02,18.72
2017-03-03,14.82
2017-03-04,14.3
2017-03-05,13.0
2017-03-06,13.52
2017-03-07,14.56
2017-03-08,17.94
2017-03-09,15.860000000000001
2017-03-10,15.860000000000001
2017-03-11,17.68
2017-03-12,10.66
2017-03-13,16.38
2017-03-14,17.42
2017-03-15,18.98
2017-03-16,15.34
2017-03-17,17.68
2017-03-18,14.56
2017-03-19,10.92
2017-03-20,18.98
2017-03-21,14.040000000000001
2017-03-22,14.040000000000001
2017-03-23,14.3
2017-03-24,16.38
2017-03-25,13.26
2017-03-26,13.0
2017-03-27,16.64
2017-03-28,15.600000000000001
2017-03-29,20.28
2017-03-30,16.64
2017-03-31,16.38
2017-04-01,4.2299999999999995
2017-04-02,5.64
2017-04-03,6.58
2017-04-04,6.109999999999999
2017-04-05,5.64
2017-04-06,5.64
2017-04-07,6.58
2017-04-08,4.2299999999999995
2017-04-09,4.2299999999999995
2017-04-10,4.699999999999999
2017-04-11,7.05
2017-04-12,5.64
2017-04-13,6.109999999999999
2017-04-14,5.64
2017-04-15,5.17
2017-04-16,4.699999999999999
2017-04-17,4.699999999999999
2017-04-18,7.989999999999999
2017-04-19,7.989999999999999
2017-04-20,6.58
2017-04-21,9.399999999999999
2017-04-22,7.52
2017-04-23,13.629999999999999
2017-04-24,15.04
2017-04-25,22.56
2017-04-26,47.0
2017-04-27,12.69
2017-04-28,9.87
2017-04-29,6.109999999999999
2017-04-30,4.699999999999999
2017-05-01,27.3
2017-05-02,24.0
2017-05-03,21.599999999999998
2017-05-04,21.0
2017-05-05,21.3
2017-05-06,18.3
2017-05-07,17.099999999999998
2017-05-08,26.4
2017-05-09,21.0
2017-05-10,19.8
2017-05-11,18.599999999999998
2017-05-12,19.2
2017-05-13,16.8
2017-05-14,11.1
2017-05-15,20.7
2017-05-16,23.099999999999998
2017-05-17,17.4
2017-05-18,21.9
2017-05-19,18.0
2017-05-20,13.2
2017-05-21,10.799999999999999
2017-05-22,20.099999999999998
2017-05-23,25.5
2017-05-24,24.0
2017-05-25,30.0
2017-05-26,22.8
2017-05-27,14.7
2017-05-28,18.9
2017-05-29,15.0
2017-05-30,17.099999999999998
2017-05-31,16.2
2017-06-01,28.000000000000004
2017-06-02,26.040000000000003
2017-06-03,18.200000000000003
2017-06-04,20.720000000000002
2017-06-05,28.000000000000004
2017-06-06,20.160000000000004
2017-06-07,22.680000000000003
2017-06-08,17.64
2017-06-09,26.880000000000003
2017-06-10,18.200000000000003
2017-06-11,15.96
2017-06-12,25.200000000000003
2017-06-13,21.28
2017-06-14,20.44
2017-06-15,16.8
2017-06-16,22.96
2017-06-17,11.760000000000002
2017-06-18,14.560000000000002
2017-06-19,25.76
2017-06-20,20.44
2017-06-21,18.200000000000003
2017-06-22,19.6
2017-06-23,21.28
2017-06-24,13.440000000000001
2017-06-25,17.360000000000003
2017-06-26,25.76
2017-06-27,22.96
2017-06-28,20.160000000000004
2017-06-29,22.12
2017-06-30,15.680000000000001
2017-07-01,9.450000000000001
2017-07-02,8.91
2017-07-03,12.690000000000001
2017-07-04,5.67
2017-07-05,8.370000000000001
2017-07-06,12.690000000000001
2017-07-07,9.99
2017-07-08,9.450000000000001
2017-07-09,7.5600000000000005
2017-07-10,9.18
2017-07-11,9.72
2017-07-12,13.5
2017-07-13,10.8
2017-07-14,11.34
2017-07-15,10.8
2017-07-16,9.72
2017-07-17,10.530000000000001
2017-07-18,9.99
2017-07-19,11.34
2017-07-20,12.420000000000002
2017-07-21,11.610000000000001
2017-07-22,7.290000000000001
2017-07-23,7.0200000000000005
2017-07-24,11.34
2017-07-25,27.0
2017-07-26,16.470000000000002
2017-07-27,14.040000000000001
2017-07-28,12.96
2017-07-29,9.99
2017-07-30,9.18
2017-07-31,12.690000000000001
2017-08-01,24.0
2017-08-02,20.5
2017-08-03,19.0
2017-08-04,19.25
2017-08-05,11.25
2017-08-06,16.25
2017-08-07,21.75
2017-08-08,25.0
2017-08-09,19.0
2017-08-10,19.25
2017-08-11,18.0
2017-08-12,15.75
2017-08-13,12.5
2017-08-14,16.5
2017-08-15,22.5
2017-08-16,24.5
2017-08-17,16.75
2017-08-18,15.0
2017-08-19,16.0
2017-08-20,14.25
2017-08-21,15.25
2017-08-22,19.25
2017-08-23,17.5
2017-08-24,16.0
2017-08-25,12.5
2017-08-26,15.0
2017-08-27,10.25
2017-08-28,17.25
2017-08-29,15.25
2017-08-30,23.25
2017-08-31,14.0
2017-09-01,13.52
2017-09-02,8.32
2017-09-03,8.06
2017-09-04,7.800000000000001
2017-09-05,11.96
2017-09-06,14.82
2017-09-07,10.66
2017-09-08,14.040000000000001
2017-09-09,11.96
2017-09-10,6.5
2017-09-11,14.3
2017-09-12,26.0
2017-09-13,15.860000000000001
2017-09-14,12.22
2017-09-15,10.66
2017-09-16,9.620000000000001
2017-09-17,7.0200000000000005
2017-09-18,14.3
2017-09-19,15.34
2017-09-20,16.12
2017-09-21,16.12
2017-09-22,15.08
2017-09-23,10.92
2017-09-24,9.36
2017-09-25,14.82
2017-09-26,12.22
2017-09-27,13.0
2017-09-28,14.3
2017-09-29,14.56
2017-09-30,7.0200000000000005
2017-10-01,9.8
2017-10-02,13.440000000000001
2017-10-03,15.96
2017-10-04,15.120000000000001
2017-10-05,12.600000000000001
2017-10-06,14.840000000000002
2017-10-07,16.520000000000003
2017-10-08,12.88
2017-10-09,14.560000000000002
2017-10-10,17.360000000000003
2017-10-11,14.280000000000001
2017-10-12,15.400000000000002
2017-10-13,14.280000000000001
2017-10-14,11.48
2017-10-15,7.000000000000001
2017-10-16,13.160000000000002
2017-10-17,15.680000000000001
2017-10-18,14.280000000000001
2017-10-19,13.72
2017-10-20,16.520000000000003
2017-10-21,8.120000000000001
2017-10-22,12.88
2017-10-23,12.040000000000001
2017-10-24,28.000000000000004
2017-10-25,24.080000000000002
2017-10-26,14.840000000000002
2017-10-27,12.88
2017-10-28,7.5600000000000005
2017-10-29,8.680000000000001
2017-10-30,12.88
2017-10-31,10.64
2017-11-01,26.46
2017-11-02,17.55
2017-11-03,19.71
2017-11-04,12.15
2017-11-05,8.91
2017-11-06,23.76
2017-11-07,24.03
2017-11-08,22.68
2017-11-09,22.14
2017-11-10,19.44
2017-11-11,11.88
2017-11-12,9.99
2017-11-13,21.330000000000002
2017-11-14,21.87
2017-11-15,19.17
2017-11-16,25.92
2017-11-17,23.220000000000002
2017-11-18,16.740000000000002
2017-11-19,10.8
2017-11-20,17.01
2017-11-21,27.0
2017-11-22,15.930000000000001
2017-11-23,19.17
2017-11-24,16.740000000000002
2017-11-25,10.530000000000001
2017-11-26,11.88
2017-11-27,11.610000000000001
2017-11-28,16.200000000000003
2017-11-29,23.490000000000002
2017-11-30,22.68
2017-12-01,20.790000000000003
2017-12-02,12.96
2017-12-03,12.96
2017-12-04,22.41
2017-12-05,20.520000000000003
2017-12-06,21.330000000000002
2017-12-07,19.71
2017-12-08,15.930000000000001
2017-12-09,14.040000000000001
2017-12-10,13.23
2017-12-11,17.01
2017-12-12,21.87
2017-12-13,22.14
2017-12-14,21.87
2017-12-15,18.900000000000002
2017-12-16,13.5
2017-12-17,13.5
2017-12-18,15.66
2017-12-19,27.0
2017-12-20,18.09
2017-12-21,19.44
2017-12-22,17.01
2017-12-23,12.690000000000001
2017-12-24,13.5
2017-12-25,18.630000000000003
2017-12-26,24.03
2017-12-27,16.470000000000002
2017-12-28,16.470000000000002
2017-12-29,18.09
2017-12-30,10.260000000000002
2017-12-31,9.72
2018-01-01,9.569999999999999
2018-01-02,17.11
2018-01-03,12.18
2018-01-04,17.11
2018-01-05,16.529999999999998
2018-01-06,7.829999999999999
2018-01-07,8.7
2018-01-08,10.149999999999999
2018-01-09,14.209999999999999
2018-01-10,12.469999999999999
2018-01-11,17.98
2018-01-12,14.499999999999998
2018-01-13,9.569999999999999
2018-01-14,10.729999999999999
2018-01-15,12.469999999999999
2018-01-16,15.079999999999998
2018-01-17,14.79
2018-01-18,17.4
2018-01-19,13.919999999999998
2018-01-20,12.18
2018-01-21,4.35
2018-01-22,13.629999999999999
2018-01-23,15.079999999999998
2018-01-24,13.049999999999999
2018-01-25,13.34
2018-01-26,17.4
2018-01-27,11.6
2018-01-28,12.469999999999999
2018-01-29,19.139999999999997
2018-01-30,28.999999999999996
2018-01-31,21.459999999999997
2018-02-01,21.44
2018-02-02,19.52
2018-02-03,12.16
2018-02-04,11.200000000000001
2018-02-05,25.28
2018-02-06,32.0
2018-02-07,24.64
2018-02-08,22.72
2018-02-09,27.84
2018-02-10,14.08
2018-02-11,14.08
2018-02-12,22.72
2018-02-13,21.76
2018-02-14,17.92
2018-02-15,28.8
2018-02-16,31.04
2018-02-17,21.76
2018-02-18,13.44
2018-02-19,14.4
2018-02-20,24.32
2018-02-21,24.32
2018-02-22,23.68
2018-02-23,23.04
2018-02-24,20.48
2018-02-25,13.120000000000001
2018-02-26,29.12
2018-02-27,28.8
2018-02-28,25.92
2018-03-01,16.43
2018-03-02,31.0
2018-03-03,10.54
2018-03-04,11.16
2018-03-05,18.29
2018-03-06,17.669999999999998
2018-03-07,16.12
2018-03-08,17.98
2018-03-09,19.22
2018-03-10,9.3
2018-03-11,12.4
2018-03-12,16.12
2018-03-13,13.33
2018-03-14,16.43
2018-03-15,14.879999999999999
2018-03-16,17.98
2018-03-17,12.709999999999999
2018-03-18,9.61
2018-03-19,17.98
2018-03-20,15.5
2018-03-21,17.36
2018-03-22,18.29
2018-03-23,20.15
2018-03-24,8.37
2018-03-25,8.06
2018-03-26,15.81
2018-03-27,14.57
2018-03-28,17.669999999999998
2018-03-29,15.5
2018-03-30,13.95
2018-03-31,9.61
2018-04-01,7.829999999999999
2018-04-02,14.499999999999998
2018-04-03,15.079999999999998
2018-04-04,14.79
2018-04-05,15.95
2018-04-06,14.209999999999999
2018-04-07,9.28
2018-04-08,7.829999999999999
2018-04-09,15.079999999999998
2018-04-10,14.79
2018-04-11,15.659999999999998
2018-04-12,15.37
2018-04-13,11.309999999999999
2018-04-14,4.93
2018-04-15,6.67
2018-04-16,11.889999999999999
2018-04-17,11.889999999999999
2018-04-18,14.79
2018-04-19,13.629999999999999
2018-04-20,13.049999999999999
2018-04-21,11.309999999999999
2018-04-22,10.44
2018-04-23,11.889999999999999
2018-04-24,11.309999999999999
2018-04-25,15.659999999999998
2018-04-26,13.34
2018-04-27,16.82
2018-04-28,9.86
2018-04-29,8.41
2018-04-30,28.999999999999996
2018-05-01,27.0
2018-05-02,17.82
2018-05-03,20.520000000000003
2018-05-04,17.55
2018-05-05,9.72
2018-05-06,9.99
2018-05-07,20.520000000000003
2018-05-08,18.630000000000003
2018-05-09,17.55
2018-05-10,15.39
2018-05-11,25.380000000000003
2018-05-12,12.420000000000002
2018-05-13,8.100000000000001
2018-05-14,15.930000000000001
2018-05-15,16.470000000000002
2018-05-16,18.36
2018-05-17,19.44
2018-05-18,14.580000000000002
2018-05-19,11.610000000000001
2018-05-20,7.5600000000000005
2018-05-21,19.44
2018-05-22,11.88
2018-05-23,19.17
2018-05-24,21.330000000000002
2018-05-25,16.470000000000002
2018-05-26,17.01
2018-05-27,17.01
2018-05-28,13.5
2018-05-29,15.120000000000001
2018-05-30,19.98
2018-05-31,14.040000000000001
2018-06-01,16.240000000000002
2018-06-02,14.000000000000002
2018-06-03,10.080000000000002
2018-06-04,17.64
2018-06-05,18.76
2018-06-06,20.160000000000004
2018-06-07,24.64
2018-06-08,28.000000000000004
2018-06-09,15.120000000000001
2018-06-10,12.600000000000001
2018-06-11,19.040000000000003
2018-06-12,18.48
2018-06-13,17.080000000000002
2018-06-14,16.240000000000002
2018-06-15,14.280000000000001
2018-06-16,10.080000000000002
2018-06-17,9.520000000000001
2018-06-18,13.72
2018-06-19,15.96
2018-06-20,17.360000000000003
2018-06-21,15.120000000000001
2018-06-22,15.120000000000001
2018-06-23,10.920000000000002
2018-06-24,12.32
2018-06-25,18.48
2018-06-26,14.280000000000001
2018-06-27,21.560000000000002
2018-06-28,23.8
2018-06-29,16.240000000000002
2018-06-30,8.96
2018-07-01,17.92
2018-07-02,17.64
2018-07-03,21.560000000000002
2018-07-04,15.120000000000001
2018-07-05,18.200000000000003
2018-07-06,18.200000000000003
2018-07-07,15.400000000000002
2018-07-08,14.000000000000002
2018-07-09,19.6
2018-07-10,24.360000000000003
2018-07-11,17.92
2018-07-12,21.000000000000004
2018-07-13,28.000000000000004
2018-07-14,15.680000000000001
2018-07-15,8.96
2018-07-16,19.32
2018-07-17,18.76
2018-07-18,19.040000000000003
2018-07-19,17.92
2018-07-20,22.680000000000003
2018-07-21,13.160000000000002
2018-07-22,15.680000000000001
2018-07-23,19.6
2018-07-24,18.76
2018-07-25,19.6
2018-07-26,27.720000000000002
2018-07-27,24.080000000000002
2018-07-28,16.520000000000003
2018-07-29,8.680000000000001
2018-07-30,19.880000000000003
2018-07-31,17.92
2018-08-01,27.0
2018-08-02,19.71
2018-08-03,24.3
2018-08-04,15.120000000000001
2018-08-05,15.120000000000001
2018-08-06,16.470000000000002
2018-08-07,25.650000000000002
2018-08-08,23.76
2018-08-09,24.03
2018-08-10,21.87
2018-08-11,12.15
2018-08-12,14.580000000000002
2018-08-13,19.17
2018-08-14,19.98
2018-08-15,21.330000000000002
2018-08-16,15.39
2018-08-17,16.200000000000003
2018-08-18,14.31
2018-08-19,12.690000000000001
2018-08-20,19.71
2018-08-21,20.25
2018-08-22,22.950000000000003
2018-08-23,20.25
2018-08-24,19.44
2018-08-25,14.31
2018-08-26,13.23
2018-08-27,19.17
2018-08-28,24.03
2018-08-29,20.25
2018-08-30,19.17
2018-08-31,18.36
2018-09-01,15.75
2018-09-02,16.25
2018-09-03,13.25
2018-09-04,16.5
2018-09-05,14.75
2018-09-06,14.75
2018-09-07,19.5
2018-09-08,7.75
2018-09-09,7.5
2018-09-10,16.25
2018-09-11,17.25
2018-09-12,15.25
2018-09-13,21.5
2018-09-14,16.5
2018-09-15,14.75
2018-09-16,11.75
2018-09-17,20.25
2018-09-18,18.25
2018-09-19,16.5
2018-09-20,23.25
2018-09-21,25.0
2018-09-22,16.25
2018-09-23,15.5
2018-09-24,19.5
2018-09-25,22.0
2018-09-26,24.75
2018-09-27,16.25
2018-09-28,18.0
2018-09-29,16.5
2018-09-30,17.75
2018-10-01,16.45
2018-10-02,11.899999999999999
2018-10-03,12.25
2018-10-04,14.35
2018-10-05,16.099999999999998
2018-10-06,16.45
2018-10-07,16.45
2018-10-08,17.849999999999998
2018-10-09,21.349999999999998
2018-10-10,23.099999999999998
2018-10-11,19.599999999999998
2018-10-12,20.65
2018-10-13,19.95
2018-10-14,15.749999999999998
2018-10-15,19.599999999999998
2018-10-16,20.65
2018-10-17,16.45
2018-10-18,19.95
2018-10-19,21.349999999999998
2018-10-20,15.749999999999998
2018-10-21,14.0
2018-10-22,21.0
2018-10-23,35.0
2018-10-24,25.9
2018-10-25,18.9
2018-10-26,17.849999999999998
2018-10-27,10.5
2018-10-28,12.25
2018-10-29,19.599999999999998
2018-10-30,17.5
2018-10-31,19.25
2018-11-01,18.46
2018-11-02,14.82
2018-11-03,9.36
2018-11-04,10.92
2018-11-05,16.12
2018-11-06,13.26
2018-11-07,14.82
2018-11-08,16.38
2018-11-09,16.38
2018-11-10,9.88
2018-11-11,11.440000000000001
2018-11-12,14.040000000000001
2018-11-13,17.68
2018-11-14,18.98
2018-11-15,17.94
2018-11-16,18.46
2018-11-17,11.96
2018-11-18,13.26
2018-11-19,16.12
2018-11-20,17.68
2018-11-21,12.22
2018-11-22,12.74
2018-11-23,11.96
2018-11-24,8.32
2018-11-25,8.84
2018-11-26,13.780000000000001
2018-11-27,15.34
2018-11-28,17.42
2018-11-29,26.0
2018-11-30,16.12
2018-12-01,14.040000000000001
2018-12-02,17.68
2018-12-03,20.8
2018-12-04,20.02
2018-12-05,18.2
2018-12-06,26.0
2018-12-07,20.8
2018-12-08,15.34
2018-12-09,12.22
2018-12-10,18.98
2018-12-11,21.060000000000002
2018-12-12,20.8
2018-12-13,19.240000000000002
2018-12-14,17.42
2018-12-15,10.14
2018-12-16,11.440000000000001
2018-12-17,20.28
2018-12-18,20.28
2018-12-19,19.76
2018-12-20,25.220000000000002
2018-12-21,22.1
2018-12-22,14.040000000000001
2018-12-23,14.56
2018-12-24,20.28
2018-12-25,24.96
2018-12-26,24.18
2018-12-27,19.240000000000002
2018-12-28,16.38
2018-12-29,15.860000000000001
2018-12-30,12.74
2018-12-31,18.46
2019-01-01,12.600000000000001
2019-01-02,15.400000000000002
2019-01-03,17.92
2019-01-04,18.76
2019-01-05,10.360000000000001
2019-01-06,13.440000000000001
2019-01-07,16.240000000000002
2019-01-08,17.64
2019-01-09,16.240000000000002
2019-01-10,17.64
2019-01-11,15.400000000000002
2019-01-12,12.040000000000001
2019-01-13,11.48
2019-01-14,17.64
2019-01-15,20.44
2019-01-16,17.64
2019-01-17,16.520000000000003
2019-01-18,17.080000000000002
2019-01-19,10.360000000000001
2019-01-20,10.64
2019-01-21,10.64
2019-01-22,16.240000000000002
2019-01-23,15.680000000000001
2019-01-24,17.64
2019-01-25,15.680000000000001
2019-01-26,13.440000000000001
2019-01-27,11.48
2019-01-28,17.64
2019-01-29,17.080000000000002
2019-01-30,28.000000000000004
2019-01-31,22.12
2019-02-01,24.840000000000003
2019-02-02,11.34
2019-02-03,17.28
2019-02-04,20.520000000000003
2019-02-05,15.930000000000001
2019-02-06,16.470000000000002
2019-02-07,15.39
2019-02-08,22.41
2019-02-09,27.0
2019-02-10,15.930000000000001
2019-02-11,19.98
2019-02-12,19.17
2019-02-13,17.55
2019-02-14,21.6
2019-02-15,20.790000000000003
2019-02-16,12.96
2019-02-17,18.09
2019-02-18,15.930000000000001
2019-02-19,26.19
2019-02-20,19.44
2019-02-21,22.41
2019-02-22,21.87
2019-02-23,14.850000000000001
2019-02-24,18.900000000000002
2019-02-25,17.82
2019-02-26,20.520000000000003
2019-02-27,16.470000000000002
2019-02-28,18.09
2019-03-01,20.54
2019-03-02,11.18
2019-03-03,16.900000000000002
2019-03-04,21.060000000000002
2019-03-05,20.54
2019-03-06,23.92
2019-03-07,20.28
2019-03-08,24.18
2019-03-09,16.64
2019-03-10,11.96
2019-03-11,20.8
2019-03-12,17.68
2019-03-13,16.38
2019-03-14,21.060000000000002
2019-03-15,26.0
2019-03-16,12.74
2019-03-17,12.48
2019-03-18,18.98
2019-03-19,16.900000000000002
2019-03-20,17.16
2019-03-21,19.5
2019-03-22,20.28
2019-03-23,11.96
2019-03-24,9.36
2019-03-25,21.580000000000002
2019-03-26,23.14
2019-03-27,21.060000000000002
2019-03-28,26.0
2019-03-29,23.66
2019-03-30,14.3
2019-03-31,7.800000000000001
2019-04-01,17.92
2019-04-02,10.920000000000002
2019-04-03,14.000000000000002
2019-04-04,17.080000000000002
2019-04-05,15.680000000000001
2019-04-06,7.5600000000000005
2019-04-07,10.360000000000001
2019-04-08,16.520000000000003
2019-04-09,11.200000000000001
2019-04-10,12.600000000000001
2019-04-11,12.32
2019-04-12,16.8
2019-04-13,10.080000000000002
2019-04-14,7.000000000000001
2019-04-15,12.040000000000001
2019-04-16,12.88
2019-04-17,15.680000000000001
2019-04-18,14.560000000000002
2019-04-19,12.32
2019-04-20,7.840000000000001
2019-04-21,7.5600000000000005
2019-04-22,12.040000000000001
2019-04-23,12.88
2019-04-24,16.520000000000003
2019-04-25,15.680000000000001
2019-04-26,13.440000000000001
2019-04-27,14.000000000000002
2019-04-28,8.4
2019-04-29,14.560000000000002
2019-04-30,28.000000000000004
2019-05-01,19.040000000000003
2019-05-02,18.76
2019-05-03,17.360000000000003
2019-05-04,13.440000000000001
2019-05-05,12.040000000000001
2019-05-06,20.160000000000004
2019-05-07,21.28
2019-05-08,18.48
2019-05-09,19.32
2019-05-10,21.28
2019-05-11,8.4
2019-05-12,10.920000000000002
2019-05-13,24.080000000000002
2019-05-14,18.48
2019-05-15,22.400000000000002
2019-05-16,22.96
2019-05-17,17.64
2019-05-18,12.040000000000001
2019-05-19,13.440000000000001
2019-05-20,16.240000000000002
2019-05-21,20.160000000000004
2019-05-22,18.76
2019-05-23,19.6
2019-05-24,18.76
2019-05-25,12.600000000000001
2019-05-26,10.360000000000001
2019-05-27,14.000000000000002
2019-05-28,17.080000000000002
2019-05-29,18.200000000000003
2019-05-30,16.240000000000002
2019-05-31,28.000000000000004
2019-06-01,16.28
2019-06-02,17.02
2019-06-03,19.24
2019-06-04,22.57
2019-06-05,22.57
2019-06-06,25.16
2019-06-07,26.27
2019-06-08,17.02
2019-06-09,21.83
2019-06-10,27.009999999999998
2019-06-11,29.23
2019-06-12,24.79
2019-06-13,27.38
2019-06-14,32.56
2019-06-15,25.53
2019-06-16,23.31
2019-06-17,28.12
2019-06-18,36.63
2019-06-19,29.23
2019-06-20,35.519999999999996
2019-06-21,30.71
2019-06-22,37.0
2019-06-23,22.57
2019-06-24,32.56
2019-06-25,27.009999999999998
2019-06-26,27.75
2019-06-27,31.82
2019-06-28,24.419999999999998
2019-06-29,20.35
2019-06-30,18.5
2019-07-01,16.64
2019-07-02,16.96
2019-07-03,22.400000000000002
2019-07-04,12.8
2019-07-05,21.44
2019-07-06,11.200000000000001
2019-07-07,11.200000000000001
2019-07-08,16.32
2019-07-09,15.36
2019-07-10,12.8
2019-07-11,17.28
2019-07-12,16.64
2019-07-13,11.200000000000001
2019-07-14,11.52
2019-07-15,15.68
2019-07-16,16.0
2019-07-17,15.040000000000001
2019-07-18,10.88
2019-07-19,13.76
2019-07-20,8.0
2019-07-21,13.44
2019-07-22,16.0
2019-07-23,11.84
2019-07-24,15.68
2019-07-25,16.64
2019-07-26,32.0
2019-07-27,11.200000000000001
2019-07-28,7.04
2019-07-29,15.68
2019-07-30,19.2
2019-07-31,15.68
2019-08-01,21.39
2019-08-02,24.49
2019-08-03,14.26
2019-08-04,10.85
2019-08-05,22.32
2019-08-06,30.69
2019-08-07,25.73
2019-08-08,23.87
2019-08-09,23.87
2019-08-10,16.12
2019-08-11,13.33
2019-08-12,19.53
2019-08-13,24.18
2019-08-14,21.7
2019-08-15,22.32
2019-08-16,24.18
2019-08-17,17.98
2019-08-18,13.33
2019-08-19,26.04
2019-08-20,18.91
2019-08-21,31.0
2019-08-22,25.419999999999998
2019-08-23,16.43
2019-08-24,14.57
2019-08-25,12.4
2019-08-26,23.87
2019-08-27,26.66
2019-08-28,25.73
2019-08-29,25.419999999999998
2019-08-30,23.87
2019-08-31,15.5
2019-09-01,12.6
2019-09-02,11.7
2019-09-03,18.0
2019-09-04,20.099999999999998
2019-09-05,17.7
2019-09-06,16.5
2019-09-07,13.799999999999999
2019-09-08,13.2
2019-09-09,18.0
2019-09-10,30.0
2019-09-11,24.9
2019-09-12,21.9
2019-09-13,21.0
2019-09-14,12.9
2019-09-15,14.399999999999999
2019-09-16,18.9
2019-09-17,21.9
2019-09-18,20.7
2019-09-19,19.5
2019-09-20,23.7
2019-09-21,14.1
2019-09-22,10.5
2019-09-23,20.7
2019-09-24,20.4
2019-09-25,20.4
2019-09-26,24.0
2019-09-27,17.7
2019-09-28,14.7
2019-09-29,11.1
2019-09-30,18.3
2019-10-01,16.919999999999998
2019-10-02,16.56
2019-10-03,12.959999999999999
2019-10-04,10.08
2019-10-05,12.24
2019-10-06,9.719999999999999
2019-10-07,11.879999999999999
2019-10-08,15.84
2019-10-09,13.32
2019-10-10,11.16
2019-10-11,11.52
2019-10-12,9.719999999999999
2019-10-13,9.719999999999999
2019-10-14,10.08
2019-10-15,12.24
2019-10-16,13.32
2019-10-17,12.6
2019-10-18,12.959999999999999
2019-10-19,7.92
2019-10-20,9.0
2019-10-21,18.0
2019-10-22,36.0
2019-10-23,20.16
2019-10-24,17.64
2019-10-25,16.56
2019-10-26,14.399999999999999
2019-10-27,8.64
2019-10-28,18.72
2019-10-29,16.56
2019-10-30,15.84
2019-10-31,16.56
2019-11-01,11.88
2019-11-02,7.04
2019-11-03,14.96
2019-11-04,44.0
2019-11-05,30.36
2019-11-06,21.56
2019-11-07,18.04
2019-11-08,15.84
2019-11-09,7.92
2019-11-10,7.92
2019-11-11,11.88
2019-11-12,11.88
2019-11-13,14.08
2019-11-14,13.64
2019-11-15,14.08
2019-11-16,9.24
2019-11-17,7.92
2019-11-18,11.44
2019-11-19,11.88
2019-11-20,12.76
2019-11-21,10.56
2019-11-22,12.32
2019-11-23,7.48
2019-11-24,7.04
2019-11-25,15.84
2019-11-26,12.32
2019-11-27,16.28
2019-11-28,10.56
2019-11-29,10.56
2019-11-30,6.6
2019-12-01,12.4
2019-12-02,31.0
2019-12-03,25.419999999999998
2019-12-04,27.28
2019-12-05,25.11
2019-12-06,26.97
2019-12-07,17.05
2019-12-08,15.81
2019-12-09,21.39
2019-12-10,21.08
2019-12-11,26.04
2019-12-12,24.18
2019-12-13,25.11
2019-12-14,12.709999999999999
2019-12-15,13.95
2019-12-16,22.94
2019-12-17,26.04
2019-12-18,26.04
2019-12-19,23.25
2019-12-20,22.32
2019-12-21,17.98
2019-12-22,16.74
2019-12-23,18.91
2019-12-24,24.18
2019-12-25,20.15
2019-12-26,26.04
2019-12-27,28.83
2019-12-28,20.77
2019-12-29,11.47
2019-12-30,27.59
2019-12-31,25.11
2020-01-01,10.88
2020-01-02,20.8
2020-01-03,15.040000000000001
2020-01-04,8.32
2020-01-05,10.24
2020-01-06,19.84
2020-01-07,13.120000000000001
2020-01-08,20.48
2020-01-09,17.92
2020-01-10,20.16
2020-01-11,10.88
2020-01-12,11.200000000000001
2020-01-13,14.72
2020-01-14,13.44
2020-01-15,16.32
2020-01-16,16.64
2020-01-17,20.48
2020-01-18,10.88
2020-01-19,11.52
2020-01-20,12.8
2020-01-21,17.6
2020-01-22,20.16
2020-01-23,16.96
2020-01-24,15.68
2020-01-25,9.6
2020-01-26,11.200000000000001
2020-01-27,16.96
2020-01-28,18.56
2020-01-29,32.0
2020-01-30,24.64
2020-01-31,21.44
2020-02-01,13.2
2020-02-02,12.9
2020-02-03,17.7
2020-02-04,23.099999999999998
2020-02-05,22.5
2020-02-06,23.4
2020-02-07,19.5
2020-02-08,13.2
2020-02-09,11.1
2020-02-10,14.7
2020-02-11,19.2
2020-02-12,22.5
2020-02-13,21.3
2020-02-14,14.399999999999999
2020-02-15,10.5
2020-02-16,12.0
2020-02-17,15.6
2020-02-18,16.5
2020-02-19,17.4
2020-02-20,15.899999999999999
2020-02-21,19.8
2020-02-22,12.9
2020-02-23,11.7
2020-02-24,21.9
2020-02-25,17.4
2020-02-26,24.599999999999998
2020-02-27,22.8
2020-02-28,30.0
2020-02-29,16.5
2020-03-01,15.51
2020-03-02,29.139999999999997
2020-03-03,24.439999999999998
2020-03-04,24.91
2020-03-05,23.029999999999998
2020-03-06,20.68
2020-03-07,11.28
2020-03-08,13.629999999999999
2020-03-09,28.2
2020-03-10,26.79
2020-03-11,23.5
2020-03-12,23.97
2020-03-13,29.139999999999997
2020-03-14,17.86
2020-03-15,18.799999999999997
2020-03-16,31.02
2020-03-17,47.0
2020-03-18,44.65
2020-03-19,39.949999999999996
2020-03-20,38.07
2020-03-21,19.74
2020-03-22,17.86
2020-03-23,37.129999999999995
2020-03-24,40.89
2020-03-25,42.769999999999996
2020-03-26,43.239999999999995
2020-03-27,32.9
2020-03-28,20.68
2020-03-29,12.69
2020-03-30,24.439999999999998
2020-03-31,29.61
2020-04-01,33.11
2020-04-02,28.38
2020-04-03,22.79
2020-04-04,18.49
2020-04-05,22.79
2020-04-06,28.38
2020-04-07,34.83
2020-04-08,43.0
2020-04-09,27.95
2020-04-10,16.77
2020-04-11,12.9
2020-04-12,12.9
2020-04-13,22.79
2020-04-14,28.81
2020-04-15,23.65
2020-04-16,24.509999999999998
2020-04-17,27.95
2020-04-18,18.49
2020-04-19,16.77
2020-04-20,26.23
2020-04-21,24.509999999999998
2020-04-22,28.38
2020-04-23,22.79
2020-04-24,26.23
2020-04-25,17.63
2020-04-26,13.76
2020-04-27,24.94
2020-04-28,27.52
2020-04-29,25.37
2020-04-30,41.71
2020-05-01,26.240000000000002
2020-05-02,14.4
2020-05-03,12.8
2020-05-04,20.48
2020-05-05,28.8
2020-05-06,21.44
2020-05-07,28.16
2020-05-08,20.8
2020-05-09,11.52
2020-05-10,13.76
2020-05-11,16.0
2020-05-12,22.72
2020-05-13,29.12
2020-05-14,21.76
2020-05-15,24.96
2020-05-16,17.6
2020-05-17,28.48
2020-05-18,32.0
2020-05-19,23.04
2020-05-20,24.64
2020-05-21,23.36
2020-05-22,26.240000000000002
2020-05-23,11.84
2020-05-24,11.200000000000001
2020-05-25,16.32
2020-05-26,23.04
2020-05-27,27.2
2020-05-28,28.16
2020-05-29,22.080000000000002
2020-05-30,11.52
2020-05-31,14.08
2020-06-01,25.549999999999997
2020-06-02,21.0
2020-06-03,29.049999999999997
2020-06-04,23.099999999999998
2020-06-05,28.0
2020-06-06,16.799999999999997
2020-06-07,18.2
2020-06-08,28.349999999999998
2020-06-09,30.099999999999998
2020-06-10,27.299999999999997
2020-06-11,23.099999999999998
2020-06-12,35.0
2020-06-13,16.099999999999998
2020-06-14,14.0
2020-06-15,24.15
2020-06-16,28.7
2020-06-17,26.95
2020-06-18,24.849999999999998
2020-06-19,25.2
2020-06-20,16.799999999999997
2020-06-21,18.2
2020-06-22,26.25
2020-06-23,24.849999999999998
2020-06-24,22.4
2020-06-25,21.349999999999998
2020-06-26,23.45
2020-06-27,15.049999999999999
2020-06-28,19.25
2020-06-29,22.75
2020-06-30,25.2
2020-07-01,12.09
2020-07-02,11.78
2020-07-03,12.09
2020-07-04,6.51
2020-07-05,8.68
2020-07-06,11.78
2020-07-07,7.75
2020-07-08,12.709999999999999
2020-07-09,13.64
2020-07-10,11.16
2020-07-11,8.06
2020-07-12,8.99
2020-07-13,12.09
2020-07-14,12.4
2020-07-15,13.95
2020-07-16,12.09
2020-07-17,11.16
2020-07-18,7.4399999999999995
2020-07-19,8.68
2020-07-20,12.4
2020-07-21,12.09
2020-07-22,14.26
2020-07-23,9.61
2020-07-24,13.33
2020-07-25,13.95
2020-07-26,9.3
2020-07-27,13.64
2020-07-28,31.0
2020-07-29,15.5
2020-07-30,13.02
2020-07-31,12.709999999999999
2020-08-01,17.490000000000002
2020-08-02,18.150000000000002
2020-08-03,24.42
2020-08-04,24.75
2020-08-05,30.69
2020-08-06,23.43
2020-08-07,24.42
2020-08-08,19.14
2020-08-09,17.490000000000002
2020-08-10,25.080000000000002
2020-08-11,27.39
2020-08-12,26.400000000000002
2020-08-13,24.75
2020-08-14,23.1
2020-08-15,20.130000000000003
2020-08-16,16.830000000000002
2020-08-17,27.39
2020-08-18,33.0
2020-08-19,25.41
2020-08-20,21.12
2020-08-21,22.77
2020-08-22,21.45
2020-08-23,17.490000000000002
2020-08-24,27.720000000000002
2020-08-25,27.060000000000002
2020-08-26,19.14
2020-08-27,24.42
2020-08-28,24.42
2020-08-29,21.12
2020-08-30,14.850000000000001
2020-08-31,24.42
2020-09-01,32.980000000000004
2020-09-02,24.48
2020-09-03,29.580000000000002
2020-09-04,25.840000000000003
2020-09-05,21.42
2020-09-06,15.98
2020-09-07,16.32
2020-09-08,33.32
2020-09-09,31.62
2020-09-10,29.240000000000002
2020-09-11,29.240000000000002
2020-09-12,23.46
2020-09-13,16.32
2020-09-14,34.0
2020-09-15,29.240000000000002
2020-09-16,29.580000000000002
2020-09-17,27.880000000000003
2020-09-18,21.080000000000002
2020-09-19,18.360000000000003
2020-09-20,20.400000000000002
2020-09-21,24.48
2020-09-22,27.200000000000003
2020-09-23,24.82
2020-09-24,27.200000000000003
2020-09-25,22.78
2020-09-26,21.080000000000002
2020-09-27,15.3
2020-09-28,29.240000000000002
2020-09-29,30.26
2020-09-30,23.12
2020-10-01,24.8
2020-10-02,22.94
2020-10-03,14.57
2020-10-04,14.879999999999999
2020-10-05,19.84
2020-10-06,22.01
2020-10-07,25.419999999999998
2020-10-08,31.0
2020-10-09,26.66
2020-10-10,11.16
2020-10-11,16.12
2020-10-12,22.94
2020-10-13,22.94
2020-10-14,20.15
2020-10-15,20.77
2020-10-16,23.56
2020-10-17,12.4
2020-10-18,16.74
2020-10-19,20.77
2020-10-20,16.74
2020-10-21,20.15
2020-10-22,25.11
2020-10-23,20.77
2020-10-24,21.39
2020-10-25,16.12
2020-10-26,19.84
2020-10-27,21.08
2020-10-28,19.53
2020-10-29,27.9
2020-10-30,15.5
2020-10-31,16.12
2020-11-01,11.47
2020-11-02,19.22
2020-11-03,19.53
2020-11-04,10.85
2020-11-05,12.709999999999999
2020-11-06,17.669999999999998
2020-11-07,12.09
2020-11-08,15.19
2020-11-09,31.0
2020-11-10,28.83
2020-11-11,20.46
2020-11-12,19.22
2020-11-13,17.669999999999998
2020-11-14,9.92
2020-11-15,12.4
2020-11-16,21.39
2020-11-17,17.05
2020-11-18,18.29
2020-11-19,20.77
2020-11-20,17.98
2020-11-21,15.5
2020-11-22,14.26
2020-11-23,19.53
2020-11-24,19.53
2020-11-25,17.05
2020-11-26,15.19
2020-11-27,20.15
2020-11-28,12.4
2020-11-29,11.16
2020-11-30,14.879999999999999
2020-12-01,24.0
2020-12-02,32.0
2020-12-03,22.72
2020-12-04,28.48
2020-12-05,16.0
2020-12-06,17.28
2020-12-07,23.04
2020-12-08,24.0
2020-12-09,24.32
2020-12-10,24.64
2020-12-11,26.88
2020-12-12,14.72
2020-12-13,13.44
2020-12-14,24.0
2020-12-15,25.28
2020-12-16,24.0
2020-12-17,21.12
2020-12-18,19.52
2020-12-19,19.52
2020-12-20,14.72
2020-12-21,18.56
2020-12-22,24.32
2020-12-23,24.64
2020-12-24,18.56
2020-12-25,24.96
2020-12-26,21.76
2020-12-27,12.8
2020-12-28,18.88
2020-12-29,26.240000000000002
2020-12-30,22.400000000000002
2020-12-31,15.68
2021-01-01,16.74
2021-01-02,12.09
2021-01-03,12.09
2021-01-04,18.29
2021-01-05,17.98
2021-01-06,14.879999999999999
2021-01-07,16.74
2021-01-08,15.81
2021-01-09,10.85
2021-01-10,11.16
2021-01-11,17.669999999999998
2021-01-12,18.29
2021-01-13,21.08
2021-01-14,23.87
2021-01-15,21.7
2021-01-16,11.78
2021-01-17,14.879999999999999
2021-01-18,11.16
2021-01-19,18.29
2021-01-20,20.15
2021-01-21,19.53
2021-01-22,17.669999999999998
2021-01-23,9.3
2021-01-24,12.709999999999999
2021-01-25,17.36
2021-01-26,13.02
2021-01-27,26.66
2021-01-28,31.0
2021-01-29,20.77
2021-01-30,10.85
2021-01-31,11.47
2021-02-01,23.099999999999998
2021-02-02,26.4
2021-02-03,30.0
2021-02-04,25.8
2021-02-05,21.599999999999998
2021-02-06,20.7
2021-02-07,15.299999999999999
2021-02-08,22.8
2021-02-09,20.099999999999998
2021-02-10,27.9
2021-02-11,25.5
2021-02-12,20.7
2021-02-13,18.0
2021-02-14,16.2
2021-02-15,17.099999999999998
2021-02-16,28.5
2021-02-17,18.599999999999998
2021-02-18,23.4
2021-02-19,21.599999999999998
2021-02-20,15.6
2021-02-21,15.6
2021-02-22,19.5
2021-02-23,28.2
2021-02-24,27.3
2021-02-25,27.0
2021-02-26,27.9
2021-02-27,18.0
2021-02-28,17.7
2021-03-01,23.56
2021-03-02,13.64
2021-03-03,26.97
2021-03-04,24.49
2021-03-05,24.18
2021-03-06,18.29
2021-03-07,17.05
2021-03-08,17.98
2021-03-09,25.11
2021-03-10,25.73
2021-03-11,23.56
2021-03-12,18.6
2021-03-13,15.19
2021-03-14,15.81
2021-03-15,26.35
2021-03-16,31.0
2021-03-17,26.35
2021-03-18,24.8
2021-03-19,21.39
2021-03-20,14.26
2021-03-21,13.33
2021-03-22,20.46
2021-03-23,21.7
2021-03-24,20.46
2021-03-25,16.74
2021-03-26,22.32
2021-03-27,14.26
2021-03-28,14.26
2021-03-29,17.36
2021-03-30,25.419999999999998
2021-03-31,25.11
2021-04-01,26.04
2021-04-02,19.22
2021-04-03,19.22
2021-04-04,17.05
2021-04-05,23.87
2021-04-06,18.29
2021-04-07,22.01
2021-04-08,22.94
2021-04-09,22.63
2021-04-10,20.15
2021-04-11,18.6
2021-04-12,22.01
2021-04-13,22.32
2021-04-14,25.73
2021-04-15,24.18
2021-04-16,24.49
2021-04-17,22.32
2021-04-18,15.81
2021-04-19,28.21
2021-04-20,25.11
2021-04-21,24.49
2021-04-22,22.32
2021-04-23,19.84
2021-04-24,15.5
2021-04-25,17.36
2021-04-26,22.32
2021-04-27,25.73
2021-04-28,26.35
2021-04-29,31.0
2021-04-30,19.84
2021-05-01,18.9
2021-05-02,17.4
2021-05-03,23.7
2021-05-04,24.599999999999998
2021-05-05,23.4
2021-05-06,21.0
2021-05-07,27.3
2021-05-08,23.7
2021-05-09,15.899999999999999
2021-05-10,23.099999999999998
2021-05-11,24.3
2021-05-12,22.5
2021-05-13,20.4
2021-05-14,21.0
2021-05-15,25.5
2021-05-16,14.399999999999999
2021-05-17,18.0
2021-05-18,25.5
2021-05-19,24.0
2021-05-20,26.099999999999998
2021-05-21,25.8
2021-05-22,14.7
2021-05-23,14.7
2021-05-24,28.799999999999997
2021-05-25,21.599999999999998
2021-05-26,24.0
2021-05-27,30.0
2021-05-28,26.4
2021-05-29,21.0
2021-05-30,16.8
2021-05-31,17.099999999999998
2021-06-01,19.880000000000003
2021-06-02,20.160000000000004
2021-06-03,23.240000000000002
2021-06-04,21.560000000000002
2021-06-05,19.32
2021-06-06,15.120000000000001
2021-06-07,20.160000000000004
2021-06-08,25.480000000000004
2021-06-09,27.44
2021-06-10,27.44
2021-06-11,28.000000000000004
2021-06-12,18.48
2021-06-13,18.76
2021-06-14,23.240000000000002
2021-06-15,23.520000000000003
2021-06-16,20.160000000000004
2021-06-17,24.360000000000003
2021-06-18,19.040000000000003
2021-06-19,18.200000000000003
2021-06-20,12.600000000000001
2021-06-21,24.080000000000002
2021-06-22,19.880000000000003
2021-06-23,24.64
2021-06-24,18.48
2021-06-25,22.680000000000003
2021-06-26,14.840000000000002
2021-06-27,10.920000000000002
2021-06-28,22.12
2021-06-29,25.76
2021-06-30,17.92
2021-07-01,10.920000000000002
2021-07-02,14.840000000000002
2021-07-03,10.080000000000002
2021-07-04,7.280000000000001
2021-07-05,15.400000000000002
2021-07-06,11.200000000000001
2021-07-07,14.000000000000002
2021-07-08,12.88
2021-07-09,12.32
2021-07-10,8.120000000000001
2021-07-11,15.96
2021-07-12,16.8
2021-07-13,17.64
2021-07-14,14.280000000000001
2021-07-15,12.88
2021-07-16,11.200000000000001
2021-07-17,11.200000000000001
2021-07-18,7.840000000000001
2021-07-19,17.92
2021-07-20,19.040000000000003
2021-07-21,16.240000000000002
2021-07-22,18.200000000000003
2021-07-23,17.080000000000002
2021-07-24,11.760000000000002
2021-07-25,9.520000000000001
2021-07-26,20.720000000000002
2021-07-27,16.520000000000003
2021-07-28,28.000000000000004
2021-07-29,19.32
2021-07-30,15.120000000000001
2021-07-31,10.64
2021-08-01,14.580000000000002
2021-08-02,19.71
2021-08-03,24.3
2021-08-04,23.76
2021-08-05,21.6
2021-08-06,20.790000000000003
2021-08-07,14.850000000000001
2021-08-08,17.01
2021-08-09,24.03
2021-08-10,23.490000000000002
2021-08-11,27.0
2021-08-12,23.220000000000002
2021-08-13,15.39
2021-08-14,18.630000000000003
2021-08-15,16.740000000000002
2021-08-16,22.68
2021-08-17,20.25
2021-08-18,19.44
2021-08-19,23.220000000000002
2021-08-20,18.630000000000003
2021-08-21,18.630000000000003
2021-08-22,14.31
2021-08-23,22.950000000000003
2021-08-24,24.03
2021-08-25,22.950000000000003
2021-08-26,23.220000000000002
2021-08-27,24.840000000000003
2021-08-28,15.930000000000001
2021-08-29,21.6
2021-08-30,22.41
2021-08-31,21.330000000000002
2021-09-01,18.98
2021-09-02,20.28
2021-09-03,16.64
2021-09-04,13.780000000000001
2021-09-05,18.46
2021-09-06,18.72
2021-09-07,19.76
2021-09-08,22.880000000000003
2021-09-09,22.880000000000003
2021-09-10,22.36
2021-09-11,13.780000000000001
2021-09-12,11.440000000000001
2021-09-13,15.34
2021-09-14,20.02
2021-09-15,23.66
2021-09-16,14.82
2021-09-17,26.0
2021-09-18,15.34
2021-09-19,9.88
2021-09-20,17.68
2021-09-21,19.240000000000002
2021-09-22,20.8
2021-09-23,19.5
2021-09-24,18.98
2021-09-25,17.94
2021-09-26,14.56
2021-09-27,19.76
2021-09-28,21.32
2021-09-29,20.02
2021-09-30,23.14
2021-10-01,13.440000000000001
2021-10-02,14.000000000000002
2021-10-03,12.32
2021-10-04,14.840000000000002
2021-10-05,16.8
2021-10-06,15.120000000000001
2021-10-07,14.560000000000002
2021-10-08,14.560000000000002
2021-10-09,15.120000000000001
2021-10-10,9.24
2021-10-11,16.8
2021-10-12,14.560000000000002
2021-10-13,18.200000000000003
2021-10-14,20.720000000000002
2021-10-15,18.48
2021-10-16,10.080000000000002
2021-10-17,9.520000000000001
2021-10-18,17.080000000000002
2021-10-19,15.120000000000001
2021-10-20,17.080000000000002
2021-10-21,20.160000000000004
2021-10-22,19.32
2021-10-23,12.32
2021-10-24,9.520000000000001
2021-10-25,17.64
2021-10-26,18.48
2021-10-27,28.000000000000004
2021-10-28,22.12
2021-10-29,21.28
2021-10-30,11.200000000000001
2021-10-31,13.440000000000001
2021-11-01,21.75
2021-11-02,28.999999999999996
2021-11-03,22.33
2021-11-04,22.91
2021-11-05,27.259999999999998
2021-11-06,17.98
2021-11-07,18.849999999999998
2021-11-08,14.79
2021-11-09,25.229999999999997
2021-11-10,23.2
2021-11-11,20.88
2021-11-12,25.52
2021-11-13,15.659999999999998
2021-11-14,21.75
2021-11-15,25.229999999999997
2021-11-16,23.49
2021-11-17,21.75
2021-11-18,23.779999999999998
2021-11-19,18.849999999999998
2021-11-20,18.56
2021-11-21,15.659999999999998
2021-11-22,24.65
2021-11-23,23.779999999999998
2021-11-24,21.459999999999997
2021-11-25,15.659999999999998
2021-11-26,20.009999999999998
2021-11-27,20.009999999999998
2021-11-28,11.309999999999999
2021-11-29,18.849999999999998
2021-11-30,24.36
2021-12-01,25.8
2021-12-02,23.099999999999998
2021-12-03,17.4
2021-12-04,18.0
2021-12-05,18.3
2021-12-06,26.4
2021-12-07,23.4
2021-12-08,23.7
2021-12-09,24.599999999999998
2021-12-10,25.8
2021-12-11,21.3
2021-12-12,12.6
2021-12-13,26.4
2021-12-14,30.0
2021-12-15,25.5
2021-12-16,30.0
2021-12-17,27.0
2021-12-18,20.4
2021-12-19,16.8
2021-12-20,18.599999999999998
2021-12-21,25.8
2021-12-22,22.5
2021-12-23,19.5
2021-12-24,18.3
2021-12-25,19.2
2021-12-26,22.5
2021-12-27,29.7
2021-12-28,26.7
2021-12-29,24.3
2021-12-30,23.4
2021-12-31,23.7
2022-01-01,12.9
2022-01-02,7.5
2022-01-03,15.6
2022-01-04,23.099999999999998
2022-01-05,24.599999999999998
2022-01-06,13.5
2022-01-07,13.5
2022-01-08,9.6
2022-01-09,9.9
2022-01-10,14.1
2022-01-11,22.2
2022-01-12,15.299999999999999
2022-01-13,23.099999999999998
2022-01-14,16.2
2022-01-15,13.2
2022-01-16,11.4
2022-01-17,8.1
2022-01-18,17.099999999999998
2022-01-19,16.8
2022-01-20,18.0
2022-01-21,19.5
2022-01-22,12.0
2022-01-23,13.2
2022-01-24,24.599999999999998
2022-01-25,21.0
2022-01-26,15.899999999999999
2022-01-27,30.0
2022-01-28,18.599999999999998
2022-01-29,14.7
2022-01-30,15.6
2022-01-31,17.4
2022-02-01,26.97
2022-02-02,26.97
2022-02-03,21.08
2022-02-04,27.28
2022-02-05,18.29
2022-02-06,16.12
2022-02-07,23.25
2022-02-08,25.73
2022-02-09,25.11
2022-02-10,31.0
2022-02-11,22.63
2022-02-12,15.81
2022-02-13,14.26
2022-02-14,18.29
2022-02-15,26.97
2022-02-16,26.97
2022-02-17,19.84
2022-02-18,22.94
2022-02-19,19.53
2022-02-20,18.29
2022-02-21,27.28
2022-02-22,24.18
2022-02-23,22.63
2022-02-24,26.04
2022-02-25,23.25
2022-02-26,17.36
2022-02-27,15.19
2022-02-28,21.7
2022-03-01,30.599999999999998
2022-03-02,24.84
2022-03-03,26.64
2022-03-04,27.72
2022-03-05,20.88
2022-03-06,22.32
2022-03-07,27.72
2022-03-08,32.76
2022-03-09,36.0
2022-03-10,32.4
2022-03-11,30.599999999999998
2022-03-12,17.64
2022-03-13,19.08
2022-03-14,33.48
2022-03-15,29.88
2022-03-16,30.24
2022-03-17,35.64
2022-03-18,26.279999999999998
2022-03-19,21.599999999999998
2022-03-20,18.0
2022-03-21,27.72
2022-03-22,27.36
2022-03-23,24.84
2022-03-24,25.919999999999998
2022-03-25,27.36
2022-03-26,19.08
2022-03-27,21.24
2022-03-28,22.68
2022-03-29,22.32
2022-03-30,28.439999999999998
2022-03-31,30.24
2022-04-01,25.480000000000004
2022-04-02,15.680000000000001
2022-04-03,12.88
2022-04-04,15.680000000000001
2022-04-05,18.200000000000003
2022-04-06,17.080000000000002
2022-04-07,15.680000000000001
2022-04-08,19.32
2022-04-09,14.280000000000001
2022-04-10,15.400000000000002
2022-04-11,16.8
2022-04-12,23.520000000000003
2022-04-13,15.400000000000002
2022-04-14,19.6
2022-04-15,19.040000000000003
2022-04-16,10.64
2022-04-17,13.440000000000001
2022-04-18,16.520000000000003
2022-04-19,17.92
2022-04-20,20.44
2022-04-21,22.96
2022-04-22,15.680000000000001
2022-04-23,13.160000000000002
2022-04-24,17.080000000000002
2022-04-25,19.32
2022-04-26,19.6
2022-04-27,20.160000000000004
2022-04-28,28.000000000000004
2022-04-29,15.680000000000001
2022-04-30,11.200000000000001
2022-05-01,19.2
2022-05-02,18.88
2022-05-03,19.52
2022-05-04,21.76
2022-05-05,20.16
2022-05-06,21.76
2022-05-07,17.28
2022-05-08,14.4
2022-05-09,26.88
2022-05-10,20.48
2022-05-11,23.36
2022-05-12,32.0
2022-05-13,21.76
2022-05-14,19.84
2022-05-15,15.36
2022-05-16,28.48
2022-05-17,31.68
2022-05-18,29.44
2022-05-19,31.36
2022-05-20,25.6
2022-05-21,18.240000000000002
2022-05-22,22.400000000000002
2022-05-23,31.04
2022-05-24,26.88
2022-05-25,29.12
2022-05-26,28.16
2022-05-27,23.04
2022-05-28,19.2
2022-05-29,22.72
2022-05-30,20.16
2022-05-31,20.8
2022-06-01,19.43
2022-06-02,18.56
2022-06-03,22.33
2022-06-04,15.659999999999998
2022-06-05,13.34
2022-06-06,19.43
2022-06-07,14.209999999999999
2022-06-08,20.009999999999998
2022-06-09,19.72
2022-06-10,18.27
2022-06-11,19.139999999999997
2022-06-12,16.82
2022-06-13,24.65
2022-06-14,27.259999999999998
2022-06-15,20.009999999999998
2022-06-16,25.52
2022-06-17,24.36
2022-06-18,23.2
2022-06-19,17.11
2022-06-20,22.619999999999997
2022-06-21,22.619999999999997
2022-06-22,22.33
2022-06-23,28.999999999999996
2022-06-24,21.169999999999998
2022-06-25,22.619999999999997
2022-06-26,17.11
2022-06-27,22.33
2022-06-28,25.229999999999997
2022-06-29,27.259999999999998
2022-06-30,28.13
2022-07-01,16.2
2022-07-02,12.299999999999999
2022-07-03,8.4
2022-07-04,11.7
2022-07-05,15.0
2022-07-06,13.5
2022-07-07,14.7
2022-07-08,14.399999999999999
2022-07-09,9.299999999999999
2022-07-10,11.7
2022-07-11,11.7
2022-07-12,13.5
2022-07-13,13.799999999999999
2022-07-14,16.2
2022-07-15,13.2
2022-07-16,12.0
2022-07-17,10.5
2022-07-18,12.299999999999999
2022-07-19,12.0
2022-07-20,13.5
2022-07-21,15.0
2022-07-22,13.799999999999999
2022-07-23,8.1
2022-07-24,10.799999999999999
2022-07-25,17.4
2022-07-26,30.0
2022-07-27,16.8
2022-07-28,14.399999999999999
2022-07-29,14.399999999999999
2022-07-30,14.1
2022-07-31,12.299999999999999
2022-08-01,19.17
2022-08-02,22.68
2022-08-03,21.330000000000002
2022-08-04,21.060000000000002
2022-08-05,18.36
2022-08-06,15.66
2022-08-07,15.66
2022-08-08,20.520000000000003
2022-08-09,19.17
2022-08-10,18.630000000000003
2022-08-11,19.98
2022-08-12,18.09
2022-08-13,12.420000000000002
2022-08-14,14.31
2022-08-15,17.55
2022-08-16,21.330000000000002
2022-08-17,17.01
2022-08-18,25.650000000000002
2022-08-19,18.900000000000002
2022-08-20,19.44
2022-08-21,11.88
2022-08-22,18.900000000000002
2022-08-23,19.17
2022-08-24,22.41
2022-08-25,20.790000000000003
2022-08-26,27.0
2022-08-27,17.28
2022-08-28,16.740000000000002
2022-08-29,20.790000000000003
2022-08-30,24.03
2022-08-31,18.09
2022-09-01,19.240000000000002
2022-09-02,20.8
2022-09-03,15.34
2022-09-04,16.38
2022-09-05,19.5
2022-09-06,26.0
2022-09-07,20.8
2022-09-08,20.02
2022-09-09,20.28
2022-09-10,21.060000000000002
2022-09-11,17.42
2022-09-12,25.220000000000002
2022-09-13,24.44
2022-09-14,21.32
2022-09-15,21.060000000000002
2022-09-16,22.1
2022-09-17,17.94
2022-09-18,16.38
2022-09-19,24.44
2022-09-20,21.32
2022-09-21,18.46
2022-09-22,18.72
2022-09-23,22.880000000000003
2022-09-24,12.74
2022-09-25,14.82
2022-09-26,21.060000000000002
2022-09-27,23.14
2022-09-28,24.96
2022-09-29,22.880000000000003
2022-09-30,25.220000000000002
2022-10-01,14.08
2022-10-02,15.36
2022-10-03,24.0
2022-10-04,30.080000000000002
2022-10-05,26.88
2022-10-06,20.48
2022-10-07,20.8
2022-10-08,17.28
2022-10-09,13.44
2022-10-10,22.080000000000002
2022-10-11,16.0
2022-10-12,24.0
2022-10-13,21.44
2022-10-14,25.92
2022-10-15,11.84
2022-10-16,12.8
2022-10-17,20.16
2022-10-18,27.2
2022-10-19,22.080000000000002
2022-10-20,25.92
2022-10-21,27.2
2022-10-22,17.92
2022-10-23,15.36
2022-10-24,21.44
2022-10-25,20.16
2022-10-26,21.44
2022-10-27,32.0
2022-10-28,29.12
2022-10-29,19.84
2022-10-30,17.28
2022-10-31,24.32
2022-11-01,24.3
2022-11-02,24.840000000000003
2022-11-03,21.87
2022-11-04,23.490000000000002
2022-11-05,19.44
2022-11-06,15.120000000000001
2022-11-07,23.490000000000002
2022-11-08,25.92
2022-11-09,14.31
2022-11-10,27.0
2022-11-11,21.87
2022-11-12,16.740000000000002
2022-11-13,10.530000000000001
2022-11-14,22.41
2022-11-15,24.3
2022-11-16,26.73
2022-11-17,24.03
2022-11-18,17.82
2022-11-19,24.3
2022-11-20,12.96
2022-11-21,16.470000000000002
2022-11-22,18.900000000000002
2022-11-23,22.14
2022-11-24,19.98
2022-11-25,17.82
2022-11-26,12.420000000000002
2022-11-27,18.36
2022-11-28,21.87
2022-11-29,22.68
2022-11-30,21.060000000000002
2022-12-01,6.84
2022-12-02,6.84
2022-12-03,4.68
2022-12-04,7.56
2022-12-05,9.719999999999999
2022-12-06,7.199999999999999
2022-12-07,36.0
2022-12-08,10.799999999999999
2022-12-09,6.12
2022-12-10,5.04
2022-12-11,4.32
2022-12-12,6.84
2022-12-13,7.56
2022-12-14,6.4799999999999995
2022-12-15,5.76
2022-12-16,5.3999999999999995
2022-12-17,4.68
2022-12-18,3.5999999999999996
2022-12-19,5.76
2022-12-20,7.199999999999999
2022-12-21,6.4799999999999995
2022-12-22,7.56
2022-12-23,6.84
2022-12-24,5.76
2022-12-25,6.12
2022-12-26,4.68
2022-12-27,6.4799999999999995
2022-12-28,5.3999999999999995
2022-12-29,6.12
2022-12-30,6.84
2022-12-31,4.32
2023-01-01,12.469999999999999
2023-01-02,13.049999999999999
2023-01-03,15.95
2023-01-04,13.629999999999999
2023-01-05,16.24
2023-01-06,16.82
2023-01-07,11.02
2023-01-08,12.76
2023-01-09,13.629999999999999
2023-01-10,15.079999999999998
2023-01-11,13.919999999999998
2023-01-12,18.27
2023-01-13,10.44
2023-01-14,11.309999999999999
2023-01-15,13.34
2023-01-16,13.919999999999998
2023-01-17,16.529999999999998
2023-01-18,16.24
2023-01-19,16.82
2023-01-20,12.469999999999999
2023-01-21,10.44
2023-01-22,9.28
2023-01-23,16.24
2023-01-24,25.229999999999997
2023-01-25,17.11
2023-01-26,14.209999999999999
2023-01-27,15.95
2023-01-28,11.309999999999999
2023-01-29,12.469999999999999
2023-01-30,17.98
2023-01-31,28.999999999999996
2023-02-01,30.07
2023-02-02,25.419999999999998
2023-02-03,24.8
2023-02-04,19.22
2023-02-05,20.77
2023-02-06,21.39
2023-02-07,22.01
2023-02-08,28.52
2023-02-09,24.8
2023-02-10,24.49
2023-02-11,18.91
2023-02-12,17.05
2023-02-13,21.7
2023-02-14,24.18
2023-02-15,26.35
2023-02-16,28.83
2023-02-17,26.35
2023-02-18,21.39
2023-02-19,19.22
2023-02-20,22.01
2023-02-21,28.52
2023-02-22,31.0
2023-02-23,31.0
2023-02-24,28.52
2023-02-25,18.29
2023-02-26,18.91
2023-02-27,23.87
2023-02-28,25.73
2023-03-01,27.9
2023-03-02,23.4
2023-03-03,19.2
2023-03-04,15.6
2023-03-05,21.3
2023-03-06,25.8
2023-03-07,23.7
2023-03-08,23.7
2023-03-09,28.799999999999997
2023-03-10,21.599999999999998
2023-03-11,20.4
2023-03-12,17.7
2023-03-13,22.8
2023-03-14,18.3
2023-03-15,25.2
2023-03-16,24.9
2023-03-17,25.8
2023-03-18,21.599999999999998
2023-03-19,17.7
2023-03-20,24.0
2023-03-21,23.4
2023-03-22,23.7
2023-03-23,21.599999999999998
2023-03-24,21.0
2023-03-25,20.099999999999998
2023-03-26,19.5
2023-03-27,21.9
2023-03-28,25.5
2023-03-29,30.0
2023-03-30,24.9
2023-03-31,27.9
2023-04-01,13.860000000000001
2023-04-02,13.860000000000001
2023-04-03,23.1
2023-04-04,25.41
2023-04-05,16.830000000000002
2023-04-06,25.080000000000002
2023-04-07,14.190000000000001
2023-04-08,13.530000000000001
2023-04-09,10.56
2023-04-10,20.790000000000003
2023-04-11,15.510000000000002
2023-04-12,17.490000000000002
2023-04-13,18.150000000000002
2023-04-14,18.48
2023-04-15,12.540000000000001
2023-04-16,9.9
2023-04-17,18.150000000000002
2023-04-18,21.78
2023-04-19,17.82
2023-04-20,18.48
2023-04-21,15.510000000000002
2023-04-22,12.870000000000001
2023-04-23,11.55
2023-04-24,19.470000000000002
2023-04-25,33.0
2023-04-26,17.82
2023-04-27,16.17
2023-04-28,16.830000000000002
2023-04-29,13.200000000000001
2023-04-30,11.88
2023-05-01,28.709999999999997
2023-05-02,24.65
2023-05-03,26.97
2023-05-04,24.65
2023-05-05,23.49
2023-05-06,15.95
2023-05-07,17.689999999999998
2023-05-08,21.459999999999997
2023-05-09,28.999999999999996
2023-05-10,28.13
2023-05-11,21.459999999999997
2023-05-12,23.49
2023-05-13,19.72
2023-05-14,13.629999999999999
2023-05-15,13.34
2023-05-16,17.98
2023-05-17,22.91
2023-05-18,28.709999999999997
2023-05-19,21.169999999999998
2023-05-20,17.11
2023-05-21,18.56
2023-05-22,24.069999999999997
2023-05-23,23.2
2023-05-24,24.65
2023-05-25,24.65
2023-05-26,24.069999999999997
2023-05-27,15.95
2023-05-28,17.689999999999998
2023-05-29,18.27
2023-05-30,23.2
2023-05-31,23.49
2023-06-01,25.9
2023-06-02,26.95
2023-06-03,19.95
2023-06-04,26.599999999999998
2023-06-05,24.849999999999998
2023-06-06,24.5
2023-06-07,26.25
2023-06-08,31.15
2023-06-09,23.45
2023-06-10,23.45
2023-06-11,18.549999999999997
2023-06-12,34.3
2023-06-13,31.849999999999998
2023-06-14,25.9
2023-06-15,24.5
2023-06-16,25.2
2023-06-17,18.2
2023-06-18,12.25
2023-06-19,23.45
2023-06-20,27.65
2023-06-21,26.25
2023-06-22,25.2
2023-06-23,23.099999999999998
2023-06-24,24.849999999999998
2023-06-25,21.7
2023-06-26,31.15
2023-06-27,23.45
2023-06-28,28.7
2023-06-29,35.0
2023-06-30,24.849999999999998
2023-07-01,20.060000000000002
2023-07-02,15.64
2023-07-03,18.02
2023-07-04,13.940000000000001
2023-07-05,24.48
2023-07-06,21.76
2023-07-07,21.080000000000002
2023-07-08,13.940000000000001
2023-07-09,17.68
2023-07-10,21.42
2023-07-11,23.8
2023-07-12,18.360000000000003
2023-07-13,25.500000000000004
2023-07-14,18.700000000000003
2023-07-15,17.0
2023-07-16,14.96
2023-07-17,24.82
2023-07-18,17.68
2023-07-19,22.44
2023-07-20,23.46
2023-07-21,26.180000000000003
2023-07-22,17.68
2023-07-23,17.0
2023-07-24,23.8
2023-07-25,24.14
2023-07-26,26.180000000000003
2023-07-27,34.0
2023-07-28,24.48
2023-07-29,15.64
2023-07-30,17.34
2023-07-31,20.740000000000002
2023-08-01,28.999999999999996
2023-08-02,24.65
2023-08-03,25.229999999999997
2023-08-04,21.169999999999998
2023-08-05,13.629999999999999
2023-08-06,15.659999999999998
2023-08-07,18.56
2023-08-08,21.75
2023-08-09,25.81
2023-08-10,22.619999999999997
2023-08-11,26.099999999999998
2023-08-12,16.82
2023-08-13,15.37
2023-08-14,22.04
2023-08-15,23.779999999999998
2023-08-16,21.169999999999998
2023-08-17,22.619999999999997
2023-08-18,21.75
2023-08-19,21.75
2023-08-20,16.529999999999998
2023-08-21,22.619999999999997
2023-08-22,17.98
2023-08-23,25.229999999999997
2023-08-24,20.009999999999998
2023-08-25,25.52
2023-08-26,14.209999999999999
2023-08-27,7.539999999999999
2023-08-28,20.59
2023-08-29,22.33
2023-08-30,20.299999999999997
2023-08-31,21.75
2023-09-01,20.720000000000002
2023-09-02,17.92
2023-09-03,13.160000000000002
2023-09-04,18.48
2023-09-05,18.76
2023-09-06,25.480000000000004
2023-09-07,24.080000000000002
2023-09-08,21.28
2023-09-09,16.8
2023-09-10,19.040000000000003
2023-09-11,20.44
2023-09-12,26.040000000000003
2023-09-13,19.6
2023-09-14,23.240000000000002
2023-09-15,20.44
2023-09-16,17.080000000000002
2023-09-17,12.040000000000001
2023-09-18,27.720000000000002
2023-09-19,26.6
2023-09-20,17.92
2023-09-21,21.000000000000004
2023-09-22,21.840000000000003
2023-09-23,18.200000000000003
2023-09-24,14.000000000000002
2023-09-25,28.000000000000004
2023-09-26,20.160000000000004
2023-09-27,24.64
2023-09-28,20.720000000000002
2023-09-29,22.96
2023-09-30,18.76
2023-10-01,11.22
2023-10-02,19.720000000000002
2023-10-03,19.040000000000003
2023-10-04,21.42
2023-10-05,21.76
2023-10-06,19.720000000000002
2023-10-07,15.64
2023-10-08,14.620000000000001
2023-10-09,19.040000000000003
2023-10-10,21.76
2023-10-11,19.040000000000003
2023-10-12,21.76
2023-10-13,21.080000000000002
2023-10-14,12.920000000000002
2023-10-15,13.600000000000001
2023-10-16,20.060000000000002
2023-10-17,19.720000000000002
2023-10-18,17.34
2023-10-19,21.080000000000002
2023-10-20,18.360000000000003
2023-10-21,15.64
2023-10-22,11.9
2023-10-23,18.360000000000003
2023-10-24,20.060000000000002
2023-10-25,14.96
2023-10-26,18.360000000000003
2023-10-27,17.34
2023-10-28,16.66
2023-10-29,15.3
2023-10-30,34.0
2023-10-31,22.1
2023-11-01,29.7
2023-11-02,28.799999999999997
2023-11-03,25.5
2023-11-04,23.7
2023-11-05,23.099999999999998
2023-11-06,25.8
2023-11-07,27.0
2023-11-08,25.5
2023-11-09,26.7
2023-11-10,27.599999999999998
2023-11-11,19.8
2023-11-12,20.7
2023-11-13,23.099999999999998
2023-11-14,29.4
2023-11-15,30.0
2023-11-16,24.599999999999998
2023-11-17,29.7
2023-11-18,15.899999999999999
2023-11-19,20.4
2023-11-20,21.3
2023-11-21,25.5
2023-11-22,22.2
2023-11-23,19.8
2023-11-24,19.2
2023-11-25,14.399999999999999
2023-11-26,22.8
2023-11-27,17.4
2023-11-28,24.3
2023-11-29,25.2
2023-11-30,28.2
2023-12-01,26.95
2023-12-02,18.549999999999997
2023-12-03,16.45
2023-12-04,24.849999999999998
2023-12-05,23.799999999999997
2023-12-06,31.15
2023-12-07,33.599999999999994
2023-12-08,31.499999999999996
2023-12-09,21.349999999999998
2023-12-10,21.349999999999998
2023-12-11,29.049999999999997
2023-12-12,32.55
2023-12-13,22.049999999999997
2023-12-14,35.0
2023-12-15,29.4
2023-12-16,20.65
2023-12-17,17.849999999999998
2023-12-18,22.4
2023-12-19,19.95
2023-12-20,25.9
2023-12-21,18.9
2023-12-22,26.599999999999998
2023-12-23,19.25
2023-12-24,22.049999999999997
2023-12-25,15.749999999999998
2023-12-26,23.099999999999998
2023-12-27,26.95
2023-12-28,28.0
2023-12-29,27.65
2023-12-30,19.25
2023-12-31,15.049999999999999
