date,MMM
2013-01-01,32.0
2013-01-02,34.4
2013-01-03,32.800000000000004
2013-01-04,39.6
2013-01-05,36.4
2013-01-06,33.6
2013-01-07,22.0
2013-01-08,33.6
2013-01-09,30.8
2013-01-10,28.8
2013-01-11,34.0
2013-01-12,34.0
2013-01-13,29.6
2013-01-14,35.6
2013-01-15,34.0
2013-01-16,35.2
2013-01-17,32.0
2013-01-18,32.800000000000004
2013-01-19,37.6
2013-01-20,31.6
2013-01-21,38.0
2013-01-22,35.6
2013-01-23,30.8
2013-01-24,40.0
2013-01-25,32.0
2013-01-26,32.800000000000004
2013-01-27,30.400000000000002
2013-01-28,35.6
2013-01-29,38.800000000000004
2013-01-30,27.200000000000003
2013-01-31,33.6
2013-02-01,31.16
2013-02-02,32.68
2013-02-03,17.86
2013-02-04,28.88
2013-02-05,26.98
2013-02-06,33.44
2013-02-07,28.12
2013-02-08,34.58
2013-02-09,28.5
2013-02-10,33.44
2013-02-11,30.4
2013-02-12,28.5
2013-02-13,28.5
2013-02-14,22.04
2013-02-15,34.96
2013-02-16,27.36
2013-02-17,31.16
2013-02-18,26.22
2013-02-19,34.58
2013-02-20,31.54
2013-02-21,30.4
2013-02-22,29.64
2013-02-23,28.12
2013-02-24,23.56
2013-02-25,27.36
2013-02-26,32.68
2013-02-27,33.06
2013-02-28,38.0
2013-03-01,29.82
2013-03-02,32.76
2013-03-03,42.0
2013-03-04,25.2
2013-03-05,37.8
2013-03-06,37.8
2013-03-07,30.66
2013-03-08,33.18
2013-03-09,31.08
2013-03-10,27.3
2013-03-11,24.36
2013-03-12,30.24
2013-03-13,28.14
2013-03-14,32.339999999999996
2013-03-15,36.12
2013-03-16,31.08
2013-03-17,26.04
2013-03-18,31.919999999999998
2013-03-19,33.6
2013-03-20,23.939999999999998
2013-03-21,28.56
2013-03-22,29.4
2013-03-23,34.019999999999996
2013-03-24,27.72
2013-03-25,32.339999999999996
2013-03-26,26.04
2013-03-27,28.98
2013-03-28,32.339999999999996
2013-03-29,27.72
2013-03-30,28.56
2013-03-31,26.88
2013-04-01,25.16
2013-04-02,26.64
2013-04-03,37.0
2013-04-04,28.12
2013-04-05,24.419999999999998
2013-04-06,28.12
2013-04-07,34.04
2013-04-08,30.71
2013-04-09,32.56
2013-04-10,31.08
2013-04-11,28.49
2013-04-12,28.49
2013-04-13,27.75
2013-04-14,19.61
2013-04-15,25.9
2013-04-16,26.27
2013-04-17,28.86
2013-04-18,28.12
2013-04-19,29.23
2013-04-20,31.45
2013-04-21,34.41
2013-04-22,28.86
2013-04-23,34.04
2013-04-24,29.23
2013-04-25,36.63
2013-04-26,31.08
2013-04-27,26.64
2013-04-28,35.89
2013-04-29,31.08
2013-04-30,32.93
2013-05-01,25.16
2013-05-02,30.71
2013-05-03,34.41
2013-05-04,29.6
2013-05-05,32.93
2013-05-06,19.98
2013-05-07,30.71
2013-05-08,24.05
2013-05-09,33.3
2013-05-10,36.26
2013-05-11,30.71
2013-05-12,30.71
2013-05-13,27.38
2013-05-14,37.0
2013-05-15,31.45
2013-05-16,35.519999999999996
2013-05-17,29.23
2013-05-18,27.75
2013-05-19,24.05
2013-05-20,27.009999999999998
2013-05-21,26.64
2013-05-22,27.38
2013-05-23,26.27
2013-05-24,27.75
2013-05-25,29.23
2013-05-26,36.26
2013-05-27,30.71
2013-05-28,35.519999999999996
2013-05-29,27.38
2013-05-30,32.19
2013-05-31,31.45
2013-06-01,24.7
2013-06-02,19.76
2013-06-03,28.5
2013-06-04,28.5
2013-06-05,28.12
2013-06-06,25.080000000000002
2013-06-07,31.92
2013-06-08,35.34
2013-06-09,29.26
2013-06-10,26.22
2013-06-11,32.68
2013-06-12,22.8
2013-06-13,36.86
2013-06-14,28.88
2013-06-15,27.36
2013-06-16,34.2
2013-06-17,25.46
2013-06-18,29.64
2013-06-19,20.14
2013-06-20,38.0
2013-06-21,30.4
2013-06-22,24.32
2013-06-23,31.92
2013-06-24,28.88
2013-06-25,28.88
2013-06-26,37.62
2013-06-27,31.92
2013-06-28,22.42
2013-06-29,31.92
2013-06-30,25.080000000000002
2013-07-01,30.0
2013-07-02,25.6
2013-07-03,27.6
2013-07-04,33.2
2013-07-05,28.8
2013-07-06,25.6
2013-07-07,27.6
2013-07-08,25.6
2013-07-09,27.6
2013-07-10,32.4
2013-07-11,25.200000000000003
2013-07-12,33.6
2013-07-13,25.200000000000003
2013-07-14,21.6
2013-07-15,26.8
2013-07-16,32.4
2013-07-17,35.6
2013-07-18,31.6
2013-07-19,40.0
2013-07-20,34.0
2013-07-21,25.6
2013-07-22,30.400000000000002
2013-07-23,38.400000000000006
2013-07-24,26.8
2013-07-25,31.200000000000003
2013-07-26,30.8
2013-07-27,31.200000000000003
2013-07-28,28.0
2013-07-29,29.200000000000003
2013-07-30,29.200000000000003
2013-07-31,25.6
2013-08-01,41.0
2013-08-02,29.93
2013-08-03,30.34
2013-08-04,34.44
2013-08-05,24.599999999999998
2013-08-06,27.88
2013-08-07,30.34
2013-08-08,31.159999999999997
2013-08-09,36.489999999999995
2013-08-10,34.03
2013-08-11,20.09
2013-08-12,29.11
2013-08-13,30.749999999999996
2013-08-14,31.979999999999997
2013-08-15,30.749999999999996
2013-08-16,27.06
2013-08-17,20.91
2013-08-18,23.369999999999997
2013-08-19,32.39
2013-08-20,24.189999999999998
2013-08-21,29.93
2013-08-22,29.52
2013-08-23,33.21
2013-08-24,30.749999999999996
2013-08-25,23.779999999999998
2013-08-26,29.93
2013-08-27,32.39
2013-08-28,27.06
2013-08-29,26.65
2013-08-30,28.7
2013-08-31,31.569999999999997
2013-09-01,38.0
2013-09-02,27.36
2013-09-03,28.5
2013-09-04,25.84
2013-09-05,18.62
2013-09-06,32.3
2013-09-07,30.02
2013-09-08,23.56
2013-09-09,30.78
2013-09-10,30.78
2013-09-11,37.24
2013-09-12,25.46
2013-09-13,36.1
2013-09-14,27.740000000000002
2013-09-15,26.98
2013-09-16,26.98
2013-09-17,28.88
2013-09-18,35.72
2013-09-19,27.740000000000002
2013-09-20,37.24
2013-09-21,22.04
2013-09-22,22.8
2013-09-23,28.12
2013-09-24,28.12
2013-09-25,26.98
2013-09-26,32.68
2013-09-27,30.02
2013-09-28,21.66
2013-09-29,29.64
2013-09-30,27.36
2013-10-01,26.64
2013-10-02,25.9
2013-10-03,37.0
2013-10-04,26.27
2013-10-05,24.79
2013-10-06,25.9
2013-10-07,22.94
2013-10-08,28.86
2013-10-09,22.2
2013-10-10,28.49
2013-10-11,28.86
2013-10-12,22.94
2013-10-13,27.009999999999998
2013-10-14,26.27
2013-10-15,19.98
2013-10-16,25.9
2013-10-17,26.27
2013-10-18,30.71
2013-10-19,23.31
2013-10-20,31.82
2013-10-21,22.94
2013-10-22,29.23
2013-10-23,26.27
2013-10-24,31.08
2013-10-25,27.38
2013-10-26,25.16
2013-10-27,24.79
2013-10-28,29.97
2013-10-29,22.57
2013-10-30,23.68
2013-10-31,30.34
2013-11-01,27.0
2013-11-02,23.04
2013-11-03,19.8
2013-11-04,27.0
2013-11-05,32.4
2013-11-06,25.919999999999998
2013-11-07,27.36
2013-11-08,36.0
2013-11-09,32.04
2013-11-10,23.4
2013-11-11,20.52
2013-11-12,22.68
2013-11-13,28.08
2013-11-14,30.599999999999998
2013-11-15,31.68
2013-11-16,20.16
2013-11-17,23.04
2013-11-18,25.56
2013-11-19,24.119999999999997
2013-11-20,29.52
2013-11-21,31.32
2013-11-22,31.32
2013-11-23,20.16
2013-11-24,26.64
2013-11-25,28.08
2013-11-26,29.88
2013-11-27,28.08
2013-11-28,22.68
2013-11-29,23.759999999999998
2013-11-30,19.439999999999998
2013-12-01,29.6
2013-12-02,35.519999999999996
2013-12-03,37.0
2013-12-04,36.63
2013-12-05,30.34
2013-12-06,29.6
2013-12-07,22.94
2013-12-08,19.61
2013-12-09,28.12
2013-12-10,32.93
2013-12-11,33.67
2013-12-12,32.56
2013-12-13,32.19
2013-12-14,28.49
2013-12-15,22.57
2013-12-16,26.27
2013-12-17,35.89
2013-12-18,36.26
2013-12-19,29.6
2013-12-20,26.64
2013-12-21,27.38
2013-12-22,26.27
2013-12-23,34.41
2013-12-24,33.3
2013-12-25,25.16
2013-12-26,31.45
2013-12-27,31.82
2013-12-28,25.9
2013-12-29,27.38
2013-12-30,27.009999999999998
2013-12-31,29.6
2014-01-01,18.5
2014-01-02,16.0
2014-01-03,14.0
2014-01-04,15.5
2014-01-05,12.5
2014-01-06,16.0
2014-01-07,12.0
2014-01-08,18.5
2014-01-09,15.0
2014-01-10,16.0
2014-01-11,16.0
2014-01-12,15.5
2014-01-13,10.0
2014-01-14,17.5
2014-01-15,10.5
2014-01-16,16.0
2014-01-17,18.5
2014-01-18,16.5
2014-01-19,14.5
2014-01-20,17.0
2014-01-21,15.5
2014-01-22,23.0
2014-01-23,25.0
2014-01-24,30.0
2014-01-25,33.5
2014-01-26,50.0
2014-01-27,30.5
2014-01-28,25.0
2014-01-29,27.5
2014-01-30,28.0
2014-01-31,29.5
2014-02-01,55.00000000000001
2014-02-02,34.650000000000006
2014-02-03,36.300000000000004
2014-02-04,34.1
2014-02-05,36.300000000000004
2014-02-06,31.900000000000002
2014-02-07,40.150000000000006
2014-02-08,28.6
2014-02-09,30.250000000000004
2014-02-10,27.500000000000004
2014-02-11,29.700000000000003
2014-02-12,29.700000000000003
2014-02-13,33.0
2014-02-14,39.050000000000004
2014-02-15,31.35
2014-02-16,36.300000000000004
2014-02-17,34.650000000000006
2014-02-18,40.7
2014-02-19,35.2
2014-02-20,30.250000000000004
2014-02-21,35.2
2014-02-22,42.35
2014-02-23,34.650000000000006
2014-02-24,32.45
2014-02-25,28.6
2014-02-26,34.650000000000006
2014-02-27,31.900000000000002
2014-02-28,37.95
2014-03-01,39.75
2014-03-02,34.5
2014-03-03,36.75
2014-03-04,27.75
2014-03-05,37.5
2014-03-06,31.5
2014-03-07,36.0
2014-03-08,41.25
2014-03-09,47.25
2014-03-10,37.5
2014-03-11,43.5
2014-03-12,37.5
2014-03-13,49.5
2014-03-14,51.0
2014-03-15,60.0
2014-03-16,62.25
2014-03-17,47.25
2014-03-18,43.5
2014-03-19,45.75
2014-03-20,41.25
2014-03-21,50.25
2014-03-22,51.75
2014-03-23,50.25
2014-03-24,51.0
2014-03-25,42.0
2014-03-26,57.75
2014-03-27,50.25
2014-03-28,54.75
2014-03-29,63.0
2014-03-30,75.0
2014-03-31,49.5
2014-04-01,64.02
2014-04-02,65.96
2014-04-03,63.05
2014-04-04,74.69
2014-04-05,94.09
2014-04-06,72.75
2014-04-07,64.99
2014-04-08,75.66
2014-04-09,65.96
2014-04-10,62.08
2014-04-11,76.63
2014-04-12,93.12
2014-04-13,77.6
2014-04-14,77.6
2014-04-15,82.45
2014-04-16,63.05
2014-04-17,69.84
2014-04-18,79.53999999999999
2014-04-19,97.0
2014-04-20,85.36
2014-04-21,64.02
2014-04-22,67.89999999999999
2014-04-23,63.05
2014-04-24,62.08
2014-04-25,84.39
2014-04-26,70.81
2014-04-27,78.57
2014-04-28,76.63
2014-04-29,81.48
2014-04-30,73.72
2014-05-01,65.0
2014-05-02,61.0
2014-05-03,100.0
2014-05-04,93.0
2014-05-05,65.0
2014-05-06,64.0
2014-05-07,64.0
2014-05-08,63.0
2014-05-09,72.0
2014-05-10,82.0
2014-05-11,70.0
2014-05-12,59.0
2014-05-13,66.0
2014-05-14,64.0
2014-05-15,51.0
2014-05-16,61.0
2014-05-17,67.0
2014-05-18,76.0
2014-05-19,54.0
2014-05-20,57.0
2014-05-21,48.0
2014-05-22,56.0
2014-05-23,57.0
2014-05-24,61.0
2014-05-25,74.0
2014-05-26,52.0
2014-05-27,50.0
2014-05-28,45.0
2014-05-29,58.0
2014-05-30,68.0
2014-05-31,69.0
2014-06-01,70.52
2014-06-02,69.7
2014-06-03,71.33999999999999
2014-06-04,68.06
2014-06-05,73.8
2014-06-06,66.42
2014-06-07,59.86
2014-06-08,78.72
2014-06-09,60.68
2014-06-10,64.78
2014-06-11,48.379999999999995
2014-06-12,59.86
2014-06-13,54.12
2014-06-14,65.6
2014-06-15,82.0
2014-06-16,59.04
2014-06-17,58.22
2014-06-18,60.68
2014-06-19,58.22
2014-06-20,62.31999999999999
2014-06-21,65.6
2014-06-22,65.6
2014-06-23,52.48
2014-06-24,64.78
2014-06-25,45.099999999999994
2014-06-26,54.12
2014-06-27,63.959999999999994
2014-06-28,50.019999999999996
2014-06-29,59.86
2014-06-30,52.48
2014-07-01,54.27
2014-07-02,52.260000000000005
2014-07-03,45.56
2014-07-04,64.32000000000001
2014-07-05,67.0
2014-07-06,50.92
2014-07-07,56.28
2014-07-08,39.53
2014-07-09,45.56
2014-07-10,42.88
2014-07-11,51.59
2014-07-12,56.28
2014-07-13,44.220000000000006
2014-07-14,52.93
2014-07-15,44.89
2014-07-16,63.650000000000006
2014-07-17,50.92
2014-07-18,54.940000000000005
2014-07-19,46.900000000000006
2014-07-20,52.260000000000005
2014-07-21,44.89
2014-07-22,48.910000000000004
2014-07-23,50.25
2014-07-24,60.970000000000006
2014-07-25,58.96
2014-07-26,56.95
2014-07-27,49.580000000000005
2014-07-28,49.580000000000005
2014-07-29,48.910000000000004
2014-07-30,48.910000000000004
2014-07-31,48.910000000000004
2014-08-01,63.19
2014-08-02,58.93
2014-08-03,63.9
2014-08-04,63.9
2014-08-05,61.059999999999995
2014-08-06,55.379999999999995
2014-08-07,71.0
2014-08-08,56.8
2014-08-09,68.86999999999999
2014-08-10,65.32
2014-08-11,57.51
2014-08-12,51.83
2014-08-13,61.059999999999995
2014-08-14,56.8
2014-08-15,57.51
2014-08-16,48.28
2014-08-17,62.48
2014-08-18,59.64
2014-08-19,49.699999999999996
2014-08-20,52.54
2014-08-21,49.699999999999996
2014-08-22,62.48
2014-08-23,53.959999999999994
2014-08-24,45.44
2014-08-25,42.599999999999994
2014-08-26,51.12
2014-08-27,53.25
2014-08-28,46.15
2014-08-29,49.699999999999996
2014-08-30,52.54
2014-08-31,53.25
2014-09-01,36.72
2014-09-02,41.82
2014-09-03,46.410000000000004
2014-09-04,39.27
2014-09-05,51.0
2014-09-06,48.45
2014-09-07,43.35
2014-09-08,44.88
2014-09-09,31.62
2014-09-10,38.25
2014-09-11,39.27
2014-09-12,47.94
2014-09-13,37.74
2014-09-14,49.980000000000004
2014-09-15,30.6
2014-09-16,39.27
2014-09-17,42.33
2014-09-18,35.7
2014-09-19,44.88
2014-09-20,38.76
2014-09-21,35.19
2014-09-22,45.39
2014-09-23,41.31
2014-09-24,41.82
2014-09-25,48.45
2014-09-26,34.68
2014-09-27,45.9
2014-09-28,38.76
2014-09-29,43.86
2014-09-30,39.78
2014-10-01,37.800000000000004
2014-10-02,43.2
2014-10-03,52.92
2014-10-04,51.84
2014-10-05,44.82
2014-10-06,39.96
2014-10-07,45.900000000000006
2014-10-08,30.78
2014-10-09,39.96
2014-10-10,34.02
2014-10-11,39.96
2014-10-12,49.14
2014-10-13,34.02
2014-10-14,39.42
2014-10-15,43.2
2014-10-16,38.88
2014-10-17,42.660000000000004
2014-10-18,44.28
2014-10-19,41.580000000000005
2014-10-20,31.860000000000003
2014-10-21,40.5
2014-10-22,37.800000000000004
2014-10-23,38.88
2014-10-24,45.900000000000006
2014-10-25,54.0
2014-10-26,45.36
2014-10-27,41.040000000000006
2014-10-28,35.64
2014-10-29,33.480000000000004
2014-10-30,39.96
2014-10-31,50.760000000000005
2014-11-01,37.129999999999995
2014-11-02,41.36
2014-11-03,38.54
2014-11-04,39.48
2014-11-05,31.959999999999997
2014-11-06,43.71
2014-11-07,40.89
2014-11-08,37.129999999999995
2014-11-09,39.48
2014-11-10,35.25
2014-11-11,45.589999999999996
2014-11-12,46.529999999999994
2014-11-13,47.0
2014-11-14,38.07
2014-11-15,46.059999999999995
2014-11-16,38.07
2014-11-17,40.89
2014-11-18,45.12
2014-11-19,37.599999999999994
2014-11-20,39.949999999999996
2014-11-21,41.83
2014-11-22,36.66
2014-11-23,39.949999999999996
2014-11-24,41.83
2014-11-25,39.01
2014-11-26,36.66
2014-11-27,42.3
2014-11-28,37.129999999999995
2014-11-29,39.01
2014-11-30,39.949999999999996
2014-12-01,34.04
2014-12-02,35.42
2014-12-03,34.96
2014-12-04,35.88
2014-12-05,39.56
2014-12-06,31.28
2014-12-07,27.6
2014-12-08,33.58
2014-12-09,38.64
2014-12-10,40.480000000000004
2014-12-11,33.58
2014-12-12,27.14
2014-12-13,35.42
2014-12-14,32.2
2014-12-15,33.58
2014-12-16,41.86
2014-12-17,26.68
2014-12-18,44.160000000000004
2014-12-19,40.02
2014-12-20,39.56
2014-12-21,32.2
2014-12-22,30.82
2014-12-23,42.78
2014-12-24,37.260000000000005
2014-12-25,27.14
2014-12-26,36.34
2014-12-27,32.2
2014-12-28,31.740000000000002
2014-12-29,46.0
2014-12-30,37.260000000000005
2014-12-31,41.86
2015-01-01,43.12
2015-01-02,34.79
2015-01-03,40.18
2015-01-04,29.89
2015-01-05,38.71
2015-01-06,34.3
2015-01-07,38.71
2015-01-08,48.51
2015-01-09,38.71
2015-01-10,28.419999999999998
2015-01-11,25.48
2015-01-12,27.439999999999998
2015-01-13,39.2
2015-01-14,35.769999999999996
2015-01-15,30.87
2015-01-16,32.339999999999996
2015-01-17,36.26
2015-01-18,35.769999999999996
2015-01-19,35.28
2015-01-20,31.849999999999998
2015-01-21,36.26
2015-01-22,34.3
2015-01-23,36.26
2015-01-24,25.48
2015-01-25,33.32
2015-01-26,35.28
2015-01-27,44.1
2015-01-28,34.3
2015-01-29,38.71
2015-01-30,39.69
2015-01-31,49.0
2015-02-01,40.87
2015-02-02,47.58
2015-02-03,56.73
2015-02-04,55.51
2015-02-05,50.019999999999996
2015-02-06,49.41
2015-02-07,50.629999999999995
2015-02-08,59.17
2015-02-09,40.87
2015-02-10,39.04
2015-02-11,44.53
2015-02-12,43.92
2015-02-13,49.41
2015-02-14,55.51
2015-02-15,57.339999999999996
2015-02-16,54.9
2015-02-17,56.12
2015-02-18,46.97
2015-02-19,44.53
2015-02-20,53.68
2015-02-21,51.85
2015-02-22,48.8
2015-02-23,46.36
2015-02-24,46.36
2015-02-25,61.0
2015-02-26,49.41
2015-02-27,60.39
2015-02-28,46.36
2015-03-01,55.3
2015-03-02,53.199999999999996
2015-03-03,46.199999999999996
2015-03-04,57.4
2015-03-05,60.199999999999996
2015-03-06,67.89999999999999
2015-03-07,50.4
2015-03-08,51.8
2015-03-09,50.4
2015-03-10,53.199999999999996
2015-03-11,53.199999999999996
2015-03-12,65.1
2015-03-13,53.199999999999996
2015-03-14,54.599999999999994
2015-03-15,57.4
2015-03-16,55.3
2015-03-17,55.3
2015-03-18,57.4
2015-03-19,50.4
2015-03-20,53.199999999999996
2015-03-21,60.9
2015-03-22,60.9
2015-03-23,57.4
2015-03-24,56.699999999999996
2015-03-25,51.8
2015-03-26,70.0
2015-03-27,63.699999999999996
2015-03-28,60.9
2015-03-29,46.199999999999996
2015-03-30,62.99999999999999
2015-03-31,62.3
2015-04-01,62.48
2015-04-02,62.48
2015-04-03,51.92
2015-04-04,48.4
2015-04-05,70.4
2015-04-06,88.0
2015-04-07,71.28
2015-04-08,66.0
2015-04-09,66.0
2015-04-10,74.8
2015-04-11,81.84
2015-04-12,73.04
2015-04-13,64.24
2015-04-14,66.0
2015-04-15,67.76
2015-04-16,73.92
2015-04-17,66.0
2015-04-18,68.64
2015-04-19,66.0
2015-04-20,66.0
2015-04-21,44.0
2015-04-22,59.84
2015-04-23,72.16
2015-04-24,68.64
2015-04-25,71.28
2015-04-26,55.44
2015-04-27,57.2
2015-04-28,58.96
2015-04-29,51.04
2015-04-30,66.0
2015-05-01,64.97
2015-05-02,68.62
2015-05-03,73.0
2015-05-04,62.78
2015-05-05,55.48
2015-05-06,55.48
2015-05-07,64.24
2015-05-08,63.51
2015-05-09,51.1
2015-05-10,59.129999999999995
2015-05-11,58.4
2015-05-12,59.86
2015-05-13,61.32
2015-05-14,66.42999999999999
2015-05-15,73.0
2015-05-16,70.81
2015-05-17,59.129999999999995
2015-05-18,58.4
2015-05-19,62.78
2015-05-20,55.48
2015-05-21,64.97
2015-05-22,64.24
2015-05-23,58.4
2015-05-24,69.35
2015-05-25,56.21
2015-05-26,68.62
2015-05-27,56.21
2015-05-28,60.589999999999996
2015-05-29,67.16
2015-05-30,70.08
2015-05-31,56.94
2015-06-01,48.3
2015-06-02,54.599999999999994
2015-06-03,62.3
2015-06-04,53.9
2015-06-05,69.3
2015-06-06,56.699999999999996
2015-06-07,70.0
2015-06-08,44.8
2015-06-09,52.5
2015-06-10,51.8
2015-06-11,58.8
2015-06-12,57.4
2015-06-13,64.39999999999999
2015-06-14,53.199999999999996
2015-06-15,53.9
2015-06-16,51.099999999999994
2015-06-17,56.0
2015-06-18,53.9
2015-06-19,49.0
2015-06-20,56.699999999999996
2015-06-21,51.8
2015-06-22,51.8
2015-06-23,51.8
2015-06-24,66.5
2015-06-25,52.5
2015-06-26,46.9
2015-06-27,44.8
2015-06-28,45.5
2015-06-29,40.599999999999994
2015-06-30,57.4
2015-07-01,59.85
2015-07-02,61.11
2015-07-03,61.74
2015-07-04,40.95
2015-07-05,61.74
2015-07-06,57.96
2015-07-07,52.92
2015-07-08,55.44
2015-07-09,56.7
2015-07-10,52.92
2015-07-11,57.33
2015-07-12,44.1
2015-07-13,63.0
2015-07-14,54.18
2015-07-15,42.84
2015-07-16,49.14
2015-07-17,52.92
2015-07-18,47.88
2015-07-19,56.7
2015-07-20,37.17
2015-07-21,56.7
2015-07-22,61.11
2015-07-23,52.92
2015-07-24,52.29
2015-07-25,49.77
2015-07-26,60.480000000000004
2015-07-27,56.7
2015-07-28,47.25
2015-07-29,51.03
2015-07-30,56.7
2015-07-31,53.55
2015-08-01,52.800000000000004
2015-08-02,41.25
2015-08-03,43.45
2015-08-04,45.650000000000006
2015-08-05,48.95
2015-08-06,52.800000000000004
2015-08-07,55.00000000000001
2015-08-08,49.50000000000001
2015-08-09,40.150000000000006
2015-08-10,47.300000000000004
2015-08-11,47.85
2015-08-12,50.050000000000004
2015-08-13,52.25000000000001
2015-08-14,43.45
2015-08-15,44.0
2015-08-16,40.150000000000006
2015-08-17,43.45
2015-08-18,53.35
2015-08-19,42.900000000000006
2015-08-20,42.900000000000006
2015-08-21,44.0
2015-08-22,49.50000000000001
2015-08-23,35.75
2015-08-24,48.95
2015-08-25,39.050000000000004
2015-08-26,44.0
2015-08-27,46.2
2015-08-28,47.300000000000004
2015-08-29,42.35
2015-08-30,45.650000000000006
2015-08-31,46.75000000000001
2015-09-01,44.800000000000004
2015-09-02,49.28
2015-09-03,42.56
2015-09-04,49.84
2015-09-05,40.88
2015-09-06,52.080000000000005
2015-09-07,47.040000000000006
2015-09-08,47.040000000000006
2015-09-09,49.28
2015-09-10,42.56
2015-09-11,38.080000000000005
2015-09-12,34.720000000000006
2015-09-13,37.52
2015-09-14,43.68000000000001
2015-09-15,38.64
2015-09-16,53.2
2015-09-17,45.36000000000001
2015-09-18,44.24
2015-09-19,42.56
2015-09-20,35.28
2015-09-21,40.88
2015-09-22,43.68000000000001
2015-09-23,39.2
2015-09-24,36.400000000000006
2015-09-25,50.96000000000001
2015-09-26,45.92
2015-09-27,39.760000000000005
2015-09-28,34.160000000000004
2015-09-29,56.00000000000001
2015-09-30,52.080000000000005
2015-10-01,43.2
2015-10-02,34.56
2015-10-03,32.940000000000005
2015-10-04,37.800000000000004
2015-10-05,45.900000000000006
2015-10-06,40.5
2015-10-07,43.74
2015-10-08,32.400000000000006
2015-10-09,46.980000000000004
2015-10-10,34.56
2015-10-11,42.120000000000005
2015-10-12,35.64
2015-10-13,36.72
2015-10-14,39.42
2015-10-15,36.18
2015-10-16,41.580000000000005
2015-10-17,38.88
2015-10-18,21.6
2015-10-19,34.56
2015-10-20,37.260000000000005
2015-10-21,37.260000000000005
2015-10-22,54.0
2015-10-23,46.440000000000005
2015-10-24,40.5
2015-10-25,42.120000000000005
2015-10-26,45.36
2015-10-27,38.88
2015-10-28,41.040000000000006
2015-10-29,45.900000000000006
2015-10-30,43.2
2015-10-31,42.660000000000004
2015-11-01,22.099999999999998
2015-11-02,24.65
2015-11-03,24.65
2015-11-04,70.55
2015-11-05,85.0
2015-11-06,44.199999999999996
2015-11-07,38.25
2015-11-08,38.25
2015-11-09,38.25
2015-11-10,35.699999999999996
2015-11-11,34.85
2015-11-12,34.0
2015-11-13,36.55
2015-11-14,29.75
2015-11-15,28.9
2015-11-16,34.0
2015-11-17,30.599999999999998
2015-11-18,23.8
2015-11-19,33.15
2015-11-20,28.9
2015-11-21,28.9
2015-11-22,28.05
2015-11-23,26.349999999999998
2015-11-24,26.349999999999998
2015-11-25,28.05
2015-11-26,30.599999999999998
2015-11-27,31.45
2015-11-28,26.349999999999998
2015-11-29,23.8
2015-11-30,32.3
2015-12-01,38.35
2015-12-02,41.6
2015-12-03,51.35
2015-12-04,47.45
2015-12-05,55.25
2015-12-06,39.0
2015-12-07,48.1
2015-12-08,47.45
2015-12-09,53.95
2015-12-10,47.45
2015-12-11,57.2
2015-12-12,44.2
2015-12-13,55.25
2015-12-14,44.2
2015-12-15,46.800000000000004
2015-12-16,56.550000000000004
2015-12-17,48.75
2015-12-18,57.85
2015-12-19,44.85
2015-12-20,46.15
2015-12-21,57.85
2015-12-22,46.800000000000004
2015-12-23,54.6
2015-12-24,65.0
2015-12-25,60.45
2015-12-26,52.0
2015-12-27,59.15
2015-12-28,53.300000000000004
2015-12-29,44.85
2015-12-30,46.15
2015-12-31,43.550000000000004
2016-01-01,39.42
2016-01-02,35.1
2016-01-03,36.72
2016-01-04,37.260000000000005
2016-01-05,35.1
2016-01-06,37.800000000000004
2016-01-07,38.88
2016-01-08,35.64
2016-01-09,31.860000000000003
2016-01-10,33.480000000000004
2016-01-11,38.88
2016-01-12,35.64
2016-01-13,41.580000000000005
2016-01-14,42.120000000000005
2016-01-15,45.36
2016-01-16,38.34
2016-01-17,39.42
2016-01-18,31.32
2016-01-19,31.860000000000003
2016-01-20,40.5
2016-01-21,34.02
2016-01-22,37.800000000000004
2016-01-23,29.700000000000003
2016-01-24,34.02
2016-01-25,39.96
2016-01-26,54.0
2016-01-27,41.580000000000005
2016-01-28,39.96
2016-01-29,42.660000000000004
2016-01-30,37.260000000000005
2016-01-31,38.88
2016-02-01,35.5
2016-02-02,33.5
2016-02-03,39.5
2016-02-04,40.0
2016-02-05,41.0
2016-02-06,39.5
2016-02-07,36.0
2016-02-08,32.5
2016-02-09,41.0
2016-02-10,30.5
2016-02-11,42.0
2016-02-12,50.0
2016-02-13,30.0
2016-02-14,44.0
2016-02-15,25.5
2016-02-16,41.5
2016-02-17,39.0
2016-02-18,34.0
2016-02-19,39.5
2016-02-20,36.0
2016-02-21,32.5
2016-02-22,36.5
2016-02-23,40.0
2016-02-24,36.5
2016-02-25,32.0
2016-02-26,34.0
2016-02-27,39.0
2016-02-28,36.5
2016-02-29,30.0
2016-03-01,48.36
2016-03-02,46.800000000000004
2016-03-03,37.44
2016-03-04,42.120000000000005
2016-03-05,46.800000000000004
2016-03-06,43.68
2016-03-07,43.160000000000004
2016-03-08,42.120000000000005
2016-03-09,39.52
2016-03-10,46.28
2016-03-11,40.04
2016-03-12,43.68
2016-03-13,35.88
2016-03-14,45.24
2016-03-15,47.32
2016-03-16,39.52
2016-03-17,43.160000000000004
2016-03-18,35.36
2016-03-19,46.28
2016-03-20,48.88
2016-03-21,37.44
2016-03-22,44.2
2016-03-23,41.08
2016-03-24,46.800000000000004
2016-03-25,44.72
2016-03-26,36.92
2016-03-27,46.28
2016-03-28,35.88
2016-03-29,50.440000000000005
2016-03-30,41.08
2016-03-31,52.0
2016-04-01,41.08
2016-04-02,52.0
2016-04-03,41.08
2016-04-04,43.160000000000004
2016-04-05,33.28
2016-04-06,40.56
2016-04-07,47.32
2016-04-08,32.24
2016-04-09,47.84
2016-04-10,37.44
2016-04-11,46.800000000000004
2016-04-12,39.0
2016-04-13,35.88
2016-04-14,36.92
2016-04-15,41.08
2016-04-16,38.480000000000004
2016-04-17,38.480000000000004
2016-04-18,41.08
2016-04-19,44.2
2016-04-20,37.44
2016-04-21,45.24
2016-04-22,34.32
2016-04-23,32.76
2016-04-24,27.04
2016-04-25,31.200000000000003
2016-04-26,49.4
2016-04-27,37.96
2016-04-28,38.480000000000004
2016-04-29,41.6
2016-04-30,38.480000000000004
2016-05-01,43.239999999999995
2016-05-02,39.48
2016-05-03,38.54
2016-05-04,35.25
2016-05-05,47.0
2016-05-06,36.66
2016-05-07,31.959999999999997
2016-05-08,34.78
2016-05-09,41.36
2016-05-10,38.07
2016-05-11,42.3
2016-05-12,38.07
2016-05-13,35.72
2016-05-14,30.549999999999997
2016-05-15,35.25
2016-05-16,32.9
2016-05-17,41.83
2016-05-18,33.839999999999996
2016-05-19,38.07
2016-05-20,37.129999999999995
2016-05-21,39.48
2016-05-22,44.65
2016-05-23,47.0
2016-05-24,39.01
2016-05-25,36.66
2016-05-26,40.89
2016-05-27,40.89
2016-05-28,39.949999999999996
2016-05-29,35.25
2016-05-30,33.839999999999996
2016-05-31,37.599999999999994
2016-06-01,38.07
2016-06-02,32.43
2016-06-03,41.83
2016-06-04,35.25
2016-06-05,29.139999999999997
2016-06-06,39.949999999999996
2016-06-07,33.37
2016-06-08,30.549999999999997
2016-06-09,37.599999999999994
2016-06-10,38.54
2016-06-11,28.2
2016-06-12,40.419999999999995
2016-06-13,31.49
2016-06-14,27.259999999999998
2016-06-15,31.02
2016-06-16,47.0
2016-06-17,32.9
2016-06-18,26.79
2016-06-19,24.91
2016-06-20,33.37
2016-06-21,30.08
2016-06-22,31.02
2016-06-23,31.959999999999997
2016-06-24,34.78
2016-06-25,35.72
2016-06-26,29.61
2016-06-27,34.78
2016-06-28,33.839999999999996
2016-06-29,37.599999999999994
2016-06-30,33.37
2016-07-01,35.1
2016-07-02,29.7
2016-07-03,27.900000000000002
2016-07-04,28.35
2016-07-05,34.2
2016-07-06,43.65
2016-07-07,36.45
2016-07-08,32.4
2016-07-09,32.4
2016-07-10,30.6
2016-07-11,28.8
2016-07-12,38.25
2016-07-13,40.050000000000004
2016-07-14,32.85
2016-07-15,44.550000000000004
2016-07-16,34.2
2016-07-17,23.85
2016-07-18,32.4
2016-07-19,41.4
2016-07-20,38.25
2016-07-21,33.75
2016-07-22,33.300000000000004
2016-07-23,36.9
2016-07-24,28.8
2016-07-25,31.05
2016-07-26,45.0
2016-07-27,32.4
2016-07-28,36.45
2016-07-29,33.75
2016-07-30,29.25
2016-07-31,34.65
2016-08-01,30.03
2016-08-02,31.59
2016-08-03,39.0
2016-08-04,24.57
2016-08-05,33.93
2016-08-06,24.57
2016-08-07,19.5
2016-08-08,30.42
2016-08-09,30.810000000000002
2016-08-10,28.080000000000002
2016-08-11,31.200000000000003
2016-08-12,25.35
2016-08-13,23.79
2016-08-14,24.57
2016-08-15,35.1
2016-08-16,33.93
2016-08-17,25.740000000000002
2016-08-18,28.470000000000002
2016-08-19,28.080000000000002
2016-08-20,32.370000000000005
2016-08-21,25.740000000000002
2016-08-22,28.470000000000002
2016-08-23,26.130000000000003
2016-08-24,29.25
2016-08-25,33.54
2016-08-26,28.470000000000002
2016-08-27,26.91
2016-08-28,21.45
2016-08-29,30.810000000000002
2016-08-30,25.740000000000002
2016-08-31,21.84
2016-09-01,39.059999999999995
2016-09-02,37.379999999999995
2016-09-03,24.36
2016-09-04,30.24
2016-09-05,27.72
2016-09-06,38.22
2016-09-07,34.019999999999996
2016-09-08,31.5
2016-09-09,36.12
2016-09-10,42.0
2016-09-11,30.24
2016-09-12,28.56
2016-09-13,30.66
2016-09-14,36.12
2016-09-15,32.76
2016-09-16,31.5
2016-09-17,29.4
2016-09-18,29.82
2016-09-19,31.08
2016-09-20,28.56
2016-09-21,33.6
2016-09-22,25.619999999999997
2016-09-23,33.6
2016-09-24,30.66
2016-09-25,32.76
2016-09-26,35.28
2016-09-27,33.6
2016-09-28,40.74
2016-09-29,41.58
2016-09-30,28.14
2016-10-01,23.369999999999997
2016-10-02,25.009999999999998
2016-10-03,26.24
2016-10-04,36.9
2016-10-05,33.62
2016-10-06,33.21
2016-10-07,36.489999999999995
2016-10-08,36.9
2016-10-09,30.34
2016-10-10,31.159999999999997
2016-10-11,26.65
2016-10-12,41.0
2016-10-13,27.06
2016-10-14,28.7
2016-10-15,34.03
2016-10-16,27.47
2016-10-17,25.009999999999998
2016-10-18,35.26
2016-10-19,34.85
2016-10-20,29.93
2016-10-21,36.9
2016-10-22,25.009999999999998
2016-10-23,29.11
2016-10-24,34.03
2016-10-25,40.18
2016-10-26,34.44
2016-10-27,32.8
2016-10-28,35.669999999999995
2016-10-29,27.47
2016-10-30,27.06
2016-10-31,34.44
2016-11-01,37.73
2016-11-02,35.769999999999996
2016-11-03,41.65
2016-11-04,34.79
2016-11-05,33.81
2016-11-06,24.5
2016-11-07,24.009999999999998
2016-11-08,35.28
2016-11-09,30.87
2016-11-10,42.14
2016-11-11,39.69
2016-11-12,35.769999999999996
2016-11-13,28.419999999999998
2016-11-14,34.3
2016-11-15,46.06
2016-11-16,37.24
2016-11-17,36.26
2016-11-18,33.81
2016-11-19,38.22
2016-11-20,34.79
2016-11-21,43.61
2016-11-22,49.0
2016-11-23,45.08
2016-11-24,37.24
2016-11-25,40.67
2016-11-26,38.22
2016-11-27,40.67
2016-11-28,33.32
2016-11-29,44.1
2016-11-30,39.69
2016-12-01,38.76
2016-12-02,41.04
2016-12-03,23.369999999999997
2016-12-04,30.209999999999997
2016-12-05,33.629999999999995
2016-12-06,33.629999999999995
2016-12-07,41.04
2016-12-08,35.91
2016-12-09,31.349999999999998
2016-12-10,35.91
2016-12-11,30.209999999999997
2016-12-12,31.349999999999998
2016-12-13,54.15
2016-12-14,56.99999999999999
2016-12-15,40.47
2016-12-16,34.769999999999996
2016-12-17,33.629999999999995
2016-12-18,25.65
2016-12-19,33.059999999999995
2016-12-20,29.639999999999997
2016-12-21,32.489999999999995
2016-12-22,34.199999999999996
2016-12-23,34.199999999999996
2016-12-24,29.069999999999997
2016-12-25,20.52
2016-12-26,25.65
2016-12-27,31.349999999999998
2016-12-28,30.209999999999997
2016-12-29,33.629999999999995
2016-12-30,27.929999999999996
2016-12-31,24.509999999999998
2017-01-01,38.4
2017-01-02,39.36
2017-01-03,31.2
2017-01-04,39.36
2017-01-05,39.839999999999996
2017-01-06,33.12
2017-01-07,27.84
2017-01-08,30.72
2017-01-09,33.6
2017-01-10,42.72
2017-01-11,37.44
2017-01-12,48.0
2017-01-13,44.64
2017-01-14,41.76
2017-01-15,36.48
2017-01-16,36.0
2017-01-17,36.48
2017-01-18,45.12
2017-01-19,44.16
2017-01-20,33.12
2017-01-21,36.48
2017-01-22,32.64
2017-01-23,36.96
2017-01-24,47.04
2017-01-25,39.839999999999996
2017-01-26,41.28
2017-01-27,37.44
2017-01-28,47.04
2017-01-29,33.12
2017-01-30,42.72
2017-01-31,46.559999999999995
2017-02-01,42.5
2017-02-02,40.0
2017-02-03,43.5
2017-02-04,36.5
2017-02-05,31.0
2017-02-06,36.0
2017-02-07,41.5
2017-02-08,42.0
2017-02-09,42.0
2017-02-10,45.0
2017-02-11,50.0
2017-02-12,36.0
2017-02-13,39.5
2017-02-14,45.5
2017-02-15,39.0
2017-02-16,33.5
2017-02-17,43.5
2017-02-18,40.0
2017-02-19,33.0
2017-02-20,33.0
2017-02-21,43.0
2017-02-22,47.5
2017-02-23,41.0
2017-02-24,44.0
2017-02-25,39.0
2017-02-26,32.5
2017-02-27,32.0
2017-02-28,41.0
2017-03-01,46.55
2017-03-02,35.769999999999996
2017-03-03,46.55
2017-03-04,38.22
2017-03-05,34.79
2017-03-06,41.16
2017-03-07,49.0
2017-03-08,42.14
2017-03-09,43.12
2017-03-10,42.14
2017-03-11,33.32
2017-03-12,29.4
2017-03-13,38.71
2017-03-14,46.55
2017-03-15,39.69
2017-03-16,47.53
2017-03-17,46.06
2017-03-18,34.79
2017-03-19,37.73
2017-03-20,37.73
2017-03-21,40.18
2017-03-22,38.22
2017-03-23,35.28
2017-03-24,42.14
2017-03-25,32.83
2017-03-26,28.419999999999998
2017-03-27,48.51
2017-03-28,48.019999999999996
2017-03-29,49.0
2017-03-30,40.67
2017-03-31,37.24
2017-04-01,27.439999999999998
2017-04-02,25.48
2017-04-03,32.83
2017-04-04,33.81
2017-04-05,46.55
2017-04-06,40.18
2017-04-07,39.2
2017-04-08,33.81
2017-04-09,32.83
2017-04-10,32.83
2017-04-11,43.61
2017-04-12,36.26
2017-04-13,35.769999999999996
2017-04-14,40.18
2017-04-15,41.65
2017-04-16,37.24
2017-04-17,36.75
2017-04-18,38.71
2017-04-19,36.26
2017-04-20,37.73
2017-04-21,39.2
2017-04-22,35.769999999999996
2017-04-23,35.28
2017-04-24,36.26
2017-04-25,49.0
2017-04-26,35.28
2017-04-27,40.18
2017-04-28,36.26
2017-04-29,39.69
2017-04-30,34.3
2017-05-01,39.2
2017-05-02,43.12
2017-05-03,41.16
2017-05-04,46.55
2017-05-05,45.08
2017-05-06,35.769999999999996
2017-05-07,36.75
2017-05-08,49.0
2017-05-09,35.28
2017-05-10,36.26
2017-05-11,48.51
2017-05-12,45.08
2017-05-13,42.14
2017-05-14,46.06
2017-05-15,34.3
2017-05-16,48.019999999999996
2017-05-17,38.71
2017-05-18,43.61
2017-05-19,34.3
2017-05-20,41.65
2017-05-21,40.67
2017-05-22,40.18
2017-05-23,38.22
2017-05-24,35.769999999999996
2017-05-25,45.57
2017-05-26,44.1
2017-05-27,39.69
2017-05-28,30.87
2017-05-29,38.22
2017-05-30,46.06
2017-05-31,44.1
2017-06-01,52.0
2017-06-02,44.72
2017-06-03,38.480000000000004
2017-06-04,42.120000000000005
2017-06-05,46.28
2017-06-06,42.64
2017-06-07,42.120000000000005
2017-06-08,46.28
2017-06-09,48.36
2017-06-10,32.76
2017-06-11,30.68
2017-06-12,42.120000000000005
2017-06-13,43.68
2017-06-14,36.4
2017-06-15,43.160000000000004
2017-06-16,48.88
2017-06-17,35.88
2017-06-18,35.88
2017-06-19,41.6
2017-06-20,46.28
2017-06-21,45.24
2017-06-22,49.92
2017-06-23,45.760000000000005
2017-06-24,39.0
2017-06-25,29.64
2017-06-26,43.68
2017-06-27,48.36
2017-06-28,42.64
2017-06-29,49.4
2017-06-30,42.64
2017-07-01,27.93
2017-07-02,28.91
2017-07-03,36.26
2017-07-04,33.81
2017-07-05,24.5
2017-07-06,34.79
2017-07-07,33.81
2017-07-08,32.339999999999996
2017-07-09,41.65
2017-07-10,26.95
2017-07-11,30.87
2017-07-12,31.36
2017-07-13,33.81
2017-07-14,33.32
2017-07-15,29.89
2017-07-16,30.87
2017-07-17,32.83
2017-07-18,30.38
2017-07-19,35.28
2017-07-20,39.69
2017-07-21,35.769999999999996
2017-07-22,28.419999999999998
2017-07-23,30.38
2017-07-24,37.73
2017-07-25,49.0
2017-07-26,43.61
2017-07-27,43.12
2017-07-28,33.32
2017-07-29,31.36
2017-07-30,31.849999999999998
2017-07-31,34.3
2017-08-01,38.71
2017-08-02,41.65
2017-08-03,46.06
2017-08-04,44.589999999999996
2017-08-05,41.16
2017-08-06,33.81
2017-08-07,42.14
2017-08-08,33.81
2017-08-09,36.75
2017-08-10,44.1
2017-08-11,49.0
2017-08-12,33.32
2017-08-13,33.32
2017-08-14,39.69
2017-08-15,42.63
2017-08-16,37.24
2017-08-17,36.75
2017-08-18,40.18
2017-08-19,33.81
2017-08-20,33.32
2017-08-21,36.75
2017-08-22,45.08
2017-08-23,35.28
2017-08-24,34.3
2017-08-25,32.83
2017-08-26,30.38
2017-08-27,24.009999999999998
2017-08-28,33.81
2017-08-29,35.28
2017-08-30,33.81
2017-08-31,34.3
2017-09-01,34.86
2017-09-02,35.28
2017-09-03,34.019999999999996
2017-09-04,27.72
2017-09-05,24.779999999999998
2017-09-06,34.44
2017-09-07,27.72
2017-09-08,42.0
2017-09-09,33.18
2017-09-10,26.459999999999997
2017-09-11,34.44
2017-09-12,36.12
2017-09-13,30.24
2017-09-14,30.24
2017-09-15,36.96
2017-09-16,35.28
2017-09-17,29.82
2017-09-18,30.24
2017-09-19,31.919999999999998
2017-09-20,33.6
2017-09-21,34.019999999999996
2017-09-22,33.6
2017-09-23,31.919999999999998
2017-09-24,29.82
2017-09-25,33.18
2017-09-26,33.6
2017-09-27,34.44
2017-09-28,35.699999999999996
2017-09-29,39.059999999999995
2017-09-30,29.82
2017-10-01,30.5
2017-10-02,25.0
2017-10-03,21.5
2017-10-04,26.5
2017-10-05,29.5
2017-10-06,26.0
2017-10-07,21.5
2017-10-08,18.0
2017-10-09,26.5
2017-10-10,25.5
2017-10-11,32.5
2017-10-12,30.0
2017-10-13,29.0
2017-10-14,26.0
2017-10-15,22.0
2017-10-16,23.5
2017-10-17,25.5
2017-10-18,32.0
2017-10-19,21.0
2017-10-20,29.5
2017-10-21,22.5
2017-10-22,24.0
2017-10-23,31.5
2017-10-24,50.0
2017-10-25,29.5
2017-10-26,29.0
2017-10-27,31.0
2017-10-28,23.5
2017-10-29,23.5
2017-10-30,30.0
2017-10-31,26.5
2017-11-01,34.65
2017-11-02,33.300000000000004
2017-11-03,36.45
2017-11-04,27.0
2017-11-05,33.75
2017-11-06,35.1
2017-11-07,39.15
2017-11-08,36.9
2017-11-09,35.550000000000004
2017-11-10,42.300000000000004
2017-11-11,28.35
2017-11-12,31.5
2017-11-13,32.85
2017-11-14,36.45
2017-11-15,42.300000000000004
2017-11-16,33.75
2017-11-17,32.85
2017-11-18,37.35
2017-11-19,37.800000000000004
2017-11-20,32.4
2017-11-21,37.35
2017-11-22,36.45
2017-11-23,29.25
2017-11-24,26.1
2017-11-25,30.150000000000002
2017-11-26,29.7
2017-11-27,36.9
2017-11-28,45.0
2017-11-29,30.150000000000002
2017-11-30,38.25
2017-12-01,45.0
2017-12-02,34.2
2017-12-03,34.65
2017-12-04,39.15
2017-12-05,31.5
2017-12-06,32.85
2017-12-07,39.15
2017-12-08,34.2
2017-12-09,28.35
2017-12-10,26.55
2017-12-11,34.65
2017-12-12,42.300000000000004
2017-12-13,33.75
2017-12-14,31.5
2017-12-15,34.2
2017-12-16,35.550000000000004
2017-12-17,31.5
2017-12-18,37.35
2017-12-19,40.050000000000004
2017-12-20,34.65
2017-12-21,38.25
2017-12-22,38.25
2017-12-23,32.85
2017-12-24,38.25
2017-12-25,23.85
2017-12-26,31.95
2017-12-27,37.35
2017-12-28,36.45
2017-12-29,34.2
2017-12-30,31.5
2017-12-31,27.0
2018-01-01,26.0
2018-01-02,37.0
2018-01-03,37.0
2018-01-04,37.0
2018-01-05,44.5
2018-01-06,40.0
2018-01-07,30.0
2018-01-08,39.5
2018-01-09,36.5
2018-01-10,38.0
2018-01-11,44.5
2018-01-12,45.5
2018-01-13,33.0
2018-01-14,32.0
2018-01-15,34.0
2018-01-16,43.0
2018-01-17,44.0
2018-01-18,35.0
2018-01-19,44.0
2018-01-20,39.0
2018-01-21,26.0
2018-01-22,47.5
2018-01-23,40.5
2018-01-24,42.0
2018-01-25,47.0
2018-01-26,50.0
2018-01-27,34.0
2018-01-28,35.0
2018-01-29,40.5
2018-01-30,37.0
2018-01-31,43.0
2018-02-01,39.2
2018-02-02,56.00000000000001
2018-02-03,36.96
2018-02-04,25.200000000000003
2018-02-05,44.24
2018-02-06,50.96000000000001
2018-02-07,47.040000000000006
2018-02-08,45.36000000000001
2018-02-09,54.32000000000001
2018-02-10,40.88
2018-02-11,41.440000000000005
2018-02-12,46.480000000000004
2018-02-13,45.92
2018-02-14,41.440000000000005
2018-02-15,45.36000000000001
2018-02-16,42.56
2018-02-17,37.52
2018-02-18,35.84
2018-02-19,28.560000000000002
2018-02-20,47.040000000000006
2018-02-21,45.92
2018-02-22,40.32000000000001
2018-02-23,48.160000000000004
2018-02-24,39.2
2018-02-25,40.32000000000001
2018-02-26,50.400000000000006
2018-02-27,45.92
2018-02-28,35.28
2018-03-01,40.88
2018-03-02,40.88
2018-03-03,31.92
2018-03-04,35.84
2018-03-05,43.120000000000005
2018-03-06,49.28
2018-03-07,39.760000000000005
2018-03-08,43.120000000000005
2018-03-09,47.040000000000006
2018-03-10,36.400000000000006
2018-03-11,38.64
2018-03-12,40.88
2018-03-13,45.92
2018-03-14,44.800000000000004
2018-03-15,47.040000000000006
2018-03-16,42.56
2018-03-17,38.64
2018-03-18,30.240000000000002
2018-03-19,45.92
2018-03-20,31.92
2018-03-21,35.28
2018-03-22,39.760000000000005
2018-03-23,49.28
2018-03-24,38.64
2018-03-25,33.6
2018-03-26,56.00000000000001
2018-03-27,38.64
2018-03-28,42.00000000000001
2018-03-29,48.160000000000004
2018-03-30,33.040000000000006
2018-03-31,39.760000000000005
2018-04-01,25.970000000000002
2018-04-02,27.560000000000002
2018-04-03,23.85
2018-04-04,33.39
2018-04-05,30.21
2018-04-06,33.92
2018-04-07,26.5
2018-04-08,22.790000000000003
2018-04-09,31.8
2018-04-10,29.68
2018-04-11,24.380000000000003
2018-04-12,27.560000000000002
2018-04-13,26.5
2018-04-14,24.380000000000003
2018-04-15,25.44
2018-04-16,25.44
2018-04-17,28.09
2018-04-18,27.03
2018-04-19,21.73
2018-04-20,28.09
2018-04-21,23.32
2018-04-22,22.790000000000003
2018-04-23,29.68
2018-04-24,53.0
2018-04-25,39.22
2018-04-26,32.33
2018-04-27,37.63
2018-04-28,27.03
2018-04-29,24.91
2018-04-30,34.980000000000004
2018-05-01,42.64
2018-05-02,41.08
2018-05-03,44.72
2018-05-04,47.84
2018-05-05,37.44
2018-05-06,27.560000000000002
2018-05-07,45.760000000000005
2018-05-08,39.52
2018-05-09,42.120000000000005
2018-05-10,52.0
2018-05-11,42.120000000000005
2018-05-12,27.04
2018-05-13,30.68
2018-05-14,39.52
2018-05-15,37.96
2018-05-16,39.0
2018-05-17,43.68
2018-05-18,44.2
2018-05-19,36.92
2018-05-20,30.68
2018-05-21,33.800000000000004
2018-05-22,37.96
2018-05-23,39.0
2018-05-24,44.72
2018-05-25,40.04
2018-05-26,35.88
2018-05-27,37.96
2018-05-28,35.88
2018-05-29,36.4
2018-05-30,44.72
2018-05-31,44.72
2018-06-01,52.470000000000006
2018-06-02,46.64
2018-06-03,42.93
2018-06-04,34.980000000000004
2018-06-05,46.64
2018-06-06,41.34
2018-06-07,53.0
2018-06-08,42.93
2018-06-09,41.870000000000005
2018-06-10,31.8
2018-06-11,42.400000000000006
2018-06-12,47.7
2018-06-13,51.410000000000004
2018-06-14,41.870000000000005
2018-06-15,45.050000000000004
2018-06-16,34.980000000000004
2018-06-17,34.980000000000004
2018-06-18,45.580000000000005
2018-06-19,46.64
2018-06-20,46.11
2018-06-21,39.75
2018-06-22,42.93
2018-06-23,33.39
2018-06-24,43.46
2018-06-25,45.580000000000005
2018-06-26,42.93
2018-06-27,39.22
2018-06-28,47.7
2018-06-29,37.1
2018-06-30,45.050000000000004
2018-07-01,26.01
2018-07-02,31.11
2018-07-03,29.580000000000002
2018-07-04,33.15
2018-07-05,35.7
2018-07-06,34.17
2018-07-07,26.01
2018-07-08,23.97
2018-07-09,27.03
2018-07-10,31.62
2018-07-11,32.64
2018-07-12,37.74
2018-07-13,33.660000000000004
2018-07-14,31.11
2018-07-15,26.52
2018-07-16,26.52
2018-07-17,30.09
2018-07-18,31.11
2018-07-19,30.09
2018-07-20,31.62
2018-07-21,26.52
2018-07-22,26.52
2018-07-23,34.17
2018-07-24,51.0
2018-07-25,34.68
2018-07-26,35.19
2018-07-27,33.660000000000004
2018-07-28,33.660000000000004
2018-07-29,28.560000000000002
2018-07-30,30.09
2018-07-31,30.6
2018-08-01,49.0
2018-08-02,40.18
2018-08-03,32.339999999999996
2018-08-04,33.81
2018-08-05,41.16
2018-08-06,36.26
2018-08-07,38.22
2018-08-08,35.28
2018-08-09,40.18
2018-08-10,47.04
2018-08-11,25.97
2018-08-12,31.36
2018-08-13,37.24
2018-08-14,38.22
2018-08-15,37.73
2018-08-16,41.16
2018-08-17,39.2
2018-08-18,30.38
2018-08-19,27.439999999999998
2018-08-20,35.28
2018-08-21,32.83
2018-08-22,29.89
2018-08-23,38.71
2018-08-24,35.769999999999996
2018-08-25,35.769999999999996
2018-08-26,34.3
2018-08-27,35.28
2018-08-28,42.14
2018-08-29,47.53
2018-08-30,40.67
2018-08-31,48.51
2018-09-01,35.1
2018-09-02,31.05
2018-09-03,33.300000000000004
2018-09-04,44.1
2018-09-05,31.5
2018-09-06,32.85
2018-09-07,37.800000000000004
2018-09-08,27.0
2018-09-09,27.900000000000002
2018-09-10,37.800000000000004
2018-09-11,36.0
2018-09-12,39.15
2018-09-13,37.35
2018-09-14,35.550000000000004
2018-09-15,36.0
2018-09-16,27.900000000000002
2018-09-17,31.5
2018-09-18,36.9
2018-09-19,39.15
2018-09-20,41.85
2018-09-21,45.0
2018-09-22,29.25
2018-09-23,30.150000000000002
2018-09-24,29.7
2018-09-25,34.2
2018-09-26,38.25
2018-09-27,33.300000000000004
2018-09-28,35.550000000000004
2018-09-29,33.300000000000004
2018-09-30,35.1
2018-10-01,33.059999999999995
2018-10-02,40.019999999999996
2018-10-03,37.12
2018-10-04,33.059999999999995
2018-10-05,30.159999999999997
2018-10-06,28.999999999999996
2018-10-07,28.999999999999996
2018-10-08,34.22
2018-10-09,37.699999999999996
2018-10-10,42.339999999999996
2018-10-11,44.66
2018-10-12,37.12
2018-10-13,28.999999999999996
2018-10-14,30.74
2018-10-15,33.059999999999995
2018-10-16,33.64
2018-10-17,35.96
2018-10-18,34.8
2018-10-19,38.279999999999994
2018-10-20,31.319999999999997
2018-10-21,25.52
2018-10-22,32.48
2018-10-23,57.99999999999999
2018-10-24,48.13999999999999
2018-10-25,35.96
2018-10-26,40.599999999999994
2018-10-27,24.939999999999998
2018-10-28,33.64
2018-10-29,38.86
2018-10-30,30.74
2018-10-31,35.379999999999995
2018-11-01,50.0
2018-11-02,41.5
2018-11-03,32.5
2018-11-04,33.5
2018-11-05,36.0
2018-11-06,45.5
2018-11-07,44.5
2018-11-08,37.0
2018-11-09,40.5
2018-11-10,26.0
2018-11-11,37.0
2018-11-12,37.0
2018-11-13,43.0
2018-11-14,41.5
2018-11-15,46.5
2018-11-16,44.5
2018-11-17,47.0
2018-11-18,37.5
2018-11-19,47.5
2018-11-20,40.5
2018-11-21,45.5
2018-11-22,32.5
2018-11-23,38.0
2018-11-24,35.0
2018-11-25,37.5
2018-11-26,33.5
2018-11-27,38.0
2018-11-28,39.5
2018-11-29,40.0
2018-11-30,39.5
2018-12-01,32.2
2018-12-02,26.68
2018-12-03,32.2
2018-12-04,40.940000000000005
2018-12-05,43.24
2018-12-06,34.96
2018-12-07,44.160000000000004
2018-12-08,27.14
2018-12-09,28.98
2018-12-10,31.28
2018-12-11,35.42
2018-12-12,35.42
2018-12-13,46.0
2018-12-14,38.64
2018-12-15,29.900000000000002
2018-12-16,33.120000000000005
2018-12-17,32.660000000000004
2018-12-18,34.96
2018-12-19,38.64
2018-12-20,36.800000000000004
2018-12-21,34.5
2018-12-22,36.34
2018-12-23,31.740000000000002
2018-12-24,34.96
2018-12-25,34.5
2018-12-26,44.160000000000004
2018-12-27,39.1
2018-12-28,35.88
2018-12-29,30.82
2018-12-30,38.18
2018-12-31,38.64
2019-01-01,35.88
2019-01-02,46.28
2019-01-03,40.04
2019-01-04,41.6
2019-01-05,32.24
2019-01-06,34.84
2019-01-07,31.720000000000002
2019-01-08,40.56
2019-01-09,43.68
2019-01-10,36.92
2019-01-11,45.24
2019-01-12,29.12
2019-01-13,31.200000000000003
2019-01-14,37.96
2019-01-15,35.88
2019-01-16,42.64
2019-01-17,40.56
2019-01-18,37.96
2019-01-19,26.52
2019-01-20,34.32
2019-01-21,33.28
2019-01-22,34.32
2019-01-23,35.36
2019-01-24,44.72
2019-01-25,36.4
2019-01-26,36.4
2019-01-27,35.88
2019-01-28,37.44
2019-01-29,52.0
2019-01-30,45.760000000000005
2019-01-31,45.760000000000005
2019-02-01,50.220000000000006
2019-02-02,45.36
2019-02-03,39.96
2019-02-04,54.0
2019-02-05,44.28
2019-02-06,46.440000000000005
2019-02-07,38.34
2019-02-08,34.56
2019-02-09,43.74
2019-02-10,38.34
2019-02-11,42.660000000000004
2019-02-12,43.74
2019-02-13,46.980000000000004
2019-02-14,46.440000000000005
2019-02-15,44.28
2019-02-16,41.040000000000006
2019-02-17,33.480000000000004
2019-02-18,36.72
2019-02-19,43.74
2019-02-20,50.220000000000006
2019-02-21,42.660000000000004
2019-02-22,40.5
2019-02-23,26.46
2019-02-24,40.5
2019-02-25,48.6
2019-02-26,42.120000000000005
2019-02-27,44.28
2019-02-28,42.120000000000005
2019-03-01,41.0
2019-03-02,44.5
2019-03-03,35.0
2019-03-04,40.0
2019-03-05,46.0
2019-03-06,45.5
2019-03-07,41.5
2019-03-08,37.0
2019-03-09,37.5
2019-03-10,30.0
2019-03-11,36.5
2019-03-12,47.5
2019-03-13,36.0
2019-03-14,43.5
2019-03-15,44.0
2019-03-16,32.0
2019-03-17,37.0
2019-03-18,44.5
2019-03-19,39.5
2019-03-20,42.5
2019-03-21,44.5
2019-03-22,32.5
2019-03-23,33.0
2019-03-24,40.5
2019-03-25,36.0
2019-03-26,39.5
2019-03-27,41.5
2019-03-28,36.0
2019-03-29,50.0
2019-03-30,36.5
2019-03-31,33.5
2019-04-01,19.52
2019-04-02,21.349999999999998
2019-04-03,21.96
2019-04-04,18.3
2019-04-05,19.52
2019-04-06,17.08
2019-04-07,16.47
2019-04-08,18.3
2019-04-09,17.08
2019-04-10,21.349999999999998
2019-04-11,17.69
2019-04-12,19.52
2019-04-13,16.47
2019-04-14,15.25
2019-04-15,16.47
2019-04-16,20.74
2019-04-17,21.349999999999998
2019-04-18,20.13
2019-04-19,14.64
2019-04-20,19.52
2019-04-21,20.13
2019-04-22,19.52
2019-04-23,25.009999999999998
2019-04-24,16.47
2019-04-25,61.0
2019-04-26,40.87
2019-04-27,22.57
2019-04-28,18.3
2019-04-29,26.84
2019-04-30,26.84
2019-05-01,40.26
2019-05-02,55.51
2019-05-03,41.48
2019-05-04,35.38
2019-05-05,31.11
2019-05-06,52.46
2019-05-07,42.699999999999996
2019-05-08,45.75
2019-05-09,42.089999999999996
2019-05-10,44.53
2019-05-11,34.769999999999996
2019-05-12,29.89
2019-05-13,42.699999999999996
2019-05-14,43.92
2019-05-15,41.48
2019-05-16,43.31
2019-05-17,61.0
2019-05-18,38.43
2019-05-19,35.38
2019-05-20,35.99
2019-05-21,50.019999999999996
2019-05-22,49.41
2019-05-23,52.46
2019-05-24,36.6
2019-05-25,31.11
2019-05-26,32.33
2019-05-27,29.89
2019-05-28,46.36
2019-05-29,38.43
2019-05-30,37.82
2019-05-31,43.92
2019-06-01,34.56
2019-06-02,37.800000000000004
2019-06-03,45.900000000000006
2019-06-04,41.040000000000006
2019-06-05,41.580000000000005
2019-06-06,47.52
2019-06-07,49.68000000000001
2019-06-08,33.480000000000004
2019-06-09,41.040000000000006
2019-06-10,42.120000000000005
2019-06-11,46.980000000000004
2019-06-12,38.88
2019-06-13,48.6
2019-06-14,39.96
2019-06-15,45.36
2019-06-16,41.040000000000006
2019-06-17,50.220000000000006
2019-06-18,44.28
2019-06-19,49.68000000000001
2019-06-20,52.92
2019-06-21,54.0
2019-06-22,36.72
2019-06-23,38.34
2019-06-24,47.52
2019-06-25,46.980000000000004
2019-06-26,43.2
2019-06-27,49.14
2019-06-28,46.980000000000004
2019-06-29,34.56
2019-06-30,34.56
2019-07-01,37.400000000000006
2019-07-02,41.800000000000004
2019-07-03,29.150000000000002
2019-07-04,30.250000000000004
2019-07-05,33.550000000000004
2019-07-06,39.050000000000004
2019-07-07,25.85
2019-07-08,36.85
2019-07-09,42.35
2019-07-10,40.7
2019-07-11,39.6
2019-07-12,39.6
2019-07-13,35.75
2019-07-14,32.45
2019-07-15,40.150000000000006
2019-07-16,39.6
2019-07-17,44.0
2019-07-18,41.800000000000004
2019-07-19,34.650000000000006
2019-07-20,23.1
2019-07-21,27.500000000000004
2019-07-22,42.35
2019-07-23,33.550000000000004
2019-07-24,41.25
2019-07-25,55.00000000000001
2019-07-26,36.85
2019-07-27,30.800000000000004
2019-07-28,29.700000000000003
2019-07-29,30.800000000000004
2019-07-30,35.2
2019-07-31,35.75
2019-08-01,40.88
2019-08-02,38.64
2019-08-03,38.64
2019-08-04,31.92
2019-08-05,54.88
2019-08-06,54.88
2019-08-07,53.760000000000005
2019-08-08,53.760000000000005
2019-08-09,46.480000000000004
2019-08-10,36.96
2019-08-11,41.440000000000005
2019-08-12,43.120000000000005
2019-08-13,52.64000000000001
2019-08-14,48.720000000000006
2019-08-15,54.32000000000001
2019-08-16,52.080000000000005
2019-08-17,37.52
2019-08-18,39.760000000000005
2019-08-19,42.00000000000001
2019-08-20,49.84
2019-08-21,54.32000000000001
2019-08-22,51.52
2019-08-23,52.080000000000005
2019-08-24,34.720000000000006
2019-08-25,40.88
2019-08-26,42.56
2019-08-27,56.00000000000001
2019-08-28,52.64000000000001
2019-08-29,46.480000000000004
2019-08-30,49.84
2019-08-31,38.080000000000005
2019-09-01,39.5
2019-09-02,23.5
2019-09-03,34.0
2019-09-04,39.5
2019-09-05,43.0
2019-09-06,46.5
2019-09-07,30.0
2019-09-08,32.0
2019-09-09,37.5
2019-09-10,37.0
2019-09-11,42.0
2019-09-12,48.5
2019-09-13,44.0
2019-09-14,50.0
2019-09-15,39.5
2019-09-16,43.5
2019-09-17,39.0
2019-09-18,41.0
2019-09-19,44.0
2019-09-20,39.0
2019-09-21,27.0
2019-09-22,37.5
2019-09-23,38.5
2019-09-24,45.0
2019-09-25,47.5
2019-09-26,50.0
2019-09-27,36.5
2019-09-28,45.5
2019-09-29,31.0
2019-09-30,42.0
2019-10-01,33.28
2019-10-02,37.96
2019-10-03,32.76
2019-10-04,31.200000000000003
2019-10-05,25.48
2019-10-06,28.080000000000002
2019-10-07,32.76
2019-10-08,33.800000000000004
2019-10-09,31.200000000000003
2019-10-10,31.720000000000002
2019-10-11,31.200000000000003
2019-10-12,26.52
2019-10-13,24.44
2019-10-14,35.88
2019-10-15,36.92
2019-10-16,30.68
2019-10-17,34.84
2019-10-18,29.12
2019-10-19,21.32
2019-10-20,24.44
2019-10-21,33.28
2019-10-22,30.68
2019-10-23,36.92
2019-10-24,52.0
2019-10-25,41.08
2019-10-26,22.880000000000003
2019-10-27,21.32
2019-10-28,30.68
2019-10-29,33.800000000000004
2019-10-30,33.28
2019-10-31,24.96
2019-11-01,45.900000000000006
2019-11-02,45.36
2019-11-03,41.580000000000005
2019-11-04,44.82
2019-11-05,54.0
2019-11-06,44.28
2019-11-07,47.52
2019-11-08,49.68000000000001
2019-11-09,39.42
2019-11-10,36.18
2019-11-11,41.040000000000006
2019-11-12,51.300000000000004
2019-11-13,35.1
2019-11-14,49.14
2019-11-15,49.68000000000001
2019-11-16,40.5
2019-11-17,36.72
2019-11-18,46.980000000000004
2019-11-19,47.52
2019-11-20,41.580000000000005
2019-11-21,48.6
2019-11-22,49.68000000000001
2019-11-23,31.32
2019-11-24,25.92
2019-11-25,46.980000000000004
2019-11-26,44.28
2019-11-27,43.74
2019-11-28,36.72
2019-11-29,36.72
2019-11-30,28.080000000000002
2019-12-01,31.62
2019-12-02,30.09
2019-12-03,42.84
2019-12-04,43.35
2019-12-05,46.410000000000004
2019-12-06,46.410000000000004
2019-12-07,32.13
2019-12-08,31.62
2019-12-09,40.29
2019-12-10,36.72
2019-12-11,43.86
2019-12-12,39.27
2019-12-13,48.96
2019-12-14,36.21
2019-12-15,32.13
2019-12-16,45.9
2019-12-17,46.410000000000004
2019-12-18,37.74
2019-12-19,36.72
2019-12-20,39.27
2019-12-21,29.07
2019-12-22,33.15
2019-12-23,40.8
2019-12-24,38.25
2019-12-25,33.660000000000004
2019-12-26,51.0
2019-12-27,38.25
2019-12-28,36.72
2019-12-29,32.64
2019-12-30,37.74
2019-12-31,45.39
2020-01-01,30.240000000000002
2020-01-02,31.92
2020-01-03,33.040000000000006
2020-01-04,33.040000000000006
2020-01-05,25.200000000000003
2020-01-06,30.800000000000004
2020-01-07,33.6
2020-01-08,30.800000000000004
2020-01-09,31.92
2020-01-10,30.800000000000004
2020-01-11,32.480000000000004
2020-01-12,25.76
2020-01-13,28.560000000000002
2020-01-14,29.120000000000005
2020-01-15,29.120000000000005
2020-01-16,34.720000000000006
2020-01-17,34.720000000000006
2020-01-18,25.76
2020-01-19,23.520000000000003
2020-01-20,25.200000000000003
2020-01-21,38.080000000000005
2020-01-22,34.720000000000006
2020-01-23,33.6
2020-01-24,37.52
2020-01-25,26.320000000000004
2020-01-26,28.560000000000002
2020-01-27,39.2
2020-01-28,56.00000000000001
2020-01-29,51.52
2020-01-30,48.160000000000004
2020-01-31,44.800000000000004
2020-02-01,18.91
2020-02-02,24.4
2020-02-03,31.72
2020-02-04,29.28
2020-02-05,28.669999999999998
2020-02-06,27.45
2020-02-07,31.72
2020-02-08,16.47
2020-02-09,20.74
2020-02-10,28.669999999999998
2020-02-11,28.06
2020-02-12,25.62
2020-02-13,27.45
2020-02-14,26.23
2020-02-15,21.96
2020-02-16,22.57
2020-02-17,22.57
2020-02-18,28.06
2020-02-19,25.62
2020-02-20,26.84
2020-02-21,31.11
2020-02-22,24.4
2020-02-23,26.23
2020-02-24,31.72
2020-02-25,32.94
2020-02-26,34.16
2020-02-27,49.41
2020-02-28,61.0
2020-02-29,31.11
2020-03-01,44.550000000000004
2020-03-02,78.57000000000001
2020-03-03,72.09
2020-03-04,63.99
2020-03-05,75.33
2020-03-06,67.23
2020-03-07,44.550000000000004
2020-03-08,40.5
2020-03-09,69.66000000000001
2020-03-10,66.42
2020-03-11,61.56
2020-03-12,66.42
2020-03-13,75.33
2020-03-14,46.17
2020-03-15,41.31
2020-03-16,73.71000000000001
2020-03-17,66.42
2020-03-18,69.66000000000001
2020-03-19,77.76
2020-03-20,73.71000000000001
2020-03-21,51.03
2020-03-22,49.410000000000004
2020-03-23,76.14
2020-03-24,81.0
2020-03-25,73.71000000000001
2020-03-26,70.47
2020-03-27,63.18000000000001
2020-03-28,50.220000000000006
2020-03-29,42.93
2020-03-30,58.32000000000001
2020-03-31,54.27
2020-04-01,43.07
2020-04-02,42.339999999999996
2020-04-03,73.0
2020-04-04,37.96
2020-04-05,35.769999999999996
2020-04-06,48.18
2020-04-07,47.449999999999996
2020-04-08,43.07
2020-04-09,48.91
2020-04-10,33.58
2020-04-11,28.47
2020-04-12,32.85
2020-04-13,37.96
2020-04-14,42.339999999999996
2020-04-15,38.69
2020-04-16,40.879999999999995
2020-04-17,41.61
2020-04-18,28.47
2020-04-19,25.55
2020-04-20,34.31
2020-04-21,36.5
2020-04-22,39.42
2020-04-23,36.5
2020-04-24,37.23
2020-04-25,30.66
2020-04-26,24.82
2020-04-27,43.8
2020-04-28,65.7
2020-04-29,51.1
2020-04-30,38.69
2020-05-01,55.18
2020-05-02,40.92
2020-05-03,46.5
2020-05-04,50.22
2020-05-05,53.32
2020-05-06,48.36
2020-05-07,43.4
2020-05-08,53.94
2020-05-09,37.2
2020-05-10,38.44
2020-05-11,47.12
2020-05-12,53.94
2020-05-13,57.66
2020-05-14,62.0
2020-05-15,55.8
2020-05-16,40.92
2020-05-17,37.82
2020-05-18,54.56
2020-05-19,48.36
2020-05-20,49.6
2020-05-21,47.74
2020-05-22,48.98
2020-05-23,35.96
2020-05-24,38.44
2020-05-25,47.12
2020-05-26,47.74
2020-05-27,52.7
2020-05-28,45.26
2020-05-29,52.08
2020-05-30,37.82
2020-05-31,31.0
2020-06-01,48.98
2020-06-02,45.26
2020-06-03,45.88
2020-06-04,45.26
2020-06-05,62.0
2020-06-06,42.16
2020-06-07,40.3
2020-06-08,43.4
2020-06-09,49.6
2020-06-10,48.36
2020-06-11,45.26
2020-06-12,45.88
2020-06-13,26.66
2020-06-14,40.92
2020-06-15,37.82
2020-06-16,41.54
2020-06-17,43.4
2020-06-18,37.82
2020-06-19,44.64
2020-06-20,35.339999999999996
2020-06-21,29.759999999999998
2020-06-22,38.44
2020-06-23,42.78
2020-06-24,42.16
2020-06-25,41.54
2020-06-26,45.26
2020-06-27,31.0
2020-06-28,31.62
2020-06-29,40.92
2020-06-30,42.78
2020-07-01,36.96
2020-07-02,38.940000000000005
2020-07-03,36.300000000000004
2020-07-04,33.0
2020-07-05,35.64
2020-07-06,38.940000000000005
2020-07-07,44.22
2020-07-08,44.88
2020-07-09,33.0
2020-07-10,50.160000000000004
2020-07-11,34.980000000000004
2020-07-12,38.28
2020-07-13,44.88
2020-07-14,40.260000000000005
2020-07-15,52.14
2020-07-16,46.86
2020-07-17,46.2
2020-07-18,41.580000000000005
2020-07-19,34.32
2020-07-20,46.2
2020-07-21,42.24
2020-07-22,49.5
2020-07-23,46.2
2020-07-24,44.88
2020-07-25,37.620000000000005
2020-07-26,34.32
2020-07-27,43.56
2020-07-28,66.0
2020-07-29,48.18
2020-07-30,51.480000000000004
2020-07-31,45.54
2020-08-01,34.56
2020-08-02,35.64
2020-08-03,45.900000000000006
2020-08-04,48.6
2020-08-05,46.440000000000005
2020-08-06,52.38
2020-08-07,46.440000000000005
2020-08-08,45.900000000000006
2020-08-09,36.18
2020-08-10,38.88
2020-08-11,51.84
2020-08-12,49.14
2020-08-13,50.760000000000005
2020-08-14,54.0
2020-08-15,34.56
2020-08-16,43.2
2020-08-17,38.34
2020-08-18,41.040000000000006
2020-08-19,44.28
2020-08-20,46.440000000000005
2020-08-21,48.6
2020-08-22,35.64
2020-08-23,30.78
2020-08-24,44.82
2020-08-25,46.980000000000004
2020-08-26,42.120000000000005
2020-08-27,45.36
2020-08-28,43.74
2020-08-29,32.940000000000005
2020-08-30,42.120000000000005
2020-08-31,42.120000000000005
2020-09-01,42.93
2020-09-02,53.0
2020-09-03,42.400000000000006
2020-09-04,47.7
2020-09-05,40.81
2020-09-06,29.150000000000002
2020-09-07,36.04
2020-09-08,43.46
2020-09-09,48.760000000000005
2020-09-10,42.93
2020-09-11,44.52
2020-09-12,31.8
2020-09-13,30.21
2020-09-14,48.760000000000005
2020-09-15,44.52
2020-09-16,47.7
2020-09-17,49.82
2020-09-18,42.93
2020-09-19,33.92
2020-09-20,44.52
2020-09-21,46.11
2020-09-22,38.690000000000005
2020-09-23,42.400000000000006
2020-09-24,42.93
2020-09-25,38.690000000000005
2020-09-26,39.75
2020-09-27,42.93
2020-09-28,39.75
2020-09-29,47.17
2020-09-30,42.400000000000006
2020-10-01,37.400000000000006
2020-10-02,37.95
2020-10-03,36.85
2020-10-04,31.35
2020-10-05,45.650000000000006
2020-10-06,39.050000000000004
2020-10-07,40.150000000000006
2020-10-08,48.95
2020-10-09,42.900000000000006
2020-10-10,41.800000000000004
2020-10-11,29.700000000000003
2020-10-12,34.1
2020-10-13,40.7
2020-10-14,36.300000000000004
2020-10-15,40.7
2020-10-16,37.95
2020-10-17,36.85
2020-10-18,34.1
2020-10-19,36.85
2020-10-20,55.00000000000001
2020-10-21,39.6
2020-10-22,48.400000000000006
2020-10-23,46.75000000000001
2020-10-24,36.300000000000004
2020-10-25,30.250000000000004
2020-10-26,47.85
2020-10-27,52.800000000000004
2020-10-28,44.0
2020-10-29,47.85
2020-10-30,44.550000000000004
2020-10-31,35.75
2020-11-01,32.489999999999995
2020-11-02,39.33
2020-11-03,47.309999999999995
2020-11-04,30.779999999999998
2020-11-05,36.48
2020-11-06,36.48
2020-11-07,41.61
2020-11-08,35.339999999999996
2020-11-09,56.99999999999999
2020-11-10,45.029999999999994
2020-11-11,39.9
2020-11-12,47.879999999999995
2020-11-13,51.3
2020-11-14,35.91
2020-11-15,27.929999999999996
2020-11-16,51.3
2020-11-17,42.18
2020-11-18,50.73
2020-11-19,42.74999999999999
2020-11-20,47.309999999999995
2020-11-21,45.599999999999994
2020-11-22,39.9
2020-11-23,49.589999999999996
2020-11-24,48.449999999999996
2020-11-25,51.3
2020-11-26,38.76
2020-11-27,39.9
2020-11-28,38.19
2020-11-29,41.04
2020-11-30,43.31999999999999
2020-12-01,43.68
2020-12-02,34.32
2020-12-03,46.28
2020-12-04,52.0
2020-12-05,34.32
2020-12-06,35.88
2020-12-07,42.64
2020-12-08,35.88
2020-12-09,46.28
2020-12-10,45.24
2020-12-11,38.480000000000004
2020-12-12,35.36
2020-12-13,33.28
2020-12-14,40.56
2020-12-15,42.120000000000005
2020-12-16,46.28
2020-12-17,35.88
2020-12-18,40.04
2020-12-19,39.0
2020-12-20,37.44
2020-12-21,42.120000000000005
2020-12-22,42.120000000000005
2020-12-23,40.56
2020-12-24,35.36
2020-12-25,42.64
2020-12-26,35.88
2020-12-27,36.92
2020-12-28,37.44
2020-12-29,40.04
2020-12-30,46.800000000000004
2020-12-31,34.84
2021-01-01,30.68
2021-01-02,35.989999999999995
2021-01-03,34.809999999999995
2021-01-04,32.449999999999996
2021-01-05,46.019999999999996
2021-01-06,37.169999999999995
2021-01-07,53.69
2021-01-08,48.379999999999995
2021-01-09,43.07
2021-01-10,30.68
2021-01-11,40.12
2021-01-12,47.199999999999996
2021-01-13,41.89
2021-01-14,45.43
2021-01-15,46.019999999999996
2021-01-16,34.809999999999995
2021-01-17,24.779999999999998
2021-01-18,37.169999999999995
2021-01-19,47.79
2021-01-20,48.97
2021-01-21,42.48
2021-01-22,43.07
2021-01-23,41.3
2021-01-24,31.27
2021-01-25,47.199999999999996
2021-01-26,54.279999999999994
2021-01-27,59.0
2021-01-28,44.839999999999996
2021-01-29,47.79
2021-01-30,45.43
2021-01-31,36.58
2021-02-01,57.2
2021-02-02,65.0
2021-02-03,59.800000000000004
2021-02-04,54.6
2021-02-05,52.65
2021-02-06,41.6
2021-02-07,48.75
2021-02-08,47.45
2021-02-09,57.2
2021-02-10,59.15
2021-02-11,53.300000000000004
2021-02-12,53.300000000000004
2021-02-13,39.65
2021-02-14,44.2
2021-02-15,42.9
2021-02-16,48.75
2021-02-17,46.800000000000004
2021-02-18,50.7
2021-02-19,53.95
2021-02-20,38.35
2021-02-21,42.9
2021-02-22,48.1
2021-02-23,43.550000000000004
2021-02-24,56.550000000000004
2021-02-25,52.65
2021-02-26,52.0
2021-02-27,42.9
2021-02-28,50.7
2021-03-01,58.080000000000005
2021-03-02,56.760000000000005
2021-03-03,58.74
2021-03-04,61.38
2021-03-05,52.14
2021-03-06,46.86
2021-03-07,44.88
2021-03-08,60.06
2021-03-09,57.42
2021-03-10,66.0
2021-03-11,56.1
2021-03-12,60.06
2021-03-13,41.580000000000005
2021-03-14,41.580000000000005
2021-03-15,48.84
2021-03-16,54.78
2021-03-17,55.440000000000005
2021-03-18,58.080000000000005
2021-03-19,53.46
2021-03-20,55.440000000000005
2021-03-21,48.18
2021-03-22,54.120000000000005
2021-03-23,56.760000000000005
2021-03-24,55.440000000000005
2021-03-25,56.760000000000005
2021-03-26,56.760000000000005
2021-03-27,47.52
2021-03-28,36.96
2021-03-29,53.46
2021-03-30,55.440000000000005
2021-03-31,54.120000000000005
2021-04-01,52.36000000000001
2021-04-02,42.84
2021-04-03,40.800000000000004
2021-04-04,48.28
2021-04-05,53.720000000000006
2021-04-06,50.32
2021-04-07,56.440000000000005
2021-04-08,51.68000000000001
2021-04-09,49.64
2021-04-10,45.56
2021-04-11,40.800000000000004
2021-04-12,49.64
2021-04-13,53.720000000000006
2021-04-14,41.480000000000004
2021-04-15,46.92
2021-04-16,51.68000000000001
2021-04-17,44.88
2021-04-18,42.84
2021-04-19,44.2
2021-04-20,44.88
2021-04-21,55.760000000000005
2021-04-22,44.2
2021-04-23,53.720000000000006
2021-04-24,42.160000000000004
2021-04-25,54.400000000000006
2021-04-26,66.64
2021-04-27,68.0
2021-04-28,55.080000000000005
2021-04-29,51.68000000000001
2021-04-30,49.64
2021-05-01,48.24
2021-05-02,56.95
2021-05-03,51.59
2021-05-04,53.6
2021-05-05,58.290000000000006
2021-05-06,50.25
2021-05-07,55.61000000000001
2021-05-08,42.88
2021-05-09,52.93
2021-05-10,62.31
2021-05-11,61.64
2021-05-12,56.95
2021-05-13,60.970000000000006
2021-05-14,67.0
2021-05-15,51.59
2021-05-16,51.59
2021-05-17,54.27
2021-05-18,53.6
2021-05-19,57.620000000000005
2021-05-20,54.27
2021-05-21,58.96
2021-05-22,50.25
2021-05-23,52.93
2021-05-24,62.980000000000004
2021-05-25,56.95
2021-05-26,49.580000000000005
2021-05-27,49.580000000000005
2021-05-28,54.940000000000005
2021-05-29,52.260000000000005
2021-05-30,45.56
2021-05-31,52.260000000000005
2021-06-01,56.699999999999996
2021-06-02,54.599999999999994
2021-06-03,48.3
2021-06-04,58.099999999999994
2021-06-05,56.0
2021-06-06,55.3
2021-06-07,59.49999999999999
2021-06-08,51.099999999999994
2021-06-09,59.49999999999999
2021-06-10,59.49999999999999
2021-06-11,63.699999999999996
2021-06-12,46.199999999999996
2021-06-13,54.599999999999994
2021-06-14,52.5
2021-06-15,69.3
2021-06-16,51.099999999999994
2021-06-17,57.4
2021-06-18,70.0
2021-06-19,56.0
2021-06-20,43.4
2021-06-21,62.99999999999999
2021-06-22,64.39999999999999
2021-06-23,61.599999999999994
2021-06-24,60.9
2021-06-25,58.8
2021-06-26,58.8
2021-06-27,53.9
2021-06-28,58.8
2021-06-29,60.9
2021-06-30,56.699999999999996
2021-07-01,66.0
2021-07-02,50.82
2021-07-03,48.84
2021-07-04,50.160000000000004
2021-07-05,44.22
2021-07-06,50.160000000000004
2021-07-07,59.400000000000006
2021-07-08,50.82
2021-07-09,62.040000000000006
2021-07-10,43.56
2021-07-11,53.46
2021-07-12,46.2
2021-07-13,52.800000000000004
2021-07-14,54.120000000000005
2021-07-15,50.82
2021-07-16,56.760000000000005
2021-07-17,54.120000000000005
2021-07-18,57.42
2021-07-19,60.06
2021-07-20,56.760000000000005
2021-07-21,56.760000000000005
2021-07-22,51.480000000000004
2021-07-23,49.5
2021-07-24,60.720000000000006
2021-07-25,52.14
2021-07-26,57.42
2021-07-27,52.14
2021-07-28,51.480000000000004
2021-07-29,59.400000000000006
2021-07-30,53.46
2021-07-31,47.52
2021-08-01,46.900000000000006
2021-08-02,56.28
2021-08-03,60.970000000000006
2021-08-04,58.290000000000006
2021-08-05,54.940000000000005
2021-08-06,64.99000000000001
2021-08-07,62.31
2021-08-08,48.24
2021-08-09,52.93
2021-08-10,66.33
2021-08-11,50.25
2021-08-12,54.940000000000005
2021-08-13,60.970000000000006
2021-08-14,60.970000000000006
2021-08-15,59.63
2021-08-16,65.66000000000001
2021-08-17,60.970000000000006
2021-08-18,64.99000000000001
2021-08-19,60.970000000000006
2021-08-20,67.0
2021-08-21,57.620000000000005
2021-08-22,50.25
2021-08-23,61.64
2021-08-24,65.66000000000001
2021-08-25,59.63
2021-08-26,59.63
2021-08-27,58.290000000000006
2021-08-28,48.910000000000004
2021-08-29,54.27
2021-08-30,60.970000000000006
2021-08-31,58.290000000000006
2021-09-01,48.910000000000004
2021-09-02,42.21
2021-09-03,45.56
2021-09-04,55.61000000000001
2021-09-05,56.95
2021-09-06,44.220000000000006
2021-09-07,51.59
2021-09-08,67.0
2021-09-09,56.28
2021-09-10,49.580000000000005
2021-09-11,50.92
2021-09-12,48.24
2021-09-13,60.970000000000006
2021-09-14,47.57
2021-09-15,44.89
2021-09-16,46.900000000000006
2021-09-17,57.620000000000005
2021-09-18,46.900000000000006
2021-09-19,42.88
2021-09-20,40.870000000000005
2021-09-21,52.260000000000005
2021-09-22,43.550000000000004
2021-09-23,49.580000000000005
2021-09-24,50.92
2021-09-25,44.220000000000006
2021-09-26,46.230000000000004
2021-09-27,43.550000000000004
2021-09-28,47.57
2021-09-29,49.580000000000005
2021-09-30,62.980000000000004
2021-10-01,52.7
2021-10-02,43.4
2021-10-03,39.06
2021-10-04,40.92
2021-10-05,42.16
2021-10-06,44.02
2021-10-07,52.08
2021-10-08,50.839999999999996
2021-10-09,49.6
2021-10-10,43.4
2021-10-11,37.82
2021-10-12,42.16
2021-10-13,47.74
2021-10-14,47.12
2021-10-15,55.8
2021-10-16,47.74
2021-10-17,43.4
2021-10-18,58.28
2021-10-19,48.36
2021-10-20,46.5
2021-10-21,44.64
2021-10-22,39.68
2021-10-23,49.6
2021-10-24,42.16
2021-10-25,50.22
2021-10-26,62.0
2021-10-27,46.5
2021-10-28,47.74
2021-10-29,40.92
2021-10-30,45.26
2021-10-31,36.58
2021-11-01,51.03
2021-11-02,54.18
2021-11-03,56.07
2021-11-04,47.88
2021-11-05,45.99
2021-11-06,48.51
2021-11-07,46.62
2021-11-08,53.55
2021-11-09,59.85
2021-11-10,50.4
2021-11-11,51.660000000000004
2021-11-12,63.0
2021-11-13,56.7
2021-11-14,49.77
2021-11-15,57.33
2021-11-16,56.7
2021-11-17,57.96
2021-11-18,56.07
2021-11-19,54.18
2021-11-20,54.81
2021-11-21,45.36
2021-11-22,57.33
2021-11-23,60.480000000000004
2021-11-24,53.55
2021-11-25,52.92
2021-11-26,53.55
2021-11-27,56.07
2021-11-28,45.99
2021-11-29,51.03
2021-11-30,51.03
2021-12-01,44.85
2021-12-02,52.65
2021-12-03,49.4
2021-12-04,43.550000000000004
2021-12-05,48.1
2021-12-06,58.5
2021-12-07,47.45
2021-12-08,54.6
2021-12-09,46.800000000000004
2021-12-10,53.95
2021-12-11,48.75
2021-12-12,46.800000000000004
2021-12-13,40.95
2021-12-14,53.95
2021-12-15,47.45
2021-12-16,44.85
2021-12-17,44.2
2021-12-18,50.050000000000004
2021-12-19,46.800000000000004
2021-12-20,40.95
2021-12-21,57.2
2021-12-22,41.6
2021-12-23,65.0
2021-12-24,46.800000000000004
2021-12-25,54.6
2021-12-26,39.0
2021-12-27,45.5
2021-12-28,39.65
2021-12-29,50.7
2021-12-30,36.4
2021-12-31,34.45
2022-01-01,33.15
2022-01-02,31.200000000000003
2022-01-03,35.75
2022-01-04,65.0
2022-01-05,50.7
2022-01-06,50.7
2022-01-07,37.7
2022-01-08,33.800000000000004
2022-01-09,38.35
2022-01-10,33.800000000000004
2022-01-11,40.300000000000004
2022-01-12,31.200000000000003
2022-01-13,49.4
2022-01-14,48.1
2022-01-15,35.75
2022-01-16,40.95
2022-01-17,29.900000000000002
2022-01-18,33.800000000000004
2022-01-19,34.45
2022-01-20,35.1
2022-01-21,35.1
2022-01-22,36.4
2022-01-23,28.6
2022-01-24,43.550000000000004
2022-01-25,52.65
2022-01-26,42.9
2022-01-27,38.35
2022-01-28,48.1
2022-01-29,34.45
2022-01-30,37.7
2022-01-31,41.6
2022-02-01,53.28
2022-02-02,59.2
2022-02-03,53.28
2022-02-04,61.42
2022-02-05,57.72
2022-02-06,37.0
2022-02-07,56.98
2022-02-08,59.94
2022-02-09,52.54
2022-02-10,74.0
2022-02-11,55.5
2022-02-12,51.06
2022-02-13,44.4
2022-02-14,58.46
2022-02-15,64.38
2022-02-16,54.76
2022-02-17,65.12
2022-02-18,68.08
2022-02-19,49.58
2022-02-20,48.839999999999996
2022-02-21,56.98
2022-02-22,53.28
2022-02-23,62.9
2022-02-24,59.2
2022-02-25,59.94
2022-02-26,48.1
2022-02-27,45.88
2022-02-28,56.98
2022-03-01,61.64
2022-03-02,60.300000000000004
2022-03-03,58.96
2022-03-04,58.290000000000006
2022-03-05,52.260000000000005
2022-03-06,42.21
2022-03-07,50.92
2022-03-08,55.61000000000001
2022-03-09,58.290000000000006
2022-03-10,57.620000000000005
2022-03-11,53.6
2022-03-12,46.230000000000004
2022-03-13,48.24
2022-03-14,44.89
2022-03-15,46.900000000000006
2022-03-16,56.95
2022-03-17,56.28
2022-03-18,56.28
2022-03-19,45.56
2022-03-20,46.230000000000004
2022-03-21,55.61000000000001
2022-03-22,49.580000000000005
2022-03-23,56.95
2022-03-24,67.0
2022-03-25,54.27
2022-03-26,50.92
2022-03-27,48.24
2022-03-28,52.93
2022-03-29,57.620000000000005
2022-03-30,53.6
2022-03-31,55.61000000000001
2022-04-01,62.78999999999999
2022-04-02,50.37
2022-04-03,53.129999999999995
2022-04-04,56.58
2022-04-05,48.989999999999995
2022-04-06,51.059999999999995
2022-04-07,60.029999999999994
2022-04-08,57.959999999999994
2022-04-09,50.37
2022-04-10,50.37
2022-04-11,58.65
2022-04-12,55.88999999999999
2022-04-13,55.199999999999996
2022-04-14,55.88999999999999
2022-04-15,50.37
2022-04-16,45.54
2022-04-17,51.74999999999999
2022-04-18,60.029999999999994
2022-04-19,55.199999999999996
2022-04-20,63.48
2022-04-21,55.199999999999996
2022-04-22,60.72
2022-04-23,57.269999999999996
2022-04-24,51.74999999999999
2022-04-25,63.48
2022-04-26,69.0
2022-04-27,56.58
2022-04-28,55.88999999999999
2022-04-29,52.44
2022-04-30,55.88999999999999
2022-05-01,49.67999999999999
2022-05-02,48.989999999999995
2022-05-03,51.059999999999995
2022-05-04,52.44
2022-05-05,58.65
2022-05-06,60.029999999999994
2022-05-07,56.58
2022-05-08,44.16
2022-05-09,60.029999999999994
2022-05-10,55.88999999999999
2022-05-11,69.0
2022-05-12,62.099999999999994
2022-05-13,53.81999999999999
2022-05-14,55.199999999999996
2022-05-15,50.37
2022-05-16,54.51
2022-05-17,53.81999999999999
2022-05-18,53.81999999999999
2022-05-19,55.88999999999999
2022-05-20,66.24
2022-05-21,52.44
2022-05-22,52.44
2022-05-23,62.099999999999994
2022-05-24,56.58
2022-05-25,56.58
2022-05-26,55.88999999999999
2022-05-27,53.129999999999995
2022-05-28,64.86
2022-05-29,59.339999999999996
2022-05-30,50.37
2022-05-31,52.44
2022-06-01,65.12
2022-06-02,56.98
2022-06-03,68.08
2022-06-04,50.32
2022-06-05,55.5
2022-06-06,56.98
2022-06-07,56.24
2022-06-08,50.32
2022-06-09,59.2
2022-06-10,59.94
2022-06-11,71.78
2022-06-12,50.32
2022-06-13,57.72
2022-06-14,65.86
2022-06-15,65.86
2022-06-16,63.64
2022-06-17,57.72
2022-06-18,68.08
2022-06-19,59.2
2022-06-20,56.98
2022-06-21,59.2
2022-06-22,54.019999999999996
2022-06-23,74.0
2022-06-24,65.86
2022-06-25,62.16
2022-06-26,54.76
2022-06-27,54.019999999999996
2022-06-28,50.32
2022-06-29,55.5
2022-06-30,57.72
2022-07-01,61.620000000000005
2022-07-02,49.92
2022-07-03,54.6
2022-07-04,49.14
2022-07-05,56.160000000000004
2022-07-06,60.06
2022-07-07,66.3
2022-07-08,55.38
2022-07-09,53.04
2022-07-10,47.58
2022-07-11,54.6
2022-07-12,54.6
2022-07-13,59.28
2022-07-14,58.5
2022-07-15,66.3
2022-07-16,54.6
2022-07-17,54.6
2022-07-18,53.82
2022-07-19,56.940000000000005
2022-07-20,53.82
2022-07-21,57.72
2022-07-22,59.28
2022-07-23,52.260000000000005
2022-07-24,42.9
2022-07-25,56.160000000000004
2022-07-26,78.0
2022-07-27,68.64
2022-07-28,58.5
2022-07-29,60.84
2022-07-30,60.06
2022-07-31,46.02
2022-08-01,60.040000000000006
2022-08-02,67.15
2022-08-03,60.040000000000006
2022-08-04,69.52000000000001
2022-08-05,65.57000000000001
2022-08-06,59.25
2022-08-07,65.57000000000001
2022-08-08,59.25
2022-08-09,57.67
2022-08-10,63.2
2022-08-11,62.410000000000004
2022-08-12,71.10000000000001
2022-08-13,56.09
2022-08-14,56.88
2022-08-15,60.830000000000005
2022-08-16,79.0
2022-08-17,67.94
2022-08-18,67.15
2022-08-19,66.36
2022-08-20,59.25
2022-08-21,65.57000000000001
2022-08-22,55.300000000000004
2022-08-23,74.26
2022-08-24,60.830000000000005
2022-08-25,63.99
2022-08-26,71.89
2022-08-27,66.36
2022-08-28,56.88
2022-08-29,71.89
2022-08-30,70.31
2022-08-31,65.57000000000001
2022-09-01,68.0
2022-09-02,64.60000000000001
2022-09-03,55.760000000000005
2022-09-04,48.96
2022-09-05,55.080000000000005
2022-09-06,64.60000000000001
2022-09-07,58.480000000000004
2022-09-08,66.64
2022-09-09,59.84
2022-09-10,44.88
2022-09-11,42.160000000000004
2022-09-12,55.760000000000005
2022-09-13,59.160000000000004
2022-09-14,61.2
2022-09-15,65.96000000000001
2022-09-16,55.080000000000005
2022-09-17,42.160000000000004
2022-09-18,47.6
2022-09-19,51.00000000000001
2022-09-20,50.32
2022-09-21,53.720000000000006
2022-09-22,59.160000000000004
2022-09-23,53.040000000000006
2022-09-24,46.24
2022-09-25,51.68000000000001
2022-09-26,46.24
2022-09-27,52.36000000000001
2022-09-28,56.440000000000005
2022-09-29,48.96
2022-09-30,59.84
2022-10-01,45.0
2022-10-02,36.6
2022-10-03,49.199999999999996
2022-10-04,55.199999999999996
2022-10-05,48.0
2022-10-06,50.4
2022-10-07,57.599999999999994
2022-10-08,37.199999999999996
2022-10-09,45.6
2022-10-10,43.199999999999996
2022-10-11,45.0
2022-10-12,49.199999999999996
2022-10-13,52.199999999999996
2022-10-14,57.599999999999994
2022-10-15,42.6
2022-10-16,42.6
2022-10-17,45.0
2022-10-18,46.8
2022-10-19,40.8
2022-10-20,51.0
2022-10-21,48.0
2022-10-22,42.6
2022-10-23,49.199999999999996
2022-10-24,42.6
2022-10-25,60.0
2022-10-26,57.0
2022-10-27,51.6
2022-10-28,40.199999999999996
2022-10-29,38.4
2022-10-30,51.0
2022-10-31,54.6
2022-11-01,56.32
2022-11-02,56.32
2022-11-03,58.88
2022-11-04,51.84
2022-11-05,55.04
2022-11-06,44.800000000000004
2022-11-07,46.72
2022-11-08,58.88
2022-11-09,49.28
2022-11-10,55.04
2022-11-11,50.56
2022-11-12,39.04
2022-11-13,51.84
2022-11-14,53.76
2022-11-15,54.4
2022-11-16,49.28
2022-11-17,52.480000000000004
2022-11-18,56.32
2022-11-19,48.64
2022-11-20,35.84
2022-11-21,48.0
2022-11-22,64.0
2022-11-23,56.96
2022-11-24,49.92
2022-11-25,43.52
2022-11-26,40.32
2022-11-27,45.44
2022-11-28,44.800000000000004
2022-11-29,48.0
2022-11-30,54.4
2022-12-01,48.06
2022-12-02,50.220000000000006
2022-12-03,34.02
2022-12-04,40.5
2022-12-05,39.42
2022-12-06,39.96
2022-12-07,44.82
2022-12-08,44.28
2022-12-09,50.220000000000006
2022-12-10,48.06
2022-12-11,42.120000000000005
2022-12-12,45.900000000000006
2022-12-13,51.300000000000004
2022-12-14,45.900000000000006
2022-12-15,43.74
2022-12-16,39.42
2022-12-17,45.900000000000006
2022-12-18,54.0
2022-12-19,44.28
2022-12-20,48.6
2022-12-21,52.92
2022-12-22,50.760000000000005
2022-12-23,40.5
2022-12-24,40.5
2022-12-25,38.34
2022-12-26,31.32
2022-12-27,46.440000000000005
2022-12-28,38.88
2022-12-29,46.440000000000005
2022-12-30,46.980000000000004
2022-12-31,41.040000000000006
2023-01-01,26.66
2023-01-02,35.339999999999996
2023-01-03,37.82
2023-01-04,33.48
2023-01-05,38.44
2023-01-06,42.16
2023-01-07,36.58
2023-01-08,26.66
2023-01-09,35.96
2023-01-10,44.64
2023-01-11,35.339999999999996
2023-01-12,39.06
2023-01-13,41.54
2023-01-14,33.48
2023-01-15,26.66
2023-01-16,35.96
2023-01-17,38.44
2023-01-18,34.1
2023-01-19,44.02
2023-01-20,37.2
2023-01-21,29.14
2023-01-22,39.06
2023-01-23,42.16
2023-01-24,62.0
2023-01-25,52.08
2023-01-26,57.04
2023-01-27,39.68
2023-01-28,37.82
2023-01-29,31.62
2023-01-30,44.02
2023-01-31,47.74
2023-02-01,63.0
2023-02-02,59.85
2023-02-03,57.33
2023-02-04,49.77
2023-02-05,43.47
2023-02-06,55.44
2023-02-07,48.51
2023-02-08,56.07
2023-02-09,56.07
2023-02-10,49.14
2023-02-11,49.14
2023-02-12,46.62
2023-02-13,50.4
2023-02-14,48.51
2023-02-15,55.44
2023-02-16,59.22
2023-02-17,51.03
2023-02-18,49.77
2023-02-19,41.58
2023-02-20,45.36
2023-02-21,57.96
2023-02-22,55.44
2023-02-23,59.22
2023-02-24,52.92
2023-02-25,48.51
2023-02-26,44.73
2023-02-27,54.18
2023-02-28,57.96
2023-03-01,48.239999999999995
2023-03-02,66.24
2023-03-03,61.199999999999996
2023-03-04,38.879999999999995
2023-03-05,47.519999999999996
2023-03-06,60.48
2023-03-07,55.44
2023-03-08,51.12
2023-03-09,62.64
2023-03-10,63.36
2023-03-11,45.36
2023-03-12,53.28
2023-03-13,59.04
2023-03-14,61.919999999999995
2023-03-15,72.0
2023-03-16,54.72
2023-03-17,54.0
2023-03-18,46.8
2023-03-19,43.92
2023-03-20,61.199999999999996
2023-03-21,54.0
2023-03-22,51.839999999999996
2023-03-23,54.72
2023-03-24,61.199999999999996
2023-03-25,45.36
2023-03-26,48.96
2023-03-27,51.839999999999996
2023-03-28,50.4
2023-03-29,49.68
2023-03-30,59.04
2023-03-31,52.559999999999995
2023-04-01,51.480000000000004
2023-04-02,43.56
2023-04-03,58.080000000000005
2023-04-04,48.84
2023-04-05,56.760000000000005
2023-04-06,64.02
2023-04-07,48.84
2023-04-08,50.160000000000004
2023-04-09,45.54
2023-04-10,56.760000000000005
2023-04-11,53.46
2023-04-12,66.0
2023-04-13,54.120000000000005
2023-04-14,56.1
2023-04-15,57.42
2023-04-16,44.22
2023-04-17,62.040000000000006
2023-04-18,54.120000000000005
2023-04-19,58.74
2023-04-20,54.78
2023-04-21,50.82
2023-04-22,45.54
2023-04-23,44.22
2023-04-24,54.78
2023-04-25,64.68
2023-04-26,56.1
2023-04-27,53.46
2023-04-28,56.760000000000005
2023-04-29,50.82
2023-04-30,39.6
2023-05-01,56.25
2023-05-02,62.25
2023-05-03,54.0
2023-05-04,48.0
2023-05-05,60.0
2023-05-06,49.5
2023-05-07,46.5
2023-05-08,62.25
2023-05-09,57.75
2023-05-10,66.0
2023-05-11,63.75
2023-05-12,63.0
2023-05-13,60.0
2023-05-14,51.0
2023-05-15,68.25
2023-05-16,75.0
2023-05-17,68.25
2023-05-18,71.25
2023-05-19,57.0
2023-05-20,56.25
2023-05-21,65.25
2023-05-22,72.75
2023-05-23,69.75
2023-05-24,68.25
2023-05-25,63.0
2023-05-26,72.0
2023-05-27,57.0
2023-05-28,44.25
2023-05-29,51.75
2023-05-30,69.0
2023-05-31,68.25
2023-06-01,62.400000000000006
2023-06-02,73.32000000000001
2023-06-03,68.64
2023-06-04,51.480000000000004
2023-06-05,70.98
2023-06-06,55.38
2023-06-07,63.96
2023-06-08,54.6
2023-06-09,54.6
2023-06-10,54.6
2023-06-11,56.160000000000004
2023-06-12,50.7
2023-06-13,64.74000000000001
2023-06-14,58.5
2023-06-15,64.74000000000001
2023-06-16,46.02
2023-06-17,56.160000000000004
2023-06-18,56.160000000000004
2023-06-19,51.480000000000004
2023-06-20,54.6
2023-06-21,56.940000000000005
2023-06-22,60.06
2023-06-23,78.0
2023-06-24,56.160000000000004
2023-06-25,56.940000000000005
2023-06-26,63.18
2023-06-27,66.3
2023-06-28,62.400000000000006
2023-06-29,56.160000000000004
2023-06-30,65.52
2023-07-01,51.84
2023-07-02,45.36
2023-07-03,54.27
2023-07-04,45.36
2023-07-05,63.18000000000001
2023-07-06,55.080000000000005
2023-07-07,54.27
2023-07-08,46.17
2023-07-09,34.830000000000005
2023-07-10,51.84
2023-07-11,55.89
2023-07-12,53.46
2023-07-13,47.790000000000006
2023-07-14,48.6
2023-07-15,52.650000000000006
2023-07-16,49.410000000000004
2023-07-17,58.32000000000001
2023-07-18,63.18000000000001
2023-07-19,55.080000000000005
2023-07-20,55.89
2023-07-21,57.510000000000005
2023-07-22,48.6
2023-07-23,44.550000000000004
2023-07-24,56.7
2023-07-25,81.0
2023-07-26,65.61
2023-07-27,56.7
2023-07-28,55.080000000000005
2023-07-29,56.7
2023-07-30,42.93
2023-07-31,53.46
2023-08-01,59.04
2023-08-02,57.4
2023-08-03,60.68
2023-08-04,64.78
2023-08-05,53.3
2023-08-06,51.66
2023-08-07,59.86
2023-08-08,63.13999999999999
2023-08-09,59.04
2023-08-10,53.3
2023-08-11,56.58
2023-08-12,54.12
2023-08-13,45.099999999999994
2023-08-14,62.31999999999999
2023-08-15,55.76
2023-08-16,56.58
2023-08-17,53.3
2023-08-18,62.31999999999999
2023-08-19,44.279999999999994
2023-08-20,50.839999999999996
2023-08-21,59.04
2023-08-22,59.04
2023-08-23,53.3
2023-08-24,54.12
2023-08-25,49.199999999999996
2023-08-26,54.12
2023-08-27,60.68
2023-08-28,82.0
2023-08-29,74.61999999999999
2023-08-30,54.94
2023-08-31,57.4
2023-09-01,55.440000000000005
2023-09-02,56.760000000000005
2023-09-03,43.56
2023-09-04,54.78
2023-09-05,52.800000000000004
2023-09-06,59.400000000000006
2023-09-07,51.480000000000004
2023-09-08,52.14
2023-09-09,53.46
2023-09-10,46.2
2023-09-11,46.86
2023-09-12,46.86
2023-09-13,66.0
2023-09-14,55.440000000000005
2023-09-15,54.120000000000005
2023-09-16,57.42
2023-09-17,48.18
2023-09-18,58.080000000000005
2023-09-19,47.52
2023-09-20,62.7
2023-09-21,55.440000000000005
2023-09-22,56.760000000000005
2023-09-23,42.24
2023-09-24,46.2
2023-09-25,66.0
2023-09-26,59.400000000000006
2023-09-27,54.78
2023-09-28,53.46
2023-09-29,52.14
2023-09-30,56.760000000000005
2023-10-01,45.99
2023-10-02,62.05
2023-10-03,66.42999999999999
2023-10-04,62.78
2023-10-05,71.53999999999999
2023-10-06,65.7
2023-10-07,51.83
2023-10-08,54.019999999999996
2023-10-09,59.129999999999995
2023-10-10,54.75
2023-10-11,51.83
2023-10-12,61.32
2023-10-13,62.05
2023-10-14,50.37
2023-10-15,43.8
2023-10-16,52.56
2023-10-17,59.129999999999995
2023-10-18,59.86
2023-10-19,59.129999999999995
2023-10-20,60.589999999999996
2023-10-21,57.67
2023-10-22,50.37
2023-10-23,68.62
2023-10-24,73.0
2023-10-25,64.97
2023-10-26,65.7
2023-10-27,70.08
2023-10-28,48.18
2023-10-29,40.879999999999995
2023-10-30,56.21
2023-10-31,59.129999999999995
2023-11-01,68.0
2023-11-02,50.32
2023-11-03,57.800000000000004
2023-11-04,49.64
2023-11-05,42.160000000000004
2023-11-06,59.84
2023-11-07,57.800000000000004
2023-11-08,51.68000000000001
2023-11-09,57.120000000000005
2023-11-10,55.080000000000005
2023-11-11,48.96
2023-11-12,46.24
2023-11-13,48.96
2023-11-14,55.760000000000005
2023-11-15,58.480000000000004
2023-11-16,61.88
2023-11-17,52.36000000000001
2023-11-18,43.52
2023-11-19,48.28
2023-11-20,57.800000000000004
2023-11-21,51.68000000000001
2023-11-22,54.400000000000006
2023-11-23,44.2
2023-11-24,47.6
2023-11-25,43.52
2023-11-26,38.760000000000005
2023-11-27,48.96
2023-11-28,49.64
2023-11-29,48.28
2023-11-30,65.28
2023-12-01,65.28
2023-12-02,56.440000000000005
2023-12-03,50.32
2023-12-04,65.96000000000001
2023-12-05,45.56
2023-12-06,54.400000000000006
2023-12-07,57.120000000000005
2023-12-08,52.36000000000001
2023-12-09,48.28
2023-12-10,48.96
2023-12-11,47.6
2023-12-12,58.480000000000004
2023-12-13,60.52
2023-12-14,67.32000000000001
2023-12-15,65.96000000000001
2023-12-16,55.080000000000005
2023-12-17,47.6
2023-12-18,59.160000000000004
2023-12-19,68.0
2023-12-20,55.080000000000005
2023-12-21,54.400000000000006
2023-12-22,52.36000000000001
2023-12-23,47.6
2023-12-24,46.24
2023-12-25,53.040000000000006
2023-12-26,61.88
2023-12-27,56.440000000000005
2023-12-28,57.800000000000004
2023-12-29,63.92
2023-12-30,41.480000000000004
2023-12-31,43.52
