date,AAPL
2013-01-01,10.0
2013-01-02,31.0
2013-01-03,27.0
2013-01-04,24.0
2013-01-05,9.0
2013-01-06,5.0
2013-01-07,21.0
2013-01-08,21.0
2013-01-09,21.0
2013-01-10,22.0
2013-01-11,20.0
2013-01-12,6.0
2013-01-13,5.0
2013-01-14,33.0
2013-01-15,38.0
2013-01-16,37.0
2013-01-17,32.0
2013-01-18,29.0
2013-01-19,12.0
2013-01-20,8.0
2013-01-21,11.0
2013-01-22,28.0
2013-01-23,58.0
2013-01-24,100.0
2013-01-25,61.0
2013-01-26,20.0
2013-01-27,10.0
2013-01-28,36.0
2013-01-29,37.0
2013-01-30,34.0
2013-01-31,30.0
2013-02-01,55.44
2013-02-02,20.79
2013-02-03,11.97
2013-02-04,48.51
2013-02-05,52.92
2013-02-06,49.77
2013-02-07,56.07
2013-02-08,63.0
2013-02-09,20.16
2013-02-10,12.6
2013-02-11,56.07
2013-02-12,56.07
2013-02-13,52.29
2013-02-14,44.1
2013-02-15,44.1
2013-02-16,14.49
2013-02-17,8.19
2013-02-18,20.79
2013-02-19,42.84
2013-02-20,40.95
2013-02-21,38.43
2013-02-22,40.95
2013-02-23,13.86
2013-02-24,8.19
2013-02-25,34.65
2013-02-26,40.32
2013-02-27,52.92
2013-02-28,39.06
2013-03-01,42.74999999999999
2013-03-02,15.39
2013-03-03,9.12
2013-03-04,49.59
2013-03-05,56.99999999999999
2013-03-06,51.87
2013-03-07,41.61
2013-03-08,40.47
2013-03-09,13.68
2013-03-10,9.12
2013-03-11,38.76
2013-03-12,43.31999999999999
2013-03-13,42.74999999999999
2013-03-14,39.33
2013-03-15,46.74
2013-03-16,14.82
2013-03-17,11.4
2013-03-18,43.88999999999999
2013-03-19,47.88
2013-03-20,41.04
2013-03-21,37.62
2013-03-22,38.19
2013-03-23,14.249999999999998
2013-03-24,6.84
2013-03-25,41.04
2013-03-26,42.74999999999999
2013-03-27,35.91
2013-03-28,37.62
2013-03-29,26.22
2013-03-30,7.409999999999999
2013-03-31,8.549999999999999
2013-04-01,25.5
2013-04-02,27.75
2013-04-03,26.25
2013-04-04,24.0
2013-04-05,26.25
2013-04-06,8.25
2013-04-07,7.5
2013-04-08,23.25
2013-04-09,24.75
2013-04-10,24.75
2013-04-11,25.5
2013-04-12,21.75
2013-04-13,6.75
2013-04-14,5.25
2013-04-15,22.5
2013-04-16,24.0
2013-04-17,41.25
2013-04-18,45.0
2013-04-19,41.25
2013-04-20,12.0
2013-04-21,9.0
2013-04-22,42.75
2013-04-23,75.0
2013-04-24,64.5
2013-04-25,42.0
2013-04-26,34.5
2013-04-27,9.75
2013-04-28,7.5
2013-04-29,35.25
2013-04-30,41.25
2013-05-01,61.0
2013-05-02,57.34
2013-05-03,57.95
2013-05-04,17.08
2013-05-05,10.98
2013-05-06,55.51
2013-05-07,60.39
2013-05-08,56.12
2013-05-09,52.46
2013-05-10,45.75
2013-05-11,13.42
2013-05-12,9.15
2013-05-13,41.48
2013-05-14,48.19
2013-05-15,56.73
2013-05-16,54.29
2013-05-17,44.53
2013-05-18,10.98
2013-05-19,8.54
2013-05-20,43.31
2013-05-21,53.68
2013-05-22,40.87
2013-05-23,40.87
2013-05-24,35.38
2013-05-25,12.81
2013-05-26,7.93
2013-05-27,10.37
2013-05-28,40.87
2013-05-29,39.04
2013-05-30,42.09
2013-05-31,39.04
2013-06-01,8.1
2013-06-02,4.5
2013-06-03,22.95
2013-06-04,24.3
2013-06-05,24.75
2013-06-06,21.15
2013-06-07,24.3
2013-06-08,6.75
2013-06-09,5.4
2013-06-10,45.0
2013-06-11,37.8
2013-06-12,24.75
2013-06-13,21.15
2013-06-14,21.15
2013-06-15,7.2
2013-06-16,5.4
2013-06-17,21.15
2013-06-18,19.8
2013-06-19,22.05
2013-06-20,23.85
2013-06-21,23.4
2013-06-22,5.8500000000000005
2013-06-23,3.6
2013-06-24,26.1
2013-06-25,26.55
2013-06-26,25.2
2013-06-27,22.95
2013-06-28,25.65
2013-06-29,6.3
2013-06-30,4.5
2013-07-01,22.0
2013-07-02,24.5
2013-07-03,20.0
2013-07-04,6.5
2013-07-05,18.0
2013-07-06,6.0
2013-07-07,3.5
2013-07-08,19.0
2013-07-09,19.0
2013-07-10,21.5
2013-07-11,21.0
2013-07-12,19.5
2013-07-13,6.5
2013-07-14,4.0
2013-07-15,18.5
2013-07-16,17.5
2013-07-17,20.0
2013-07-18,21.5
2013-07-19,21.0
2013-07-20,6.0
2013-07-21,4.0
2013-07-22,20.0
2013-07-23,41.0
2013-07-24,50.0
2013-07-25,30.0
2013-07-26,23.5
2013-07-27,6.5
2013-07-28,4.5
2013-07-29,21.5
2013-07-30,25.0
2013-07-31,22.0
2013-08-01,29.61
2013-08-02,29.61
2013-08-03,9.45
2013-08-04,9.45
2013-08-05,34.65
2013-08-06,30.24
2013-08-07,27.72
2013-08-08,25.2
2013-08-09,27.09
2013-08-10,8.82
2013-08-11,5.67
2013-08-12,29.61
2013-08-13,47.88
2013-08-14,63.0
2013-08-15,51.66
2013-08-16,40.32
2013-08-17,10.71
2013-08-18,8.19
2013-08-19,40.95
2013-08-20,38.43
2013-08-21,33.39
2013-08-22,37.17
2013-08-23,34.02
2013-08-24,10.71
2013-08-25,6.93
2013-08-26,30.24
2013-08-27,29.61
2013-08-28,31.5
2013-08-29,26.46
2013-08-30,25.2
2013-08-31,6.93
2013-09-01,4.83
2013-09-02,6.9
2013-09-03,28.29
2013-09-04,28.29
2013-09-05,27.6
2013-09-06,28.29
2013-09-07,8.28
2013-09-08,7.59
2013-09-09,35.879999999999995
2013-09-10,69.0
2013-09-11,66.92999999999999
2013-09-12,49.67999999999999
2013-09-13,36.57
2013-09-14,11.04
2013-09-15,7.59
2013-09-16,36.57
2013-09-17,36.57
2013-09-18,35.879999999999995
2013-09-19,40.02
2013-09-20,41.4
2013-09-21,13.11
2013-09-22,8.969999999999999
2013-09-23,53.81999999999999
2013-09-24,44.85
2013-09-25,33.809999999999995
2013-09-26,31.05
2013-09-27,28.29
2013-09-28,7.59
2013-09-29,5.52
2013-09-30,27.6
2013-10-01,32.5
2013-10-02,29.9
2013-10-03,26.65
2013-10-04,24.7
2013-10-05,8.450000000000001
2013-10-06,5.8500000000000005
2013-10-07,27.3
2013-10-08,27.3
2013-10-09,29.25
2013-10-10,29.25
2013-10-11,23.4
2013-10-12,7.800000000000001
2013-10-13,5.2
2013-10-14,24.7
2013-10-15,31.200000000000003
2013-10-16,29.9
2013-10-17,31.85
2013-10-18,34.45
2013-10-19,10.4
2013-10-20,7.15
2013-10-21,37.05
2013-10-22,55.25
2013-10-23,42.25
2013-10-24,37.7
2013-10-25,34.45
2013-10-26,11.7
2013-10-27,8.450000000000001
2013-10-28,65.0
2013-10-29,57.2
2013-10-30,38.35
2013-10-31,28.6
2013-11-01,40.0
2013-11-02,12.4
2013-11-03,8.4
2013-11-04,40.0
2013-11-05,40.0
2013-11-06,38.8
2013-11-07,38.400000000000006
2013-11-08,34.800000000000004
2013-11-09,11.6
2013-11-10,8.8
2013-11-11,34.0
2013-11-12,36.0
2013-11-13,34.0
2013-11-14,34.0
2013-11-15,34.4
2013-11-16,10.8
2013-11-17,8.0
2013-11-18,31.6
2013-11-19,30.4
2013-11-20,29.200000000000003
2013-11-21,31.200000000000003
2013-11-22,31.200000000000003
2013-11-23,8.0
2013-11-24,6.800000000000001
2013-11-25,26.4
2013-11-26,31.6
2013-11-27,38.8
2013-11-28,16.0
2013-11-29,33.6
2013-11-30,14.0
2013-12-01,9.31
2013-12-02,29.89
2013-12-03,32.83
2013-12-04,34.79
2013-12-05,44.59
2013-12-06,33.81
2013-12-07,9.31
2013-12-08,6.859999999999999
2013-12-09,30.38
2013-12-10,27.93
2013-12-11,26.95
2013-12-12,25.48
2013-12-13,24.5
2013-12-14,7.35
2013-12-15,7.35
2013-12-16,26.46
2013-12-17,24.5
2013-12-18,29.89
2013-12-19,25.97
2013-12-20,29.4
2013-12-21,8.82
2013-12-22,9.31
2013-12-23,49.0
2013-12-24,33.32
2013-12-25,11.27
2013-12-26,27.44
2013-12-27,27.93
2013-12-28,9.8
2013-12-29,7.35
2013-12-30,24.5
2013-12-31,25.48
2014-01-01,6.36
2014-01-02,16.43
2014-01-03,18.02
2014-01-04,6.890000000000001
2014-01-05,3.71
2014-01-06,18.55
2014-01-07,15.9
2014-01-08,15.37
2014-01-09,16.96
2014-01-10,16.43
2014-01-11,5.300000000000001
2014-01-12,3.71
2014-01-13,15.37
2014-01-14,17.490000000000002
2014-01-15,21.73
2014-01-16,18.55
2014-01-17,21.200000000000003
2014-01-18,6.36
2014-01-19,3.71
2014-01-20,10.07
2014-01-21,19.61
2014-01-22,19.08
2014-01-23,18.55
2014-01-24,20.14
2014-01-25,6.36
2014-01-26,4.24
2014-01-27,37.1
2014-01-28,53.0
2014-01-29,33.39
2014-01-30,26.5
2014-01-31,21.200000000000003
2014-02-01,11.61
2014-02-02,9.46
2014-02-03,34.83
2014-02-04,37.84
2014-02-05,30.53
2014-02-06,31.39
2014-02-07,43.0
2014-02-08,13.33
2014-02-09,8.6
2014-02-10,36.98
2014-02-11,35.26
2014-02-12,33.11
2014-02-13,33.97
2014-02-14,32.68
2014-02-15,11.18
2014-02-16,6.88
2014-02-17,15.48
2014-02-18,30.96
2014-02-19,30.96
2014-02-20,30.53
2014-02-21,27.95
2014-02-22,9.03
2014-02-23,6.45
2014-02-24,29.67
2014-02-25,26.23
2014-02-26,27.95
2014-02-27,29.24
2014-02-28,32.25
2014-03-01,11.47
2014-03-02,6.2
2014-03-03,31.0
2014-03-04,27.59
2014-03-05,26.04
2014-03-06,23.87
2014-03-07,23.56
2014-03-08,6.51
2014-03-09,5.27
2014-03-10,23.87
2014-03-11,24.8
2014-03-12,22.63
2014-03-13,22.63
2014-03-14,22.63
2014-03-15,7.439999999999999
2014-03-16,4.34
2014-03-17,23.87
2014-03-18,24.49
2014-03-19,22.63
2014-03-20,22.63
2014-03-21,20.77
2014-03-22,6.2
2014-03-23,4.34
2014-03-24,23.87
2014-03-25,26.97
2014-03-26,26.97
2014-03-27,23.56
2014-03-28,22.94
2014-03-29,5.89
2014-03-30,4.96
2014-03-31,22.01
2014-04-01,10.32
2014-04-02,9.46
2014-04-03,9.46
2014-04-04,8.6
2014-04-05,3.01
2014-04-06,2.15
2014-04-07,9.46
2014-04-08,10.32
2014-04-09,8.6
2014-04-10,10.75
2014-04-11,9.03
2014-04-12,3.01
2014-04-13,2.15
2014-04-14,9.46
2014-04-15,8.6
2014-04-16,9.46
2014-04-17,9.46
2014-04-18,6.45
2014-04-19,2.15
2014-04-20,2.15
2014-04-21,10.32
2014-04-22,11.61
2014-04-23,28.81
2014-04-24,43.0
2014-04-25,24.08
2014-04-26,6.88
2014-04-27,4.3
2014-04-28,19.78
2014-04-29,19.78
2014-04-30,18.49
2014-05-01,35.2
2014-05-02,30.36
2014-05-03,12.32
2014-05-04,5.72
2014-05-05,31.24
2014-05-06,35.2
2014-05-07,29.48
2014-05-08,29.92
2014-05-09,38.28
2014-05-10,9.68
2014-05-11,6.6
2014-05-12,29.04
2014-05-13,30.8
2014-05-14,27.28
2014-05-15,28.6
2014-05-16,25.52
2014-05-17,11.0
2014-05-18,6.6
2014-05-19,28.16
2014-05-20,29.04
2014-05-21,30.36
2014-05-22,26.84
2014-05-23,30.36
2014-05-24,10.12
2014-05-25,7.92
2014-05-26,7.48
2014-05-27,33.88
2014-05-28,41.36
2014-05-29,42.68
2014-05-30,44.0
2014-05-31,13.64
2014-06-01,6.4
2014-06-02,45.44
2014-06-03,32.0
2014-06-04,31.36
2014-06-05,28.8
2014-06-06,31.36
2014-06-07,15.36
2014-06-08,11.52
2014-06-09,64.0
2014-06-10,49.92
2014-06-11,41.6
2014-06-12,33.28
2014-06-13,33.28
2014-06-14,10.24
2014-06-15,7.04
2014-06-16,27.52
2014-06-17,26.88
2014-06-18,28.16
2014-06-19,25.6
2014-06-20,24.96
2014-06-21,9.6
2014-06-22,5.12
2014-06-23,22.4
2014-06-24,23.04
2014-06-25,23.68
2014-06-26,23.04
2014-06-27,22.4
2014-06-28,7.04
2014-06-29,5.76
2014-06-30,22.4
2014-07-01,25.65
2014-07-02,24.51
2014-07-03,26.22
2014-07-04,7.979999999999999
2014-07-05,5.13
2014-07-06,4.56
2014-07-07,27.93
2014-07-08,26.79
2014-07-09,24.51
2014-07-10,21.66
2014-07-11,23.94
2014-07-12,7.409999999999999
2014-07-13,5.13
2014-07-14,26.22
2014-07-15,29.64
2014-07-16,33.629999999999995
2014-07-17,26.79
2014-07-18,23.37
2014-07-19,7.979999999999999
2014-07-20,5.13
2014-07-21,26.22
2014-07-22,56.99999999999999
2014-07-23,54.72
2014-07-24,32.489999999999995
2014-07-25,29.07
2014-07-26,9.69
2014-07-27,5.699999999999999
2014-07-28,26.79
2014-07-29,31.35
2014-07-30,25.65
2014-07-31,25.08
2014-08-01,34.5
2014-08-02,9.5
2014-08-03,6.5
2014-08-04,28.5
2014-08-05,34.5
2014-08-06,31.5
2014-08-07,31.0
2014-08-08,30.0
2014-08-09,8.5
2014-08-10,7.5
2014-08-11,26.5
2014-08-12,27.0
2014-08-13,28.5
2014-08-14,27.5
2014-08-15,27.0
2014-08-16,9.5
2014-08-17,7.0
2014-08-18,32.5
2014-08-19,50.0
2014-08-20,40.5
2014-08-21,38.5
2014-08-22,38.5
2014-08-23,11.5
2014-08-24,8.0
2014-08-25,37.0
2014-08-26,34.5
2014-08-27,35.5
2014-08-28,37.0
2014-08-29,38.0
2014-08-30,11.0
2014-08-31,8.0
2014-09-01,5.6
2014-09-02,21.0
2014-09-03,30.1
2014-09-04,30.8
2014-09-05,27.3
2014-09-06,7.699999999999999
2014-09-07,4.9
2014-09-08,25.2
2014-09-09,70.0
2014-09-10,44.1
2014-09-11,30.8
2014-09-12,28.0
2014-09-13,9.8
2014-09-14,6.3
2014-09-15,25.9
2014-09-16,25.2
2014-09-17,21.7
2014-09-18,21.0
2014-09-19,23.1
2014-09-20,7.699999999999999
2014-09-21,4.199999999999999
2014-09-22,22.4
2014-09-23,20.3
2014-09-24,21.0
2014-09-25,26.6
2014-09-26,23.8
2014-09-27,6.3
2014-09-28,4.9
2014-09-29,18.9
2014-09-30,19.6
2014-10-01,31.2
2014-10-02,30.0
2014-10-03,29.4
2014-10-04,7.8
2014-10-05,6.6
2014-10-06,27.6
2014-10-07,28.8
2014-10-08,30.0
2014-10-09,36.6
2014-10-10,30.6
2014-10-11,6.6
2014-10-12,5.4
2014-10-13,28.2
2014-10-14,27.6
2014-10-15,34.2
2014-10-16,39.0
2014-10-17,32.4
2014-10-18,9.0
2014-10-19,5.4
2014-10-20,60.0
2014-10-21,59.4
2014-10-22,37.8
2014-10-23,39.0
2014-10-24,38.4
2014-10-25,10.2
2014-10-26,7.8
2014-10-27,30.0
2014-10-28,36.6
2014-10-29,31.2
2014-10-30,37.2
2014-10-31,34.8
2014-11-01,14.52
2014-11-02,9.68
2014-11-03,43.56
2014-11-04,42.68
2014-11-05,39.16
2014-11-06,40.92
2014-11-07,36.96
2014-11-08,13.2
2014-11-09,7.04
2014-11-10,33.88
2014-11-11,33.88
2014-11-12,38.28
2014-11-13,41.8
2014-11-14,43.12
2014-11-15,13.2
2014-11-16,7.04
2014-11-17,36.08
2014-11-18,40.04
2014-11-19,40.04
2014-11-20,39.6
2014-11-21,40.48
2014-11-22,13.2
2014-11-23,8.36
2014-11-24,36.08
2014-11-25,44.0
2014-11-26,38.72
2014-11-27,14.08
2014-11-28,25.96
2014-11-29,11.44
2014-11-30,5.72
2014-12-01,40.0
2014-12-02,36.8
2014-12-03,38.8
2014-12-04,33.2
2014-12-05,30.0
2014-12-06,10.0
2014-12-07,8.0
2014-12-08,32.4
2014-12-09,34.0
2014-12-10,33.2
2014-12-11,32.4
2014-12-12,29.6
2014-12-13,10.8
2014-12-14,6.4
2014-12-15,30.0
2014-12-16,33.2
2014-12-17,34.4
2014-12-18,36.0
2014-12-19,35.6
2014-12-20,11.2
2014-12-21,6.0
2014-12-22,28.8
2014-12-23,32.800000000000004
2014-12-24,23.200000000000003
2014-12-25,9.2
2014-12-26,22.8
2014-12-27,10.4
2014-12-28,6.800000000000001
2014-12-29,26.8
2014-12-30,31.6
2014-12-31,27.6
2015-01-01,3.68
2015-01-02,11.96
2015-01-03,3.22
2015-01-04,2.3000000000000003
2015-01-05,14.26
2015-01-06,12.88
2015-01-07,12.42
2015-01-08,14.26
2015-01-09,14.72
2015-01-10,4.140000000000001
2015-01-11,2.3000000000000003
2015-01-12,11.96
2015-01-13,12.88
2015-01-14,13.34
2015-01-15,11.96
2015-01-16,12.88
2015-01-17,4.6000000000000005
2015-01-18,2.76
2015-01-19,5.5200000000000005
2015-01-20,13.34
2015-01-21,14.26
2015-01-22,15.64
2015-01-23,14.72
2015-01-24,5.0600000000000005
2015-01-25,2.76
2015-01-26,15.18
2015-01-27,37.260000000000005
2015-01-28,46.0
2015-01-29,26.22
2015-01-30,22.08
2015-01-31,7.36
2015-02-01,7.199999999999999
2015-02-02,32.16
2015-02-03,36.0
2015-02-04,36.0
2015-02-05,34.08
2015-02-06,34.56
2015-02-07,10.08
2015-02-08,6.72
2015-02-09,27.36
2015-02-10,33.6
2015-02-11,43.2
2015-02-12,48.0
2015-02-13,40.32
2015-02-14,14.88
2015-02-15,10.08
2015-02-16,19.68
2015-02-17,39.84
2015-02-18,39.84
2015-02-19,36.0
2015-02-20,37.92
2015-02-21,15.84
2015-02-22,7.68
2015-02-23,40.32
2015-02-24,41.76
2015-02-25,36.96
2015-02-26,41.76
2015-02-27,37.44
2015-02-28,12.96
2015-03-01,5.76
2015-03-02,24.48
2015-03-03,25.44
2015-03-04,24.48
2015-03-05,23.52
2015-03-06,30.72
2015-03-07,8.64
2015-03-08,7.68
2015-03-09,48.0
2015-03-10,35.04
2015-03-11,29.76
2015-03-12,26.4
2015-03-13,25.92
2015-03-14,10.08
2015-03-15,4.8
2015-03-16,22.08
2015-03-17,24.96
2015-03-18,24.48
2015-03-19,23.52
2015-03-20,25.44
2015-03-21,8.16
2015-03-22,6.24
2015-03-23,21.6
2015-03-24,21.12
2015-03-25,16.8
2015-03-26,23.52
2015-03-27,19.2
2015-03-28,6.72
2015-03-29,3.84
2015-03-30,21.12
2015-03-31,21.12
2015-04-01,15.0
2015-04-02,14.5
2015-04-03,11.0
2015-04-04,3.5
2015-04-05,3.5
2015-04-06,15.5
2015-04-07,17.5
2015-04-08,16.0
2015-04-09,16.5
2015-04-10,21.0
2015-04-11,6.5
2015-04-12,4.0
2015-04-13,19.5
2015-04-14,17.5
2015-04-15,17.5
2015-04-16,16.5
2015-04-17,17.0
2015-04-18,6.0
2015-04-19,3.0
2015-04-20,19.0
2015-04-21,17.0
2015-04-22,15.0
2015-04-23,20.5
2015-04-24,24.0
2015-04-25,7.0
2015-04-26,6.0
2015-04-27,50.0
2015-04-28,49.5
2015-04-29,28.5
2015-04-30,23.5
2015-05-01,41.0
2015-05-02,12.71
2015-05-03,7.789999999999999
2015-05-04,36.9
2015-05-05,34.85
2015-05-06,36.49
2015-05-07,33.21
2015-05-08,35.669999999999995
2015-05-09,11.07
2015-05-10,8.61
2015-05-11,29.93
2015-05-12,29.11
2015-05-13,29.93
2015-05-14,32.8
2015-05-15,31.57
2015-05-16,6.97
2015-05-17,7.38
2015-05-18,34.03
2015-05-19,36.49
2015-05-20,29.11
2015-05-21,29.93
2015-05-22,35.669999999999995
2015-05-23,10.66
2015-05-24,6.56
2015-05-25,8.61
2015-05-26,33.62
2015-05-27,31.16
2015-05-28,32.39
2015-05-29,25.83
2015-05-30,8.61
2015-05-31,7.38
2015-06-01,31.82
2015-06-02,30.71
2015-06-03,31.08
2015-06-04,28.49
2015-06-05,31.45
2015-06-06,10.36
2015-06-07,6.66
2015-06-08,37.0
2015-06-09,35.89
2015-06-10,34.04
2015-06-11,33.3
2015-06-12,29.6
2015-06-13,8.879999999999999
2015-06-14,6.29
2015-06-15,29.23
2015-06-16,26.64
2015-06-17,27.75
2015-06-18,30.71
2015-06-19,26.27
2015-06-20,7.03
2015-06-21,6.66
2015-06-22,27.01
2015-06-23,28.12
2015-06-24,32.93
2015-06-25,33.3
2015-06-26,27.01
2015-06-27,8.51
2015-06-28,6.29
2015-06-29,33.3
2015-06-30,35.89
2015-07-01,13.63
2015-07-02,11.28
2015-07-03,5.64
2015-07-04,1.41
2015-07-05,1.88
2015-07-06,12.22
2015-07-07,13.16
2015-07-08,15.51
2015-07-09,17.86
2015-07-10,17.86
2015-07-11,4.699999999999999
2015-07-12,2.82
2015-07-13,16.45
2015-07-14,16.45
2015-07-15,14.57
2015-07-16,15.04
2015-07-17,18.33
2015-07-18,6.58
2015-07-19,3.76
2015-07-20,21.62
2015-07-21,44.18
2015-07-22,47.0
2015-07-23,26.79
2015-07-24,19.27
2015-07-25,5.64
2015-07-26,2.82
2015-07-27,16.919999999999998
2015-07-28,14.57
2015-07-29,14.57
2015-07-30,14.1
2015-07-31,14.1
2015-08-01,6.4
2015-08-02,4.48
2015-08-03,22.4
2015-08-04,40.32
2015-08-05,34.56
2015-08-06,27.52
2015-08-07,25.6
2015-08-08,7.04
2015-08-09,3.84
2015-08-10,25.6
2015-08-11,30.72
2015-08-12,31.36
2015-08-13,26.24
2015-08-14,23.68
2015-08-15,6.4
2015-08-16,4.48
2015-08-17,23.04
2015-08-18,19.84
2015-08-19,18.56
2015-08-20,20.48
2015-08-21,33.28
2015-08-22,13.44
2015-08-23,7.68
2015-08-24,64.0
2015-08-25,53.76
2015-08-26,39.68
2015-08-27,40.32
2015-08-28,29.44
2015-08-29,7.04
2015-08-30,5.12
2015-08-31,22.4
2015-09-01,24.75
2015-09-02,23.4
2015-09-03,22.95
2015-09-04,18.9
2015-09-05,6.75
2015-09-06,4.05
2015-09-07,4.95
2015-09-08,22.95
2015-09-09,45.0
2015-09-10,31.05
2015-09-11,22.05
2015-09-12,7.2
2015-09-13,5.4
2015-09-14,22.5
2015-09-15,22.5
2015-09-16,20.7
2015-09-17,21.6
2015-09-18,19.35
2015-09-19,5.4
2015-09-20,3.15
2015-09-21,18.0
2015-09-22,19.35
2015-09-23,17.1
2015-09-24,15.75
2015-09-25,16.650000000000002
2015-09-26,5.4
2015-09-27,4.05
2015-09-28,18.0
2015-09-29,19.35
2015-09-30,19.8
2015-10-01,17.6
2015-10-02,14.96
2015-10-03,4.84
2015-10-04,3.52
2015-10-05,16.28
2015-10-06,16.28
2015-10-07,14.08
2015-10-08,16.28
2015-10-09,14.52
2015-10-10,3.96
2015-10-11,3.08
2015-10-12,13.64
2015-10-13,15.4
2015-10-14,14.52
2015-10-15,14.52
2015-10-16,14.52
2015-10-17,3.96
2015-10-18,2.64
2015-10-19,13.64
2015-10-20,14.96
2015-10-21,14.96
2015-10-22,15.4
2015-10-23,19.8
2015-10-24,6.16
2015-10-25,4.84
2015-10-26,19.8
2015-10-27,44.0
2015-10-28,40.48
2015-10-29,21.56
2015-10-30,21.12
2015-10-31,4.84
2015-11-01,5.28
2015-11-02,30.69
2015-11-03,33.0
2015-11-04,31.020000000000003
2015-11-05,28.71
2015-11-06,28.05
2015-11-07,7.590000000000001
2015-11-08,5.28
2015-11-09,25.74
2015-11-10,33.0
2015-11-11,29.700000000000003
2015-11-12,27.72
2015-11-13,24.09
2015-11-14,8.58
2015-11-15,4.29
2015-11-16,24.09
2015-11-17,24.09
2015-11-18,25.74
2015-11-19,29.37
2015-11-20,28.05
2015-11-21,9.24
2015-11-22,4.62
2015-11-23,22.77
2015-11-24,24.42
2015-11-25,23.43
2015-11-26,7.260000000000001
2015-11-27,15.18
2015-11-28,6.6000000000000005
2015-11-29,4.62
2015-11-30,20.130000000000003
2015-12-01,23.1
2015-12-02,22.2
2015-12-03,22.8
2015-12-04,23.1
2015-12-05,8.4
2015-12-06,5.7
2015-12-07,22.8
2015-12-08,21.3
2015-12-09,23.1
2015-12-10,21.9
2015-12-11,22.8
2015-12-12,7.5
2015-12-13,4.8
2015-12-14,23.7
2015-12-15,27.3
2015-12-16,29.4
2015-12-17,27.3
2015-12-18,28.2
2015-12-19,8.4
2015-12-20,6.6
2015-12-21,30.0
2015-12-22,30.0
2015-12-23,23.1
2015-12-24,21.0
2015-12-25,7.5
2015-12-26,6.3
2015-12-27,5.4
2015-12-28,21.6
2015-12-29,24.9
2015-12-30,20.1
2015-12-31,22.8
2016-01-01,3.71
2016-01-02,3.18
2016-01-03,3.71
2016-01-04,19.61
2016-01-05,22.790000000000003
2016-01-06,29.68
2016-01-07,34.45
2016-01-08,31.8
2016-01-09,6.36
2016-01-10,3.71
2016-01-11,21.200000000000003
2016-01-12,23.85
2016-01-13,24.91
2016-01-14,19.08
2016-01-15,24.380000000000003
2016-01-16,6.36
2016-01-17,3.18
2016-01-18,7.42
2016-01-19,19.08
2016-01-20,24.380000000000003
2016-01-21,21.200000000000003
2016-01-22,24.380000000000003
2016-01-23,6.890000000000001
2016-01-24,4.24
2016-01-25,21.200000000000003
2016-01-26,47.17
2016-01-27,53.0
2016-01-28,33.39
2016-01-29,26.5
2016-01-30,7.95
2016-01-31,4.24
2016-02-01,33.12
2016-02-02,35.64
2016-02-03,34.2
2016-02-04,33.12
2016-02-05,32.4
2016-02-06,9.36
2016-02-07,6.48
2016-02-08,30.6
2016-02-09,33.48
2016-02-10,28.44
2016-02-11,28.44
2016-02-12,28.44
2016-02-13,8.28
2016-02-14,5.4
2016-02-15,13.32
2016-02-16,30.96
2016-02-17,36.0
2016-02-18,30.6
2016-02-19,27.0
2016-02-20,7.56
2016-02-21,4.32
2016-02-22,27.0
2016-02-23,27.0
2016-02-24,25.92
2016-02-25,26.64
2016-02-26,25.56
2016-02-27,7.92
2016-02-28,3.96
2016-02-29,24.48
2016-03-01,25.08
2016-03-02,24.7
2016-03-03,23.56
2016-03-04,22.42
2016-03-05,5.7
2016-03-06,4.18
2016-03-07,22.42
2016-03-08,19.76
2016-03-09,19.76
2016-03-10,19.0
2016-03-11,17.86
2016-03-12,4.94
2016-03-13,2.66
2016-03-14,18.24
2016-03-15,23.18
2016-03-16,23.18
2016-03-17,22.42
2016-03-18,21.28
2016-03-19,4.5600000000000005
2016-03-20,4.18
2016-03-21,38.0
2016-03-22,26.98
2016-03-23,22.8
2016-03-24,19.38
2016-03-25,10.64
2016-03-26,3.8
2016-03-27,2.28
2016-03-28,17.86
2016-03-29,23.56
2016-03-30,26.98
2016-03-31,22.04
2016-04-01,13.34
2016-04-02,3.68
2016-04-03,1.84
2016-04-04,14.72
2016-04-05,15.18
2016-04-06,14.26
2016-04-07,12.42
2016-04-08,11.5
2016-04-09,2.76
2016-04-10,2.3000000000000003
2016-04-11,12.88
2016-04-12,12.42
2016-04-13,13.34
2016-04-14,13.34
2016-04-15,12.88
2016-04-16,2.76
2016-04-17,2.3000000000000003
2016-04-18,13.34
2016-04-19,14.26
2016-04-20,12.42
2016-04-21,12.88
2016-04-22,11.5
2016-04-23,3.68
2016-04-24,2.3000000000000003
2016-04-25,14.26
2016-04-26,38.18
2016-04-27,46.0
2016-04-28,27.14
2016-04-29,25.76
2016-04-30,5.5200000000000005
2016-05-01,6.0
2016-05-02,35.5
2016-05-03,40.5
2016-05-04,30.0
2016-05-05,28.0
2016-05-06,28.0
2016-05-07,8.5
2016-05-08,5.0
2016-05-09,25.5
2016-05-10,29.0
2016-05-11,26.5
2016-05-12,37.0
2016-05-13,38.0
2016-05-14,8.5
2016-05-15,4.0
2016-05-16,50.0
2016-05-17,38.5
2016-05-18,30.0
2016-05-19,27.0
2016-05-20,27.0
2016-05-21,6.5
2016-05-22,5.5
2016-05-23,27.0
2016-05-24,32.0
2016-05-25,35.5
2016-05-26,31.5
2016-05-27,30.0
2016-05-28,7.0
2016-05-29,4.0
2016-05-30,4.5
2016-05-31,29.0
2016-06-01,19.08
2016-06-02,17.64
2016-06-03,17.28
2016-06-04,3.96
2016-06-05,3.24
2016-06-06,18.72
2016-06-07,19.8
2016-06-08,18.0
2016-06-09,16.56
2016-06-10,16.2
2016-06-11,4.32
2016-06-12,2.88
2016-06-13,21.6
2016-06-14,16.2
2016-06-15,15.48
2016-06-16,15.84
2016-06-17,18.72
2016-06-18,4.68
2016-06-19,2.88
2016-06-20,17.64
2016-06-21,15.48
2016-06-22,14.76
2016-06-23,16.919999999999998
2016-06-24,36.0
2016-06-25,6.48
2016-06-26,2.88
2016-06-27,22.32
2016-06-28,20.52
2016-06-29,20.16
2016-06-30,18.0
2016-07-01,10.8
2016-07-02,2.8000000000000003
2016-07-03,2.4000000000000004
2016-07-04,2.0
2016-07-05,10.8
2016-07-06,10.8
2016-07-07,10.8
2016-07-08,12.4
2016-07-09,2.8000000000000003
2016-07-10,2.0
2016-07-11,11.2
2016-07-12,10.4
2016-07-13,11.6
2016-07-14,11.6
2016-07-15,11.6
2016-07-16,2.4000000000000004
2016-07-17,2.4000000000000004
2016-07-18,12.8
2016-07-19,11.6
2016-07-20,13.2
2016-07-21,13.2
2016-07-22,13.2
2016-07-23,2.8000000000000003
2016-07-24,2.4000000000000004
2016-07-25,14.8
2016-07-26,36.8
2016-07-27,40.0
2016-07-28,21.6
2016-07-29,15.2
2016-07-30,4.0
2016-07-31,2.0
2016-08-01,25.16
2016-08-02,27.540000000000003
2016-08-03,25.16
2016-08-04,23.12
2016-08-05,26.520000000000003
2016-08-06,6.800000000000001
2016-08-07,4.760000000000001
2016-08-08,27.200000000000003
2016-08-09,27.880000000000003
2016-08-10,24.48
2016-08-11,23.46
2016-08-12,21.76
2016-08-13,3.74
2016-08-14,2.3800000000000003
2016-08-15,25.840000000000003
2016-08-16,27.200000000000003
2016-08-17,23.12
2016-08-18,18.360000000000003
2016-08-19,20.06
2016-08-20,6.12
2016-08-21,3.74
2016-08-22,21.76
2016-08-23,19.040000000000003
2016-08-24,20.4
2016-08-25,19.040000000000003
2016-08-26,18.700000000000003
2016-08-27,3.4000000000000004
2016-08-28,3.06
2016-08-29,19.72
2016-08-30,34.0
2016-08-31,18.360000000000003
2016-09-01,14.06
2016-09-02,15.58
2016-09-03,3.04
2016-09-04,1.9
2016-09-05,3.42
2016-09-06,16.34
2016-09-07,38.0
2016-09-08,28.88
2016-09-09,21.28
2016-09-10,5.7
2016-09-11,3.04
2016-09-12,17.1
2016-09-13,22.8
2016-09-14,30.02
2016-09-15,34.96
2016-09-16,31.16
2016-09-17,7.22
2016-09-18,3.8
2016-09-19,20.9
2016-09-20,17.86
2016-09-21,18.62
2016-09-22,18.24
2016-09-23,21.28
2016-09-24,4.94
2016-09-25,3.42
2016-09-26,16.72
2016-09-27,16.72
2016-09-28,15.58
2016-09-29,17.48
2016-09-30,14.06
2016-10-01,2.59
2016-10-02,2.59
2016-10-03,11.1
2016-10-04,10.73
2016-10-05,11.1
2016-10-06,11.47
2016-10-07,9.62
2016-10-08,2.22
2016-10-09,1.48
2016-10-10,14.43
2016-10-11,21.09
2016-10-12,16.65
2016-10-13,15.17
2016-10-14,12.21
2016-10-15,3.33
2016-10-16,2.22
2016-10-17,12.58
2016-10-18,12.21
2016-10-19,12.58
2016-10-20,11.1
2016-10-21,12.21
2016-10-22,2.96
2016-10-23,2.59
2016-10-24,13.69
2016-10-25,37.0
2016-10-26,35.52
2016-10-27,22.57
2016-10-28,16.65
2016-10-29,3.33
2016-10-30,2.22
2016-10-31,12.95
2016-11-01,17.64
2016-11-02,16.240000000000002
2016-11-03,15.12
2016-11-04,14.840000000000002
2016-11-05,4.760000000000001
2016-11-06,1.6800000000000002
2016-11-07,17.360000000000003
2016-11-08,15.12
2016-11-09,28.000000000000004
2016-11-10,22.4
2016-11-11,16.240000000000002
2016-11-12,3.3600000000000003
2016-11-13,2.8000000000000003
2016-11-14,19.6
2016-11-15,17.080000000000002
2016-11-16,17.64
2016-11-17,17.080000000000002
2016-11-18,15.68
2016-11-19,4.48
2016-11-20,3.08
2016-11-21,15.400000000000002
2016-11-22,16.8
2016-11-23,14.28
2016-11-24,3.92
2016-11-25,10.080000000000002
2016-11-26,3.08
2016-11-27,3.640000000000001
2016-11-28,10.920000000000002
2016-11-29,14.000000000000002
2016-11-30,12.88
2016-12-01,15.4
2016-12-02,14.96
2016-12-03,4.62
2016-12-04,3.3
2016-12-05,15.18
2016-12-06,17.38
2016-12-07,17.82
2016-12-08,18.7
2016-12-09,21.12
2016-12-10,5.5
2016-12-11,2.86
2016-12-12,16.94
2016-12-13,20.46
2016-12-14,22.0
2016-12-15,21.12
2016-12-16,17.82
2016-12-17,5.94
2016-12-18,3.08
2016-12-19,18.48
2016-12-20,19.8
2016-12-21,18.92
2016-12-22,14.96
2016-12-23,12.98
2016-12-24,4.18
2016-12-25,2.86
2016-12-26,5.5
2016-12-27,16.28
2016-12-28,16.28
2016-12-29,13.86
2016-12-30,13.86
2016-12-31,5.06
2017-01-01,1.04
2017-01-02,2.08
2017-01-03,6.5
2017-01-04,6.5
2017-01-05,6.24
2017-01-06,7.0200000000000005
2017-01-07,2.34
2017-01-08,1.56
2017-01-09,7.0200000000000005
2017-01-10,8.06
2017-01-11,7.28
2017-01-12,7.0200000000000005
2017-01-13,5.98
2017-01-14,1.82
2017-01-15,1.04
2017-01-16,2.6
2017-01-17,7.0200000000000005
2017-01-18,7.800000000000001
2017-01-19,6.5
2017-01-20,6.5
2017-01-21,1.56
2017-01-22,1.3
2017-01-23,6.76
2017-01-24,6.76
2017-01-25,8.58
2017-01-26,8.32
2017-01-27,7.28
2017-01-28,2.8600000000000003
2017-01-29,1.56
2017-01-30,9.1
2017-01-31,26.0
2017-02-01,41.0
2017-02-02,22.55
2017-02-03,14.35
2017-02-04,4.51
2017-02-05,2.46
2017-02-06,11.89
2017-02-07,13.53
2017-02-08,13.53
2017-02-09,13.12
2017-02-10,12.3
2017-02-11,3.69
2017-02-12,2.46
2017-02-13,14.35
2017-02-14,18.45
2017-02-15,17.22
2017-02-16,14.35
2017-02-17,13.12
2017-02-18,3.69
2017-02-19,1.64
2017-02-20,5.33
2017-02-21,13.53
2017-02-22,12.3
2017-02-23,12.71
2017-02-24,11.48
2017-02-25,3.28
2017-02-26,1.64
2017-02-27,11.07
2017-02-28,12.71
2017-03-01,31.0
2017-03-02,25.42
2017-03-03,22.01
2017-03-04,4.65
2017-03-05,2.79
2017-03-06,18.91
2017-03-07,18.6
2017-03-08,19.22
2017-03-09,16.43
2017-03-10,17.36
2017-03-11,4.96
2017-03-12,3.1
2017-03-13,15.19
2017-03-14,16.12
2017-03-15,21.08
2017-03-16,17.669999999999998
2017-03-17,17.669999999999998
2017-03-18,4.34
2017-03-19,2.48
2017-03-20,18.91
2017-03-21,26.66
2017-03-22,20.46
2017-03-23,19.84
2017-03-24,17.669999999999998
2017-03-25,4.65
2017-03-26,3.41
2017-03-27,18.29
2017-03-28,21.7
2017-03-29,23.25
2017-03-30,20.77
2017-03-31,18.91
2017-04-01,6.5
2017-04-02,3.75
2017-04-03,22.0
2017-04-04,23.5
2017-04-05,24.75
2017-04-06,20.75
2017-04-07,23.5
2017-04-08,6.5
2017-04-09,3.5
2017-04-10,20.0
2017-04-11,22.0
2017-04-12,20.5
2017-04-13,19.75
2017-04-14,12.5
2017-04-15,3.75
2017-04-16,4.0
2017-04-17,20.5
2017-04-18,21.25
2017-04-19,20.0
2017-04-20,20.75
2017-04-21,20.75
2017-04-22,4.0
2017-04-23,3.0
2017-04-24,23.75
2017-04-25,25.0
2017-04-26,21.75
2017-04-27,22.25
2017-04-28,24.0
2017-04-29,6.5
2017-04-30,6.5
2017-05-01,18.49
2017-05-02,43.0
2017-05-03,39.13
2017-05-04,19.35
2017-05-05,18.06
2017-05-06,5.59
2017-05-07,3.44
2017-05-08,24.94
2017-05-09,25.37
2017-05-10,18.49
2017-05-11,17.2
2017-05-12,20.64
2017-05-13,6.02
2017-05-14,3.01
2017-05-15,16.34
2017-05-16,17.2
2017-05-17,20.21
2017-05-18,17.2
2017-05-19,16.34
2017-05-20,3.87
2017-05-21,2.15
2017-05-22,15.91
2017-05-23,15.48
2017-05-24,14.62
2017-05-25,15.48
2017-05-26,12.9
2017-05-27,3.44
2017-05-28,2.58
2017-05-29,2.15
2017-05-30,12.9
2017-05-31,11.61
2017-06-01,15.36
2017-06-02,17.6
2017-06-03,4.8
2017-06-04,3.84
2017-06-05,26.24
2017-06-06,23.36
2017-06-07,17.6
2017-06-08,17.92
2017-06-09,24.64
2017-06-10,8.32
2017-06-11,3.52
2017-06-12,32.0
2017-06-13,25.6
2017-06-14,21.44
2017-06-15,20.8
2017-06-16,19.52
2017-06-17,5.12
2017-06-18,2.56
2017-06-19,22.08
2017-06-20,19.2
2017-06-21,14.72
2017-06-22,16.96
2017-06-23,14.08
2017-06-24,3.2
2017-06-25,2.56
2017-06-26,15.36
2017-06-27,17.6
2017-06-28,16.64
2017-06-29,17.6
2017-06-30,14.4
2017-07-01,3.9
2017-07-02,2.8600000000000003
2017-07-03,17.68
2017-07-04,13.26
2017-07-05,19.5
2017-07-06,20.28
2017-07-07,16.12
2017-07-08,4.68
2017-07-09,3.9
2017-07-10,17.94
2017-07-11,16.38
2017-07-12,18.46
2017-07-13,17.42
2017-07-14,17.68
2017-07-15,5.2
2017-07-16,3.12
2017-07-17,18.2
2017-07-18,19.76
2017-07-19,21.84
2017-07-20,18.72
2017-07-21,17.94
2017-07-22,4.68
2017-07-23,2.8600000000000003
2017-07-24,19.24
2017-07-25,23.14
2017-07-26,21.06
2017-07-27,26.0
2017-07-28,20.28
2017-07-29,5.46
2017-07-30,3.9
2017-07-31,24.44
2017-08-01,33.93
2017-08-02,39.0
2017-08-03,17.94
2017-08-04,13.65
2017-08-05,3.12
2017-08-06,1.95
2017-08-07,12.87
2017-08-08,14.43
2017-08-09,13.26
2017-08-10,14.04
2017-08-11,12.48
2017-08-12,2.34
2017-08-13,1.56
2017-08-14,12.09
2017-08-15,12.87
2017-08-16,13.26
2017-08-17,11.7
2017-08-18,10.14
2017-08-19,2.34
2017-08-20,1.56
2017-08-21,8.58
2017-08-22,10.14
2017-08-23,9.75
2017-08-24,9.75
2017-08-25,8.58
2017-08-26,1.95
2017-08-27,1.56
2017-08-28,10.53
2017-08-29,11.7
2017-08-30,12.09
2017-08-31,12.09
2017-09-01,10.56
2017-09-02,2.64
2017-09-03,1.98
2017-09-04,1.98
2017-09-05,10.23
2017-09-06,9.24
2017-09-07,9.24
2017-09-08,8.25
2017-09-09,1.98
2017-09-10,1.65
2017-09-11,12.87
2017-09-12,33.0
2017-09-13,21.12
2017-09-14,13.86
2017-09-15,11.88
2017-09-16,3.3000000000000003
2017-09-17,1.98
2017-09-18,10.89
2017-09-19,10.23
2017-09-20,12.54
2017-09-21,12.21
2017-09-22,13.86
2017-09-23,3.63
2017-09-24,2.31
2017-09-25,13.2
2017-09-26,12.54
2017-09-27,11.88
2017-09-28,10.56
2017-09-29,10.23
2017-09-30,2.31
2017-10-01,2.7
2017-10-02,15.0
2017-10-03,17.099999999999998
2017-10-04,16.2
2017-10-05,18.3
2017-10-06,14.4
2017-10-07,4.2
2017-10-08,2.7
2017-10-09,15.6
2017-10-10,16.8
2017-10-11,15.0
2017-10-12,15.3
2017-10-13,14.7
2017-10-14,4.5
2017-10-15,2.1
2017-10-16,18.3
2017-10-17,21.0
2017-10-18,20.1
2017-10-19,23.1
2017-10-20,20.4
2017-10-21,3.9
2017-10-22,2.1
2017-10-23,17.099999999999998
2017-10-24,18.9
2017-10-25,17.4
2017-10-26,18.0
2017-10-27,30.0
2017-10-28,9.0
2017-10-29,4.8
2017-10-30,29.7
2017-10-31,29.4
2017-11-01,18.24
2017-11-02,34.2
2017-11-03,38.0
2017-11-04,6.46
2017-11-05,3.8
2017-11-06,19.76
2017-11-07,16.72
2017-11-08,15.96
2017-11-09,16.34
2017-11-10,13.3
2017-11-11,3.8
2017-11-12,1.9
2017-11-13,12.16
2017-11-14,11.78
2017-11-15,12.54
2017-11-16,12.54
2017-11-17,12.16
2017-11-18,3.04
2017-11-19,1.14
2017-11-20,10.26
2017-11-21,12.54
2017-11-22,11.78
2017-11-23,3.8
2017-11-24,6.84
2017-11-25,3.42
2017-11-26,1.9
2017-11-27,9.5
2017-11-28,11.4
2017-11-29,15.2
2017-11-30,14.44
2017-12-01,22.14
2017-12-02,7.290000000000001
2017-12-03,4.59
2017-12-04,26.73
2017-12-05,22.14
2017-12-06,21.6
2017-12-07,19.98
2017-12-08,20.25
2017-12-09,6.48
2017-12-10,2.97
2017-12-11,21.33
2017-12-12,21.06
2017-12-13,19.44
2017-12-14,19.17
2017-12-15,18.9
2017-12-16,6.210000000000001
2017-12-17,4.32
2017-12-18,19.98
2017-12-19,24.3
2017-12-20,21.87
2017-12-21,24.840000000000003
2017-12-22,20.520000000000003
2017-12-23,7.0200000000000005
2017-12-24,3.51
2017-12-25,4.050000000000001
2017-12-26,27.0
2017-12-27,25.92
2017-12-28,22.41
2017-12-29,22.14
2017-12-30,5.94
2017-12-31,3.78
2018-01-01,4.199999999999999
2018-01-02,18.9
2018-01-03,21.0
2018-01-04,19.6
2018-01-05,21.35
2018-01-06,5.949999999999999
2018-01-07,3.15
2018-01-08,18.2
2018-01-09,20.65
2018-01-10,19.25
2018-01-11,19.25
2018-01-12,21.0
2018-01-13,5.949999999999999
2018-01-14,3.5
2018-01-15,7.699999999999999
2018-01-16,20.65
2018-01-17,25.2
2018-01-18,25.55
2018-01-19,21.7
2018-01-20,7.35
2018-01-21,2.8
2018-01-22,17.849999999999998
2018-01-23,22.05
2018-01-24,23.1
2018-01-25,22.4
2018-01-26,24.85
2018-01-27,9.1
2018-01-28,4.9
2018-01-29,31.5
2018-01-30,34.65
2018-01-31,35.0
2018-02-01,41.65
2018-02-02,49.0
2018-02-03,10.29
2018-02-04,5.39
2018-02-05,27.93
2018-02-06,33.81
2018-02-07,23.52
2018-02-08,23.52
2018-02-09,26.46
2018-02-10,6.37
2018-02-11,3.43
2018-02-12,20.09
2018-02-13,19.6
2018-02-14,19.11
2018-02-15,24.99
2018-02-16,20.09
2018-02-17,5.39
2018-02-18,2.45
2018-02-19,6.37
2018-02-20,15.19
2018-02-21,16.66
2018-02-22,14.21
2018-02-23,14.21
2018-02-24,3.92
2018-02-25,2.45
2018-02-26,17.64
2018-02-27,18.62
2018-02-28,17.64
2018-03-01,26.97
2018-03-02,28.52
2018-03-03,6.82
2018-03-04,4.34
2018-03-05,22.94
2018-03-06,23.87
2018-03-07,25.73
2018-03-08,23.87
2018-03-09,25.73
2018-03-10,7.439999999999999
2018-03-11,4.03
2018-03-12,26.04
2018-03-13,26.04
2018-03-14,22.32
2018-03-15,22.63
2018-03-16,17.98
2018-03-17,6.82
2018-03-18,3.41
2018-03-19,25.11
2018-03-20,23.25
2018-03-21,23.25
2018-03-22,26.66
2018-03-23,26.04
2018-03-24,7.13
2018-03-25,4.03
2018-03-26,28.52
2018-03-27,31.0
2018-03-28,29.76
2018-03-29,25.73
2018-03-30,12.09
2018-03-31,3.72
2018-04-01,2.48
2018-04-02,23.25
2018-04-03,22.63
2018-04-04,23.87
2018-04-05,22.32
2018-04-06,20.15
2018-04-07,5.58
2018-04-08,3.41
2018-04-09,22.94
2018-04-10,22.63
2018-04-11,20.46
2018-04-12,19.22
2018-04-13,19.53
2018-04-14,4.96
2018-04-15,3.41
2018-04-16,20.15
2018-04-17,22.32
2018-04-18,20.46
2018-04-19,22.94
2018-04-20,31.0
2018-04-21,7.13
2018-04-22,4.65
2018-04-23,24.8
2018-04-24,27.28
2018-04-25,25.42
2018-04-26,26.35
2018-04-27,25.42
2018-04-28,7.13
2018-04-29,4.65
2018-04-30,29.45
2018-05-01,40.0
2018-05-02,37.2
2018-05-03,18.4
2018-05-04,26.8
2018-05-05,7.2
2018-05-06,4.4
2018-05-07,21.200000000000003
2018-05-08,18.8
2018-05-09,16.400000000000002
2018-05-10,18.0
2018-05-11,16.8
2018-05-12,5.2
2018-05-13,2.4000000000000004
2018-05-14,14.4
2018-05-15,13.2
2018-05-16,12.0
2018-05-17,12.8
2018-05-18,11.6
2018-05-19,2.8000000000000003
2018-05-20,2.4000000000000004
2018-05-21,12.8
2018-05-22,11.2
2018-05-23,11.6
2018-05-24,12.4
2018-05-25,10.0
2018-05-26,3.2
2018-05-27,1.6
2018-05-28,2.4000000000000004
2018-05-29,10.0
2018-05-30,10.8
2018-05-31,10.8
2018-06-01,17.689999999999998
2018-06-02,7.249999999999999
2018-06-03,3.4799999999999995
2018-06-04,29.0
2018-06-05,27.84
2018-06-06,24.07
2018-06-07,21.75
2018-06-08,21.75
2018-06-09,5.51
2018-06-10,3.4799999999999995
2018-06-11,18.27
2018-06-12,18.56
2018-06-13,20.01
2018-06-14,19.43
2018-06-15,18.85
2018-06-16,4.64
2018-06-17,3.4799999999999995
2018-06-18,15.95
2018-06-19,21.17
2018-06-20,18.85
2018-06-21,18.27
2018-06-22,15.079999999999998
2018-06-23,4.35
2018-06-24,2.61
2018-06-25,18.27
2018-06-26,17.98
2018-06-27,15.95
2018-06-28,16.82
2018-06-29,15.37
2018-06-30,4.06
2018-07-01,1.2
2018-07-02,5.4
2018-07-03,6.3
2018-07-04,1.7999999999999998
2018-07-05,6.3
2018-07-06,6.0
2018-07-07,1.5
2018-07-08,0.8999999999999999
2018-07-09,6.9
2018-07-10,7.5
2018-07-11,6.3
2018-07-12,7.199999999999999
2018-07-13,7.199999999999999
2018-07-14,1.7999999999999998
2018-07-15,1.2
2018-07-16,6.3
2018-07-17,7.199999999999999
2018-07-18,6.9
2018-07-19,7.199999999999999
2018-07-20,7.199999999999999
2018-07-21,1.5
2018-07-22,0.8999999999999999
2018-07-23,6.6
2018-07-24,7.8
2018-07-25,8.4
2018-07-26,10.8
2018-07-27,10.2
2018-07-28,2.4
2018-07-29,1.7999999999999998
2018-07-30,9.9
2018-07-31,30.0
2018-08-01,47.0
2018-08-02,39.01
2018-08-03,25.85
2018-08-04,5.64
2018-08-05,3.29
2018-08-06,15.98
2018-08-07,15.04
2018-08-08,12.22
2018-08-09,12.22
2018-08-10,11.28
2018-08-11,3.29
2018-08-12,1.88
2018-08-13,12.22
2018-08-14,12.69
2018-08-15,11.75
2018-08-16,14.1
2018-08-17,14.1
2018-08-18,4.23
2018-08-19,2.35
2018-08-20,11.75
2018-08-21,12.69
2018-08-22,11.75
2018-08-23,11.28
2018-08-24,11.28
2018-08-25,2.82
2018-08-26,1.88
2018-08-27,11.28
2018-08-28,13.63
2018-08-29,14.57
2018-08-30,16.919999999999998
2018-08-31,15.04
2018-09-01,5.92
2018-09-02,3.33
2018-09-03,4.81
2018-09-04,22.2
2018-09-05,19.61
2018-09-06,17.759999999999998
2018-09-07,17.39
2018-09-08,5.18
2018-09-09,3.7
2018-09-10,17.39
2018-09-11,21.83
2018-09-12,37.0
2018-09-13,29.97
2018-09-14,21.46
2018-09-15,5.55
2018-09-16,2.96
2018-09-17,18.13
2018-09-18,20.35
2018-09-19,16.65
2018-09-20,19.24
2018-09-21,18.87
2018-09-22,4.81
2018-09-23,2.59
2018-09-24,17.02
2018-09-25,18.13
2018-09-26,16.28
2018-09-27,19.24
2018-09-28,17.39
2018-09-29,4.81
2018-09-30,2.59
2018-10-01,25.200000000000003
2018-10-02,26.0
2018-10-03,25.6
2018-10-04,25.6
2018-10-05,26.0
2018-10-06,6.0
2018-10-07,3.6
2018-10-08,23.200000000000003
2018-10-09,22.0
2018-10-10,31.6
2018-10-11,40.0
2018-10-12,34.4
2018-10-13,6.800000000000001
2018-10-14,4.800000000000001
2018-10-15,27.200000000000003
2018-10-16,30.0
2018-10-17,24.4
2018-10-18,23.6
2018-10-19,24.4
2018-10-20,6.0
2018-10-21,4.4
2018-10-22,22.8
2018-10-23,24.8
2018-10-24,28.4
2018-10-25,31.6
2018-10-26,30.8
2018-10-27,7.2
2018-10-28,4.0
2018-10-29,25.6
2018-10-30,36.8
2018-10-31,36.8
2018-11-01,56.99999999999999
2018-11-02,55.28999999999999
2018-11-03,8.549999999999999
2018-11-04,5.13
2018-11-05,29.07
2018-11-06,26.22
2018-11-07,21.66
2018-11-08,19.38
2018-11-09,18.24
2018-11-10,4.56
2018-11-11,2.28
2018-11-12,25.08
2018-11-13,26.22
2018-11-14,27.36
2018-11-15,27.36
2018-11-16,20.52
2018-11-17,5.13
2018-11-18,2.85
2018-11-19,26.22
2018-11-20,33.059999999999995
2018-11-21,26.22
2018-11-22,6.27
2018-11-23,14.82
2018-11-24,6.27
2018-11-25,3.99
2018-11-26,23.37
2018-11-27,26.79
2018-11-28,26.79
2018-11-29,21.66
2018-11-30,19.38
2018-12-01,8.19
2018-12-02,5.8500000000000005
2018-12-03,37.05
2018-12-04,37.44
2018-12-05,19.5
2018-12-06,35.49
2018-12-07,31.98
2018-12-08,8.19
2018-12-09,4.68
2018-12-10,37.83
2018-12-11,31.59
2018-12-12,29.64
2018-12-13,29.25
2018-12-14,25.74
2018-12-15,8.19
2018-12-16,5.8500000000000005
2018-12-17,25.74
2018-12-18,27.69
2018-12-19,28.86
2018-12-20,34.32
2018-12-21,38.61
2018-12-22,12.09
2018-12-23,5.8500000000000005
2018-12-24,31.200000000000003
2018-12-25,10.92
2018-12-26,39.0
2018-12-27,38.22
2018-12-28,26.130000000000003
2018-12-29,7.800000000000001
2018-12-30,4.68
2018-12-31,25.74
2019-01-01,3.3600000000000003
2019-01-02,25.76
2019-01-03,56.00000000000001
2019-01-04,30.24
2019-01-05,6.16
2019-01-06,2.8000000000000003
2019-01-07,15.68
2019-01-08,14.560000000000002
2019-01-09,18.48
2019-01-10,14.560000000000002
2019-01-11,11.760000000000002
2019-01-12,3.3600000000000003
2019-01-13,1.6800000000000002
2019-01-14,10.64
2019-01-15,10.64
2019-01-16,11.760000000000002
2019-01-17,10.080000000000002
2019-01-18,10.64
2019-01-19,2.8000000000000003
2019-01-20,1.6800000000000002
2019-01-21,3.92
2019-01-22,10.080000000000002
2019-01-23,10.080000000000002
2019-01-24,8.96
2019-01-25,9.52
2019-01-26,3.3600000000000003
2019-01-27,2.24
2019-01-28,10.64
2019-01-29,30.800000000000004
2019-01-30,29.680000000000003
2019-01-31,17.360000000000003
2019-02-01,27.6
2019-02-02,8.1
2019-02-03,3.6
2019-02-04,24.6
2019-02-05,30.0
2019-02-06,26.7
2019-02-07,24.0
2019-02-08,20.1
2019-02-09,6.3
2019-02-10,4.2
2019-02-11,19.2
2019-02-12,22.2
2019-02-13,21.9
2019-02-14,20.7
2019-02-15,20.7
2019-02-16,5.1
2019-02-17,3.6
2019-02-18,7.8
2019-02-19,18.0
2019-02-20,16.8
2019-02-21,18.3
2019-02-22,17.099999999999998
2019-02-23,5.4
2019-02-24,3.9
2019-02-25,19.2
2019-02-26,18.9
2019-02-27,15.6
2019-02-28,16.8
2019-03-01,13.94
2019-03-02,4.08
2019-03-03,2.04
2019-03-04,16.66
2019-03-05,13.260000000000002
2019-03-06,12.58
2019-03-07,12.58
2019-03-08,11.56
2019-03-09,3.06
2019-03-10,2.04
2019-03-11,17.68
2019-03-12,19.72
2019-03-13,17.0
2019-03-14,19.040000000000003
2019-03-15,16.32
2019-03-16,4.42
2019-03-17,3.4000000000000004
2019-03-18,17.68
2019-03-19,20.06
2019-03-20,17.0
2019-03-21,28.56
2019-03-22,24.82
2019-03-23,4.42
2019-03-24,4.08
2019-03-25,34.0
2019-03-26,30.26
2019-03-27,19.040000000000003
2019-03-28,15.98
2019-03-29,19.040000000000003
2019-03-30,4.760000000000001
2019-03-31,3.06
2019-04-01,11.88
2019-04-02,12.87
2019-04-03,13.53
2019-04-04,13.2
2019-04-05,11.88
2019-04-06,2.97
2019-04-07,1.65
2019-04-08,13.86
2019-04-09,15.18
2019-04-10,14.52
2019-04-11,13.53
2019-04-12,12.54
2019-04-13,2.97
2019-04-14,2.31
2019-04-15,10.56
2019-04-16,14.19
2019-04-17,14.52
2019-04-18,12.87
2019-04-19,5.61
2019-04-20,1.65
2019-04-21,2.31
2019-04-22,11.55
2019-04-23,13.86
2019-04-24,14.19
2019-04-25,14.19
2019-04-26,12.87
2019-04-27,3.3000000000000003
2019-04-28,2.31
2019-04-29,13.2
2019-04-30,33.0
2019-05-01,36.0
2019-05-02,18.72
2019-05-03,13.68
2019-05-04,3.96
2019-05-05,2.16
2019-05-06,16.2
2019-05-07,13.32
2019-05-08,12.6
2019-05-09,12.24
2019-05-10,14.04
2019-05-11,2.88
2019-05-12,1.7999999999999998
2019-05-13,21.6
2019-05-14,18.0
2019-05-15,13.32
2019-05-16,12.24
2019-05-17,10.44
2019-05-18,3.96
2019-05-19,1.7999999999999998
2019-05-20,13.68
2019-05-21,12.24
2019-05-22,12.24
2019-05-23,12.96
2019-05-24,11.52
2019-05-25,2.88
2019-05-26,1.7999999999999998
2019-05-27,2.16
2019-05-28,10.08
2019-05-29,10.8
2019-05-30,10.08
2019-05-31,11.88
2019-06-01,6.44
2019-06-02,3.3600000000000003
2019-06-03,27.72
2019-06-04,28.000000000000004
2019-06-05,26.6
2019-06-06,23.520000000000003
2019-06-07,25.480000000000004
2019-06-08,7.56
2019-06-09,3.92
2019-06-10,22.96
2019-06-11,23.24
2019-06-12,22.4
2019-06-13,21.56
2019-06-14,19.040000000000003
2019-06-15,4.760000000000001
2019-06-16,2.24
2019-06-17,20.44
2019-06-18,23.24
2019-06-19,23.24
2019-06-20,25.200000000000003
2019-06-21,21.840000000000003
2019-06-22,5.040000000000001
2019-06-23,3.08
2019-06-24,20.44
2019-06-25,19.880000000000003
2019-06-26,22.12
2019-06-27,24.360000000000003
2019-06-28,26.880000000000003
2019-06-29,5.880000000000001
2019-06-30,3.3600000000000003
2019-07-01,13.44
2019-07-02,11.2
2019-07-03,10.56
2019-07-04,3.2
2019-07-05,8.96
2019-07-06,2.24
2019-07-07,1.28
2019-07-08,12.16
2019-07-09,11.52
2019-07-10,10.56
2019-07-11,11.2
2019-07-12,9.6
2019-07-13,1.92
2019-07-14,1.6
2019-07-15,9.6
2019-07-16,9.6
2019-07-17,9.92
2019-07-18,10.24
2019-07-19,8.32
2019-07-20,2.24
2019-07-21,1.6
2019-07-22,10.56
2019-07-23,12.16
2019-07-24,10.24
2019-07-25,11.2
2019-07-26,10.88
2019-07-27,2.88
2019-07-28,1.92
2019-07-29,11.52
2019-07-30,30.08
2019-07-31,32.0
2019-08-01,31.0
2019-08-02,26.97
2019-08-03,5.27
2019-08-04,3.1
2019-08-05,29.76
2019-08-06,30.07
2019-08-07,24.49
2019-08-08,23.25
2019-08-09,18.6
2019-08-10,4.03
2019-08-11,3.72
2019-08-12,19.84
2019-08-13,30.69
2019-08-14,28.52
2019-08-15,25.11
2019-08-16,18.91
2019-08-17,5.27
2019-08-18,3.72
2019-08-19,21.7
2019-08-20,22.94
2019-08-21,22.63
2019-08-22,21.08
2019-08-23,26.04
2019-08-24,6.51
2019-08-25,3.1
2019-08-26,22.32
2019-08-27,20.15
2019-08-28,17.36
2019-08-29,18.91
2019-08-30,17.98
2019-08-31,4.03
2019-09-01,1.32
2019-09-02,2.2
2019-09-03,9.9
2019-09-04,11.66
2019-09-05,11.66
2019-09-06,11.22
2019-09-07,2.2
2019-09-08,1.76
2019-09-09,12.32
2019-09-10,22.0
2019-09-11,20.68
2019-09-12,17.82
2019-09-13,16.06
2019-09-14,3.52
2019-09-15,2.2
2019-09-16,12.32
2019-09-17,12.76
2019-09-18,12.76
2019-09-19,11.88
2019-09-20,11.22
2019-09-21,3.08
2019-09-22,1.76
2019-09-23,10.34
2019-09-24,10.78
2019-09-25,11.0
2019-09-26,10.34
2019-09-27,9.02
2019-09-28,2.86
2019-09-29,1.76
2019-09-30,11.44
2019-10-01,12.8
2019-10-02,13.12
2019-10-03,10.88
2019-10-04,14.4
2019-10-05,3.52
2019-10-06,2.56
2019-10-07,12.48
2019-10-08,12.48
2019-10-09,11.84
2019-10-10,13.44
2019-10-11,16.96
2019-10-12,4.16
2019-10-13,2.88
2019-10-14,12.16
2019-10-15,14.72
2019-10-16,12.48
2019-10-17,11.52
2019-10-18,10.24
2019-10-19,2.56
2019-10-20,2.24
2019-10-21,13.44
2019-10-22,14.08
2019-10-23,14.4
2019-10-24,13.76
2019-10-25,16.32
2019-10-26,3.84
2019-10-27,2.88
2019-10-28,16.32
2019-10-29,16.32
2019-10-30,32.0
2019-10-31,27.2
2019-11-01,28.000000000000004
2019-11-02,7.840000000000001
2019-11-03,4.760000000000001
2019-11-04,22.12
2019-11-05,22.12
2019-11-06,20.160000000000004
2019-11-07,21.56
2019-11-08,19.880000000000003
2019-11-09,4.48
2019-11-10,2.8000000000000003
2019-11-11,17.080000000000002
2019-11-12,19.880000000000003
2019-11-13,18.76
2019-11-14,18.76
2019-11-15,19.6
2019-11-16,6.16
2019-11-17,3.3600000000000003
2019-11-18,19.040000000000003
2019-11-19,19.040000000000003
2019-11-20,18.76
2019-11-21,17.64
2019-11-22,15.400000000000002
2019-11-23,4.48
2019-11-24,2.8000000000000003
2019-11-25,15.96
2019-11-26,17.92
2019-11-27,17.360000000000003
2019-11-28,5.32
2019-11-29,10.36
2019-11-30,3.08
2019-12-01,2.61
2019-12-02,16.529999999999998
2019-12-03,21.17
2019-12-04,17.4
2019-12-05,20.01
2019-12-06,21.17
2019-12-07,5.22
2019-12-08,4.64
2019-12-09,19.43
2019-12-10,20.3
2019-12-11,19.72
2019-12-12,20.3
2019-12-13,26.68
2019-12-14,7.249999999999999
2019-12-15,4.06
2019-12-16,24.94
2019-12-17,25.52
2019-12-18,22.04
2019-12-19,23.78
2019-12-20,19.72
2019-12-21,5.51
2019-12-22,3.19
2019-12-23,23.2
2019-12-24,18.56
2019-12-25,6.38
2019-12-26,24.94
2019-12-27,29.0
2019-12-28,6.959999999999999
2019-12-29,4.93
2019-12-30,22.91
2019-12-31,23.78
2020-01-01,5.4
2020-01-02,24.3
2020-01-03,23.4
2020-01-04,4.95
2020-01-05,3.6
2020-01-06,18.45
2020-01-07,17.55
2020-01-08,22.5
2020-01-09,26.1
2020-01-10,23.85
2020-01-11,5.4
2020-01-12,3.6
2020-01-13,19.8
2020-01-14,23.85
2020-01-15,22.05
2020-01-16,20.7
2020-01-17,19.35
2020-01-18,5.8500000000000005
2020-01-19,2.7
2020-01-20,6.75
2020-01-21,17.55
2020-01-22,17.55
2020-01-23,18.0
2020-01-24,19.8
2020-01-25,4.5
2020-01-26,3.6
2020-01-27,20.7
2020-01-28,45.0
2020-01-29,42.3
2020-01-30,26.1
2020-01-31,25.2
2020-02-01,7.82
2020-02-02,4.140000000000001
2020-02-03,26.22
2020-02-04,23.92
2020-02-05,23.46
2020-02-06,21.62
2020-02-07,19.78
2020-02-08,5.5200000000000005
2020-02-09,3.68
2020-02-10,18.86
2020-02-11,20.24
2020-02-12,19.32
2020-02-13,20.7
2020-02-14,17.48
2020-02-15,5.0600000000000005
2020-02-16,3.22
2020-02-17,9.66
2020-02-18,37.260000000000005
2020-02-19,23.0
2020-02-20,18.86
2020-02-21,19.78
2020-02-22,5.98
2020-02-23,3.22
2020-02-24,34.04
2020-02-25,32.2
2020-02-26,28.52
2020-02-27,35.42
2020-02-28,46.0
2020-02-29,11.04
2020-03-01,9.52
2020-03-02,58.48
2020-03-03,59.16
2020-03-04,49.64
2020-03-05,43.52
2020-03-06,45.56
2020-03-07,11.56
2020-03-08,8.84
2020-03-09,61.2
2020-03-10,54.400000000000006
2020-03-11,49.64
2020-03-12,65.28
2020-03-13,68.0
2020-03-14,20.4
2020-03-15,14.28
2020-03-16,65.28
2020-03-17,58.48
2020-03-18,59.16
2020-03-19,51.68000000000001
2020-03-20,47.6
2020-03-21,14.96
2020-03-22,10.2
2020-03-23,52.36000000000001
2020-03-24,56.440000000000005
2020-03-25,55.080000000000005
2020-03-26,46.92
2020-03-27,38.760000000000005
2020-03-28,10.88
2020-03-29,6.800000000000001
2020-03-30,35.36
2020-03-31,33.32
2020-04-01,23.1
2020-04-02,23.1
2020-04-03,18.48
2020-04-04,5.04
2020-04-05,5.04
2020-04-06,24.78
2020-04-07,23.94
2020-04-08,23.1
2020-04-09,21.0
2020-04-10,9.66
2020-04-11,3.78
2020-04-12,3.78
2020-04-13,18.9
2020-04-14,23.94
2020-04-15,23.52
2020-04-16,23.1
2020-04-17,28.98
2020-04-18,6.3
2020-04-19,5.04
2020-04-20,20.58
2020-04-21,21.0
2020-04-22,19.32
2020-04-23,21.42
2020-04-24,17.22
2020-04-25,5.04
2020-04-26,3.78
2020-04-27,20.58
2020-04-28,20.58
2020-04-29,22.68
2020-04-30,42.0
2020-05-01,36.0
2020-05-02,6.48
2020-05-03,4.68
2020-05-04,20.88
2020-05-05,23.04
2020-05-06,22.32
2020-05-07,19.08
2020-05-08,21.24
2020-05-09,6.12
2020-05-10,4.32
2020-05-11,24.48
2020-05-12,24.84
2020-05-13,24.12
2020-05-14,20.52
2020-05-15,21.24
2020-05-16,5.04
2020-05-17,3.6
2020-05-18,21.24
2020-05-19,19.44
2020-05-20,18.72
2020-05-21,18.0
2020-05-22,16.2
2020-05-23,4.68
2020-05-24,3.24
2020-05-25,4.32
2020-05-26,21.24
2020-05-27,19.8
2020-05-28,16.2
2020-05-29,15.84
2020-05-30,3.6
2020-05-31,3.24
2020-06-01,21.07
2020-06-02,22.36
2020-06-03,21.93
2020-06-04,20.64
2020-06-05,26.66
2020-06-06,6.88
2020-06-07,3.87
2020-06-08,25.37
2020-06-09,31.82
2020-06-10,36.55
2020-06-11,38.27
2020-06-12,32.68
2020-06-13,6.45
2020-06-14,4.73
2020-06-15,25.8
2020-06-16,28.38
2020-06-17,30.1
2020-06-18,25.8
2020-06-19,30.53
2020-06-20,6.88
2020-06-21,4.73
2020-06-22,38.27
2020-06-23,43.0
2020-06-24,33.11
2020-06-25,29.24
2020-06-26,26.66
2020-06-27,8.6
2020-06-28,4.73
2020-06-29,27.95
2020-06-30,27.09
2020-07-01,11.04
2020-07-02,11.04
2020-07-03,4.32
2020-07-04,1.92
2020-07-05,1.44
2020-07-06,13.92
2020-07-07,13.92
2020-07-08,14.88
2020-07-09,14.88
2020-07-10,14.4
2020-07-11,3.84
2020-07-12,2.4
2020-07-13,19.2
2020-07-14,15.36
2020-07-15,16.32
2020-07-16,14.4
2020-07-17,12.0
2020-07-18,2.88
2020-07-19,1.92
2020-07-20,14.4
2020-07-21,15.36
2020-07-22,12.96
2020-07-23,16.32
2020-07-24,16.8
2020-07-25,3.36
2020-07-26,2.4
2020-07-27,13.92
2020-07-28,13.92
2020-07-29,14.4
2020-07-30,31.2
2020-07-31,48.0
2020-08-01,18.48
2020-08-02,10.56
2020-08-03,44.0
2020-08-04,34.32
2020-08-05,32.56
2020-08-06,35.2
2020-08-07,32.56
2020-08-08,8.8
2020-08-09,5.28
2020-08-10,31.68
2020-08-11,36.08
2020-08-12,34.32
2020-08-13,35.2
2020-08-14,31.68
2020-08-15,7.04
2020-08-16,6.16
2020-08-17,30.8
2020-08-18,29.92
2020-08-19,35.2
2020-08-20,32.56
2020-08-21,46.64
2020-08-22,17.6
2020-08-23,9.68
2020-08-24,53.68
2020-08-25,45.76
2020-08-26,41.36
2020-08-27,38.72
2020-08-28,39.6
2020-08-29,14.08
2020-08-30,14.08
2020-08-31,88.0
2020-09-01,81.17999999999999
2020-09-02,75.24
2020-09-03,84.15
2020-09-04,99.0
2020-09-05,17.82
2020-09-06,8.91
2020-09-07,13.86
2020-09-08,75.24
2020-09-09,62.37
2020-09-10,54.45
2020-09-11,47.52
2020-09-12,11.88
2020-09-13,7.92
2020-09-14,46.53
2020-09-15,61.38
2020-09-16,46.53
2020-09-17,45.54
2020-09-18,44.55
2020-09-19,11.88
2020-09-20,8.91
2020-09-21,48.51
2020-09-22,45.54
2020-09-23,44.55
2020-09-24,37.62
2020-09-25,40.59
2020-09-26,10.89
2020-09-27,6.93
2020-09-28,38.61
2020-09-29,36.63
2020-09-30,34.65
2020-10-01,41.08
2020-10-02,43.45
2020-10-03,7.9
2020-10-04,6.32
2020-10-05,37.92
2020-10-06,41.870000000000005
2020-10-07,38.71
2020-10-08,35.550000000000004
2020-10-09,41.08
2020-10-10,11.06
2020-10-11,7.11
2020-10-12,55.3
2020-10-13,79.0
2020-10-14,55.3
2020-10-15,42.66
2020-10-16,39.5
2020-10-17,9.48
2020-10-18,6.32
2020-10-19,41.08
2020-10-20,40.29
2020-10-21,36.34
2020-10-22,37.92
2020-10-23,35.550000000000004
2020-10-24,9.48
2020-10-25,5.53
2020-10-26,35.550000000000004
2020-10-27,38.71
2020-10-28,37.92
2020-10-29,62.41
2020-10-30,62.41
2020-10-31,14.22
2020-11-01,6.76
2020-11-02,43.68
2020-11-03,41.6
2020-11-04,29.64
2020-11-05,36.92
2020-11-06,33.28
2020-11-07,7.28
2020-11-08,6.24
2020-11-09,52.0
2020-11-10,44.72
2020-11-11,39.52
2020-11-12,34.84
2020-11-13,33.28
2020-11-14,8.32
2020-11-15,5.2
2020-11-16,36.4
2020-11-17,33.28
2020-11-18,37.44
2020-11-19,32.76
2020-11-20,28.08
2020-11-21,6.24
2020-11-22,4.68
2020-11-23,30.16
2020-11-24,44.2
2020-11-25,33.800000000000004
2020-11-26,8.84
2020-11-27,23.92
2020-11-28,6.76
2020-11-29,5.2
2020-11-30,33.28
2020-12-01,42.18
2020-12-02,42.18
2020-12-03,34.2
2020-12-04,36.48
2020-12-05,7.979999999999999
2020-12-06,5.699999999999999
2020-12-07,34.2
2020-12-08,33.059999999999995
2020-12-09,38.19
2020-12-10,34.77
2020-12-11,28.5
2020-12-12,7.979999999999999
2020-12-13,4.56
2020-12-14,30.21
2020-12-15,39.33
2020-12-16,38.19
2020-12-17,39.9
2020-12-18,36.48
2020-12-19,9.12
2020-12-20,5.699999999999999
2020-12-21,38.19
2020-12-22,56.99999999999999
2020-12-23,46.17
2020-12-24,31.92
2020-12-25,10.26
2020-12-26,6.84
2020-12-27,6.27
2020-12-28,44.46
2020-12-29,45.03
2020-12-30,38.76
2020-12-31,33.629999999999995
2021-01-01,7.56
2021-01-02,3.78
2021-01-03,4.41
2021-01-04,25.83
2021-01-05,25.2
2021-01-06,28.98
2021-01-07,28.98
2021-01-08,30.24
2021-01-09,7.56
2021-01-10,5.04
2021-01-11,23.94
2021-01-12,23.94
2021-01-13,26.46
2021-01-14,25.83
2021-01-15,22.05
2021-01-16,5.04
2021-01-17,3.78
2021-01-18,7.56
2021-01-19,22.68
2021-01-20,25.83
2021-01-21,31.5
2021-01-22,30.24
2021-01-23,9.45
2021-01-24,6.3
2021-01-25,40.32
2021-01-26,38.43
2021-01-27,63.0
2021-01-28,56.7
2021-01-29,42.21
2021-01-30,12.6
2021-01-31,6.93
2021-02-01,53.1
2021-02-02,53.1
2021-02-03,55.46
2021-02-04,59.0
2021-02-05,48.38
2021-02-06,13.57
2021-02-07,7.67
2021-02-08,43.07
2021-02-09,41.3
2021-02-10,38.94
2021-02-11,38.94
2021-02-12,37.76
2021-02-13,10.62
2021-02-14,6.489999999999999
2021-02-15,15.34
2021-02-16,43.07
2021-02-17,41.89
2021-02-18,44.84
2021-02-19,40.71
2021-02-20,10.03
2021-02-21,7.08
2021-02-22,46.02
2021-02-23,59.0
2021-02-24,53.69
2021-02-25,50.74
2021-02-26,50.15
2021-02-27,14.16
2021-02-28,9.44
2021-03-01,51.6
2021-03-02,51.6
2021-03-03,40.2
2021-03-04,54.0
2021-03-05,54.6
2021-03-06,12.6
2021-03-07,7.8
2021-03-08,55.8
2021-03-09,60.0
2021-03-10,51.6
2021-03-11,48.6
2021-03-12,44.4
2021-03-13,10.8
2021-03-14,6.0
2021-03-15,45.0
2021-03-16,45.6
2021-03-17,42.0
2021-03-18,44.4
2021-03-19,45.0
2021-03-20,9.0
2021-03-21,6.6
2021-03-22,42.6
2021-03-23,41.4
2021-03-24,34.8
2021-03-25,40.8
2021-03-26,36.0
2021-03-27,9.0
2021-03-28,4.8
2021-03-29,34.8
2021-03-30,39.0
2021-03-31,39.6
2021-04-01,27.03
2021-04-02,15.37
2021-04-03,4.24
2021-04-04,4.24
2021-04-05,31.8
2021-04-06,31.270000000000003
2021-04-07,27.56
2021-04-08,33.39
2021-04-09,32.86
2021-04-10,7.42
2021-04-11,4.7700000000000005
2021-04-12,27.56
2021-04-13,31.8
2021-04-14,32.33
2021-04-15,32.33
2021-04-16,27.56
2021-04-17,6.36
2021-04-18,5.300000000000001
2021-04-19,29.15
2021-04-20,31.8
2021-04-21,29.68
2021-04-22,27.03
2021-04-23,24.380000000000003
2021-04-24,5.83
2021-04-25,4.7700000000000005
2021-04-26,29.15
2021-04-27,34.45
2021-04-28,53.0
2021-04-29,53.0
2021-04-30,31.270000000000003
2021-05-01,8.61
2021-05-02,6.15
2021-05-03,35.669999999999995
2021-05-04,41.0
2021-05-05,36.9
2021-05-06,35.669999999999995
2021-05-07,34.03
2021-05-08,6.15
2021-05-09,5.739999999999999
2021-05-10,35.669999999999995
2021-05-11,41.0
2021-05-12,37.72
2021-05-13,37.31
2021-05-14,30.75
2021-05-15,7.789999999999999
2021-05-16,5.739999999999999
2021-05-17,29.93
2021-05-18,29.93
2021-05-19,29.11
2021-05-20,27.47
2021-05-21,30.75
2021-05-22,5.739999999999999
2021-05-23,4.51
2021-05-24,28.7
2021-05-25,27.88
2021-05-26,26.24
2021-05-27,27.47
2021-05-28,25.01
2021-05-29,5.33
2021-05-30,4.1
2021-05-31,4.51
2021-06-01,29.6
2021-06-02,30.71
2021-06-03,30.71
2021-06-04,32.93
2021-06-05,7.4
2021-06-06,4.07
2021-06-07,32.56
2021-06-08,32.56
2021-06-09,30.34
2021-06-10,31.45
2021-06-11,29.6
2021-06-12,6.66
2021-06-13,5.18
2021-06-14,37.0
2021-06-15,35.52
2021-06-16,34.04
2021-06-17,34.78
2021-06-18,32.93
2021-06-19,6.29
2021-06-20,4.07
2021-06-21,32.93
2021-06-22,33.67
2021-06-23,33.3
2021-06-24,36.26
2021-06-25,29.6
2021-06-26,5.92
2021-06-27,4.44
2021-06-28,32.19
2021-06-29,33.67
2021-06-30,32.93
2021-07-01,19.27
2021-07-02,22.09
2021-07-03,5.17
2021-07-04,2.82
2021-07-05,6.109999999999999
2021-07-06,26.79
2021-07-07,29.14
2021-07-08,28.67
2021-07-09,27.26
2021-07-10,7.05
2021-07-11,4.23
2021-07-12,25.38
2021-07-13,28.67
2021-07-14,31.96
2021-07-15,29.14
2021-07-16,24.91
2021-07-17,4.699999999999999
2021-07-18,3.76
2021-07-19,24.44
2021-07-20,27.73
2021-07-21,25.38
2021-07-22,24.91
2021-07-23,24.44
2021-07-24,5.64
2021-07-25,4.23
2021-07-26,28.67
2021-07-27,47.0
2021-07-28,39.01
2021-07-29,26.32
2021-07-30,21.62
2021-07-31,4.699999999999999
2021-08-01,6.46
2021-08-02,32.68
2021-08-03,35.72
2021-08-04,31.92
2021-08-05,30.02
2021-08-06,29.26
2021-08-07,6.46
2021-08-08,6.08
2021-08-09,28.12
2021-08-10,28.5
2021-08-11,27.74
2021-08-12,33.44
2021-08-13,33.82
2021-08-14,6.84
2021-08-15,5.32
2021-08-16,34.2
2021-08-17,35.34
2021-08-18,32.3
2021-08-19,33.82
2021-08-20,30.02
2021-08-21,7.22
2021-08-22,4.18
2021-08-23,31.16
2021-08-24,31.92
2021-08-25,30.4
2021-08-26,28.12
2021-08-27,26.6
2021-08-28,6.84
2021-08-29,4.5600000000000005
2021-08-30,34.96
2021-08-31,38.0
2021-09-01,28.35
2021-09-02,25.55
2021-09-03,25.55
2021-09-04,5.25
2021-09-05,3.5
2021-09-06,3.85
2021-09-07,28.0
2021-09-08,26.25
2021-09-09,24.15
2021-09-10,31.15
2021-09-11,8.75
2021-09-12,5.6
2021-09-13,31.15
2021-09-14,35.0
2021-09-15,27.3
2021-09-16,23.8
2021-09-17,21.35
2021-09-18,6.3
2021-09-19,4.9
2021-09-20,30.45
2021-09-21,26.25
2021-09-22,24.15
2021-09-23,24.85
2021-09-24,22.4
2021-09-25,5.6
2021-09-26,3.15
2021-09-27,21.0
2021-09-28,23.45
2021-09-29,23.8
2021-09-30,23.45
2021-10-01,13.260000000000002
2021-10-02,2.72
2021-10-03,2.3800000000000003
2021-10-04,14.28
2021-10-05,15.64
2021-10-06,14.96
2021-10-07,15.64
2021-10-08,12.58
2021-10-09,2.72
2021-10-10,1.7000000000000002
2021-10-11,11.56
2021-10-12,12.58
2021-10-13,14.96
2021-10-14,13.6
2021-10-15,13.94
2021-10-16,3.4000000000000004
2021-10-17,2.3800000000000003
2021-10-18,14.62
2021-10-19,16.32
2021-10-20,14.62
2021-10-21,14.62
2021-10-22,13.6
2021-10-23,3.4000000000000004
2021-10-24,2.3800000000000003
2021-10-25,14.28
2021-10-26,14.96
2021-10-27,15.64
2021-10-28,34.0
2021-10-29,29.58
2021-10-30,4.08
2021-10-31,2.72
2021-11-01,27.75
2021-11-02,25.53
2021-11-03,25.16
2021-11-04,26.27
2021-11-05,25.9
2021-11-06,5.55
2021-11-07,2.96
2021-11-08,22.57
2021-11-09,22.2
2021-11-10,24.42
2021-11-11,21.09
2021-11-12,23.68
2021-11-13,5.55
2021-11-14,3.7
2021-11-15,21.46
2021-11-16,24.05
2021-11-17,24.79
2021-11-18,33.3
2021-11-19,37.0
2021-11-20,9.25
2021-11-21,5.55
2021-11-22,32.19
2021-11-23,30.71
2021-11-24,27.38
2021-11-25,7.4
2021-11-26,21.83
2021-11-27,5.55
2021-11-28,4.07
2021-11-29,27.75
2021-11-30,30.34
2021-12-01,41.83
2021-12-02,40.89
2021-12-03,31.96
2021-12-04,7.989999999999999
2021-12-05,5.17
2021-12-06,31.02
2021-12-07,42.77
2021-12-08,47.0
2021-12-09,42.3
2021-12-10,41.36
2021-12-11,11.28
2021-12-12,6.109999999999999
2021-12-13,43.24
2021-12-14,39.01
2021-12-15,34.309999999999995
2021-12-16,40.42
2021-12-17,35.72
2021-12-18,7.989999999999999
2021-12-19,5.17
2021-12-20,33.84
2021-12-21,33.37
2021-12-22,33.37
2021-12-23,33.37
2021-12-24,12.69
2021-12-25,5.64
2021-12-26,5.17
2021-12-27,33.37
2021-12-28,31.02
2021-12-29,31.02
2021-12-30,27.26
2021-12-31,22.09
2022-01-01,3.36
2022-01-02,2.94
2022-01-03,21.84
2022-01-04,29.82
2022-01-05,22.68
2022-01-06,17.22
2022-01-07,15.54
2022-01-08,5.46
2022-01-09,2.52
2022-01-10,16.38
2022-01-11,16.8
2022-01-12,14.7
2022-01-13,20.16
2022-01-14,15.12
2022-01-15,4.62
2022-01-16,2.94
2022-01-17,5.04
2022-01-18,15.54
2022-01-19,15.12
2022-01-20,15.54
2022-01-21,19.32
2022-01-22,5.88
2022-01-23,3.78
2022-01-24,36.96
2022-01-25,26.88
2022-01-26,20.16
2022-01-27,37.8
2022-01-28,42.0
2022-01-29,8.4
2022-01-30,3.78
2022-01-31,20.16
2022-02-01,26.520000000000003
2022-02-02,30.26
2022-02-03,28.9
2022-02-04,24.82
2022-02-05,5.78
2022-02-06,3.06
2022-02-07,23.12
2022-02-08,26.180000000000003
2022-02-09,23.46
2022-02-10,29.92
2022-02-11,21.76
2022-02-12,5.78
2022-02-13,3.4000000000000004
2022-02-14,21.76
2022-02-15,21.42
2022-02-16,21.08
2022-02-17,19.72
2022-02-18,22.1
2022-02-19,5.44
2022-02-20,3.4000000000000004
2022-02-21,6.460000000000001
2022-02-22,24.14
2022-02-23,21.42
2022-02-24,34.0
2022-02-25,24.14
2022-02-26,5.44
2022-02-27,5.1000000000000005
2022-02-28,23.12
2022-03-01,26.28
2022-03-02,28.08
2022-03-03,26.64
2022-03-04,27.0
2022-03-05,7.56
2022-03-06,4.32
2022-03-07,30.96
2022-03-08,36.0
2022-03-09,32.4
2022-03-10,33.84
2022-03-11,28.44
2022-03-12,7.56
2022-03-13,5.4
2022-03-14,36.0
2022-03-15,31.68
2022-03-16,36.0
2022-03-17,28.8
2022-03-18,29.88
2022-03-19,7.56
2022-03-20,4.68
2022-03-21,27.36
2022-03-22,28.08
2022-03-23,30.24
2022-03-24,28.8
2022-03-25,27.72
2022-03-26,7.92
2022-03-27,5.04
2022-03-28,29.16
2022-03-29,33.12
2022-03-30,36.0
2022-03-31,28.44
2022-04-01,10.54
2022-04-02,2.72
2022-04-03,2.04
2022-04-04,12.24
2022-04-05,10.54
2022-04-06,11.22
2022-04-07,9.86
2022-04-08,10.88
2022-04-09,2.3800000000000003
2022-04-10,1.7000000000000002
2022-04-11,10.88
2022-04-12,10.54
2022-04-13,10.54
2022-04-14,10.2
2022-04-15,5.44
2022-04-16,1.7000000000000002
2022-04-17,1.36
2022-04-18,10.88
2022-04-19,9.86
2022-04-20,9.86
2022-04-21,10.54
2022-04-22,10.88
2022-04-23,3.4000000000000004
2022-04-24,2.3800000000000003
2022-04-25,12.920000000000002
2022-04-26,14.62
2022-04-27,15.3
2022-04-28,34.0
2022-04-29,24.14
2022-04-30,5.1000000000000005
2022-05-01,4.68
2022-05-02,26.52
2022-05-03,20.67
2022-05-04,20.67
2022-05-05,28.47
2022-05-06,26.130000000000003
2022-05-07,7.41
2022-05-08,4.29
2022-05-09,30.81
2022-05-10,25.74
2022-05-11,32.76
2022-05-12,39.0
2022-05-13,28.47
2022-05-14,5.8500000000000005
2022-05-15,3.9
2022-05-16,22.62
2022-05-17,25.74
2022-05-18,29.64
2022-05-19,31.200000000000003
2022-05-20,30.42
2022-05-21,8.19
2022-05-22,4.68
2022-05-23,27.3
2022-05-24,28.47
2022-05-25,21.45
2022-05-26,21.45
2022-05-27,24.57
2022-05-28,6.24
2022-05-29,3.12
2022-05-30,3.51
2022-05-31,21.84
2022-06-01,25.28
2022-06-02,24.32
2022-06-03,24.96
2022-06-04,6.72
2022-06-05,3.84
2022-06-06,26.24
2022-06-07,24.64
2022-06-08,22.08
2022-06-09,21.12
2022-06-10,26.24
2022-06-11,5.44
2022-06-12,4.16
2022-06-13,32.0
2022-06-14,25.6
2022-06-15,26.24
2022-06-16,29.12
2022-06-17,23.36
2022-06-18,6.08
2022-06-19,3.52
2022-06-20,9.28
2022-06-21,24.64
2022-06-22,22.08
2022-06-23,22.08
2022-06-24,21.44
2022-06-25,5.76
2022-06-26,4.16
2022-06-27,21.76
2022-06-28,22.4
2022-06-29,20.16
2022-06-30,19.2
2022-07-01,11.22
2022-07-02,2.64
2022-07-03,1.65
2022-07-04,1.98
2022-07-05,10.89
2022-07-06,9.9
2022-07-07,11.55
2022-07-08,10.89
2022-07-09,2.64
2022-07-10,1.65
2022-07-11,11.55
2022-07-12,11.22
2022-07-13,10.56
2022-07-14,11.55
2022-07-15,11.88
2022-07-16,2.97
2022-07-17,1.98
2022-07-18,13.86
2022-07-19,13.86
2022-07-20,12.87
2022-07-21,13.86
2022-07-22,12.54
2022-07-23,2.64
2022-07-24,1.65
2022-07-25,12.21
2022-07-26,12.87
2022-07-27,14.85
2022-07-28,33.0
2022-07-29,28.71
2022-07-30,3.96
2022-07-31,2.97
2022-08-01,29.76
2022-08-02,24.32
2022-08-03,28.48
2022-08-04,27.84
2022-08-05,24.96
2022-08-06,6.08
2022-08-07,3.84
2022-08-08,27.2
2022-08-09,24.64
2022-08-10,28.48
2022-08-11,25.92
2022-08-12,32.0
2022-08-13,7.36
2022-08-14,5.12
2022-08-15,27.84
2022-08-16,28.48
2022-08-17,29.12
2022-08-18,28.16
2022-08-19,27.2
2022-08-20,5.44
2022-08-21,4.48
2022-08-22,24.64
2022-08-23,23.04
2022-08-24,22.4
2022-08-25,23.04
2022-08-26,24.0
2022-08-27,7.04
2022-08-28,3.52
2022-08-29,23.04
2022-08-30,23.04
2022-08-31,22.4
2022-09-01,16.8
2022-09-02,15.68
2022-09-03,3.640000000000001
2022-09-04,2.5200000000000005
2022-09-05,3.3600000000000003
2022-09-06,17.080000000000002
2022-09-07,24.64
2022-09-08,17.92
2022-09-09,17.92
2022-09-10,3.08
2022-09-11,3.3600000000000003
2022-09-12,18.48
2022-09-13,23.520000000000003
2022-09-14,19.32
2022-09-15,17.92
2022-09-16,18.48
2022-09-17,4.760000000000001
2022-09-18,2.8000000000000003
2022-09-19,16.240000000000002
2022-09-20,17.360000000000003
2022-09-21,19.040000000000003
2022-09-22,17.92
2022-09-23,18.200000000000003
2022-09-24,4.760000000000001
2022-09-25,3.08
2022-09-26,16.240000000000002
2022-09-27,15.96
2022-09-28,28.000000000000004
2022-09-29,25.76
2022-09-30,22.680000000000003
2022-10-01,3.41
2022-10-02,2.48
2022-10-03,11.78
2022-10-04,12.71
2022-10-05,10.85
2022-10-06,9.92
2022-10-07,10.54
2022-10-08,2.48
2022-10-09,1.55
2022-10-10,8.68
2022-10-11,9.92
2022-10-12,9.3
2022-10-13,10.85
2022-10-14,9.3
2022-10-15,2.17
2022-10-16,1.55
2022-10-17,10.23
2022-10-18,11.47
2022-10-19,9.92
2022-10-20,10.23
2022-10-21,9.3
2022-10-22,2.17
2022-10-23,1.55
2022-10-24,10.54
2022-10-25,12.09
2022-10-26,13.95
2022-10-27,31.0
2022-10-28,27.9
2022-10-29,4.96
2022-10-30,2.48
2022-10-31,12.4
2022-11-01,24.360000000000003
2022-11-02,28.000000000000004
2022-11-03,27.44
2022-11-04,25.76
2022-11-05,6.720000000000001
2022-11-06,3.92
2022-11-07,25.76
2022-11-08,24.08
2022-11-09,21.28
2022-11-10,28.000000000000004
2022-11-11,27.44
2022-11-12,5.32
2022-11-13,3.640000000000001
2022-11-14,22.12
2022-11-15,24.360000000000003
2022-11-16,22.680000000000003
2022-11-17,21.56
2022-11-18,21.840000000000003
2022-11-19,5.32
2022-11-20,3.08
2022-11-21,20.44
2022-11-22,19.6
2022-11-23,19.6
2022-11-24,4.760000000000001
2022-11-25,16.520000000000003
2022-11-26,4.2
2022-11-27,3.92
2022-11-28,22.4
2022-11-29,22.96
2022-11-30,22.680000000000003
2022-12-01,20.16
2022-12-02,18.48
2022-12-03,4.08
2022-12-04,3.12
2022-12-05,20.4
2022-12-06,16.8
2022-12-07,18.0
2022-12-08,15.36
2022-12-09,17.28
2022-12-10,3.36
2022-12-11,2.16
2022-12-12,16.08
2022-12-13,21.12
2022-12-14,18.72
2022-12-15,21.36
2022-12-16,19.44
2022-12-17,4.56
2022-12-18,2.88
2022-12-19,20.4
2022-12-20,23.04
2022-12-21,23.28
2022-12-22,20.64
2022-12-23,17.759999999999998
2022-12-24,5.279999999999999
2022-12-25,2.88
2022-12-26,5.52
2022-12-27,22.08
2022-12-28,24.0
2022-12-29,23.52
2022-12-30,19.44
2022-12-31,5.52
2023-01-01,2.8000000000000003
2023-01-02,5.32
2023-01-03,28.000000000000004
2023-01-04,24.360000000000003
2023-01-05,20.44
2023-01-06,20.160000000000004
2023-01-07,5.040000000000001
2023-01-08,3.640000000000001
2023-01-09,19.6
2023-01-10,16.520000000000003
2023-01-11,19.32
2023-01-12,18.200000000000003
2023-01-13,17.360000000000003
2023-01-14,3.640000000000001
2023-01-15,2.5200000000000005
2023-01-16,5.040000000000001
2023-01-17,17.64
2023-01-18,17.360000000000003
2023-01-19,16.8
2023-01-20,15.400000000000002
2023-01-21,4.48
2023-01-22,3.3600000000000003
2023-01-23,19.6
2023-01-24,21.56
2023-01-25,17.92
2023-01-26,20.72
2023-01-27,18.76
2023-01-28,5.040000000000001
2023-01-29,4.2
2023-01-30,18.48
2023-01-31,18.200000000000003
2023-02-01,13.5
2023-02-02,29.4
2023-02-03,30.0
2023-02-04,4.5
2023-02-05,2.7
2023-02-06,11.7
2023-02-07,12.3
2023-02-08,10.5
2023-02-09,11.1
2023-02-10,9.9
2023-02-11,2.4
2023-02-12,1.7999999999999998
2023-02-13,9.3
2023-02-14,9.3
2023-02-15,11.7
2023-02-16,10.5
2023-02-17,9.6
2023-02-18,2.4
2023-02-19,1.5
2023-02-20,2.7
2023-02-21,8.4
2023-02-22,8.7
2023-02-23,8.7
2023-02-24,7.8
2023-02-25,2.1
2023-02-26,1.2
2023-02-27,8.7
2023-02-28,8.1
2023-03-01,13.2
2023-03-02,15.6
2023-03-03,16.08
2023-03-04,3.84
2023-03-05,2.64
2023-03-06,24.0
2023-03-07,19.2
2023-03-08,18.0
2023-03-09,16.56
2023-03-10,17.28
2023-03-11,3.84
2023-03-12,2.64
2023-03-13,20.16
2023-03-14,18.48
2023-03-15,18.0
2023-03-16,17.52
2023-03-17,17.28
2023-03-18,3.6
2023-03-19,3.12
2023-03-20,19.44
2023-03-21,20.16
2023-03-22,18.72
2023-03-23,20.88
2023-03-24,18.0
2023-03-25,3.84
2023-03-26,3.84
2023-03-27,18.48
2023-03-28,16.08
2023-03-29,18.72
2023-03-30,20.4
2023-03-31,19.68
2023-04-01,4.56
2023-04-02,4.08
2023-04-03,22.08
2023-04-04,21.12
2023-04-05,18.48
2023-04-06,18.72
2023-04-07,10.08
2023-04-08,3.6
2023-04-09,3.12
2023-04-10,21.12
2023-04-11,21.6
2023-04-12,19.68
2023-04-13,21.84
2023-04-14,23.28
2023-04-15,4.08
2023-04-16,4.08
2023-04-17,21.12
2023-04-18,22.8
2023-04-19,23.28
2023-04-20,21.36
2023-04-21,20.88
2023-04-22,3.84
2023-04-23,3.12
2023-04-24,19.68
2023-04-25,20.88
2023-04-26,20.4
2023-04-27,24.0
2023-04-28,19.92
2023-04-29,5.52
2023-04-30,4.56
2023-05-01,12.87
2023-05-02,13.86
2023-05-03,15.510000000000002
2023-05-04,33.0
2023-05-05,30.360000000000003
2023-05-06,6.6000000000000005
2023-05-07,3.3000000000000003
2023-05-08,15.18
2023-05-09,13.2
2023-05-10,13.86
2023-05-11,12.21
2023-05-12,13.2
2023-05-13,2.64
2023-05-14,1.65
2023-05-15,11.88
2023-05-16,11.22
2023-05-17,13.2
2023-05-18,13.2
2023-05-19,12.21
2023-05-20,2.97
2023-05-21,1.98
2023-05-22,11.88
2023-05-23,12.54
2023-05-24,11.88
2023-05-25,13.2
2023-05-26,12.21
2023-05-27,3.63
2023-05-28,2.97
2023-05-29,3.63
2023-05-30,14.85
2023-05-31,13.53
2023-06-01,15.2
2023-06-02,17.1
2023-06-03,3.8
2023-06-04,3.42
2023-06-05,38.0
2023-06-06,27.36
2023-06-07,18.62
2023-06-08,16.34
2023-06-09,14.82
2023-06-10,3.8
2023-06-11,2.66
2023-06-12,14.82
2023-06-13,17.1
2023-06-14,16.34
2023-06-15,15.2
2023-06-16,14.06
2023-06-17,3.8
2023-06-18,2.28
2023-06-19,4.5600000000000005
2023-06-20,14.06
2023-06-21,12.16
2023-06-22,13.3
2023-06-23,13.3
2023-06-24,2.66
2023-06-25,1.9
2023-06-26,13.3
2023-06-27,14.44
2023-06-28,14.82
2023-06-29,15.58
2023-06-30,21.66
2023-07-01,9.6
2023-07-02,5.76
2023-07-03,24.32
2023-07-04,6.72
2023-07-05,24.0
2023-07-06,24.0
2023-07-07,24.0
2023-07-08,5.44
2023-07-09,3.84
2023-07-10,24.0
2023-07-11,22.08
2023-07-12,25.92
2023-07-13,27.2
2023-07-14,23.68
2023-07-15,6.08
2023-07-16,4.8
2023-07-17,25.28
2023-07-18,27.52
2023-07-19,32.0
2023-07-20,26.56
2023-07-21,24.64
2023-07-22,5.44
2023-07-23,4.16
2023-07-24,23.68
2023-07-25,26.24
2023-07-26,26.24
2023-07-27,27.2
2023-07-28,26.24
2023-07-29,6.08
2023-07-30,5.44
2023-07-31,27.52
2023-08-01,15.4
2023-08-02,15.749999999999998
2023-08-03,35.0
2023-08-04,30.45
2023-08-05,5.949999999999999
2023-08-06,3.5
2023-08-07,22.4
2023-08-08,17.5
2023-08-09,15.4
2023-08-10,15.05
2023-08-11,12.6
2023-08-12,2.45
2023-08-13,2.45
2023-08-14,12.95
2023-08-15,11.9
2023-08-16,12.25
2023-08-17,12.25
2023-08-18,13.65
2023-08-19,2.45
2023-08-20,1.4
2023-08-21,12.6
2023-08-22,11.2
2023-08-23,15.05
2023-08-24,13.3
2023-08-25,10.5
2023-08-26,2.8
2023-08-27,2.45
2023-08-28,11.2
2023-08-29,12.95
2023-08-30,13.3
2023-08-31,13.65
2023-09-01,13.72
2023-09-02,3.640000000000001
2023-09-03,2.8000000000000003
2023-09-04,2.5200000000000005
2023-09-05,14.560000000000002
2023-09-06,16.240000000000002
2023-09-07,25.76
2023-09-08,20.44
2023-09-09,4.2
2023-09-10,3.08
2023-09-11,16.8
2023-09-12,28.000000000000004
2023-09-13,20.44
2023-09-14,15.96
2023-09-15,15.12
2023-09-16,3.92
2023-09-17,2.8000000000000003
2023-09-18,14.560000000000002
2023-09-19,15.96
2023-09-20,15.12
2023-09-21,15.12
2023-09-22,12.6
2023-09-23,3.08
2023-09-24,2.5200000000000005
2023-09-25,12.88
2023-09-26,13.44
2023-09-27,13.44
2023-09-28,12.88
2023-09-29,11.48
2023-09-30,3.640000000000001
2023-10-01,3.3
2023-10-02,19.14
2023-10-03,17.16
2023-10-04,18.92
2023-10-05,18.26
2023-10-06,16.94
2023-10-07,3.74
2023-10-08,2.86
2023-10-09,18.7
2023-10-10,17.6
2023-10-11,20.24
2023-10-12,19.58
2023-10-13,16.72
2023-10-14,3.08
2023-10-15,2.86
2023-10-16,18.26
2023-10-17,15.18
2023-10-18,16.94
2023-10-19,16.94
2023-10-20,15.84
2023-10-21,4.4
2023-10-22,2.86
2023-10-23,19.8
2023-10-24,21.34
2023-10-25,19.14
2023-10-26,20.46
2023-10-27,19.14
2023-10-28,3.74
2023-10-29,3.3
2023-10-30,21.56
2023-10-31,22.0
2023-11-01,12.47
2023-11-02,29.0
2023-11-03,23.78
2023-11-04,3.19
2023-11-05,1.7399999999999998
2023-11-06,12.18
2023-11-07,11.89
2023-11-08,12.18
2023-11-09,10.73
2023-11-10,11.31
2023-11-11,2.32
2023-11-12,2.32
2023-11-13,11.31
2023-11-14,13.34
2023-11-15,12.47
2023-11-16,11.89
2023-11-17,11.02
2023-11-18,2.9
2023-11-19,2.03
2023-11-20,12.18
2023-11-21,11.6
2023-11-22,10.73
2023-11-23,2.61
2023-11-24,7.249999999999999
2023-11-25,2.03
2023-11-26,1.7399999999999998
2023-11-27,9.86
2023-11-28,9.86
2023-11-29,10.44
2023-11-30,10.44
2023-12-01,15.6
2023-12-02,4.08
2023-12-03,3.36
2023-12-04,13.92
2023-12-05,19.2
2023-12-06,16.08
2023-12-07,17.28
2023-12-08,17.759999999999998
2023-12-09,4.56
2023-12-10,3.12
2023-12-11,17.759999999999998
2023-12-12,17.28
2023-12-13,20.4
2023-12-14,24.0
2023-12-15,20.88
2023-12-16,5.279999999999999
2023-12-17,3.12
2023-12-18,20.4
2023-12-19,22.32
2023-12-20,20.16
2023-12-21,18.24
2023-12-22,17.04
2023-12-23,3.6
2023-12-24,3.36
2023-12-25,2.4
2023-12-26,16.56
2023-12-27,18.48
2023-12-28,16.32
2023-12-29,14.4
2023-12-30,3.84
2023-12-31,3.12
