date,CSCO
2013-01-01,25.959999999999997
2013-01-02,49.559999999999995
2013-01-03,41.3
2013-01-04,35.989999999999995
2013-01-05,7.67
2013-01-06,10.03
2013-01-07,37.169999999999995
2013-01-08,54.279999999999994
2013-01-09,31.27
2013-01-10,26.549999999999997
2013-01-11,51.33
2013-01-12,18.29
2013-01-13,15.34
2013-01-14,37.76
2013-01-15,45.43
2013-01-16,48.379999999999995
2013-01-17,48.97
2013-01-18,40.71
2013-01-19,14.16
2013-01-20,7.08
2013-01-21,14.16
2013-01-22,38.94
2013-01-23,36.58
2013-01-24,53.69
2013-01-25,59.0
2013-01-26,27.139999999999997
2013-01-27,14.16
2013-01-28,26.549999999999997
2013-01-29,43.66
2013-01-30,38.94
2013-01-31,30.68
2013-02-01,17.64
2013-02-02,10.08
2013-02-03,3.15
2013-02-04,26.46
2013-02-05,24.57
2013-02-06,29.61
2013-02-07,23.31
2013-02-08,20.16
2013-02-09,7.5600000000000005
2013-02-10,5.04
2013-02-11,23.94
2013-02-12,28.98
2013-02-13,63.0
2013-02-14,58.59
2013-02-15,26.46
2013-02-16,7.5600000000000005
2013-02-17,3.15
2013-02-18,18.9
2013-02-19,26.46
2013-02-20,26.46
2013-02-21,15.75
2013-02-22,30.87
2013-02-23,10.71
2013-02-24,5.67
2013-02-25,6.3
2013-02-26,27.72
2013-02-27,24.57
2013-02-28,21.42
2013-03-01,23.85
2013-03-02,16.43
2013-03-03,9.01
2013-03-04,32.86
2013-03-05,40.81
2013-03-06,36.04
2013-03-07,43.46
2013-03-08,42.93
2013-03-09,15.9
2013-03-10,15.370000000000001
2013-03-11,38.690000000000005
2013-03-12,36.57
2013-03-13,29.150000000000002
2013-03-14,39.22
2013-03-15,30.21
2013-03-16,14.84
2013-03-17,3.18
2013-03-18,30.21
2013-03-19,32.33
2013-03-20,28.09
2013-03-21,53.0
2013-03-22,43.99
2013-03-23,11.13
2013-03-24,7.95
2013-03-25,24.91
2013-03-26,30.740000000000002
2013-03-27,36.04
2013-03-28,33.92
2013-03-29,16.96
2013-03-30,12.72
2013-03-31,6.36
2013-04-01,38.879999999999995
2013-04-02,48.0
2013-04-03,26.4
2013-04-04,34.08
2013-04-05,44.64
2013-04-06,10.08
2013-04-07,4.32
2013-04-08,23.52
2013-04-09,27.36
2013-04-10,36.48
2013-04-11,36.0
2013-04-12,29.279999999999998
2013-04-13,4.8
2013-04-14,7.68
2013-04-15,20.64
2013-04-16,27.84
2013-04-17,31.68
2013-04-18,25.439999999999998
2013-04-19,36.0
2013-04-20,13.44
2013-04-21,4.32
2013-04-22,25.439999999999998
2013-04-23,22.56
2013-04-24,38.4
2013-04-25,31.2
2013-04-26,32.16
2013-04-27,17.28
2013-04-28,3.36
2013-04-29,19.2
2013-04-30,30.24
2013-05-01,8.879999999999999
2013-05-02,8.879999999999999
2013-05-03,11.84
2013-05-04,2.2199999999999998
2013-05-05,4.4399999999999995
2013-05-06,10.36
2013-05-07,14.06
2013-05-08,9.62
2013-05-09,11.1
2013-05-10,7.4
2013-05-11,5.92
2013-05-12,1.48
2013-05-13,18.5
2013-05-14,19.98
2013-05-15,39.22
2013-05-16,74.0
2013-05-17,46.62
2013-05-18,11.84
2013-05-19,7.4
2013-05-20,25.9
2013-05-21,19.98
2013-05-22,22.2
2013-05-23,23.68
2013-05-24,17.02
2013-05-25,5.18
2013-05-26,4.4399999999999995
2013-05-27,5.18
2013-05-28,19.24
2013-05-29,19.24
2013-05-30,15.54
2013-05-31,19.24
2013-06-01,0.0
2013-06-02,0.0
2013-06-03,42.400000000000006
2013-06-04,45.050000000000004
2013-06-05,42.93
2013-06-06,36.04
2013-06-07,39.22
2013-06-08,11.13
2013-06-09,0.0
2013-06-10,33.39
2013-06-11,32.86
2013-06-12,32.86
2013-06-13,26.5
2013-06-14,29.68
2013-06-15,9.540000000000001
2013-06-16,14.84
2013-06-17,40.28
2013-06-18,44.52
2013-06-19,53.0
2013-06-20,41.870000000000005
2013-06-21,24.380000000000003
2013-06-22,10.07
2013-06-23,7.95
2013-06-24,20.14
2013-06-25,34.980000000000004
2013-06-26,28.09
2013-06-27,36.04
2013-06-28,45.580000000000005
2013-06-29,12.72
2013-06-30,13.25
2013-07-01,42.919999999999995
2013-07-02,30.159999999999997
2013-07-03,53.36
2013-07-04,13.34
2013-07-05,24.939999999999998
2013-07-06,24.36
2013-07-07,0.0
2013-07-08,35.379999999999995
2013-07-09,57.99999999999999
2013-07-10,50.459999999999994
2013-07-11,52.779999999999994
2013-07-12,37.699999999999996
2013-07-13,15.079999999999998
2013-07-14,19.72
2013-07-15,45.239999999999995
2013-07-16,37.12
2013-07-17,35.96
2013-07-18,51.04
2013-07-19,55.67999999999999
2013-07-20,14.499999999999998
2013-07-21,10.44
2013-07-22,34.22
2013-07-23,53.94
2013-07-24,41.76
2013-07-25,40.019999999999996
2013-07-26,35.379999999999995
2013-07-27,17.4
2013-07-28,11.6
2013-07-29,26.099999999999998
2013-07-30,39.44
2013-07-31,42.919999999999995
2013-08-01,18.17
2013-08-02,20.54
2013-08-03,7.9
2013-08-04,4.74
2013-08-05,12.64
2013-08-06,24.490000000000002
2013-08-07,9.48
2013-08-08,14.22
2013-08-09,19.75
2013-08-10,3.16
2013-08-11,0.0
2013-08-12,18.17
2013-08-13,17.380000000000003
2013-08-14,66.36
2013-08-15,79.0
2013-08-16,37.92
2013-08-17,12.64
2013-08-18,1.58
2013-08-19,22.91
2013-08-20,22.91
2013-08-21,15.8
2013-08-22,16.59
2013-08-23,18.17
2013-08-24,4.74
2013-08-25,3.16
2013-08-26,14.22
2013-08-27,15.8
2013-08-28,9.48
2013-08-29,10.27
2013-08-30,12.64
2013-08-31,4.74
2013-09-01,0.0
2013-09-02,8.16
2013-09-03,29.759999999999998
2013-09-04,37.44
2013-09-05,37.92
2013-09-06,29.279999999999998
2013-09-07,6.72
2013-09-08,14.879999999999999
2013-09-09,25.439999999999998
2013-09-10,31.2
2013-09-11,48.0
2013-09-12,28.799999999999997
2013-09-13,38.4
2013-09-14,10.08
2013-09-15,11.52
2013-09-16,31.2
2013-09-17,41.76
2013-09-18,31.2
2013-09-19,37.92
2013-09-20,33.12
2013-09-21,9.12
2013-09-22,0.0
2013-09-23,36.96
2013-09-24,31.68
2013-09-25,22.56
2013-09-26,43.199999999999996
2013-09-27,27.84
2013-09-28,9.6
2013-09-29,13.92
2013-09-30,31.68
2013-10-01,24.5
2013-10-02,31.849999999999998
2013-10-03,38.71
2013-10-04,29.4
2013-10-05,12.25
2013-10-06,0.0
2013-10-07,24.99
2013-10-08,25.48
2013-10-09,26.95
2013-10-10,27.439999999999998
2013-10-11,26.95
2013-10-12,0.0
2013-10-13,7.84
2013-10-14,11.76
2013-10-15,23.03
2013-10-16,33.81
2013-10-17,43.61
2013-10-18,49.0
2013-10-19,7.84
2013-10-20,7.84
2013-10-21,23.52
2013-10-22,30.38
2013-10-23,23.03
2013-10-24,39.2
2013-10-25,37.73
2013-10-26,9.8
2013-10-27,3.4299999999999997
2013-10-28,29.89
2013-10-29,31.36
2013-10-30,22.54
2013-10-31,28.91
2013-11-01,7.92
2013-11-02,0.72
2013-11-03,0.0
2013-11-04,5.76
2013-11-05,10.799999999999999
2013-11-06,10.799999999999999
2013-11-07,12.959999999999999
2013-11-08,10.799999999999999
2013-11-09,0.0
2013-11-10,0.0
2013-11-11,5.04
2013-11-12,10.799999999999999
2013-11-13,35.28
2013-11-14,72.0
2013-11-15,36.72
2013-11-16,7.199999999999999
2013-11-17,2.88
2013-11-18,20.16
2013-11-19,16.56
2013-11-20,12.959999999999999
2013-11-21,13.68
2013-11-22,11.52
2013-11-23,4.32
2013-11-24,1.44
2013-11-25,10.799999999999999
2013-11-26,12.24
2013-11-27,7.92
2013-11-28,2.16
2013-11-29,5.76
2013-11-30,5.04
2013-12-01,5.88
2013-12-02,25.97
2013-12-03,43.61
2013-12-04,41.16
2013-12-05,33.32
2013-12-06,29.89
2013-12-07,0.0
2013-12-08,7.35
2013-12-09,31.849999999999998
2013-12-10,29.4
2013-12-11,36.26
2013-12-12,39.69
2013-12-13,38.22
2013-12-14,11.27
2013-12-15,6.859999999999999
2013-12-16,37.24
2013-12-17,49.0
2013-12-18,47.04
2013-12-19,44.1
2013-12-20,32.339999999999996
2013-12-21,12.74
2013-12-22,4.9
2013-12-23,48.019999999999996
2013-12-24,40.18
2013-12-25,10.78
2013-12-26,36.75
2013-12-27,35.769999999999996
2013-12-28,16.66
2013-12-29,16.169999999999998
2013-12-30,31.36
2013-12-31,34.3
2014-01-01,20.06
2014-01-02,38.35
2014-01-03,48.379999999999995
2014-01-04,0.0
2014-01-05,14.75
2014-01-06,34.809999999999995
2014-01-07,50.15
2014-01-08,42.48
2014-01-09,43.07
2014-01-10,37.76
2014-01-11,26.549999999999997
2014-01-12,18.29
2014-01-13,51.33
2014-01-14,57.82
2014-01-15,59.0
2014-01-16,53.099999999999994
2014-01-17,51.33
2014-01-18,26.549999999999997
2014-01-19,11.209999999999999
2014-01-20,14.75
2014-01-21,42.48
2014-01-22,38.94
2014-01-23,44.839999999999996
2014-01-24,40.12
2014-01-25,13.569999999999999
2014-01-26,8.85
2014-01-27,53.099999999999994
2014-01-28,45.43
2014-01-29,34.809999999999995
2014-01-30,52.51
2014-01-31,25.369999999999997
2014-02-01,6.3
2014-02-02,0.0
2014-02-03,15.120000000000001
2014-02-04,17.64
2014-02-05,15.75
2014-02-06,13.23
2014-02-07,20.16
2014-02-08,0.0
2014-02-09,6.93
2014-02-10,15.75
2014-02-11,21.42
2014-02-12,63.0
2014-02-13,52.29
2014-02-14,25.830000000000002
2014-02-15,6.3
2014-02-16,4.41
2014-02-17,10.71
2014-02-18,20.16
2014-02-19,15.120000000000001
2014-02-20,10.08
2014-02-21,11.97
2014-02-22,2.52
2014-02-23,0.0
2014-02-24,17.64
2014-02-25,13.86
2014-02-26,8.82
2014-02-27,13.86
2014-02-28,20.79
2014-03-01,8.74
2014-03-02,11.02
2014-03-03,25.080000000000002
2014-03-04,25.84
2014-03-05,37.62
2014-03-06,32.3
2014-03-07,19.38
2014-03-08,0.0
2014-03-09,0.0
2014-03-10,26.22
2014-03-11,19.0
2014-03-12,14.82
2014-03-13,25.080000000000002
2014-03-14,23.94
2014-03-15,15.58
2014-03-16,0.0
2014-03-17,38.0
2014-03-18,23.94
2014-03-19,26.6
2014-03-20,29.26
2014-03-21,33.82
2014-03-22,15.2
2014-03-23,0.0
2014-03-24,37.62
2014-03-25,32.3
2014-03-26,28.5
2014-03-27,26.98
2014-03-28,32.3
2014-03-29,13.68
2014-03-30,6.84
2014-03-31,31.16
2014-04-01,47.0
2014-04-02,24.439999999999998
2014-04-03,33.839999999999996
2014-04-04,29.61
2014-04-05,8.459999999999999
2014-04-06,2.82
2014-04-07,27.259999999999998
2014-04-08,24.91
2014-04-09,28.2
2014-04-10,27.259999999999998
2014-04-11,40.419999999999995
2014-04-12,0.0
2014-04-13,7.989999999999999
2014-04-14,25.38
2014-04-15,30.08
2014-04-16,29.61
2014-04-17,33.839999999999996
2014-04-18,16.45
2014-04-19,8.459999999999999
2014-04-20,9.399999999999999
2014-04-21,17.86
2014-04-22,29.61
2014-04-23,27.729999999999997
2014-04-24,24.91
2014-04-25,29.139999999999997
2014-04-26,16.919999999999998
2014-04-27,11.28
2014-04-28,15.04
2014-04-29,27.259999999999998
2014-04-30,20.209999999999997
2014-05-01,9.92
2014-05-02,13.64
2014-05-03,6.2
2014-05-04,0.0
2014-05-05,13.02
2014-05-06,13.02
2014-05-07,14.879999999999999
2014-05-08,9.3
2014-05-09,15.5
2014-05-10,9.92
2014-05-11,8.06
2014-05-12,17.98
2014-05-13,19.22
2014-05-14,50.22
2014-05-15,62.0
2014-05-16,35.339999999999996
2014-05-17,8.06
2014-05-18,0.0
2014-05-19,20.46
2014-05-20,19.84
2014-05-21,20.46
2014-05-22,31.62
2014-05-23,14.26
2014-05-24,11.16
2014-05-25,8.68
2014-05-26,4.34
2014-05-27,21.08
2014-05-28,23.56
2014-05-29,13.64
2014-05-30,22.32
2014-05-31,1.8599999999999999
2014-06-01,7.52
2014-06-02,32.9
2014-06-03,36.66
2014-06-04,37.129999999999995
2014-06-05,22.09
2014-06-06,46.529999999999994
2014-06-07,7.05
2014-06-08,13.629999999999999
2014-06-09,43.239999999999995
2014-06-10,47.0
2014-06-11,39.48
2014-06-12,21.619999999999997
2014-06-13,37.599999999999994
2014-06-14,0.0
2014-06-15,7.989999999999999
2014-06-16,24.91
2014-06-17,31.02
2014-06-18,31.49
2014-06-19,34.78
2014-06-20,11.75
2014-06-21,16.45
2014-06-22,0.0
2014-06-23,22.56
2014-06-24,22.56
2014-06-25,28.2
2014-06-26,25.38
2014-06-27,30.08
2014-06-28,14.569999999999999
2014-06-29,6.109999999999999
2014-06-30,31.02
2014-07-01,47.0
2014-07-02,39.01
2014-07-03,31.959999999999997
2014-07-04,7.989999999999999
2014-07-05,11.28
2014-07-06,7.05
2014-07-07,23.5
2014-07-08,21.619999999999997
2014-07-09,33.37
2014-07-10,30.549999999999997
2014-07-11,20.68
2014-07-12,0.0
2014-07-13,8.93
2014-07-14,21.619999999999997
2014-07-15,28.669999999999998
2014-07-16,40.89
2014-07-17,32.9
2014-07-18,23.97
2014-07-19,19.27
2014-07-20,14.569999999999999
2014-07-21,26.79
2014-07-22,34.78
2014-07-23,36.19
2014-07-24,39.01
2014-07-25,27.259999999999998
2014-07-26,13.629999999999999
2014-07-27,13.629999999999999
2014-07-28,19.74
2014-07-29,34.78
2014-07-30,23.5
2014-07-31,25.38
2014-08-01,13.780000000000001
2014-08-02,9.01
2014-08-03,1.59
2014-08-04,11.66
2014-08-05,12.190000000000001
2014-08-06,7.95
2014-08-07,16.96
2014-08-08,9.01
2014-08-09,5.300000000000001
2014-08-10,5.300000000000001
2014-08-11,18.55
2014-08-12,16.43
2014-08-13,53.0
2014-08-14,53.0
2014-08-15,18.55
2014-08-16,5.300000000000001
2014-08-17,4.7700000000000005
2014-08-18,17.490000000000002
2014-08-19,15.9
2014-08-20,14.31
2014-08-21,6.890000000000001
2014-08-22,9.540000000000001
2014-08-23,5.300000000000001
2014-08-24,7.95
2014-08-25,1.59
2014-08-26,16.43
2014-08-27,11.13
2014-08-28,11.66
2014-08-29,14.84
2014-08-30,0.0
2014-08-31,2.12
2014-09-01,14.620000000000001
2014-09-02,11.56
2014-09-03,14.280000000000001
2014-09-04,12.24
2014-09-05,14.620000000000001
2014-09-06,4.760000000000001
2014-09-07,7.82
2014-09-08,18.700000000000003
2014-09-09,34.0
2014-09-10,28.560000000000002
2014-09-11,24.48
2014-09-12,14.96
2014-09-13,10.88
2014-09-14,0.0
2014-09-15,17.68
2014-09-16,24.14
2014-09-17,22.1
2014-09-18,29.92
2014-09-19,17.34
2014-09-20,0.0
2014-09-21,0.0
2014-09-22,17.34
2014-09-23,24.82
2014-09-24,15.98
2014-09-25,22.1
2014-09-26,22.44
2014-09-27,9.520000000000001
2014-09-28,5.78
2014-09-29,10.540000000000001
2014-09-30,29.92
2014-10-01,15.399999999999999
2014-10-02,21.7
2014-10-03,16.099999999999998
2014-10-04,5.6
2014-10-05,5.25
2014-10-06,16.099999999999998
2014-10-07,18.549999999999997
2014-10-08,24.15
2014-10-09,24.5
2014-10-10,26.95
2014-10-11,12.95
2014-10-12,6.3
2014-10-13,17.5
2014-10-14,25.549999999999997
2014-10-15,22.75
2014-10-16,19.95
2014-10-17,20.65
2014-10-18,0.0
2014-10-19,10.149999999999999
2014-10-20,27.65
2014-10-21,20.65
2014-10-22,28.0
2014-10-23,26.25
2014-10-24,25.9
2014-10-25,11.549999999999999
2014-10-26,9.1
2014-10-27,14.0
2014-10-28,23.099999999999998
2014-10-29,15.049999999999999
2014-10-30,18.549999999999997
2014-10-31,35.0
2014-11-01,3.52
2014-11-02,2.64
2014-11-03,5.28
2014-11-04,10.56
2014-11-05,10.56
2014-11-06,16.72
2014-11-07,14.96
2014-11-08,3.08
2014-11-09,9.24
2014-11-10,13.2
2014-11-11,22.0
2014-11-12,39.6
2014-11-13,44.0
2014-11-14,30.8
2014-11-15,10.56
2014-11-16,3.96
2014-11-17,16.28
2014-11-18,25.080000000000002
2014-11-19,20.68
2014-11-20,27.72
2014-11-21,22.0
2014-11-22,3.08
2014-11-23,2.64
2014-11-24,12.76
2014-11-25,15.84
2014-11-26,24.64
2014-11-27,10.12
2014-11-28,12.32
2014-11-29,7.92
2014-11-30,0.0
2014-12-01,25.6
2014-12-02,25.200000000000003
2014-12-03,30.8
2014-12-04,32.0
2014-12-05,40.0
2014-12-06,14.8
2014-12-07,8.0
2014-12-08,16.8
2014-12-09,24.0
2014-12-10,22.400000000000002
2014-12-11,12.8
2014-12-12,20.8
2014-12-13,8.8
2014-12-14,14.4
2014-12-15,14.0
2014-12-16,26.0
2014-12-17,27.6
2014-12-18,31.200000000000003
2014-12-19,28.400000000000002
2014-12-20,20.400000000000002
2014-12-21,5.6000000000000005
2014-12-22,16.400000000000002
2014-12-23,31.200000000000003
2014-12-24,24.400000000000002
2014-12-25,18.400000000000002
2014-12-26,13.200000000000001
2014-12-27,0.0
2014-12-28,8.0
2014-12-29,20.8
2014-12-30,24.0
2014-12-31,31.200000000000003
2015-01-01,0.0
2015-01-02,18.400000000000002
2015-01-03,8.0
2015-01-04,0.0
2015-01-05,33.2
2015-01-06,29.6
2015-01-07,24.400000000000002
2015-01-08,34.4
2015-01-09,27.6
2015-01-10,6.800000000000001
2015-01-11,6.4
2015-01-12,19.6
2015-01-13,40.0
2015-01-14,30.8
2015-01-15,14.4
2015-01-16,18.0
2015-01-17,11.600000000000001
2015-01-18,0.0
2015-01-19,6.800000000000001
2015-01-20,25.6
2015-01-21,26.0
2015-01-22,22.0
2015-01-23,28.8
2015-01-24,0.0
2015-01-25,13.600000000000001
2015-01-26,15.200000000000001
2015-01-27,30.8
2015-01-28,20.8
2015-01-29,19.6
2015-01-30,17.6
2015-01-31,8.0
2015-02-01,10.26
2015-02-02,11.969999999999999
2015-02-03,10.26
2015-02-04,7.9799999999999995
2015-02-05,11.969999999999999
2015-02-06,13.11
2015-02-07,0.0
2015-02-08,0.0
2015-02-09,10.26
2015-02-10,13.68
2015-02-11,31.919999999999998
2015-02-12,56.99999999999999
2015-02-13,34.199999999999996
2015-02-14,9.12
2015-02-15,6.84
2015-02-16,7.409999999999999
2015-02-17,18.81
2015-02-18,18.24
2015-02-19,17.099999999999998
2015-02-20,13.11
2015-02-21,7.9799999999999995
2015-02-22,5.13
2015-02-23,14.249999999999998
2015-02-24,10.829999999999998
2015-02-25,16.529999999999998
2015-02-26,17.099999999999998
2015-02-27,14.819999999999999
2015-02-28,3.42
2015-03-01,11.040000000000001
2015-03-02,46.0
2015-03-03,34.96
2015-03-04,23.0
2015-03-05,31.28
2015-03-06,21.62
2015-03-07,10.120000000000001
2015-03-08,2.7600000000000002
2015-03-09,28.060000000000002
2015-03-10,24.84
2015-03-11,36.34
2015-03-12,12.42
2015-03-13,18.86
2015-03-14,10.120000000000001
2015-03-15,0.0
2015-03-16,19.78
2015-03-17,22.080000000000002
2015-03-18,18.400000000000002
2015-03-19,18.400000000000002
2015-03-20,23.92
2015-03-21,0.0
2015-03-22,11.040000000000001
2015-03-23,17.02
2015-03-24,10.58
2015-03-25,16.560000000000002
2015-03-26,25.3
2015-03-27,23.0
2015-03-28,11.040000000000001
2015-03-29,2.7600000000000002
2015-03-30,19.32
2015-03-31,17.48
2015-04-01,28.5
2015-04-02,18.240000000000002
2015-04-03,30.4
2015-04-04,7.22
2015-04-05,6.84
2015-04-06,32.3
2015-04-07,23.94
2015-04-08,30.02
2015-04-09,22.42
2015-04-10,22.04
2015-04-11,4.94
2015-04-12,10.26
2015-04-13,19.76
2015-04-14,30.02
2015-04-15,18.62
2015-04-16,33.82
2015-04-17,20.9
2015-04-18,11.02
2015-04-19,10.26
2015-04-20,31.92
2015-04-21,38.0
2015-04-22,9.88
2015-04-23,23.56
2015-04-24,25.080000000000002
2015-04-25,6.84
2015-04-26,0.0
2015-04-27,33.06
2015-04-28,25.84
2015-04-29,35.34
2015-04-30,19.76
2015-05-01,13.52
2015-05-02,9.36
2015-05-03,4.16
2015-05-04,44.2
2015-05-05,31.200000000000003
2015-05-06,30.68
2015-05-07,22.880000000000003
2015-05-08,25.48
2015-05-09,4.68
2015-05-10,19.76
2015-05-11,29.12
2015-05-12,21.32
2015-05-13,52.0
2015-05-14,52.0
2015-05-15,32.24
2015-05-16,7.28
2015-05-17,3.12
2015-05-18,29.64
2015-05-19,25.48
2015-05-20,24.96
2015-05-21,16.12
2015-05-22,18.2
2015-05-23,9.88
2015-05-24,0.0
2015-05-25,4.16
2015-05-26,20.8
2015-05-27,8.32
2015-05-28,23.400000000000002
2015-05-29,21.84
2015-05-30,0.0
2015-05-31,0.0
2015-06-01,30.400000000000002
2015-06-02,23.6
2015-06-03,30.0
2015-06-04,29.6
2015-06-05,22.8
2015-06-06,5.2
2015-06-07,10.4
2015-06-08,21.6
2015-06-09,14.4
2015-06-10,32.800000000000004
2015-06-11,29.6
2015-06-12,24.0
2015-06-13,9.200000000000001
2015-06-14,11.200000000000001
2015-06-15,39.2
2015-06-16,15.200000000000001
2015-06-17,33.2
2015-06-18,20.400000000000002
2015-06-19,29.6
2015-06-20,5.2
2015-06-21,5.6000000000000005
2015-06-22,22.0
2015-06-23,40.0
2015-06-24,29.6
2015-06-25,22.0
2015-06-26,20.8
2015-06-27,21.200000000000003
2015-06-28,5.2
2015-06-29,16.400000000000002
2015-06-30,27.200000000000003
2015-07-01,33.6
2015-07-02,24.779999999999998
2015-07-03,6.3
2015-07-04,5.88
2015-07-05,9.24
2015-07-06,23.099999999999998
2015-07-07,29.4
2015-07-08,42.0
2015-07-09,38.22
2015-07-10,21.0
2015-07-11,0.0
2015-07-12,13.86
2015-07-13,33.18
2015-07-14,31.919999999999998
2015-07-15,28.98
2015-07-16,26.88
2015-07-17,33.6
2015-07-18,13.86
2015-07-19,15.959999999999999
2015-07-20,24.36
2015-07-21,26.88
2015-07-22,36.96
2015-07-23,23.099999999999998
2015-07-24,23.099999999999998
2015-07-25,7.14
2015-07-26,4.62
2015-07-27,22.68
2015-07-28,21.0
2015-07-29,23.099999999999998
2015-07-30,18.9
2015-07-31,23.52
2015-08-01,0.0
2015-08-02,7.0200000000000005
2015-08-03,10.8
2015-08-04,13.5
2015-08-05,6.48
2015-08-06,16.200000000000003
2015-08-07,9.18
2015-08-08,5.94
2015-08-09,5.4
2015-08-10,18.36
2015-08-11,14.580000000000002
2015-08-12,38.34
2015-08-13,54.0
2015-08-14,19.98
2015-08-15,7.0200000000000005
2015-08-16,4.32
2015-08-17,13.5
2015-08-18,15.120000000000001
2015-08-19,6.48
2015-08-20,14.040000000000001
2015-08-21,17.28
2015-08-22,7.0200000000000005
2015-08-23,10.260000000000002
2015-08-24,32.400000000000006
2015-08-25,25.380000000000003
2015-08-26,22.68
2015-08-27,25.380000000000003
2015-08-28,11.88
2015-08-29,7.0200000000000005
2015-08-30,5.4
2015-08-31,14.040000000000001
2015-09-01,29.64
2015-09-02,21.28
2015-09-03,21.66
2015-09-04,10.26
2015-09-05,0.0
2015-09-06,15.2
2015-09-07,0.0
2015-09-08,33.06
2015-09-09,17.86
2015-09-10,22.8
2015-09-11,38.0
2015-09-12,6.08
2015-09-13,0.0
2015-09-14,15.96
2015-09-15,26.98
2015-09-16,33.06
2015-09-17,27.36
2015-09-18,27.740000000000002
2015-09-19,9.5
2015-09-20,6.46
2015-09-21,25.84
2015-09-22,16.72
2015-09-23,20.9
2015-09-24,25.080000000000002
2015-09-25,29.26
2015-09-26,16.34
2015-09-27,0.0
2015-09-28,16.34
2015-09-29,19.38
2015-09-30,28.88
2015-10-01,23.01
2015-10-02,21.060000000000002
2015-10-03,4.29
2015-10-04,5.46
2015-10-05,33.54
2015-10-06,34.71
2015-10-07,37.44
2015-10-08,33.15
2015-10-09,20.67
2015-10-10,15.21
2015-10-11,0.0
2015-10-12,19.5
2015-10-13,18.72
2015-10-14,28.470000000000002
2015-10-15,29.25
2015-10-16,27.3
2015-10-17,7.800000000000001
2015-10-18,5.46
2015-10-19,21.45
2015-10-20,17.55
2015-10-21,29.64
2015-10-22,36.660000000000004
2015-10-23,39.0
2015-10-24,13.26
2015-10-25,11.700000000000001
2015-10-26,25.35
2015-10-27,33.15
2015-10-28,24.18
2015-10-29,23.400000000000002
2015-10-30,38.22
2015-10-31,9.36
2015-11-01,2.88
2015-11-02,16.56
2015-11-03,13.68
2015-11-04,6.4799999999999995
2015-11-05,12.959999999999999
2015-11-06,10.44
2015-11-07,8.28
2015-11-08,1.7999999999999998
2015-11-09,10.44
2015-11-10,10.44
2015-11-11,11.16
2015-11-12,21.24
2015-11-13,36.0
2015-11-14,11.52
2015-11-15,0.0
2015-11-16,15.479999999999999
2015-11-17,11.16
2015-11-18,6.4799999999999995
2015-11-19,7.56
2015-11-20,13.32
2015-11-21,4.68
2015-11-22,0.0
2015-11-23,11.879999999999999
2015-11-24,9.0
2015-11-25,9.0
2015-11-26,11.52
2015-11-27,10.799999999999999
2015-11-28,0.0
2015-11-29,2.88
2015-11-30,12.959999999999999
2015-12-01,21.9
2015-12-02,23.099999999999998
2015-12-03,18.9
2015-12-04,15.899999999999999
2015-12-05,6.8999999999999995
2015-12-06,6.8999999999999995
2015-12-07,15.899999999999999
2015-12-08,5.1
2015-12-09,9.299999999999999
2015-12-10,23.4
2015-12-11,14.399999999999999
2015-12-12,6.3
2015-12-13,22.5
2015-12-14,13.2
2015-12-15,5.1
2015-12-16,18.0
2015-12-17,17.4
2015-12-18,16.8
2015-12-19,0.0
2015-12-20,6.0
2015-12-21,19.2
2015-12-22,30.0
2015-12-23,26.099999999999998
2015-12-24,19.8
2015-12-25,8.7
2015-12-26,12.299999999999999
2015-12-27,0.0
2015-12-28,16.5
2015-12-29,12.6
2015-12-30,22.2
2015-12-31,17.4
2016-01-01,0.0
2016-01-02,9.450000000000001
2016-01-03,9.9
2016-01-04,38.7
2016-01-05,31.5
2016-01-06,45.0
2016-01-07,42.300000000000004
2016-01-08,32.4
2016-01-09,10.35
2016-01-10,3.15
2016-01-11,31.95
2016-01-12,34.2
2016-01-13,27.900000000000002
2016-01-14,14.85
2016-01-15,23.400000000000002
2016-01-16,19.35
2016-01-17,6.75
2016-01-18,17.1
2016-01-19,32.4
2016-01-20,42.300000000000004
2016-01-21,27.900000000000002
2016-01-22,25.2
2016-01-23,7.2
2016-01-24,8.55
2016-01-25,31.5
2016-01-26,34.65
2016-01-27,32.85
2016-01-28,33.75
2016-01-29,34.65
2016-01-30,8.55
2016-01-31,4.95
2016-02-01,12.979999999999999
2016-02-02,13.569999999999999
2016-02-03,15.34
2016-02-04,17.7
2016-02-05,16.52
2016-02-06,2.36
2016-02-07,4.13
2016-02-08,15.34
2016-02-09,14.75
2016-02-10,40.12
2016-02-11,59.0
2016-02-12,36.58
2016-02-13,5.8999999999999995
2016-02-14,5.31
2016-02-15,7.08
2016-02-16,15.93
2016-02-17,22.419999999999998
2016-02-18,17.7
2016-02-19,17.11
2016-02-20,3.54
2016-02-21,3.54
2016-02-22,18.88
2016-02-23,12.979999999999999
2016-02-24,12.979999999999999
2016-02-25,15.93
2016-02-26,14.75
2016-02-27,4.72
2016-02-28,0.0
2016-02-29,12.389999999999999
2016-03-01,34.56
2016-03-02,36.0
2016-03-03,47.519999999999996
2016-03-04,24.0
2016-03-05,12.0
2016-03-06,6.24
2016-03-07,29.279999999999998
2016-03-08,39.839999999999996
2016-03-09,28.32
2016-03-10,37.92
2016-03-11,38.4
2016-03-12,14.399999999999999
2016-03-13,6.24
2016-03-14,38.4
2016-03-15,23.04
2016-03-16,30.24
2016-03-17,39.36
2016-03-18,31.2
2016-03-19,16.8
2016-03-20,4.8
2016-03-21,24.0
2016-03-22,29.279999999999998
2016-03-23,30.24
2016-03-24,19.68
2016-03-25,12.48
2016-03-26,9.12
2016-03-27,5.279999999999999
2016-03-28,34.08
2016-03-29,24.48
2016-03-30,48.0
2016-03-31,37.92
2016-04-01,33.300000000000004
2016-04-02,12.6
2016-04-03,7.65
2016-04-04,29.7
2016-04-05,32.4
2016-04-06,40.5
2016-04-07,28.35
2016-04-08,33.300000000000004
2016-04-09,7.2
2016-04-10,14.4
2016-04-11,24.3
2016-04-12,30.150000000000002
2016-04-13,36.9
2016-04-14,38.7
2016-04-15,31.95
2016-04-16,5.8500000000000005
2016-04-17,4.05
2016-04-18,38.7
2016-04-19,31.05
2016-04-20,42.300000000000004
2016-04-21,45.0
2016-04-22,25.2
2016-04-23,11.25
2016-04-24,4.05
2016-04-25,33.75
2016-04-26,35.1
2016-04-27,32.85
2016-04-28,31.95
2016-04-29,20.7
2016-04-30,13.5
2016-05-01,6.24
2016-05-02,9.36
2016-05-03,15.08
2016-05-04,16.12
2016-05-05,12.48
2016-05-06,12.48
2016-05-07,3.12
2016-05-08,0.0
2016-05-09,9.88
2016-05-10,16.64
2016-05-11,15.600000000000001
2016-05-12,15.08
2016-05-13,10.92
2016-05-14,2.08
2016-05-15,5.2
2016-05-16,15.600000000000001
2016-05-17,15.600000000000001
2016-05-18,52.0
2016-05-19,34.32
2016-05-20,29.64
2016-05-21,6.24
2016-05-22,2.6
2016-05-23,18.2
2016-05-24,18.72
2016-05-25,23.92
2016-05-26,25.48
2016-05-27,21.84
2016-05-28,10.92
2016-05-29,0.0
2016-05-30,5.2
2016-05-31,14.040000000000001
2016-06-01,23.76
2016-06-02,28.62
2016-06-03,20.520000000000003
2016-06-04,2.16
2016-06-05,7.5600000000000005
2016-06-06,27.0
2016-06-07,28.62
2016-06-08,30.78
2016-06-09,23.76
2016-06-10,17.28
2016-06-11,6.48
2016-06-12,4.32
2016-06-13,17.28
2016-06-14,23.220000000000002
2016-06-15,26.46
2016-06-16,12.420000000000002
2016-06-17,23.76
2016-06-18,7.0200000000000005
2016-06-19,10.8
2016-06-20,20.520000000000003
2016-06-21,25.92
2016-06-22,23.220000000000002
2016-06-23,22.68
2016-06-24,54.0
2016-06-25,12.420000000000002
2016-06-26,2.7
2016-06-27,34.02
2016-06-28,28.62
2016-06-29,25.92
2016-06-30,31.32
2016-07-01,26.5
2016-07-02,14.31
2016-07-03,3.71
2016-07-04,12.190000000000001
2016-07-05,32.33
2016-07-06,36.04
2016-07-07,37.63
2016-07-08,30.21
2016-07-09,21.200000000000003
2016-07-10,2.6500000000000004
2016-07-11,49.82
2016-07-12,45.580000000000005
2016-07-13,31.8
2016-07-14,32.86
2016-07-15,30.740000000000002
2016-07-16,10.07
2016-07-17,6.890000000000001
2016-07-18,22.790000000000003
2016-07-19,46.11
2016-07-20,48.760000000000005
2016-07-21,39.22
2016-07-22,38.690000000000005
2016-07-23,16.96
2016-07-24,5.300000000000001
2016-07-25,34.45
2016-07-26,53.0
2016-07-27,33.39
2016-07-28,40.81
2016-07-29,36.57
2016-07-30,12.190000000000001
2016-07-31,0.0
2016-08-01,8.19
2016-08-02,10.08
2016-08-03,10.71
2016-08-04,12.6
2016-08-05,11.34
2016-08-06,2.52
2016-08-07,3.15
2016-08-08,10.08
2016-08-09,11.34
2016-08-10,7.5600000000000005
2016-08-11,15.120000000000001
2016-08-12,9.45
2016-08-13,0.0
2016-08-14,3.7800000000000002
2016-08-15,12.6
2016-08-16,20.16
2016-08-17,63.0
2016-08-18,43.47
2016-08-19,15.75
2016-08-20,5.04
2016-08-21,3.15
2016-08-22,11.97
2016-08-23,14.49
2016-08-24,17.01
2016-08-25,13.23
2016-08-26,15.75
2016-08-27,6.93
2016-08-28,2.52
2016-08-29,10.08
2016-08-30,10.08
2016-08-31,11.97
2016-09-01,25.2
2016-09-02,36.96
2016-09-03,11.76
2016-09-04,5.88
2016-09-05,6.3
2016-09-06,42.0
2016-09-07,24.36
2016-09-08,31.5
2016-09-09,37.379999999999995
2016-09-10,7.14
2016-09-11,7.9799999999999995
2016-09-12,29.4
2016-09-13,36.96
2016-09-14,24.779999999999998
2016-09-15,30.66
2016-09-16,23.939999999999998
2016-09-17,2.94
2016-09-18,8.4
2016-09-19,28.56
2016-09-20,25.619999999999997
2016-09-21,18.9
2016-09-22,39.48
2016-09-23,23.52
2016-09-24,0.0
2016-09-25,7.14
2016-09-26,22.68
2016-09-27,24.779999999999998
2016-09-28,22.259999999999998
2016-09-29,18.48
2016-09-30,25.619999999999997
2016-10-01,7.590000000000001
2016-10-02,0.0
2016-10-03,22.44
2016-10-04,19.470000000000002
2016-10-05,15.510000000000002
2016-10-06,18.48
2016-10-07,20.46
2016-10-08,7.590000000000001
2016-10-09,4.62
2016-10-10,15.84
2016-10-11,16.5
2016-10-12,25.41
2016-10-13,33.0
2016-10-14,19.470000000000002
2016-10-15,9.9
2016-10-16,4.29
2016-10-17,20.130000000000003
2016-10-18,21.45
2016-10-19,15.84
2016-10-20,15.180000000000001
2016-10-21,14.190000000000001
2016-10-22,2.64
2016-10-23,3.3000000000000003
2016-10-24,13.200000000000001
2016-10-25,16.17
2016-10-26,20.46
2016-10-27,20.130000000000003
2016-10-28,13.530000000000001
2016-10-29,7.590000000000001
2016-10-30,3.96
2016-10-31,16.830000000000002
2016-11-01,20.28
2016-11-02,10.4
2016-11-03,10.92
2016-11-04,10.92
2016-11-05,3.12
2016-11-06,3.64
2016-11-07,16.64
2016-11-08,12.48
2016-11-09,26.0
2016-11-10,17.16
2016-11-11,13.0
2016-11-12,3.12
2016-11-13,3.12
2016-11-14,17.68
2016-11-15,19.76
2016-11-16,33.28
2016-11-17,52.0
2016-11-18,20.28
2016-11-19,4.68
2016-11-20,0.0
2016-11-21,13.52
2016-11-22,19.240000000000002
2016-11-23,19.240000000000002
2016-11-24,3.64
2016-11-25,8.32
2016-11-26,2.6
2016-11-27,0.0
2016-11-28,11.440000000000001
2016-11-29,13.0
2016-11-30,9.88
2016-12-01,23.369999999999997
2016-12-02,30.34
2016-12-03,7.38
2016-12-04,4.1
2016-12-05,23.369999999999997
2016-12-06,27.47
2016-12-07,28.7
2016-12-08,32.8
2016-12-09,26.65
2016-12-10,5.739999999999999
2016-12-11,4.1
2016-12-12,20.09
2016-12-13,30.749999999999996
2016-12-14,26.65
2016-12-15,35.26
2016-12-16,15.579999999999998
2016-12-17,7.789999999999999
2016-12-18,3.28
2016-12-19,19.27
2016-12-20,41.0
2016-12-21,26.65
2016-12-22,15.579999999999998
2016-12-23,20.91
2016-12-24,12.709999999999999
2016-12-25,8.2
2016-12-26,9.84
2016-12-27,31.569999999999997
2016-12-28,29.93
2016-12-29,24.599999999999998
2016-12-30,27.47
2016-12-31,9.43
2017-01-01,20.209999999999997
2017-01-02,20.209999999999997
2017-01-03,33.839999999999996
2017-01-04,33.37
2017-01-05,28.2
2017-01-06,34.309999999999995
2017-01-07,15.979999999999999
2017-01-08,19.74
2017-01-09,24.439999999999998
2017-01-10,33.839999999999996
2017-01-11,23.5
2017-01-12,26.79
2017-01-13,28.2
2017-01-14,15.51
2017-01-15,17.86
2017-01-16,17.39
2017-01-17,19.27
2017-01-18,26.32
2017-01-19,17.86
2017-01-20,23.029999999999998
2017-01-21,10.34
2017-01-22,9.399999999999999
2017-01-23,23.97
2017-01-24,23.5
2017-01-25,47.0
2017-01-26,38.54
2017-01-27,32.43
2017-01-28,12.219999999999999
2017-01-29,5.64
2017-01-30,31.02
2017-01-31,31.959999999999997
2017-02-01,18.09
2017-02-02,21.44
2017-02-03,18.09
2017-02-04,10.05
2017-02-05,3.35
2017-02-06,17.42
2017-02-07,14.07
2017-02-08,18.76
2017-02-09,17.42
2017-02-10,11.39
2017-02-11,4.69
2017-02-12,4.69
2017-02-13,22.78
2017-02-14,27.470000000000002
2017-02-15,67.0
2017-02-16,65.66000000000001
2017-02-17,37.52
2017-02-18,8.71
2017-02-19,4.69
2017-02-20,10.72
2017-02-21,30.150000000000002
2017-02-22,26.8
2017-02-23,21.44
2017-02-24,22.78
2017-02-25,2.68
2017-02-26,4.0200000000000005
2017-02-27,20.1
2017-02-28,22.110000000000003
2017-03-01,47.0
2017-03-02,38.54
2017-03-03,29.61
2017-03-04,7.52
2017-03-05,8.459999999999999
2017-03-06,28.2
2017-03-07,23.5
2017-03-08,21.15
2017-03-09,18.799999999999997
2017-03-10,20.68
2017-03-11,13.629999999999999
2017-03-12,3.29
2017-03-13,27.259999999999998
2017-03-14,32.43
2017-03-15,27.259999999999998
2017-03-16,24.439999999999998
2017-03-17,26.79
2017-03-18,11.75
2017-03-19,3.29
2017-03-20,21.619999999999997
2017-03-21,25.849999999999998
2017-03-22,21.619999999999997
2017-03-23,24.439999999999998
2017-03-24,27.729999999999997
2017-03-25,9.87
2017-03-26,7.05
2017-03-27,22.09
2017-03-28,13.629999999999999
2017-03-29,24.91
2017-03-30,20.209999999999997
2017-03-31,21.15
2017-04-01,3.9000000000000004
2017-04-02,3.5100000000000002
2017-04-03,22.62
2017-04-04,33.15
2017-04-05,17.94
2017-04-06,21.45
2017-04-07,28.470000000000002
2017-04-08,17.55
2017-04-09,0.0
2017-04-10,33.15
2017-04-11,26.130000000000003
2017-04-12,28.080000000000002
2017-04-13,31.59
2017-04-14,18.330000000000002
2017-04-15,13.26
2017-04-16,10.14
2017-04-17,21.84
2017-04-18,23.79
2017-04-19,23.79
2017-04-20,28.470000000000002
2017-04-21,26.130000000000003
2017-04-22,22.23
2017-04-23,8.19
2017-04-24,31.98
2017-04-25,28.86
2017-04-26,31.200000000000003
2017-04-27,39.0
2017-04-28,32.76
2017-04-29,0.0
2017-04-30,2.73
2017-05-01,16.0
2017-05-02,10.24
2017-05-03,17.28
2017-05-04,11.52
2017-05-05,9.6
2017-05-06,4.48
2017-05-07,0.0
2017-05-08,11.52
2017-05-09,14.72
2017-05-10,14.08
2017-05-11,10.24
2017-05-12,11.52
2017-05-13,6.4
2017-05-14,0.0
2017-05-15,25.6
2017-05-16,23.68
2017-05-17,56.32
2017-05-18,64.0
2017-05-19,30.72
2017-05-20,8.96
2017-05-21,4.48
2017-05-22,13.44
2017-05-23,21.12
2017-05-24,17.92
2017-05-25,16.64
2017-05-26,19.2
2017-05-27,4.48
2017-05-28,8.96
2017-05-29,5.12
2017-05-30,10.88
2017-05-31,12.8
2017-06-01,38.54
2017-06-02,38.07
2017-06-03,10.809999999999999
2017-06-04,7.52
2017-06-05,44.18
2017-06-06,31.49
2017-06-07,22.09
2017-06-08,43.71
2017-06-09,42.3
2017-06-10,10.809999999999999
2017-06-11,8.459999999999999
2017-06-12,37.129999999999995
2017-06-13,42.3
2017-06-14,31.959999999999997
2017-06-15,26.79
2017-06-16,31.959999999999997
2017-06-17,7.989999999999999
2017-06-18,0.0
2017-06-19,44.18
2017-06-20,43.71
2017-06-21,40.419999999999995
2017-06-22,35.72
2017-06-23,43.239999999999995
2017-06-24,24.439999999999998
2017-06-25,0.0
2017-06-26,38.54
2017-06-27,28.2
2017-06-28,47.0
2017-06-29,33.37
2017-06-30,32.9
2017-07-01,9.66
2017-07-02,5.0600000000000005
2017-07-03,30.360000000000003
2017-07-04,40.940000000000005
2017-07-05,31.28
2017-07-06,28.52
2017-07-07,34.5
2017-07-08,0.0
2017-07-09,3.22
2017-07-10,34.96
2017-07-11,38.18
2017-07-12,27.14
2017-07-13,33.120000000000005
2017-07-14,32.660000000000004
2017-07-15,11.5
2017-07-16,7.36
2017-07-17,31.740000000000002
2017-07-18,25.76
2017-07-19,30.360000000000003
2017-07-20,39.56
2017-07-21,28.060000000000002
2017-07-22,0.0
2017-07-23,12.42
2017-07-24,24.84
2017-07-25,27.6
2017-07-26,46.0
2017-07-27,27.14
2017-07-28,25.76
2017-07-29,6.44
2017-07-30,11.5
2017-07-31,30.360000000000003
2017-08-01,15.680000000000001
2017-08-02,15.680000000000001
2017-08-03,15.120000000000001
2017-08-04,12.88
2017-08-05,5.6000000000000005
2017-08-06,0.0
2017-08-07,14.000000000000002
2017-08-08,14.560000000000002
2017-08-09,16.8
2017-08-10,10.64
2017-08-11,8.4
2017-08-12,3.3600000000000003
2017-08-13,3.9200000000000004
2017-08-14,16.240000000000002
2017-08-15,19.6
2017-08-16,56.00000000000001
2017-08-17,38.64
2017-08-18,18.48
2017-08-19,6.16
2017-08-20,3.3600000000000003
2017-08-21,17.360000000000003
2017-08-22,12.32
2017-08-23,17.360000000000003
2017-08-24,14.560000000000002
2017-08-25,8.4
2017-08-26,2.8000000000000003
2017-08-27,3.3600000000000003
2017-08-28,9.520000000000001
2017-08-29,9.520000000000001
2017-08-30,15.120000000000001
2017-08-31,11.760000000000002
2017-09-01,19.32
2017-09-02,10.92
2017-09-03,0.0
2017-09-04,7.9799999999999995
2017-09-05,26.88
2017-09-06,26.459999999999997
2017-09-07,25.2
2017-09-08,26.04
2017-09-09,9.66
2017-09-10,7.14
2017-09-11,42.0
2017-09-12,32.339999999999996
2017-09-13,21.84
2017-09-14,17.22
2017-09-15,23.939999999999998
2017-09-16,8.82
2017-09-17,4.2
2017-09-18,29.82
2017-09-19,32.76
2017-09-20,24.779999999999998
2017-09-21,26.04
2017-09-22,24.36
2017-09-23,15.12
2017-09-24,10.08
2017-09-25,22.68
2017-09-26,37.8
2017-09-27,28.98
2017-09-28,26.459999999999997
2017-09-29,23.52
2017-09-30,4.2
2017-10-01,11.28
2017-10-02,24.439999999999998
2017-10-03,37.129999999999995
2017-10-04,35.25
2017-10-05,22.56
2017-10-06,21.619999999999997
2017-10-07,11.75
2017-10-08,3.76
2017-10-09,25.38
2017-10-10,25.849999999999998
2017-10-11,30.549999999999997
2017-10-12,30.08
2017-10-13,21.619999999999997
2017-10-14,4.2299999999999995
2017-10-15,6.109999999999999
2017-10-16,34.309999999999995
2017-10-17,25.849999999999998
2017-10-18,34.78
2017-10-19,28.2
2017-10-20,33.839999999999996
2017-10-21,9.399999999999999
2017-10-22,0.0
2017-10-23,42.769999999999996
2017-10-24,35.72
2017-10-25,39.48
2017-10-26,47.0
2017-10-27,31.959999999999997
2017-10-28,5.64
2017-10-29,7.52
2017-10-30,29.61
2017-10-31,33.839999999999996
2017-11-01,15.5
2017-11-02,11.78
2017-11-03,8.68
2017-11-04,1.8599999999999999
2017-11-05,3.1
2017-11-06,9.92
2017-11-07,9.92
2017-11-08,10.54
2017-11-09,11.78
2017-11-10,11.16
2017-11-11,5.58
2017-11-12,1.8599999999999999
2017-11-13,9.3
2017-11-14,12.4
2017-11-15,39.06
2017-11-16,62.0
2017-11-17,31.62
2017-11-18,7.4399999999999995
2017-11-19,3.1
2017-11-20,17.36
2017-11-21,22.94
2017-11-22,13.02
2017-11-23,4.34
2017-11-24,9.3
2017-11-25,7.4399999999999995
2017-11-26,2.48
2017-11-27,15.5
2017-11-28,18.6
2017-11-29,21.7
2017-11-30,21.7
2017-12-01,49.82
2017-12-02,10.07
2017-12-03,8.48
2017-12-04,37.1
2017-12-05,48.760000000000005
2017-12-06,37.1
2017-12-07,33.92
2017-12-08,42.400000000000006
2017-12-09,20.67
2017-12-10,7.95
2017-12-11,47.17
2017-12-12,41.34
2017-12-13,48.760000000000005
2017-12-14,53.0
2017-12-15,36.04
2017-12-16,15.9
2017-12-17,10.600000000000001
2017-12-18,38.160000000000004
2017-12-19,37.1
2017-12-20,42.400000000000006
2017-12-21,39.22
2017-12-22,49.82
2017-12-23,13.780000000000001
2017-12-24,9.540000000000001
2017-12-25,9.01
2017-12-26,24.380000000000003
2017-12-27,41.870000000000005
2017-12-28,30.740000000000002
2017-12-29,33.92
2017-12-30,12.190000000000001
2017-12-31,7.42
2018-01-01,10.219999999999999
2018-01-02,50.37
2018-01-03,47.449999999999996
2018-01-04,44.53
2018-01-05,59.129999999999995
2018-01-06,25.55
2018-01-07,0.0
2018-01-08,45.26
2018-01-09,55.48
2018-01-10,53.29
2018-01-11,56.21
2018-01-12,56.21
2018-01-13,10.219999999999999
2018-01-14,9.49
2018-01-15,13.14
2018-01-16,50.37
2018-01-17,62.78
2018-01-18,57.67
2018-01-19,48.18
2018-01-20,29.2
2018-01-21,8.03
2018-01-22,54.75
2018-01-23,49.64
2018-01-24,73.0
2018-01-25,56.21
2018-01-26,55.48
2018-01-27,12.41
2018-01-28,12.41
2018-01-29,51.1
2018-01-30,45.99
2018-01-31,58.4
2018-02-01,27.0
2018-02-02,31.0
2018-02-03,4.0
2018-02-04,7.0
2018-02-05,30.0
2018-02-06,41.0
2018-02-07,26.0
2018-02-08,28.0
2018-02-09,27.0
2018-02-10,15.0
2018-02-11,5.0
2018-02-12,33.0
2018-02-13,33.0
2018-02-14,80.0
2018-02-15,100.0
2018-02-16,55.0
2018-02-17,20.0
2018-02-18,8.0
2018-02-19,19.0
2018-02-20,33.0
2018-02-21,39.0
2018-02-22,28.0
2018-02-23,30.0
2018-02-24,10.0
2018-02-25,2.0
2018-02-26,29.0
2018-02-27,35.0
2018-02-28,35.0
2018-03-01,42.16
2018-03-02,59.519999999999996
2018-03-03,18.6
2018-03-04,9.92
2018-03-05,42.78
2018-03-06,42.78
2018-03-07,39.06
2018-03-08,50.22
2018-03-09,62.0
2018-03-10,21.7
2018-03-11,11.78
2018-03-12,46.5
2018-03-13,46.5
2018-03-14,45.26
2018-03-15,42.16
2018-03-16,35.96
2018-03-17,13.64
2018-03-18,6.82
2018-03-19,39.68
2018-03-20,43.4
2018-03-21,38.44
2018-03-22,40.92
2018-03-23,48.36
2018-03-24,16.74
2018-03-25,0.0
2018-03-26,47.12
2018-03-27,44.02
2018-03-28,47.12
2018-03-29,40.92
2018-03-30,22.32
2018-03-31,12.4
2018-04-01,8.54
2018-04-02,45.14
2018-04-03,61.0
2018-04-04,58.56
2018-04-05,56.12
2018-04-06,36.6
2018-04-07,14.64
2018-04-08,5.49
2018-04-09,35.99
2018-04-10,53.07
2018-04-11,39.04
2018-04-12,51.85
2018-04-13,37.21
2018-04-14,9.15
2018-04-15,11.59
2018-04-16,41.48
2018-04-17,53.07
2018-04-18,43.31
2018-04-19,45.75
2018-04-20,30.5
2018-04-21,9.76
2018-04-22,6.1
2018-04-23,42.699999999999996
2018-04-24,49.41
2018-04-25,48.19
2018-04-26,35.99
2018-04-27,48.8
2018-04-28,20.13
2018-04-29,0.0
2018-04-30,49.41
2018-05-01,21.0
2018-05-02,17.5
2018-05-03,16.799999999999997
2018-05-04,18.2
2018-05-05,5.6
2018-05-06,6.3
2018-05-07,18.9
2018-05-08,21.0
2018-05-09,20.299999999999997
2018-05-10,25.9
2018-05-11,25.2
2018-05-12,10.5
2018-05-13,4.8999999999999995
2018-05-14,24.5
2018-05-15,27.299999999999997
2018-05-16,70.0
2018-05-17,52.5
2018-05-18,28.7
2018-05-19,10.5
2018-05-20,2.8
2018-05-21,27.299999999999997
2018-05-22,24.5
2018-05-23,22.4
2018-05-24,15.399999999999999
2018-05-25,23.099999999999998
2018-05-26,2.0999999999999996
2018-05-27,0.0
2018-05-28,2.0999999999999996
2018-05-29,12.6
2018-05-30,27.299999999999997
2018-05-31,18.9
2018-06-01,34.8
2018-06-02,13.919999999999998
2018-06-03,0.0
2018-06-04,41.76
2018-06-05,34.8
2018-06-06,57.99999999999999
2018-06-07,52.199999999999996
2018-06-08,52.199999999999996
2018-06-09,8.12
2018-06-10,11.02
2018-06-11,35.379999999999995
2018-06-12,45.239999999999995
2018-06-13,52.199999999999996
2018-06-14,46.4
2018-06-15,43.5
2018-06-16,16.82
2018-06-17,0.0
2018-06-18,48.13999999999999
2018-06-19,50.459999999999994
2018-06-20,37.699999999999996
2018-06-21,46.4
2018-06-22,25.52
2018-06-23,15.079999999999998
2018-06-24,4.06
2018-06-25,51.62
2018-06-26,48.72
2018-06-27,47.559999999999995
2018-06-28,31.319999999999997
2018-06-29,35.379999999999995
2018-06-30,16.24
2018-07-01,7.199999999999999
2018-07-02,28.799999999999997
2018-07-03,31.799999999999997
2018-07-04,8.4
2018-07-05,21.0
2018-07-06,25.2
2018-07-07,6.0
2018-07-08,4.2
2018-07-09,24.0
2018-07-10,28.2
2018-07-11,18.599999999999998
2018-07-12,23.4
2018-07-13,60.0
2018-07-14,15.6
2018-07-15,12.0
2018-07-16,37.8
2018-07-17,37.8
2018-07-18,32.4
2018-07-19,37.8
2018-07-20,31.2
2018-07-21,4.8
2018-07-22,8.4
2018-07-23,21.0
2018-07-24,33.0
2018-07-25,29.4
2018-07-26,36.0
2018-07-27,35.4
2018-07-28,4.8
2018-07-29,4.8
2018-07-30,21.599999999999998
2018-07-31,25.2
2018-08-01,20.28
2018-08-02,23.400000000000002
2018-08-03,17.16
2018-08-04,2.34
2018-08-05,4.68
2018-08-06,21.060000000000002
2018-08-07,20.28
2018-08-08,17.94
2018-08-09,17.94
2018-08-10,16.38
2018-08-11,7.0200000000000005
2018-08-12,4.68
2018-08-13,24.96
2018-08-14,24.18
2018-08-15,68.64
2018-08-16,78.0
2018-08-17,28.080000000000002
2018-08-18,10.14
2018-08-19,5.46
2018-08-20,23.400000000000002
2018-08-21,27.3
2018-08-22,22.62
2018-08-23,19.5
2018-08-24,26.52
2018-08-25,8.58
2018-08-26,4.68
2018-08-27,21.84
2018-08-28,22.62
2018-08-29,22.62
2018-08-30,21.84
2018-08-31,24.18
2018-09-01,9.350000000000001
2018-09-02,9.350000000000001
2018-09-03,9.350000000000001
2018-09-04,55.00000000000001
2018-09-05,38.5
2018-09-06,30.800000000000004
2018-09-07,35.75
2018-09-08,9.9
2018-09-09,7.700000000000001
2018-09-10,32.45
2018-09-11,42.900000000000006
2018-09-12,37.400000000000006
2018-09-13,36.300000000000004
2018-09-14,39.6
2018-09-15,12.100000000000001
2018-09-16,6.6000000000000005
2018-09-17,23.650000000000002
2018-09-18,29.700000000000003
2018-09-19,28.6
2018-09-20,43.45
2018-09-21,46.75000000000001
2018-09-22,17.05
2018-09-23,7.15
2018-09-24,45.650000000000006
2018-09-25,40.7
2018-09-26,34.650000000000006
2018-09-27,38.5
2018-09-28,37.400000000000006
2018-09-29,11.55
2018-09-30,4.95
2018-10-01,51.62
2018-10-02,47.559999999999995
2018-10-03,57.419999999999995
2018-10-04,44.66
2018-10-05,48.72
2018-10-06,12.18
2018-10-07,11.6
2018-10-08,37.699999999999996
2018-10-09,37.699999999999996
2018-10-10,39.44
2018-10-11,56.26
2018-10-12,57.99999999999999
2018-10-13,15.659999999999998
2018-10-14,11.6
2018-10-15,34.8
2018-10-16,45.82
2018-10-17,49.3
2018-10-18,44.08
2018-10-19,49.3
2018-10-20,6.38
2018-10-21,26.68
2018-10-22,34.8
2018-10-23,45.82
2018-10-24,37.699999999999996
2018-10-25,38.279999999999994
2018-10-26,48.13999999999999
2018-10-27,11.02
2018-10-28,8.12
2018-10-29,40.019999999999996
2018-10-30,42.339999999999996
2018-10-31,37.12
2018-11-01,24.05
2018-11-02,16.900000000000002
2018-11-03,1.9500000000000002
2018-11-04,4.55
2018-11-05,16.25
2018-11-06,19.5
2018-11-07,22.75
2018-11-08,26.0
2018-11-09,24.05
2018-11-10,7.15
2018-11-11,5.8500000000000005
2018-11-12,16.900000000000002
2018-11-13,22.75
2018-11-14,46.800000000000004
2018-11-15,65.0
2018-11-16,26.650000000000002
2018-11-17,6.5
2018-11-18,1.9500000000000002
2018-11-19,17.55
2018-11-20,18.85
2018-11-21,16.25
2018-11-22,4.55
2018-11-23,11.700000000000001
2018-11-24,9.1
2018-11-25,4.55
2018-11-26,12.35
2018-11-27,14.950000000000001
2018-11-28,26.0
2018-11-29,20.8
2018-11-30,17.55
2018-12-01,14.31
2018-12-02,8.48
2018-12-03,36.57
2018-12-04,41.870000000000005
2018-12-05,10.07
2018-12-06,31.270000000000003
2018-12-07,33.92
2018-12-08,15.370000000000001
2018-12-09,12.72
2018-12-10,24.380000000000003
2018-12-11,30.21
2018-12-12,45.580000000000005
2018-12-13,37.1
2018-12-14,34.45
2018-12-15,13.25
2018-12-16,3.18
2018-12-17,29.68
2018-12-18,53.0
2018-12-19,32.86
2018-12-20,31.270000000000003
2018-12-21,38.160000000000004
2018-12-22,20.67
2018-12-23,7.42
2018-12-24,37.63
2018-12-25,12.72
2018-12-26,51.410000000000004
2018-12-27,39.22
2018-12-28,39.75
2018-12-29,7.95
2018-12-30,2.6500000000000004
2018-12-31,25.970000000000002
2019-01-01,17.7
2019-01-02,22.419999999999998
2019-01-03,59.0
2019-01-04,52.51
2019-01-05,12.979999999999999
2019-01-06,11.209999999999999
2019-01-07,28.91
2019-01-08,41.3
2019-01-09,48.379999999999995
2019-01-10,31.86
2019-01-11,34.22
2019-01-12,20.65
2019-01-13,15.34
2019-01-14,28.32
2019-01-15,27.729999999999997
2019-01-16,36.58
2019-01-17,39.53
2019-01-18,40.12
2019-01-19,9.44
2019-01-20,5.8999999999999995
2019-01-21,11.799999999999999
2019-01-22,40.71
2019-01-23,37.76
2019-01-24,29.5
2019-01-25,40.71
2019-01-26,15.34
2019-01-27,9.44
2019-01-28,32.449999999999996
2019-01-29,37.169999999999995
2019-01-30,39.53
2019-01-31,54.279999999999994
2019-02-01,19.0
2019-02-02,4.5600000000000005
2019-02-03,3.04
2019-02-04,23.56
2019-02-05,20.52
2019-02-06,21.28
2019-02-07,15.2
2019-02-08,19.76
2019-02-09,7.6
2019-02-10,4.5600000000000005
2019-02-11,21.28
2019-02-12,31.16
2019-02-13,76.0
2019-02-14,71.44
2019-02-15,40.28
2019-02-16,12.16
2019-02-17,8.36
2019-02-18,11.4
2019-02-19,29.64
2019-02-20,27.36
2019-02-21,26.6
2019-02-22,36.480000000000004
2019-02-23,11.4
2019-02-24,6.08
2019-02-25,27.36
2019-02-26,37.24
2019-02-27,34.2
2019-02-28,30.4
2019-03-01,59.22
2019-03-02,19.53
2019-03-03,0.0
2019-03-04,41.58
2019-03-05,52.29
2019-03-06,43.47
2019-03-07,52.92
2019-03-08,43.47
2019-03-09,15.120000000000001
2019-03-10,8.82
2019-03-11,31.5
2019-03-12,50.4
2019-03-13,63.0
2019-03-14,46.62
2019-03-15,60.480000000000004
2019-03-16,21.42
2019-03-17,14.49
2019-03-18,52.29
2019-03-19,58.59
2019-03-20,45.99
2019-03-21,59.22
2019-03-22,57.33
2019-03-23,18.27
2019-03-24,12.6
2019-03-25,49.14
2019-03-26,42.21
2019-03-27,35.28
2019-03-28,39.06
2019-03-29,54.18
2019-03-30,16.38
2019-03-31,6.93
2019-04-01,57.959999999999994
2019-04-02,63.48
2019-04-03,69.0
2019-04-04,61.41
2019-04-05,56.58
2019-04-06,20.7
2019-04-07,18.63
2019-04-08,36.57
2019-04-09,44.849999999999994
2019-04-10,52.44
2019-04-11,45.54
2019-04-12,53.129999999999995
2019-04-13,17.939999999999998
2019-04-14,7.59
2019-04-15,41.4
2019-04-16,62.099999999999994
2019-04-17,64.86
2019-04-18,54.51
2019-04-19,28.979999999999997
2019-04-20,12.419999999999998
2019-04-21,15.18
2019-04-22,47.61
2019-04-23,61.41
2019-04-24,58.65
2019-04-25,60.72
2019-04-26,54.51
2019-04-27,13.799999999999999
2019-04-28,9.66
2019-04-29,53.129999999999995
2019-04-30,45.54
2019-05-01,28.799999999999997
2019-05-02,22.32
2019-05-03,26.64
2019-05-04,7.92
2019-05-05,6.4799999999999995
2019-05-06,23.04
2019-05-07,20.16
2019-05-08,28.08
2019-05-09,21.599999999999998
2019-05-10,22.32
2019-05-11,4.32
2019-05-12,5.04
2019-05-13,23.759999999999998
2019-05-14,32.4
2019-05-15,72.0
2019-05-16,61.919999999999995
2019-05-17,46.8
2019-05-18,4.32
2019-05-19,8.64
2019-05-20,26.64
2019-05-21,26.64
2019-05-22,28.799999999999997
2019-05-23,18.0
2019-05-24,20.88
2019-05-25,7.92
2019-05-26,2.88
2019-05-27,2.88
2019-05-28,20.88
2019-05-29,22.32
2019-05-30,18.72
2019-05-31,22.32
2019-06-01,17.55
2019-06-02,12.35
2019-06-03,37.7
2019-06-04,37.7
2019-06-05,53.300000000000004
2019-06-06,55.25
2019-06-07,42.9
2019-06-08,9.75
2019-06-09,9.1
2019-06-10,43.550000000000004
2019-06-11,50.050000000000004
2019-06-12,57.85
2019-06-13,46.15
2019-06-14,50.7
2019-06-15,12.35
2019-06-16,7.15
2019-06-17,38.35
2019-06-18,53.300000000000004
2019-06-19,43.550000000000004
2019-06-20,65.0
2019-06-21,57.85
2019-06-22,19.5
2019-06-23,10.4
2019-06-24,26.650000000000002
2019-06-25,46.15
2019-06-26,52.65
2019-06-27,52.0
2019-06-28,58.5
2019-06-29,21.45
2019-06-30,7.15
2019-07-01,56.32
2019-07-02,64.0
2019-07-03,49.92
2019-07-04,16.0
2019-07-05,27.52
2019-07-06,13.44
2019-07-07,9.6
2019-07-08,33.28
2019-07-09,46.08
2019-07-10,48.0
2019-07-11,53.120000000000005
2019-07-12,47.36
2019-07-13,22.400000000000002
2019-07-14,3.84
2019-07-15,58.88
2019-07-16,35.2
2019-07-17,39.68
2019-07-18,39.68
2019-07-19,35.84
2019-07-20,14.72
2019-07-21,10.24
2019-07-22,36.480000000000004
2019-07-23,40.32
2019-07-24,39.68
2019-07-25,39.04
2019-07-26,37.76
2019-07-27,5.76
2019-07-28,5.76
2019-07-29,34.56
2019-07-30,42.24
2019-07-31,42.24
2019-08-01,23.22
2019-08-02,17.2
2019-08-03,6.88
2019-08-04,2.58
2019-08-05,22.36
2019-08-06,28.38
2019-08-07,19.78
2019-08-08,24.08
2019-08-09,18.06
2019-08-10,9.459999999999999
2019-08-11,2.58
2019-08-12,20.64
2019-08-13,30.099999999999998
2019-08-14,65.36
2019-08-15,86.0
2019-08-16,42.14
2019-08-17,9.459999999999999
2019-08-18,5.16
2019-08-19,26.66
2019-08-20,25.8
2019-08-21,25.8
2019-08-22,25.8
2019-08-23,23.22
2019-08-24,8.6
2019-08-25,4.3
2019-08-26,21.5
2019-08-27,21.5
2019-08-28,23.22
2019-08-29,22.36
2019-08-30,17.2
2019-08-31,3.44
2019-09-01,17.099999999999998
2019-09-02,5.699999999999999
2019-09-03,32.489999999999995
2019-09-04,46.169999999999995
2019-09-05,50.16
2019-09-06,47.309999999999995
2019-09-07,16.529999999999998
2019-09-08,6.84
2019-09-09,38.76
2019-09-10,52.44
2019-09-11,46.169999999999995
2019-09-12,56.99999999999999
2019-09-13,49.019999999999996
2019-09-14,18.24
2019-09-15,12.54
2019-09-16,34.769999999999996
2019-09-17,49.589999999999996
2019-09-18,33.629999999999995
2019-09-19,40.47
2019-09-20,39.33
2019-09-21,5.13
2019-09-22,5.699999999999999
2019-09-23,37.62
2019-09-24,39.33
2019-09-25,26.79
2019-09-26,38.19
2019-09-27,34.769999999999996
2019-09-28,4.56
2019-09-29,2.8499999999999996
2019-09-30,42.18
2019-10-01,33.800000000000004
2019-10-02,31.720000000000002
2019-10-03,31.720000000000002
2019-10-04,27.560000000000002
2019-10-05,10.92
2019-10-06,8.32
2019-10-07,27.04
2019-10-08,33.28
2019-10-09,27.04
2019-10-10,40.56
2019-10-11,52.0
2019-10-12,9.88
2019-10-13,0.0
2019-10-14,33.28
2019-10-15,45.24
2019-10-16,33.28
2019-10-17,32.76
2019-10-18,24.96
2019-10-19,3.64
2019-10-20,5.2
2019-10-21,35.88
2019-10-22,29.12
2019-10-23,27.04
2019-10-24,34.32
2019-10-25,27.560000000000002
2019-10-26,12.48
2019-10-27,4.16
2019-10-28,25.48
2019-10-29,31.200000000000003
2019-10-30,31.720000000000002
2019-10-31,39.0
2019-11-01,19.24
2019-11-02,5.18
2019-11-03,3.7
2019-11-04,16.28
2019-11-05,18.5
2019-11-06,23.68
2019-11-07,18.5
2019-11-08,24.419999999999998
2019-11-09,4.4399999999999995
2019-11-10,3.7
2019-11-11,19.98
2019-11-12,22.2
2019-11-13,55.5
2019-11-14,74.0
2019-11-15,39.22
2019-11-16,11.84
2019-11-17,4.4399999999999995
2019-11-18,25.16
2019-11-19,25.9
2019-11-20,18.5
2019-11-21,19.98
2019-11-22,25.16
2019-11-23,5.18
2019-11-24,6.66
2019-11-25,19.24
2019-11-26,20.72
2019-11-27,15.54
2019-11-28,1.48
2019-11-29,7.4
2019-11-30,5.18
2019-12-01,10.03
2019-12-02,38.35
2019-12-03,33.629999999999995
2019-12-04,38.94
2019-12-05,34.809999999999995
2019-12-06,43.66
2019-12-07,13.569999999999999
2019-12-08,9.44
2019-12-09,34.22
2019-12-10,37.76
2019-12-11,37.169999999999995
2019-12-12,42.48
2019-12-13,46.61
2019-12-14,9.44
2019-12-15,16.52
2019-12-16,48.379999999999995
2019-12-17,47.79
2019-12-18,43.66
2019-12-19,59.0
2019-12-20,54.87
2019-12-21,14.75
2019-12-22,10.03
2019-12-23,45.43
2019-12-24,35.4
2019-12-25,10.03
2019-12-26,41.89
2019-12-27,41.89
2019-12-28,12.389999999999999
2019-12-29,13.569999999999999
2019-12-30,31.27
2019-12-31,39.53
2020-01-01,18.599999999999998
2020-01-02,55.8
2020-01-03,58.199999999999996
2020-01-04,16.8
2020-01-05,8.4
2020-01-06,44.4
2020-01-07,51.0
2020-01-08,55.199999999999996
2020-01-09,45.6
2020-01-10,40.8
2020-01-11,9.6
2020-01-12,5.3999999999999995
2020-01-13,36.6
2020-01-14,38.4
2020-01-15,43.199999999999996
2020-01-16,52.8
2020-01-17,60.0
2020-01-18,16.2
2020-01-19,10.799999999999999
2020-01-20,20.4
2020-01-21,35.4
2020-01-22,48.0
2020-01-23,41.4
2020-01-24,48.6
2020-01-25,16.2
2020-01-26,1.7999999999999998
2020-01-27,37.199999999999996
2020-01-28,50.4
2020-01-29,51.6
2020-01-30,42.0
2020-01-31,33.6
2020-02-01,7.2
2020-02-02,1.6
2020-02-03,15.200000000000001
2020-02-04,24.0
2020-02-05,19.200000000000003
2020-02-06,22.400000000000002
2020-02-07,16.8
2020-02-08,3.2
2020-02-09,4.0
2020-02-10,19.200000000000003
2020-02-11,33.6
2020-02-12,80.0
2020-02-13,71.2
2020-02-14,35.2
2020-02-15,9.600000000000001
2020-02-16,4.0
2020-02-17,6.4
2020-02-18,19.200000000000003
2020-02-19,22.400000000000002
2020-02-20,24.8
2020-02-21,24.0
2020-02-22,4.0
2020-02-23,6.4
2020-02-24,31.200000000000003
2020-02-25,38.400000000000006
2020-02-26,23.200000000000003
2020-02-27,39.2
2020-02-28,41.6
2020-02-29,12.0
2020-03-01,11.52
2020-03-02,66.24
2020-03-03,51.839999999999996
2020-03-04,49.92
2020-03-05,44.16
2020-03-06,49.92
2020-03-07,13.44
2020-03-08,13.44
2020-03-09,69.12
2020-03-10,73.92
2020-03-11,50.879999999999995
2020-03-12,80.64
2020-03-13,96.0
2020-03-14,15.36
2020-03-15,19.2
2020-03-16,71.03999999999999
2020-03-17,81.6
2020-03-18,88.32
2020-03-19,86.39999999999999
2020-03-20,72.96
2020-03-21,15.36
2020-03-22,14.399999999999999
2020-03-23,69.12
2020-03-24,86.39999999999999
2020-03-25,92.16
2020-03-26,73.92
2020-03-27,55.68
2020-03-28,19.2
2020-03-29,19.2
2020-03-30,65.28
2020-03-31,49.92
2020-04-01,54.18
2020-04-02,51.660000000000004
2020-04-03,43.47
2020-04-04,6.93
2020-04-05,15.120000000000001
2020-04-06,50.4
2020-04-07,52.92
2020-04-08,63.0
2020-04-09,46.62
2020-04-10,26.46
2020-04-11,9.45
2020-04-12,6.93
2020-04-13,40.32
2020-04-14,46.62
2020-04-15,40.32
2020-04-16,40.32
2020-04-17,44.73
2020-04-18,15.120000000000001
2020-04-19,13.86
2020-04-20,41.58
2020-04-21,44.1
2020-04-22,44.73
2020-04-23,43.47
2020-04-24,30.87
2020-04-25,13.23
2020-04-26,9.45
2020-04-27,35.28
2020-04-28,36.54
2020-04-29,37.8
2020-04-30,40.32
2020-05-01,15.010000000000002
2020-05-02,4.74
2020-05-03,3.95
2020-05-04,19.75
2020-05-05,21.330000000000002
2020-05-06,22.12
2020-05-07,18.17
2020-05-08,32.39
2020-05-09,13.43
2020-05-10,6.32
2020-05-11,33.97
2020-05-12,44.24
2020-05-13,79.0
2020-05-14,63.2
2020-05-15,33.97
2020-05-16,7.9
2020-05-17,8.690000000000001
2020-05-18,27.650000000000002
2020-05-19,27.650000000000002
2020-05-20,18.96
2020-05-21,19.75
2020-05-22,18.96
2020-05-23,9.48
2020-05-24,4.74
2020-05-25,5.53
2020-05-26,22.12
2020-05-27,22.12
2020-05-28,18.96
2020-05-29,27.650000000000002
2020-05-30,9.48
2020-05-31,3.95
2020-06-01,34.16
2020-06-02,45.14
2020-06-03,46.97
2020-06-04,40.26
2020-06-05,50.019999999999996
2020-06-06,17.08
2020-06-07,13.42
2020-06-08,46.97
2020-06-09,43.92
2020-06-10,46.36
2020-06-11,61.0
2020-06-12,56.73
2020-06-13,12.2
2020-06-14,3.66
2020-06-15,44.53
2020-06-16,50.629999999999995
2020-06-17,40.26
2020-06-18,29.89
2020-06-19,36.6
2020-06-20,7.32
2020-06-21,5.49
2020-06-22,46.97
2020-06-23,38.43
2020-06-24,35.38
2020-06-25,33.55
2020-06-26,37.82
2020-06-27,19.52
2020-06-28,20.74
2020-06-29,33.55
2020-06-30,39.04
2020-07-01,47.199999999999996
2020-07-02,44.839999999999996
2020-07-03,20.06
2020-07-04,10.03
2020-07-05,7.67
2020-07-06,43.07
2020-07-07,47.199999999999996
2020-07-08,39.53
2020-07-09,59.0
2020-07-10,51.33
2020-07-11,12.389999999999999
2020-07-12,11.799999999999999
2020-07-13,46.019999999999996
2020-07-14,44.25
2020-07-15,38.35
2020-07-16,44.25
2020-07-17,31.86
2020-07-18,21.83
2020-07-19,3.54
2020-07-20,41.89
2020-07-21,51.919999999999995
2020-07-22,41.3
2020-07-23,43.07
2020-07-24,34.22
2020-07-25,11.209999999999999
2020-07-26,12.389999999999999
2020-07-27,30.09
2020-07-28,40.12
2020-07-29,37.169999999999995
2020-07-30,43.66
2020-07-31,38.94
2020-08-01,4.9
2020-08-02,1.96
2020-08-03,15.68
2020-08-04,18.62
2020-08-05,17.64
2020-08-06,13.719999999999999
2020-08-07,20.58
2020-08-08,3.92
2020-08-09,3.92
2020-08-10,25.48
2020-08-11,25.48
2020-08-12,70.56
2020-08-13,98.0
2020-08-14,54.879999999999995
2020-08-15,8.82
2020-08-16,9.8
2020-08-17,32.339999999999996
2020-08-18,37.24
2020-08-19,21.56
2020-08-20,21.56
2020-08-21,29.4
2020-08-22,6.859999999999999
2020-08-23,4.9
2020-08-24,18.62
2020-08-25,16.66
2020-08-26,19.6
2020-08-27,17.64
2020-08-28,18.62
2020-08-29,3.92
2020-08-30,6.859999999999999
2020-08-31,17.64
2020-09-01,52.38
2020-09-02,49.68000000000001
2020-09-03,51.84
2020-09-04,50.760000000000005
2020-09-05,13.5
2020-09-06,17.82
2020-09-07,0.0
2020-09-08,54.0
2020-09-09,50.220000000000006
2020-09-10,43.74
2020-09-11,39.96
2020-09-12,9.18
2020-09-13,13.5
2020-09-14,49.68000000000001
2020-09-15,48.06
2020-09-16,41.580000000000005
2020-09-17,36.18
2020-09-18,48.06
2020-09-19,11.34
2020-09-20,3.7800000000000002
2020-09-21,45.900000000000006
2020-09-22,44.82
2020-09-23,43.2
2020-09-24,28.080000000000002
2020-09-25,52.92
2020-09-26,11.34
2020-09-27,15.120000000000001
2020-09-28,41.040000000000006
2020-09-29,45.36
2020-09-30,34.56
2020-10-01,38.88
2020-10-02,39.42
2020-10-03,7.0200000000000005
2020-10-04,6.48
2020-10-05,45.36
2020-10-06,45.900000000000006
2020-10-07,49.68000000000001
2020-10-08,54.0
2020-10-09,42.660000000000004
2020-10-10,14.040000000000001
2020-10-11,6.48
2020-10-12,45.900000000000006
2020-10-13,39.42
2020-10-14,46.980000000000004
2020-10-15,43.2
2020-10-16,36.18
2020-10-17,14.040000000000001
2020-10-18,12.420000000000002
2020-10-19,36.72
2020-10-20,34.56
2020-10-21,17.82
2020-10-22,43.74
2020-10-23,36.72
2020-10-24,8.64
2020-10-25,0.0
2020-10-26,27.0
2020-10-27,51.300000000000004
2020-10-28,52.38
2020-10-29,38.34
2020-10-30,34.02
2020-10-31,12.96
2020-11-01,0.0
2020-11-02,20.4
2020-11-03,21.0
2020-11-04,10.2
2020-11-05,13.799999999999999
2020-11-06,13.799999999999999
2020-11-07,6.6
2020-11-08,4.8
2020-11-09,29.4
2020-11-10,23.4
2020-11-11,21.0
2020-11-12,48.0
2020-11-13,60.0
2020-11-14,14.399999999999999
2020-11-15,4.8
2020-11-16,33.6
2020-11-17,27.0
2020-11-18,20.4
2020-11-19,20.4
2020-11-20,17.4
2020-11-21,4.8
2020-11-22,3.5999999999999996
2020-11-23,21.0
2020-11-24,27.0
2020-11-25,21.599999999999998
2020-11-26,4.8
2020-11-27,16.2
2020-11-28,4.8
2020-11-29,3.5999999999999996
2020-11-30,15.0
2020-12-01,34.32
2020-12-02,45.24
2020-12-03,37.96
2020-12-04,52.0
2020-12-05,10.4
2020-12-06,14.56
2020-12-07,43.160000000000004
2020-12-08,39.52
2020-12-09,38.480000000000004
2020-12-10,31.200000000000003
2020-12-11,34.32
2020-12-12,10.4
2020-12-13,7.800000000000001
2020-12-14,42.64
2020-12-15,42.120000000000005
2020-12-16,44.2
2020-12-17,38.480000000000004
2020-12-18,43.68
2020-12-19,19.240000000000002
2020-12-20,14.56
2020-12-21,23.400000000000002
2020-12-22,47.32
2020-12-23,39.0
2020-12-24,24.96
2020-12-25,6.76
2020-12-26,8.84
2020-12-27,5.720000000000001
2020-12-28,31.200000000000003
2020-12-29,34.84
2020-12-30,33.28
2020-12-31,36.92
2021-01-01,11.28
2021-01-02,7.52
2021-01-03,0.0
2021-01-04,32.9
2021-01-05,19.27
2021-01-06,39.01
2021-01-07,39.01
2021-01-08,37.599999999999994
2021-01-09,14.1
2021-01-10,7.989999999999999
2021-01-11,33.37
2021-01-12,29.139999999999997
2021-01-13,28.669999999999998
2021-01-14,31.49
2021-01-15,36.66
2021-01-16,12.69
2021-01-17,12.69
2021-01-18,13.16
2021-01-19,30.549999999999997
2021-01-20,46.059999999999995
2021-01-21,25.38
2021-01-22,34.309999999999995
2021-01-23,11.75
2021-01-24,6.109999999999999
2021-01-25,27.729999999999997
2021-01-26,30.549999999999997
2021-01-27,40.89
2021-01-28,47.0
2021-01-29,34.309999999999995
2021-01-30,12.219999999999999
2021-01-31,9.87
2021-02-01,18.27
2021-02-02,25.2
2021-02-03,21.42
2021-02-04,25.830000000000002
2021-02-05,35.28
2021-02-06,12.6
2021-02-07,6.3
2021-02-08,30.87
2021-02-09,57.33
2021-02-10,63.0
2021-02-11,34.02
2021-02-12,22.68
2021-02-13,9.45
2021-02-14,5.04
2021-02-15,8.19
2021-02-16,14.49
2021-02-17,19.53
2021-02-18,20.16
2021-02-19,19.53
2021-02-20,3.7800000000000002
2021-02-21,3.15
2021-02-22,18.9
2021-02-23,23.31
2021-02-24,15.75
2021-02-25,13.23
2021-02-26,15.75
2021-02-27,3.15
2021-02-28,7.5600000000000005
2021-03-01,31.200000000000003
2021-03-02,21.32
2021-03-03,26.52
2021-03-04,26.0
2021-03-05,41.6
2021-03-06,11.96
2021-03-07,4.16
2021-03-08,39.52
2021-03-09,52.0
2021-03-10,32.24
2021-03-11,51.480000000000004
2021-03-12,37.96
2021-03-13,15.600000000000001
2021-03-14,0.0
2021-03-15,42.120000000000005
2021-03-16,35.36
2021-03-17,29.64
2021-03-18,38.480000000000004
2021-03-19,33.28
2021-03-20,7.800000000000001
2021-03-21,0.0
2021-03-22,31.200000000000003
2021-03-23,49.4
2021-03-24,39.0
2021-03-25,42.120000000000005
2021-03-26,38.480000000000004
2021-03-27,17.68
2021-03-28,10.92
2021-03-29,46.28
2021-03-30,32.24
2021-03-31,32.76
2021-04-01,30.360000000000003
2021-04-02,15.64
2021-04-03,15.64
2021-04-04,5.0600000000000005
2021-04-05,46.0
2021-04-06,27.6
2021-04-07,18.400000000000002
2021-04-08,20.240000000000002
2021-04-09,27.14
2021-04-10,7.36
2021-04-11,4.140000000000001
2021-04-12,27.6
2021-04-13,23.0
2021-04-14,29.900000000000002
2021-04-15,28.98
2021-04-16,35.88
2021-04-17,7.82
2021-04-18,5.98
2021-04-19,25.76
2021-04-20,31.740000000000002
2021-04-21,31.740000000000002
2021-04-22,30.82
2021-04-23,18.86
2021-04-24,7.36
2021-04-25,6.44
2021-04-26,24.380000000000003
2021-04-27,28.98
2021-04-28,21.16
2021-04-29,24.84
2021-04-30,21.62
2021-05-01,5.5
2021-05-02,5.5
2021-05-03,18.5
2021-05-04,22.0
2021-05-05,20.5
2021-05-06,22.5
2021-05-07,31.0
2021-05-08,6.5
2021-05-09,3.0
2021-05-10,23.0
2021-05-11,24.0
2021-05-12,25.0
2021-05-13,29.0
2021-05-14,21.0
2021-05-15,6.5
2021-05-16,6.5
2021-05-17,24.0
2021-05-18,30.0
2021-05-19,45.0
2021-05-20,50.0
2021-05-21,25.0
2021-05-22,5.5
2021-05-23,7.5
2021-05-24,27.0
2021-05-25,22.5
2021-05-26,22.5
2021-05-27,23.0
2021-05-28,19.0
2021-05-29,9.5
2021-05-30,2.0
2021-05-31,2.5
2021-06-01,28.98
2021-06-02,34.04
2021-06-03,21.62
2021-06-04,40.02
2021-06-05,23.46
2021-06-06,7.36
2021-06-07,25.3
2021-06-08,38.18
2021-06-09,37.260000000000005
2021-06-10,46.0
2021-06-11,36.800000000000004
2021-06-12,18.400000000000002
2021-06-13,5.0600000000000005
2021-06-14,41.4
2021-06-15,44.160000000000004
2021-06-16,34.96
2021-06-17,34.5
2021-06-18,24.84
2021-06-19,12.88
2021-06-20,11.5
2021-06-21,39.1
2021-06-22,38.18
2021-06-23,39.56
2021-06-24,30.360000000000003
2021-06-25,41.86
2021-06-26,9.200000000000001
2021-06-27,12.88
2021-06-28,40.940000000000005
2021-06-29,40.480000000000004
2021-06-30,27.14
2021-07-01,27.200000000000003
2021-07-02,28.0
2021-07-03,11.600000000000001
2021-07-04,3.6
2021-07-05,4.4
2021-07-06,22.0
2021-07-07,24.400000000000002
2021-07-08,20.400000000000002
2021-07-09,28.400000000000002
2021-07-10,5.2
2021-07-11,7.6000000000000005
2021-07-12,22.400000000000002
2021-07-13,34.0
2021-07-14,18.8
2021-07-15,25.200000000000003
2021-07-16,24.8
2021-07-17,5.6000000000000005
2021-07-18,2.8000000000000003
2021-07-19,26.0
2021-07-20,33.2
2021-07-21,21.6
2021-07-22,30.400000000000002
2021-07-23,30.8
2021-07-24,6.800000000000001
2021-07-25,4.800000000000001
2021-07-26,40.0
2021-07-27,30.0
2021-07-28,25.200000000000003
2021-07-29,23.200000000000003
2021-07-30,22.400000000000002
2021-07-31,10.8
2021-08-01,3.9200000000000004
2021-08-02,18.48
2021-08-03,26.320000000000004
2021-08-04,23.520000000000003
2021-08-05,27.44
2021-08-06,26.880000000000003
2021-08-07,7.840000000000001
2021-08-08,6.16
2021-08-09,31.92
2021-08-10,26.880000000000003
2021-08-11,33.6
2021-08-12,31.360000000000003
2021-08-13,22.400000000000002
2021-08-14,7.280000000000001
2021-08-15,5.6000000000000005
2021-08-16,26.880000000000003
2021-08-17,30.800000000000004
2021-08-18,52.64000000000001
2021-08-19,56.00000000000001
2021-08-20,36.400000000000006
2021-08-21,19.040000000000003
2021-08-22,3.9200000000000004
2021-08-23,42.56
2021-08-24,38.64
2021-08-25,44.24
2021-08-26,33.040000000000006
2021-08-27,37.52
2021-08-28,7.840000000000001
2021-08-29,4.48
2021-08-30,26.880000000000003
2021-08-31,24.64
2021-09-01,22.8
2021-09-02,16.400000000000002
2021-09-03,29.6
2021-09-04,4.800000000000001
2021-09-05,0.0
2021-09-06,6.800000000000001
2021-09-07,27.200000000000003
2021-09-08,17.2
2021-09-09,24.400000000000002
2021-09-10,25.6
2021-09-11,2.4000000000000004
2021-09-12,0.0
2021-09-13,21.6
2021-09-14,14.8
2021-09-15,24.8
2021-09-16,40.0
2021-09-17,30.400000000000002
2021-09-18,5.6000000000000005
2021-09-19,6.4
2021-09-20,25.6
2021-09-21,21.6
2021-09-22,27.6
2021-09-23,20.400000000000002
2021-09-24,26.400000000000002
2021-09-25,6.800000000000001
2021-09-26,4.0
2021-09-27,19.200000000000003
2021-09-28,23.200000000000003
2021-09-29,19.6
2021-09-30,28.0
2021-10-01,26.279999999999998
2021-10-02,13.68
2021-10-03,7.199999999999999
2021-10-04,18.0
2021-10-05,36.0
2021-10-06,21.599999999999998
2021-10-07,26.279999999999998
2021-10-08,27.0
2021-10-09,7.56
2021-10-10,5.3999999999999995
2021-10-11,15.12
2021-10-12,23.04
2021-10-13,21.599999999999998
2021-10-14,33.12
2021-10-15,32.04
2021-10-16,10.799999999999999
2021-10-17,11.52
2021-10-18,28.08
2021-10-19,26.279999999999998
2021-10-20,27.36
2021-10-21,24.48
2021-10-22,23.759999999999998
2021-10-23,6.12
2021-10-24,3.5999999999999996
2021-10-25,28.799999999999997
2021-10-26,33.839999999999996
2021-10-27,25.2
2021-10-28,25.919999999999998
2021-10-29,24.84
2021-10-30,14.399999999999999
2021-10-31,6.4799999999999995
2021-11-01,12.190000000000001
2021-11-02,16.43
2021-11-03,16.43
2021-11-04,12.190000000000001
2021-11-05,14.84
2021-11-06,4.24
2021-11-07,2.6500000000000004
2021-11-08,16.43
2021-11-09,13.25
2021-11-10,11.66
2021-11-11,12.190000000000001
2021-11-12,18.02
2021-11-13,5.300000000000001
2021-11-14,2.12
2021-11-15,18.55
2021-11-16,19.61
2021-11-17,36.57
2021-11-18,53.0
2021-11-19,30.21
2021-11-20,4.24
2021-11-21,1.59
2021-11-22,18.02
2021-11-23,15.9
2021-11-24,11.66
2021-11-25,6.36
2021-11-26,12.190000000000001
2021-11-27,2.6500000000000004
2021-11-28,0.0
2021-11-29,11.66
2021-11-30,15.9
2021-12-01,34.17
2021-12-02,41.82
2021-12-03,38.25
2021-12-04,4.08
2021-12-05,3.5700000000000003
2021-12-06,28.560000000000002
2021-12-07,31.62
2021-12-08,41.82
2021-12-09,35.7
2021-12-10,40.29
2021-12-11,12.24
2021-12-12,6.12
2021-12-13,24.990000000000002
2021-12-14,31.62
2021-12-15,37.230000000000004
2021-12-16,49.980000000000004
2021-12-17,48.45
2021-12-18,10.2
2021-12-19,10.2
2021-12-20,31.11
2021-12-21,51.0
2021-12-22,39.27
2021-12-23,42.33
2021-12-24,24.48
2021-12-25,6.12
2021-12-26,6.63
2021-12-27,35.7
2021-12-28,41.31
2021-12-29,37.74
2021-12-30,36.72
2021-12-31,27.03
2022-01-01,8.0
2022-01-02,10.5
2022-01-03,33.0
2022-01-04,50.0
2022-01-05,30.5
2022-01-06,34.0
2022-01-07,25.0
2022-01-08,9.5
2022-01-09,6.5
2022-01-10,27.5
2022-01-11,26.0
2022-01-12,30.5
2022-01-13,43.0
2022-01-14,21.0
2022-01-15,12.5
2022-01-16,0.0
2022-01-17,18.0
2022-01-18,29.0
2022-01-19,26.5
2022-01-20,24.5
2022-01-21,27.5
2022-01-22,10.5
2022-01-23,5.5
2022-01-24,49.5
2022-01-25,25.5
2022-01-26,24.5
2022-01-27,19.0
2022-01-28,21.0
2022-01-29,9.5
2022-01-30,7.5
2022-01-31,17.5
2022-02-01,20.52
2022-02-02,19.38
2022-02-03,21.09
2022-02-04,28.499999999999996
2022-02-05,4.56
2022-02-06,7.409999999999999
2022-02-07,14.819999999999999
2022-02-08,17.669999999999998
2022-02-09,18.81
2022-02-10,16.529999999999998
2022-02-11,21.09
2022-02-12,10.26
2022-02-13,3.9899999999999998
2022-02-14,22.229999999999997
2022-02-15,23.369999999999997
2022-02-16,50.73
2022-02-17,56.99999999999999
2022-02-18,34.199999999999996
2022-02-19,9.12
2022-02-20,4.56
2022-02-21,9.12
2022-02-22,23.369999999999997
2022-02-23,19.38
2022-02-24,27.36
2022-02-25,29.069999999999997
2022-02-26,7.9799999999999995
2022-02-27,1.71
2022-02-28,18.81
2022-03-01,30.02
2022-03-02,33.82
2022-03-03,30.02
2022-03-04,28.5
2022-03-05,10.26
2022-03-06,0.0
2022-03-07,30.78
2022-03-08,26.22
2022-03-09,27.36
2022-03-10,37.62
2022-03-11,22.8
2022-03-12,15.58
2022-03-13,10.64
2022-03-14,20.9
2022-03-15,26.6
2022-03-16,38.0
2022-03-17,30.4
2022-03-18,21.66
2022-03-19,9.88
2022-03-20,7.6
2022-03-21,23.18
2022-03-22,30.02
2022-03-23,20.52
2022-03-24,35.72
2022-03-25,20.14
2022-03-26,8.36
2022-03-27,4.5600000000000005
2022-03-28,25.46
2022-03-29,26.98
2022-03-30,20.14
2022-03-31,20.52
2022-04-01,25.16
2022-04-02,10.88
2022-04-03,5.1000000000000005
2022-04-04,21.080000000000002
2022-04-05,17.68
2022-04-06,23.46
2022-04-07,16.32
2022-04-08,23.8
2022-04-09,6.12
2022-04-10,2.3800000000000003
2022-04-11,23.46
2022-04-12,34.0
2022-04-13,8.5
2022-04-14,18.360000000000003
2022-04-15,9.520000000000001
2022-04-16,7.140000000000001
2022-04-17,0.0
2022-04-18,22.78
2022-04-19,22.44
2022-04-20,26.860000000000003
2022-04-21,22.44
2022-04-22,21.42
2022-04-23,8.16
2022-04-24,4.08
2022-04-25,18.360000000000003
2022-04-26,17.0
2022-04-27,30.6
2022-04-28,26.180000000000003
2022-04-29,22.78
2022-04-30,5.1000000000000005
2022-05-01,2.55
2022-05-02,9.18
2022-05-03,9.69
2022-05-04,6.63
2022-05-05,7.140000000000001
2022-05-06,8.67
2022-05-07,6.12
2022-05-08,0.0
2022-05-09,8.67
2022-05-10,8.16
2022-05-11,7.65
2022-05-12,6.63
2022-05-13,8.67
2022-05-14,4.08
2022-05-15,2.55
2022-05-16,8.67
2022-05-17,11.22
2022-05-18,36.72
2022-05-19,51.0
2022-05-20,22.44
2022-05-21,5.61
2022-05-22,4.08
2022-05-23,11.22
2022-05-24,12.75
2022-05-25,11.73
2022-05-26,10.2
2022-05-27,9.18
2022-05-28,2.04
2022-05-29,4.59
2022-05-30,3.06
2022-05-31,9.69
2022-06-01,25.919999999999998
2022-06-02,33.12
2022-06-03,17.28
2022-06-04,7.92
2022-06-05,9.719999999999999
2022-06-06,21.24
2022-06-07,36.0
2022-06-08,27.72
2022-06-09,18.0
2022-06-10,11.52
2022-06-11,7.92
2022-06-12,6.84
2022-06-13,28.439999999999998
2022-06-14,24.48
2022-06-15,30.599999999999998
2022-06-16,25.919999999999998
2022-06-17,17.64
2022-06-18,7.56
2022-06-19,6.4799999999999995
2022-06-20,9.0
2022-06-21,26.279999999999998
2022-06-22,18.36
2022-06-23,23.4
2022-06-24,20.16
2022-06-25,17.28
2022-06-26,12.24
2022-06-27,18.0
2022-06-28,15.84
2022-06-29,19.08
2022-06-30,14.04
2022-07-01,19.599999999999998
2022-07-02,5.6
2022-07-03,0.0
2022-07-04,3.15
2022-07-05,21.0
2022-07-06,20.299999999999997
2022-07-07,22.4
2022-07-08,20.299999999999997
2022-07-09,7.35
2022-07-10,7.0
2022-07-11,19.599999999999998
2022-07-12,24.5
2022-07-13,17.5
2022-07-14,24.15
2022-07-15,23.099999999999998
2022-07-16,7.699999999999999
2022-07-17,4.55
2022-07-18,25.2
2022-07-19,31.849999999999998
2022-07-20,27.299999999999997
2022-07-21,22.75
2022-07-22,23.45
2022-07-23,10.5
2022-07-24,4.199999999999999
2022-07-25,22.049999999999997
2022-07-26,20.65
2022-07-27,25.549999999999997
2022-07-28,35.0
2022-07-29,23.799999999999997
2022-07-30,3.8499999999999996
2022-07-31,3.8499999999999996
2022-08-01,11.5
2022-08-02,9.66
2022-08-03,11.96
2022-08-04,10.120000000000001
2022-08-05,6.9
2022-08-06,3.22
2022-08-07,1.84
2022-08-08,8.74
2022-08-09,9.66
2022-08-10,18.400000000000002
2022-08-11,11.040000000000001
2022-08-12,10.58
2022-08-13,3.68
2022-08-14,3.22
2022-08-15,15.180000000000001
2022-08-16,17.48
2022-08-17,42.32
2022-08-18,46.0
2022-08-19,15.64
2022-08-20,3.68
2022-08-21,1.84
2022-08-22,10.58
2022-08-23,15.180000000000001
2022-08-24,10.120000000000001
2022-08-25,10.58
2022-08-26,10.120000000000001
2022-08-27,2.7600000000000002
2022-08-28,2.7600000000000002
2022-08-29,9.200000000000001
2022-08-30,10.58
2022-08-31,8.74
2022-09-01,24.3
2022-09-02,22.68
2022-09-03,2.43
2022-09-04,0.0
2022-09-05,3.24
2022-09-06,20.520000000000003
2022-09-07,23.76
2022-09-08,23.76
2022-09-09,18.900000000000002
2022-09-10,6.48
2022-09-11,5.67
2022-09-12,13.770000000000001
2022-09-13,19.98
2022-09-14,27.0
2022-09-15,17.28
2022-09-16,17.82
2022-09-17,9.72
2022-09-18,0.0
2022-09-19,24.3
2022-09-20,23.220000000000002
2022-09-21,19.98
2022-09-22,18.900000000000002
2022-09-23,25.380000000000003
2022-09-24,5.94
2022-09-25,9.99
2022-09-26,22.68
2022-09-27,25.650000000000002
2022-09-28,18.36
2022-09-29,21.060000000000002
2022-09-30,19.17
2022-10-01,9.6
2022-10-02,4.2
2022-10-03,30.0
2022-10-04,21.3
2022-10-05,24.9
2022-10-06,22.2
2022-10-07,29.7
2022-10-08,11.4
2022-10-09,6.8999999999999995
2022-10-10,16.2
2022-10-11,28.5
2022-10-12,26.4
2022-10-13,22.2
2022-10-14,15.299999999999999
2022-10-15,6.3
2022-10-16,2.6999999999999997
2022-10-17,19.5
2022-10-18,24.599999999999998
2022-10-19,21.0
2022-10-20,23.7
2022-10-21,27.9
2022-10-22,5.7
2022-10-23,0.0
2022-10-24,22.5
2022-10-25,27.599999999999998
2022-10-26,26.4
2022-10-27,30.0
2022-10-28,24.599999999999998
2022-10-29,5.1
2022-10-30,2.1
2022-10-31,23.4
2022-11-01,7.98
2022-11-02,8.36
2022-11-03,12.92
2022-11-04,9.5
2022-11-05,0.0
2022-11-06,0.0
2022-11-07,9.120000000000001
2022-11-08,11.78
2022-11-09,6.84
2022-11-10,12.540000000000001
2022-11-11,9.5
2022-11-12,6.46
2022-11-13,1.52
2022-11-14,11.78
2022-11-15,14.44
2022-11-16,38.0
2022-11-17,36.1
2022-11-18,24.32
2022-11-19,5.32
2022-11-20,3.42
2022-11-21,11.78
2022-11-22,14.06
2022-11-23,11.78
2022-11-24,3.8
2022-11-25,7.98
2022-11-26,2.66
2022-11-27,3.42
2022-11-28,7.98
2022-11-29,9.120000000000001
2022-11-30,11.4
2022-12-01,32.0
2022-12-02,29.44
2022-12-03,10.24
2022-12-04,9.92
2022-12-05,23.68
2022-12-06,26.560000000000002
2022-12-07,21.76
2022-12-08,19.2
2022-12-09,23.36
2022-12-10,9.92
2022-12-11,2.88
2022-12-12,25.92
2022-12-13,32.0
2022-12-14,23.68
2022-12-15,19.2
2022-12-16,19.2
2022-12-17,7.04
2022-12-18,8.96
2022-12-19,24.32
2022-12-20,17.92
2022-12-21,23.36
2022-12-22,20.16
2022-12-23,19.2
2022-12-24,3.52
2022-12-25,3.84
2022-12-26,14.72
2022-12-27,29.44
2022-12-28,14.08
2022-12-29,18.88
2022-12-30,23.36
2022-12-31,8.96
2023-01-01,4.62
2023-01-02,18.810000000000002
2023-01-03,28.380000000000003
2023-01-04,21.45
2023-01-05,23.43
2023-01-06,28.71
2023-01-07,12.870000000000001
2023-01-08,8.25
2023-01-09,25.740000000000002
2023-01-10,33.0
2023-01-11,29.700000000000003
2023-01-12,30.03
2023-01-13,23.43
2023-01-14,0.0
2023-01-15,10.89
2023-01-16,10.89
2023-01-17,26.73
2023-01-18,29.37
2023-01-19,18.810000000000002
2023-01-20,20.790000000000003
2023-01-21,13.200000000000001
2023-01-22,4.62
2023-01-23,21.45
2023-01-24,23.1
2023-01-25,22.44
2023-01-26,25.41
2023-01-27,28.380000000000003
2023-01-28,6.6000000000000005
2023-01-29,6.6000000000000005
2023-01-30,30.360000000000003
2023-01-31,26.400000000000002
2023-02-01,10.12
2023-02-02,11.44
2023-02-03,8.36
2023-02-04,0.0
2023-02-05,1.32
2023-02-06,5.28
2023-02-07,9.24
2023-02-08,7.04
2023-02-09,6.16
2023-02-10,7.92
2023-02-11,1.76
2023-02-12,2.64
2023-02-13,11.88
2023-02-14,14.96
2023-02-15,37.84
2023-02-16,44.0
2023-02-17,16.28
2023-02-18,5.72
2023-02-19,2.64
2023-02-20,5.28
2023-02-21,11.0
2023-02-22,14.08
2023-02-23,7.04
2023-02-24,8.36
2023-02-25,3.08
2023-02-26,4.84
2023-02-27,8.8
2023-02-28,7.92
2023-03-01,19.040000000000003
2023-03-02,16.66
2023-03-03,21.76
2023-03-04,5.44
2023-03-05,2.04
2023-03-06,17.0
2023-03-07,31.28
2023-03-08,29.240000000000002
2023-03-09,22.1
2023-03-10,26.860000000000003
2023-03-11,17.34
2023-03-12,4.42
2023-03-13,21.76
2023-03-14,18.02
2023-03-15,28.220000000000002
2023-03-16,27.200000000000003
2023-03-17,24.82
2023-03-18,0.0
2023-03-19,6.460000000000001
2023-03-20,18.360000000000003
2023-03-21,27.200000000000003
2023-03-22,27.880000000000003
2023-03-23,23.8
2023-03-24,15.3
2023-03-25,7.48
2023-03-26,9.180000000000001
2023-03-27,26.860000000000003
2023-03-28,15.3
2023-03-29,33.660000000000004
2023-03-30,34.0
2023-03-31,25.840000000000003
2023-04-01,14.0
2023-04-02,12.25
2023-04-03,27.299999999999997
2023-04-04,23.099999999999998
2023-04-05,23.45
2023-04-06,21.7
2023-04-07,10.85
2023-04-08,0.0
2023-04-09,2.4499999999999997
2023-04-10,22.75
2023-04-11,20.299999999999997
2023-04-12,21.349999999999998
2023-04-13,19.599999999999998
2023-04-14,20.299999999999997
2023-04-15,7.35
2023-04-16,11.2
2023-04-17,14.35
2023-04-18,19.95
2023-04-19,35.0
2023-04-20,24.849999999999998
2023-04-21,29.749999999999996
2023-04-22,0.0
2023-04-23,1.75
2023-04-24,27.299999999999997
2023-04-25,18.9
2023-04-26,18.549999999999997
2023-04-27,29.749999999999996
2023-04-28,23.45
2023-04-29,3.5
2023-04-30,0.0
2023-05-01,10.92
2023-05-02,7.9799999999999995
2023-05-03,10.08
2023-05-04,7.56
2023-05-05,9.66
2023-05-06,2.94
2023-05-07,0.0
2023-05-08,10.5
2023-05-09,8.82
2023-05-10,10.5
2023-05-11,11.34
2023-05-12,9.66
2023-05-13,2.52
2023-05-14,1.26
2023-05-15,8.82
2023-05-16,10.08
2023-05-17,42.0
2023-05-18,31.5
2023-05-19,19.32
2023-05-20,3.36
2023-05-21,2.1
2023-05-22,11.76
2023-05-23,6.72
2023-05-24,8.4
2023-05-25,10.92
2023-05-26,11.76
2023-05-27,3.36
2023-05-28,3.36
2023-05-29,1.68
2023-05-30,13.86
2023-05-31,13.02
2023-06-01,24.32
2023-06-02,30.4
2023-06-03,11.4
2023-06-04,4.94
2023-06-05,24.32
2023-06-06,34.58
2023-06-07,30.02
2023-06-08,30.78
2023-06-09,21.66
2023-06-10,7.6
2023-06-11,9.5
2023-06-12,31.54
2023-06-13,30.4
2023-06-14,26.6
2023-06-15,36.1
2023-06-16,32.3
2023-06-17,11.02
2023-06-18,5.32
2023-06-19,17.86
2023-06-20,21.28
2023-06-21,28.12
2023-06-22,9.88
2023-06-23,22.8
2023-06-24,5.7
2023-06-25,6.84
2023-06-26,22.42
2023-06-27,26.22
2023-06-28,18.62
2023-06-29,38.0
2023-06-30,26.6
2023-07-01,5.2
2023-07-02,7.6000000000000005
2023-07-03,24.400000000000002
2023-07-04,7.2
2023-07-05,30.8
2023-07-06,21.200000000000003
2023-07-07,27.200000000000003
2023-07-08,10.8
2023-07-09,4.800000000000001
2023-07-10,22.400000000000002
2023-07-11,24.400000000000002
2023-07-12,24.0
2023-07-13,29.200000000000003
2023-07-14,20.0
2023-07-15,9.600000000000001
2023-07-16,0.0
2023-07-17,23.6
2023-07-18,32.0
2023-07-19,31.6
2023-07-20,33.2
2023-07-21,28.0
2023-07-22,7.2
2023-07-23,6.4
2023-07-24,34.800000000000004
2023-07-25,40.0
2023-07-26,29.200000000000003
2023-07-27,33.2
2023-07-28,30.0
2023-07-29,9.600000000000001
2023-07-30,5.2
2023-07-31,24.400000000000002
2023-08-01,12.74
2023-08-02,12.74
2023-08-03,13.23
2023-08-04,12.74
2023-08-05,1.96
2023-08-06,6.859999999999999
2023-08-07,10.29
2023-08-08,11.76
2023-08-09,9.31
2023-08-10,15.19
2023-08-11,15.19
2023-08-12,1.96
2023-08-13,4.41
2023-08-14,15.68
2023-08-15,18.13
2023-08-16,39.2
2023-08-17,49.0
2023-08-18,28.91
2023-08-19,0.0
2023-08-20,3.4299999999999997
2023-08-21,21.07
2023-08-22,10.78
2023-08-23,16.169999999999998
2023-08-24,18.13
2023-08-25,16.66
2023-08-26,0.0
2023-08-27,2.94
2023-08-28,18.62
2023-08-29,16.169999999999998
2023-08-30,12.74
2023-08-31,13.719999999999999
2023-09-01,17.48
2023-09-02,4.5600000000000005
2023-09-03,2.66
2023-09-04,3.8
2023-09-05,12.92
2023-09-06,11.4
2023-09-07,13.3
2023-09-08,12.92
2023-09-09,6.08
2023-09-10,3.04
2023-09-11,13.3
2023-09-12,15.96
2023-09-13,12.16
2023-09-14,11.78
2023-09-15,11.02
2023-09-16,0.0
2023-09-17,3.8
2023-09-18,14.82
2023-09-19,14.82
2023-09-20,11.02
2023-09-21,38.0
2023-09-22,21.66
2023-09-23,6.84
2023-09-24,3.8
2023-09-25,14.44
2023-09-26,16.72
2023-09-27,10.64
2023-09-28,17.86
2023-09-29,13.68
2023-09-30,4.5600000000000005
2023-10-01,3.19
2023-10-02,20.88
2023-10-03,28.999999999999996
2023-10-04,19.72
2023-10-05,17.689999999999998
2023-10-06,17.98
2023-10-07,3.4799999999999995
2023-10-08,4.64
2023-10-09,25.229999999999997
2023-10-10,24.36
2023-10-11,21.75
2023-10-12,25.81
2023-10-13,27.259999999999998
2023-10-14,7.249999999999999
2023-10-15,2.9
2023-10-16,21.169999999999998
2023-10-17,20.88
2023-10-18,14.209999999999999
2023-10-19,20.88
2023-10-20,18.56
2023-10-21,5.22
2023-10-22,0.0
2023-10-23,15.95
2023-10-24,21.459999999999997
2023-10-25,19.139999999999997
2023-10-26,24.939999999999998
2023-10-27,16.82
2023-10-28,0.0
2023-10-29,5.51
2023-10-30,27.839999999999996
2023-10-31,27.259999999999998
2023-11-01,6.76
2023-11-02,8.84
2023-11-03,7.800000000000001
2023-11-04,2.6
2023-11-05,0.0
2023-11-06,3.12
2023-11-07,8.32
2023-11-08,7.800000000000001
2023-11-09,9.88
2023-11-10,9.36
2023-11-11,3.12
2023-11-12,2.08
2023-11-13,8.32
2023-11-14,13.0
2023-11-15,34.32
2023-11-16,52.0
2023-11-17,22.880000000000003
2023-11-18,5.2
2023-11-19,2.6
2023-11-20,14.56
2023-11-21,13.0
2023-11-22,9.88
2023-11-23,2.08
2023-11-24,5.720000000000001
2023-11-25,0.0
2023-11-26,1.04
2023-11-27,9.36
2023-11-28,9.88
2023-11-29,8.84
2023-11-30,8.84
2023-12-01,26.64
2023-12-02,13.68
2023-12-03,8.64
2023-12-04,29.16
2023-12-05,21.96
2023-12-06,33.839999999999996
2023-12-07,30.959999999999997
2023-12-08,32.4
2023-12-09,6.84
2023-12-10,6.84
2023-12-11,34.199999999999996
2023-12-12,30.24
2023-12-13,35.64
2023-12-14,34.56
2023-12-15,36.0
2023-12-16,12.6
2023-12-17,2.88
2023-12-18,32.76
2023-12-19,28.08
2023-12-20,34.56
2023-12-21,20.52
2023-12-22,31.68
2023-12-23,11.879999999999999
2023-12-24,14.76
2023-12-25,10.44
2023-12-26,23.4
2023-12-27,34.199999999999996
2023-12-28,32.76
2023-12-29,35.28
2023-12-30,6.12
2023-12-31,6.4799999999999995
