date,DIS
2013-01-01,24.48
2013-01-02,29.52
2013-01-03,24.119999999999997
2013-01-04,27.72
2013-01-05,26.279999999999998
2013-01-06,26.64
2013-01-07,27.72
2013-01-08,31.32
2013-01-09,32.4
2013-01-10,31.68
2013-01-11,32.04
2013-01-12,27.72
2013-01-13,29.88
2013-01-14,28.799999999999997
2013-01-15,30.959999999999997
2013-01-16,30.24
2013-01-17,30.24
2013-01-18,28.799999999999997
2013-01-19,25.2
2013-01-20,25.56
2013-01-21,27.0
2013-01-22,29.88
2013-01-23,36.0
2013-01-24,32.4
2013-01-25,32.04
2013-01-26,23.759999999999998
2013-01-27,23.759999999999998
2013-01-28,27.72
2013-01-29,28.439999999999998
2013-01-30,30.24
2013-01-31,28.08
2013-02-01,31.92
2013-02-02,29.64
2013-02-03,31.54
2013-02-04,35.72
2013-02-05,35.72
2013-02-06,36.86
2013-02-07,35.72
2013-02-08,29.26
2013-02-09,26.6
2013-02-10,26.22
2013-02-11,31.92
2013-02-12,33.44
2013-02-13,32.3
2013-02-14,36.86
2013-02-15,33.06
2013-02-16,26.22
2013-02-17,31.54
2013-02-18,28.88
2013-02-19,35.72
2013-02-20,31.92
2013-02-21,34.58
2013-02-22,30.4
2013-02-23,25.080000000000002
2013-02-24,31.92
2013-02-25,28.88
2013-02-26,32.68
2013-02-27,38.0
2013-02-28,31.16
2013-03-01,30.959999999999997
2013-03-02,28.439999999999998
2013-03-03,23.759999999999998
2013-03-04,28.439999999999998
2013-03-05,33.12
2013-03-06,28.08
2013-03-07,31.68
2013-03-08,30.959999999999997
2013-03-09,25.919999999999998
2013-03-10,25.919999999999998
2013-03-11,32.04
2013-03-12,29.88
2013-03-13,36.0
2013-03-14,29.88
2013-03-15,28.08
2013-03-16,24.84
2013-03-17,24.84
2013-03-18,30.24
2013-03-19,33.839999999999996
2013-03-20,31.68
2013-03-21,34.92
2013-03-22,31.32
2013-03-23,27.0
2013-03-24,22.68
2013-03-25,28.799999999999997
2013-03-26,23.04
2013-03-27,29.88
2013-03-28,30.24
2013-03-29,23.759999999999998
2013-03-30,24.84
2013-03-31,24.48
2013-04-01,35.15
2013-04-02,32.19
2013-04-03,26.64
2013-04-04,29.6
2013-04-05,27.009999999999998
2013-04-06,28.49
2013-04-07,30.71
2013-04-08,33.3
2013-04-09,33.3
2013-04-10,33.3
2013-04-11,31.08
2013-04-12,33.67
2013-04-13,23.68
2013-04-14,30.71
2013-04-15,31.45
2013-04-16,34.04
2013-04-17,34.78
2013-04-18,33.3
2013-04-19,34.41
2013-04-20,28.12
2013-04-21,29.23
2013-04-22,35.15
2013-04-23,37.0
2013-04-24,33.3
2013-04-25,35.15
2013-04-26,35.15
2013-04-27,27.75
2013-04-28,25.9
2013-04-29,29.97
2013-04-30,34.41
2013-05-01,30.099999999999998
2013-05-02,31.39
2013-05-03,33.11
2013-05-04,25.37
2013-05-05,28.81
2013-05-06,35.26
2013-05-07,41.28
2013-05-08,43.0
2013-05-09,34.83
2013-05-10,36.12
2013-05-11,27.95
2013-05-12,30.96
2013-05-13,33.54
2013-05-14,39.99
2013-05-15,36.12
2013-05-16,31.82
2013-05-17,35.69
2013-05-18,26.23
2013-05-19,32.68
2013-05-20,39.13
2013-05-21,29.669999999999998
2013-05-22,33.97
2013-05-23,39.13
2013-05-24,37.839999999999996
2013-05-25,29.24
2013-05-26,24.509999999999998
2013-05-27,29.669999999999998
2013-05-28,31.39
2013-05-29,32.68
2013-05-30,34.83
2013-05-31,30.53
2013-06-01,32.76
2013-06-02,34.71
2013-06-03,36.27
2013-06-04,36.660000000000004
2013-06-05,36.27
2013-06-06,35.88
2013-06-07,35.49
2013-06-08,31.59
2013-06-09,34.71
2013-06-10,31.59
2013-06-11,39.0
2013-06-12,37.050000000000004
2013-06-13,35.1
2013-06-14,38.22
2013-06-15,34.32
2013-06-16,30.810000000000002
2013-06-17,33.54
2013-06-18,38.22
2013-06-19,38.61
2013-06-20,35.88
2013-06-21,35.49
2013-06-22,33.93
2013-06-23,33.15
2013-06-24,38.22
2013-06-25,33.15
2013-06-26,32.370000000000005
2013-06-27,32.370000000000005
2013-06-28,33.15
2013-06-29,32.76
2013-06-30,30.42
2013-07-01,37.2
2013-07-02,37.2
2013-07-03,33.6
2013-07-04,40.0
2013-07-05,31.200000000000003
2013-07-06,29.6
2013-07-07,27.200000000000003
2013-07-08,37.6
2013-07-09,35.6
2013-07-10,31.6
2013-07-11,32.0
2013-07-12,35.6
2013-07-13,30.8
2013-07-14,36.4
2013-07-15,32.800000000000004
2013-07-16,33.2
2013-07-17,34.4
2013-07-18,31.6
2013-07-19,30.400000000000002
2013-07-20,33.2
2013-07-21,29.200000000000003
2013-07-22,31.6
2013-07-23,34.0
2013-07-24,30.400000000000002
2013-07-25,32.4
2013-07-26,34.800000000000004
2013-07-27,31.200000000000003
2013-07-28,34.0
2013-07-29,34.0
2013-07-30,31.200000000000003
2013-07-31,33.2
2013-08-01,29.25
2013-08-02,26.52
2013-08-03,25.740000000000002
2013-08-04,24.96
2013-08-05,28.86
2013-08-06,34.71
2013-08-07,28.470000000000002
2013-08-08,27.69
2013-08-09,31.59
2013-08-10,24.96
2013-08-11,23.79
2013-08-12,26.52
2013-08-13,39.0
2013-08-14,38.22
2013-08-15,30.810000000000002
2013-08-16,31.98
2013-08-17,25.740000000000002
2013-08-18,24.57
2013-08-19,30.03
2013-08-20,22.62
2013-08-21,26.91
2013-08-22,25.35
2013-08-23,26.91
2013-08-24,24.57
2013-08-25,27.69
2013-08-26,28.470000000000002
2013-08-27,27.3
2013-08-28,31.98
2013-08-29,27.69
2013-08-30,25.740000000000002
2013-08-31,23.400000000000002
2013-09-01,29.200000000000003
2013-09-02,29.6
2013-09-03,36.0
2013-09-04,29.200000000000003
2013-09-05,34.0
2013-09-06,33.2
2013-09-07,26.0
2013-09-08,26.8
2013-09-09,34.800000000000004
2013-09-10,39.2
2013-09-11,36.0
2013-09-12,32.4
2013-09-13,40.0
2013-09-14,26.400000000000002
2013-09-15,28.400000000000002
2013-09-16,36.4
2013-09-17,39.2
2013-09-18,32.800000000000004
2013-09-19,32.800000000000004
2013-09-20,34.4
2013-09-21,24.400000000000002
2013-09-22,28.400000000000002
2013-09-23,26.8
2013-09-24,36.0
2013-09-25,32.4
2013-09-26,30.0
2013-09-27,30.0
2013-09-28,26.400000000000002
2013-09-29,25.6
2013-09-30,35.2
2013-10-01,28.88
2013-10-02,29.64
2013-10-03,34.96
2013-10-04,31.16
2013-10-05,25.84
2013-10-06,29.26
2013-10-07,29.64
2013-10-08,33.82
2013-10-09,34.2
2013-10-10,38.0
2013-10-11,35.72
2013-10-12,24.32
2013-10-13,24.7
2013-10-14,32.68
2013-10-15,32.68
2013-10-16,34.58
2013-10-17,30.78
2013-10-18,36.1
2013-10-19,28.88
2013-10-20,29.26
2013-10-21,34.96
2013-10-22,32.3
2013-10-23,33.44
2013-10-24,32.3
2013-10-25,34.58
2013-10-26,26.98
2013-10-27,27.740000000000002
2013-10-28,33.82
2013-10-29,29.26
2013-10-30,36.1
2013-10-31,31.16
2013-11-01,27.69
2013-11-02,23.01
2013-11-03,24.18
2013-11-04,29.25
2013-11-05,28.080000000000002
2013-11-06,26.130000000000003
2013-11-07,32.370000000000005
2013-11-08,39.0
2013-11-09,27.69
2013-11-10,21.45
2013-11-11,30.42
2013-11-12,30.810000000000002
2013-11-13,27.3
2013-11-14,30.42
2013-11-15,34.32
2013-11-16,27.69
2013-11-17,23.79
2013-11-18,31.59
2013-11-19,27.3
2013-11-20,31.59
2013-11-21,29.64
2013-11-22,33.15
2013-11-23,23.400000000000002
2013-11-24,22.23
2013-11-25,29.25
2013-11-26,33.54
2013-11-27,30.03
2013-11-28,38.22
2013-11-29,30.03
2013-11-30,27.69
2013-12-01,36.480000000000004
2013-12-02,32.68
2013-12-03,34.2
2013-12-04,36.480000000000004
2013-12-05,37.62
2013-12-06,34.58
2013-12-07,23.94
2013-12-08,30.4
2013-12-09,28.12
2013-12-10,35.34
2013-12-11,38.0
2013-12-12,31.54
2013-12-13,35.72
2013-12-14,25.84
2013-12-15,26.22
2013-12-16,38.0
2013-12-17,35.72
2013-12-18,36.86
2013-12-19,33.06
2013-12-20,36.480000000000004
2013-12-21,28.88
2013-12-22,27.740000000000002
2013-12-23,30.4
2013-12-24,28.88
2013-12-25,29.64
2013-12-26,26.22
2013-12-27,29.64
2013-12-28,26.98
2013-12-29,24.7
2013-12-30,30.4
2013-12-31,33.82
2014-01-01,26.52
2014-01-02,28.470000000000002
2014-01-03,27.69
2014-01-04,26.52
2014-01-05,24.57
2014-01-06,30.42
2014-01-07,27.69
2014-01-08,29.64
2014-01-09,33.93
2014-01-10,31.200000000000003
2014-01-11,29.25
2014-01-12,31.98
2014-01-13,30.42
2014-01-14,30.810000000000002
2014-01-15,33.93
2014-01-16,33.15
2014-01-17,30.810000000000002
2014-01-18,27.3
2014-01-19,28.470000000000002
2014-01-20,27.3
2014-01-21,27.3
2014-01-22,30.810000000000002
2014-01-23,35.1
2014-01-24,35.1
2014-01-25,25.35
2014-01-26,23.01
2014-01-27,28.080000000000002
2014-01-28,33.54
2014-01-29,39.0
2014-01-30,35.1
2014-01-31,31.98
2014-02-01,23.18
2014-02-02,28.5
2014-02-03,34.2
2014-02-04,35.72
2014-02-05,36.480000000000004
2014-02-06,38.0
2014-02-07,34.96
2014-02-08,31.92
2014-02-09,25.46
2014-02-10,34.2
2014-02-11,31.92
2014-02-12,30.4
2014-02-13,30.02
2014-02-14,34.58
2014-02-15,28.12
2014-02-16,30.4
2014-02-17,30.02
2014-02-18,30.4
2014-02-19,34.96
2014-02-20,35.34
2014-02-21,35.34
2014-02-22,25.84
2014-02-23,25.46
2014-02-24,34.96
2014-02-25,29.64
2014-02-26,34.58
2014-02-27,32.68
2014-02-28,30.4
2014-03-01,26.8
2014-03-02,27.6
2014-03-03,32.800000000000004
2014-03-04,30.8
2014-03-05,34.4
2014-03-06,38.0
2014-03-07,34.800000000000004
2014-03-08,28.0
2014-03-09,31.200000000000003
2014-03-10,34.800000000000004
2014-03-11,34.800000000000004
2014-03-12,33.6
2014-03-13,36.0
2014-03-14,37.2
2014-03-15,28.0
2014-03-16,28.400000000000002
2014-03-17,35.2
2014-03-18,34.800000000000004
2014-03-19,34.800000000000004
2014-03-20,35.2
2014-03-21,32.4
2014-03-22,27.6
2014-03-23,30.400000000000002
2014-03-24,34.800000000000004
2014-03-25,36.0
2014-03-26,40.0
2014-03-27,34.800000000000004
2014-03-28,28.400000000000002
2014-03-29,27.200000000000003
2014-03-30,29.200000000000003
2014-03-31,34.800000000000004
2014-04-01,37.0
2014-04-02,31.82
2014-04-03,32.56
2014-04-04,27.009999999999998
2014-04-05,25.9
2014-04-06,27.38
2014-04-07,32.56
2014-04-08,32.19
2014-04-09,32.93
2014-04-10,30.71
2014-04-11,28.49
2014-04-12,27.75
2014-04-13,27.009999999999998
2014-04-14,29.97
2014-04-15,26.27
2014-04-16,28.49
2014-04-17,30.34
2014-04-18,28.12
2014-04-19,23.31
2014-04-20,24.419999999999998
2014-04-21,27.009999999999998
2014-04-22,28.12
2014-04-23,29.97
2014-04-24,31.45
2014-04-25,28.49
2014-04-26,27.38
2014-04-27,29.6
2014-04-28,30.71
2014-04-29,31.08
2014-04-30,34.04
2014-05-01,35.26
2014-05-02,29.669999999999998
2014-05-03,26.66
2014-05-04,25.8
2014-05-05,32.25
2014-05-06,43.0
2014-05-07,38.7
2014-05-08,34.4
2014-05-09,35.26
2014-05-10,27.09
2014-05-11,27.09
2014-05-12,32.25
2014-05-13,35.69
2014-05-14,32.25
2014-05-15,30.53
2014-05-16,26.23
2014-05-17,25.37
2014-05-18,25.37
2014-05-19,31.39
2014-05-20,30.53
2014-05-21,27.52
2014-05-22,30.099999999999998
2014-05-23,26.66
2014-05-24,25.37
2014-05-25,23.22
2014-05-26,26.66
2014-05-27,28.38
2014-05-28,30.53
2014-05-29,31.39
2014-05-30,29.669999999999998
2014-05-31,21.5
2014-06-01,25.9
2014-06-02,36.63
2014-06-03,32.93
2014-06-04,33.67
2014-06-05,36.63
2014-06-06,33.3
2014-06-07,30.34
2014-06-08,31.08
2014-06-09,29.97
2014-06-10,31.08
2014-06-11,29.97
2014-06-12,33.3
2014-06-13,37.0
2014-06-14,22.94
2014-06-15,35.519999999999996
2014-06-16,30.34
2014-06-17,33.67
2014-06-18,31.08
2014-06-19,32.19
2014-06-20,25.53
2014-06-21,27.009999999999998
2014-06-22,30.34
2014-06-23,30.34
2014-06-24,34.41
2014-06-25,27.38
2014-06-26,32.93
2014-06-27,30.34
2014-06-28,33.3
2014-06-29,34.04
2014-06-30,31.08
2014-07-01,32.56
2014-07-02,30.34
2014-07-03,28.12
2014-07-04,30.71
2014-07-05,29.6
2014-07-06,24.79
2014-07-07,30.71
2014-07-08,27.38
2014-07-09,33.3
2014-07-10,29.97
2014-07-11,31.08
2014-07-12,26.27
2014-07-13,24.05
2014-07-14,28.49
2014-07-15,25.16
2014-07-16,26.64
2014-07-17,23.31
2014-07-18,37.0
2014-07-19,24.05
2014-07-20,28.49
2014-07-21,29.6
2014-07-22,26.64
2014-07-23,27.38
2014-07-24,28.49
2014-07-25,31.45
2014-07-26,20.72
2014-07-27,26.27
2014-07-28,26.64
2014-07-29,32.19
2014-07-30,32.56
2014-07-31,29.23
2014-08-01,31.200000000000003
2014-08-02,32.76
2014-08-03,32.76
2014-08-04,30.42
2014-08-05,39.0
2014-08-06,34.32
2014-08-07,35.88
2014-08-08,34.71
2014-08-09,29.64
2014-08-10,26.91
2014-08-11,32.370000000000005
2014-08-12,32.370000000000005
2014-08-13,35.1
2014-08-14,31.59
2014-08-15,26.52
2014-08-16,22.23
2014-08-17,30.42
2014-08-18,31.98
2014-08-19,35.1
2014-08-20,31.200000000000003
2014-08-21,31.200000000000003
2014-08-22,29.64
2014-08-23,26.130000000000003
2014-08-24,27.69
2014-08-25,31.200000000000003
2014-08-26,37.44
2014-08-27,30.810000000000002
2014-08-28,37.050000000000004
2014-08-29,32.370000000000005
2014-08-30,31.200000000000003
2014-08-31,28.86
2014-09-01,26.55
2014-09-02,36.0
2014-09-03,32.85
2014-09-04,36.0
2014-09-05,38.7
2014-09-06,30.6
2014-09-07,35.550000000000004
2014-09-08,38.7
2014-09-09,37.800000000000004
2014-09-10,37.800000000000004
2014-09-11,34.65
2014-09-12,35.550000000000004
2014-09-13,29.7
2014-09-14,29.25
2014-09-15,37.800000000000004
2014-09-16,33.75
2014-09-17,39.6
2014-09-18,37.35
2014-09-19,34.65
2014-09-20,32.4
2014-09-21,33.75
2014-09-22,36.9
2014-09-23,39.15
2014-09-24,41.4
2014-09-25,45.0
2014-09-26,33.300000000000004
2014-09-27,27.900000000000002
2014-09-28,35.550000000000004
2014-09-29,37.35
2014-09-30,37.35
2014-10-01,38.269999999999996
2014-10-02,35.69
2014-10-03,39.13
2014-10-04,32.25
2014-10-05,34.4
2014-10-06,35.26
2014-10-07,39.56
2014-10-08,39.56
2014-10-09,37.41
2014-10-10,33.54
2014-10-11,28.38
2014-10-12,37.839999999999996
2014-10-13,39.13
2014-10-14,39.13
2014-10-15,35.69
2014-10-16,42.14
2014-10-17,39.56
2014-10-18,33.11
2014-10-19,30.53
2014-10-20,39.13
2014-10-21,37.41
2014-10-22,39.99
2014-10-23,38.7
2014-10-24,37.41
2014-10-25,31.39
2014-10-26,29.669999999999998
2014-10-27,33.54
2014-10-28,42.14
2014-10-29,43.0
2014-10-30,37.839999999999996
2014-10-31,41.71
2014-11-01,28.8
2014-11-02,26.0
2014-11-03,34.4
2014-11-04,34.800000000000004
2014-11-05,37.2
2014-11-06,39.2
2014-11-07,40.0
2014-11-08,26.0
2014-11-09,28.400000000000002
2014-11-10,36.4
2014-11-11,35.6
2014-11-12,36.800000000000004
2014-11-13,37.6
2014-11-14,34.4
2014-11-15,29.6
2014-11-16,24.0
2014-11-17,32.800000000000004
2014-11-18,33.2
2014-11-19,28.400000000000002
2014-11-20,32.800000000000004
2014-11-21,33.2
2014-11-22,23.200000000000003
2014-11-23,26.0
2014-11-24,33.6
2014-11-25,37.6
2014-11-26,32.0
2014-11-27,28.0
2014-11-28,25.200000000000003
2014-11-29,27.200000000000003
2014-11-30,25.6
2014-12-01,33.21
2014-12-02,34.03
2014-12-03,36.489999999999995
2014-12-04,41.0
2014-12-05,37.72
2014-12-06,26.65
2014-12-07,28.7
2014-12-08,38.129999999999995
2014-12-09,32.8
2014-12-10,41.0
2014-12-11,31.569999999999997
2014-12-12,34.44
2014-12-13,26.24
2014-12-14,34.03
2014-12-15,29.52
2014-12-16,30.749999999999996
2014-12-17,38.949999999999996
2014-12-18,34.44
2014-12-19,27.88
2014-12-20,33.62
2014-12-21,26.24
2014-12-22,33.21
2014-12-23,29.93
2014-12-24,23.369999999999997
2014-12-25,30.34
2014-12-26,36.08
2014-12-27,27.06
2014-12-28,28.29
2014-12-29,34.85
2014-12-30,30.749999999999996
2014-12-31,33.21
2015-01-01,32.39
2015-01-02,28.29
2015-01-03,25.83
2015-01-04,27.47
2015-01-05,37.309999999999995
2015-01-06,34.03
2015-01-07,40.18
2015-01-08,36.489999999999995
2015-01-09,38.129999999999995
2015-01-10,30.749999999999996
2015-01-11,28.29
2015-01-12,33.62
2015-01-13,37.72
2015-01-14,35.669999999999995
2015-01-15,36.489999999999995
2015-01-16,37.309999999999995
2015-01-17,27.47
2015-01-18,32.8
2015-01-19,31.569999999999997
2015-01-20,36.08
2015-01-21,38.54
2015-01-22,34.44
2015-01-23,40.18
2015-01-24,29.11
2015-01-25,33.21
2015-01-26,33.21
2015-01-27,33.21
2015-01-28,37.309999999999995
2015-01-29,41.0
2015-01-30,41.0
2015-01-31,27.88
2015-02-01,24.64
2015-02-02,29.48
2015-02-03,37.4
2015-02-04,44.0
2015-02-05,37.84
2015-02-06,25.52
2015-02-07,22.0
2015-02-08,25.080000000000002
2015-02-09,27.72
2015-02-10,30.8
2015-02-11,27.28
2015-02-12,28.16
2015-02-13,26.4
2015-02-14,25.52
2015-02-15,26.84
2015-02-16,24.64
2015-02-17,29.92
2015-02-18,29.92
2015-02-19,27.72
2015-02-20,29.48
2015-02-21,23.76
2015-02-22,24.2
2015-02-23,30.8
2015-02-24,30.36
2015-02-25,31.68
2015-02-26,31.68
2015-02-27,31.24
2015-02-28,20.68
2015-03-01,30.72
2015-03-02,41.28
2015-03-03,40.8
2015-03-04,39.839999999999996
2015-03-05,41.28
2015-03-06,40.32
2015-03-07,31.2
2015-03-08,32.16
2015-03-09,41.28
2015-03-10,40.32
2015-03-11,40.32
2015-03-12,45.12
2015-03-13,43.68
2015-03-14,32.16
2015-03-15,34.08
2015-03-16,46.08
2015-03-17,40.32
2015-03-18,37.92
2015-03-19,44.64
2015-03-20,42.72
2015-03-21,32.64
2015-03-22,29.759999999999998
2015-03-23,38.879999999999995
2015-03-24,35.519999999999996
2015-03-25,33.6
2015-03-26,48.0
2015-03-27,40.32
2015-03-28,32.16
2015-03-29,33.12
2015-03-30,37.44
2015-03-31,42.239999999999995
2015-04-01,36.0
2015-04-02,33.300000000000004
2015-04-03,33.75
2015-04-04,29.7
2015-04-05,33.75
2015-04-06,38.7
2015-04-07,38.7
2015-04-08,42.300000000000004
2015-04-09,39.15
2015-04-10,35.550000000000004
2015-04-11,29.7
2015-04-12,32.85
2015-04-13,33.300000000000004
2015-04-14,41.4
2015-04-15,40.050000000000004
2015-04-16,41.4
2015-04-17,45.0
2015-04-18,29.7
2015-04-19,36.9
2015-04-20,40.95
2015-04-21,40.5
2015-04-22,36.9
2015-04-23,42.75
2015-04-24,45.0
2015-04-25,32.4
2015-04-26,39.15
2015-04-27,36.9
2015-04-28,42.300000000000004
2015-04-29,41.85
2015-04-30,40.5
2015-05-01,32.76
2015-05-02,27.72
2015-05-03,28.14
2015-05-04,36.12
2015-05-05,42.0
2015-05-06,33.18
2015-05-07,27.3
2015-05-08,33.6
2015-05-09,26.88
2015-05-10,28.14
2015-05-11,28.56
2015-05-12,33.6
2015-05-13,29.82
2015-05-14,34.44
2015-05-15,30.66
2015-05-16,20.16
2015-05-17,25.619999999999997
2015-05-18,31.5
2015-05-19,31.08
2015-05-20,31.919999999999998
2015-05-21,30.24
2015-05-22,31.5
2015-05-23,22.259999999999998
2015-05-24,24.779999999999998
2015-05-25,23.099999999999998
2015-05-26,30.24
2015-05-27,28.56
2015-05-28,28.56
2015-05-29,25.619999999999997
2015-05-30,25.619999999999997
2015-05-31,21.84
2015-06-01,34.44
2015-06-02,33.6
2015-06-03,31.919999999999998
2015-06-04,32.339999999999996
2015-06-05,38.22
2015-06-06,26.459999999999997
2015-06-07,28.14
2015-06-08,30.66
2015-06-09,31.5
2015-06-10,28.56
2015-06-11,36.54
2015-06-12,34.86
2015-06-13,25.2
2015-06-14,27.72
2015-06-15,29.4
2015-06-16,34.019999999999996
2015-06-17,33.6
2015-06-18,42.0
2015-06-19,30.66
2015-06-20,23.099999999999998
2015-06-21,34.019999999999996
2015-06-22,31.919999999999998
2015-06-23,35.699999999999996
2015-06-24,33.6
2015-06-25,39.48
2015-06-26,36.96
2015-06-27,32.339999999999996
2015-06-28,27.3
2015-06-29,33.6
2015-06-30,39.059999999999995
2015-07-01,24.3
2015-07-02,19.35
2015-07-03,19.35
2015-07-04,19.8
2015-07-05,20.25
2015-07-06,22.95
2015-07-07,25.2
2015-07-08,23.85
2015-07-09,22.95
2015-07-10,22.95
2015-07-11,17.55
2015-07-12,14.85
2015-07-13,23.85
2015-07-14,22.5
2015-07-15,21.150000000000002
2015-07-16,20.7
2015-07-17,22.5
2015-07-18,18.900000000000002
2015-07-19,20.7
2015-07-20,23.400000000000002
2015-07-21,22.95
2015-07-22,27.900000000000002
2015-07-23,21.6
2015-07-24,24.3
2015-07-25,20.7
2015-07-26,26.1
2015-07-27,22.5
2015-07-28,25.2
2015-07-29,31.05
2015-07-30,33.75
2015-07-31,45.0
2015-08-01,31.319999999999997
2015-08-02,25.52
2015-08-03,32.48
2015-08-04,44.08
2015-08-05,57.99999999999999
2015-08-06,56.26
2015-08-07,42.919999999999995
2015-08-08,28.999999999999996
2015-08-09,25.52
2015-08-10,34.22
2015-08-11,40.599999999999994
2015-08-12,34.22
2015-08-13,27.259999999999998
2015-08-14,32.48
2015-08-15,27.259999999999998
2015-08-16,29.58
2015-08-17,31.319999999999997
2015-08-18,31.319999999999997
2015-08-19,28.999999999999996
2015-08-20,41.76
2015-08-21,39.44
2015-08-22,21.459999999999997
2015-08-23,28.999999999999996
2015-08-24,48.72
2015-08-25,44.08
2015-08-26,39.44
2015-08-27,37.699999999999996
2015-08-28,38.279999999999994
2015-08-29,23.779999999999998
2015-08-30,24.939999999999998
2015-08-31,37.12
2015-09-01,52.0
2015-09-02,45.760000000000005
2015-09-03,45.760000000000005
2015-09-04,47.32
2015-09-05,36.4
2015-09-06,32.76
2015-09-07,37.44
2015-09-08,45.760000000000005
2015-09-09,49.92
2015-09-10,44.72
2015-09-11,46.28
2015-09-12,35.36
2015-09-13,32.24
2015-09-14,47.84
2015-09-15,46.800000000000004
2015-09-16,44.2
2015-09-17,47.32
2015-09-18,46.800000000000004
2015-09-19,28.6
2015-09-20,31.720000000000002
2015-09-21,39.52
2015-09-22,41.6
2015-09-23,38.480000000000004
2015-09-24,44.2
2015-09-25,42.120000000000005
2015-09-26,34.84
2015-09-27,34.32
2015-09-28,40.56
2015-09-29,44.2
2015-09-30,44.2
2015-10-01,42.72
2015-10-02,38.879999999999995
2015-10-03,29.759999999999998
2015-10-04,34.56
2015-10-05,41.28
2015-10-06,44.64
2015-10-07,40.8
2015-10-08,36.48
2015-10-09,39.36
2015-10-10,34.08
2015-10-11,29.759999999999998
2015-10-12,41.28
2015-10-13,36.48
2015-10-14,41.28
2015-10-15,42.72
2015-10-16,37.44
2015-10-17,34.56
2015-10-18,30.72
2015-10-19,48.0
2015-10-20,47.519999999999996
2015-10-21,44.64
2015-10-22,45.6
2015-10-23,47.519999999999996
2015-10-24,34.08
2015-10-25,32.16
2015-10-26,40.32
2015-10-27,38.879999999999995
2015-10-28,42.72
2015-10-29,45.12
2015-10-30,40.32
2015-10-31,24.48
2015-11-01,28.799999999999997
2015-11-02,40.199999999999996
2015-11-03,39.0
2015-11-04,45.6
2015-11-05,60.0
2015-11-06,50.4
2015-11-07,26.4
2015-11-08,28.2
2015-11-09,35.4
2015-11-10,43.199999999999996
2015-11-11,38.4
2015-11-12,40.199999999999996
2015-11-13,39.0
2015-11-14,30.0
2015-11-15,25.2
2015-11-16,40.8
2015-11-17,40.8
2015-11-18,35.4
2015-11-19,39.0
2015-11-20,39.0
2015-11-21,28.799999999999997
2015-11-22,27.599999999999998
2015-11-23,34.199999999999996
2015-11-24,33.0
2015-11-25,38.4
2015-11-26,31.2
2015-11-27,29.4
2015-11-28,31.799999999999997
2015-11-29,27.0
2015-11-30,36.6
2015-12-01,41.800000000000004
2015-12-02,42.900000000000006
2015-12-03,41.25
2015-12-04,40.7
2015-12-05,29.700000000000003
2015-12-06,32.45
2015-12-07,38.5
2015-12-08,36.300000000000004
2015-12-09,42.35
2015-12-10,39.050000000000004
2015-12-11,38.5
2015-12-12,30.800000000000004
2015-12-13,24.750000000000004
2015-12-14,45.1
2015-12-15,41.800000000000004
2015-12-16,48.95
2015-12-17,44.550000000000004
2015-12-18,50.6
2015-12-19,34.1
2015-12-20,34.650000000000006
2015-12-21,55.00000000000001
2015-12-22,47.300000000000004
2015-12-23,44.550000000000004
2015-12-24,39.050000000000004
2015-12-25,33.550000000000004
2015-12-26,31.900000000000002
2015-12-27,25.3
2015-12-28,49.50000000000001
2015-12-29,42.35
2015-12-30,32.45
2015-12-31,39.6
2016-01-01,38.34
2016-01-02,36.18
2016-01-03,32.940000000000005
2016-01-04,45.36
2016-01-05,50.760000000000005
2016-01-06,48.06
2016-01-07,50.220000000000006
2016-01-08,48.6
2016-01-09,32.400000000000006
2016-01-10,29.700000000000003
2016-01-11,50.760000000000005
2016-01-12,46.440000000000005
2016-01-13,42.660000000000004
2016-01-14,44.82
2016-01-15,54.0
2016-01-16,36.72
2016-01-17,34.56
2016-01-18,37.800000000000004
2016-01-19,47.52
2016-01-20,52.38
2016-01-21,47.52
2016-01-22,41.580000000000005
2016-01-23,32.400000000000006
2016-01-24,31.860000000000003
2016-01-25,39.96
2016-01-26,43.74
2016-01-27,48.06
2016-01-28,46.440000000000005
2016-01-29,45.36
2016-01-30,30.78
2016-01-31,34.02
2016-02-01,35.84
2016-02-02,39.2
2016-02-03,40.88
2016-02-04,38.080000000000005
2016-02-05,36.400000000000006
2016-02-06,28.000000000000004
2016-02-07,27.44
2016-02-08,39.2
2016-02-09,54.32000000000001
2016-02-10,56.00000000000001
2016-02-11,43.68000000000001
2016-02-12,39.760000000000005
2016-02-13,27.44
2016-02-14,29.680000000000003
2016-02-15,28.000000000000004
2016-02-16,44.800000000000004
2016-02-17,38.080000000000005
2016-02-18,44.800000000000004
2016-02-19,38.64
2016-02-20,27.44
2016-02-21,26.880000000000003
2016-02-22,40.88
2016-02-23,40.32000000000001
2016-02-24,42.56
2016-02-25,36.400000000000006
2016-02-26,40.32000000000001
2016-02-27,26.320000000000004
2016-02-28,26.320000000000004
2016-02-29,39.760000000000005
2016-03-01,48.96
2016-03-02,51.0
2016-03-03,51.0
2016-03-04,45.9
2016-03-05,40.29
2016-03-06,34.68
2016-03-07,48.45
2016-03-08,41.31
2016-03-09,45.39
2016-03-10,46.92
2016-03-11,47.94
2016-03-12,32.64
2016-03-13,36.21
2016-03-14,43.35
2016-03-15,43.86
2016-03-16,49.47
2016-03-17,44.88
2016-03-18,43.35
2016-03-19,34.17
2016-03-20,31.62
2016-03-21,42.33
2016-03-22,43.35
2016-03-23,41.82
2016-03-24,40.29
2016-03-25,34.68
2016-03-26,29.580000000000002
2016-03-27,39.78
2016-03-28,41.31
2016-03-29,45.39
2016-03-30,43.86
2016-03-31,44.88
2016-04-01,45.08
2016-04-02,34.3
2016-04-03,28.419999999999998
2016-04-04,42.14
2016-04-05,45.57
2016-04-06,41.65
2016-04-07,43.12
2016-04-08,42.63
2016-04-09,35.28
2016-04-10,31.849999999999998
2016-04-11,42.63
2016-04-12,43.12
2016-04-13,41.16
2016-04-14,44.589999999999996
2016-04-15,40.18
2016-04-16,32.339999999999996
2016-04-17,31.36
2016-04-18,41.16
2016-04-19,46.55
2016-04-20,43.61
2016-04-21,49.0
2016-04-22,48.019999999999996
2016-04-23,39.69
2016-04-24,32.83
2016-04-25,44.589999999999996
2016-04-26,47.53
2016-04-27,46.06
2016-04-28,46.06
2016-04-29,40.18
2016-04-30,31.36
2016-05-01,24.91
2016-05-02,32.33
2016-05-03,27.560000000000002
2016-05-04,30.740000000000002
2016-05-05,32.33
2016-05-06,28.62
2016-05-07,19.080000000000002
2016-05-08,22.790000000000003
2016-05-09,29.68
2016-05-10,53.0
2016-05-11,50.35
2016-05-12,33.92
2016-05-13,30.21
2016-05-14,21.200000000000003
2016-05-15,23.32
2016-05-16,27.560000000000002
2016-05-17,28.62
2016-05-18,30.21
2016-05-19,29.150000000000002
2016-05-20,28.62
2016-05-21,19.61
2016-05-22,21.73
2016-05-23,27.560000000000002
2016-05-24,28.62
2016-05-25,29.68
2016-05-26,28.62
2016-05-27,28.62
2016-05-28,18.55
2016-05-29,19.61
2016-05-30,24.380000000000003
2016-05-31,29.68
2016-06-01,42.84
2016-06-02,39.27
2016-06-03,34.17
2016-06-04,32.13
2016-06-05,30.09
2016-06-06,38.76
2016-06-07,42.33
2016-06-08,40.29
2016-06-09,38.76
2016-06-10,46.410000000000004
2016-06-11,31.62
2016-06-12,30.09
2016-06-13,41.82
2016-06-14,35.7
2016-06-15,51.0
2016-06-16,48.96
2016-06-17,43.86
2016-06-18,34.17
2016-06-19,37.230000000000004
2016-06-20,41.82
2016-06-21,39.27
2016-06-22,36.21
2016-06-23,37.74
2016-06-24,51.0
2016-06-25,36.72
2016-06-26,23.46
2016-06-27,45.39
2016-06-28,41.82
2016-06-29,38.76
2016-06-30,44.37
2016-07-01,36.0
2016-07-02,28.0
2016-07-03,28.8
2016-07-04,28.0
2016-07-05,36.800000000000004
2016-07-06,36.0
2016-07-07,32.4
2016-07-08,29.200000000000003
2016-07-09,30.8
2016-07-10,29.200000000000003
2016-07-11,35.6
2016-07-12,36.0
2016-07-13,36.800000000000004
2016-07-14,32.800000000000004
2016-07-15,34.4
2016-07-16,26.0
2016-07-17,32.0
2016-07-18,35.2
2016-07-19,35.6
2016-07-20,40.0
2016-07-21,36.800000000000004
2016-07-22,30.0
2016-07-23,30.8
2016-07-24,26.8
2016-07-25,34.0
2016-07-26,37.2
2016-07-27,36.800000000000004
2016-07-28,39.2
2016-07-29,36.4
2016-07-30,30.0
2016-07-31,31.200000000000003
2016-08-01,24.2
2016-08-02,29.04
2016-08-03,28.6
2016-08-04,30.36
2016-08-05,31.24
2016-08-06,23.76
2016-08-07,25.52
2016-08-08,28.6
2016-08-09,39.160000000000004
2016-08-10,44.0
2016-08-11,35.2
2016-08-12,29.04
2016-08-13,21.56
2016-08-14,23.32
2016-08-15,27.28
2016-08-16,28.16
2016-08-17,25.080000000000002
2016-08-18,24.2
2016-08-19,26.4
2016-08-20,22.44
2016-08-21,21.12
2016-08-22,23.76
2016-08-23,27.72
2016-08-24,30.36
2016-08-25,28.16
2016-08-26,29.04
2016-08-27,20.68
2016-08-28,24.64
2016-08-29,31.68
2016-08-30,27.28
2016-08-31,27.28
2016-09-01,35.04
2016-09-02,33.12
2016-09-03,27.84
2016-09-04,29.279999999999998
2016-09-05,28.32
2016-09-06,39.36
2016-09-07,36.48
2016-09-08,36.48
2016-09-09,37.44
2016-09-10,29.759999999999998
2016-09-11,34.08
2016-09-12,40.8
2016-09-13,38.4
2016-09-14,41.28
2016-09-15,41.76
2016-09-16,34.56
2016-09-17,32.64
2016-09-18,31.2
2016-09-19,40.32
2016-09-20,42.239999999999995
2016-09-21,48.0
2016-09-22,40.8
2016-09-23,36.0
2016-09-24,33.12
2016-09-25,33.12
2016-09-26,42.72
2016-09-27,44.16
2016-09-28,45.6
2016-09-29,38.4
2016-09-30,35.519999999999996
2016-10-01,33.6
2016-10-02,31.68
2016-10-03,41.28
2016-10-04,43.68
2016-10-05,48.0
2016-10-06,40.32
2016-10-07,45.6
2016-10-08,36.48
2016-10-09,36.96
2016-10-10,43.68
2016-10-11,44.16
2016-10-12,40.8
2016-10-13,41.76
2016-10-14,36.96
2016-10-15,32.64
2016-10-16,32.64
2016-10-17,37.92
2016-10-18,42.239999999999995
2016-10-19,45.12
2016-10-20,45.6
2016-10-21,39.36
2016-10-22,31.68
2016-10-23,38.879999999999995
2016-10-24,44.64
2016-10-25,42.239999999999995
2016-10-26,41.76
2016-10-27,46.08
2016-10-28,40.8
2016-10-29,32.16
2016-10-30,30.72
2016-10-31,43.199999999999996
2016-11-01,36.400000000000006
2016-11-02,33.040000000000006
2016-11-03,34.160000000000004
2016-11-04,33.6
2016-11-05,26.880000000000003
2016-11-06,25.200000000000003
2016-11-07,35.28
2016-11-08,34.160000000000004
2016-11-09,48.160000000000004
2016-11-10,56.00000000000001
2016-11-11,47.040000000000006
2016-11-12,32.480000000000004
2016-11-13,31.92
2016-11-14,36.96
2016-11-15,36.96
2016-11-16,40.88
2016-11-17,39.2
2016-11-18,33.6
2016-11-19,28.560000000000002
2016-11-20,28.000000000000004
2016-11-21,37.52
2016-11-22,40.32000000000001
2016-11-23,34.160000000000004
2016-11-24,32.480000000000004
2016-11-25,26.320000000000004
2016-11-26,28.000000000000004
2016-11-27,29.680000000000003
2016-11-28,34.160000000000004
2016-11-29,32.480000000000004
2016-11-30,35.28
2016-12-01,43.35
2016-12-02,45.9
2016-12-03,39.27
2016-12-04,39.27
2016-12-05,39.27
2016-12-06,50.49
2016-12-07,49.980000000000004
2016-12-08,49.47
2016-12-09,51.0
2016-12-10,35.7
2016-12-11,39.27
2016-12-12,45.9
2016-12-13,47.43
2016-12-14,44.88
2016-12-15,47.94
2016-12-16,46.92
2016-12-17,39.78
2016-12-18,32.13
2016-12-19,50.49
2016-12-20,46.410000000000004
2016-12-21,46.410000000000004
2016-12-22,40.8
2016-12-23,40.8
2016-12-24,34.68
2016-12-25,31.11
2016-12-26,36.72
2016-12-27,39.78
2016-12-28,46.92
2016-12-29,37.230000000000004
2016-12-30,38.76
2016-12-31,37.74
2017-01-01,37.74
2017-01-02,33.15
2017-01-03,39.78
2017-01-04,43.35
2017-01-05,48.96
2017-01-06,45.9
2017-01-07,34.17
2017-01-08,37.74
2017-01-09,43.86
2017-01-10,46.92
2017-01-11,46.410000000000004
2017-01-12,47.94
2017-01-13,41.31
2017-01-14,36.72
2017-01-15,37.230000000000004
2017-01-16,33.15
2017-01-17,43.35
2017-01-18,45.39
2017-01-19,40.8
2017-01-20,45.39
2017-01-21,37.230000000000004
2017-01-22,38.76
2017-01-23,40.29
2017-01-24,45.9
2017-01-25,51.0
2017-01-26,46.410000000000004
2017-01-27,42.84
2017-01-28,38.25
2017-01-29,33.660000000000004
2017-01-30,44.88
2017-01-31,46.410000000000004
2017-02-01,35.510000000000005
2017-02-02,40.28
2017-02-03,33.92
2017-02-04,23.32
2017-02-05,27.560000000000002
2017-02-06,38.690000000000005
2017-02-07,42.93
2017-02-08,46.64
2017-02-09,38.690000000000005
2017-02-10,31.8
2017-02-11,29.68
2017-02-12,24.380000000000003
2017-02-13,32.86
2017-02-14,32.86
2017-02-15,37.1
2017-02-16,32.33
2017-02-17,30.21
2017-02-18,25.44
2017-02-19,26.5
2017-02-20,29.68
2017-02-21,34.45
2017-02-22,33.39
2017-02-23,30.740000000000002
2017-02-24,31.270000000000003
2017-02-25,42.400000000000006
2017-02-26,53.0
2017-02-27,40.28
2017-02-28,36.57
2017-03-01,43.61
2017-03-02,36.26
2017-03-03,40.18
2017-03-04,34.79
2017-03-05,29.89
2017-03-06,34.79
2017-03-07,31.36
2017-03-08,34.79
2017-03-09,33.81
2017-03-10,49.0
2017-03-11,32.339999999999996
2017-03-12,30.38
2017-03-13,30.87
2017-03-14,33.81
2017-03-15,35.28
2017-03-16,37.24
2017-03-17,33.32
2017-03-18,31.36
2017-03-19,29.4
2017-03-20,38.71
2017-03-21,37.73
2017-03-22,35.769999999999996
2017-03-23,34.3
2017-03-24,35.28
2017-03-25,30.38
2017-03-26,27.93
2017-03-27,31.36
2017-03-28,36.75
2017-03-29,31.849999999999998
2017-03-30,37.73
2017-03-31,33.32
2017-04-01,35.42
2017-04-02,39.56
2017-04-03,38.18
2017-04-04,40.480000000000004
2017-04-05,37.260000000000005
2017-04-06,40.940000000000005
2017-04-07,43.24
2017-04-08,34.04
2017-04-09,32.660000000000004
2017-04-10,37.260000000000005
2017-04-11,41.86
2017-04-12,43.7
2017-04-13,43.24
2017-04-14,34.96
2017-04-15,32.2
2017-04-16,36.34
2017-04-17,39.1
2017-04-18,41.86
2017-04-19,45.080000000000005
2017-04-20,42.32
2017-04-21,44.620000000000005
2017-04-22,27.14
2017-04-23,31.28
2017-04-24,43.7
2017-04-25,46.0
2017-04-26,38.64
2017-04-27,41.4
2017-04-28,45.080000000000005
2017-04-29,34.5
2017-04-30,30.360000000000003
2017-05-01,29.279999999999998
2017-05-02,32.64
2017-05-03,35.04
2017-05-04,32.16
2017-05-05,31.68
2017-05-06,24.0
2017-05-07,26.88
2017-05-08,33.6
2017-05-09,38.879999999999995
2017-05-10,48.0
2017-05-11,34.08
2017-05-12,32.64
2017-05-13,24.0
2017-05-14,27.84
2017-05-15,32.64
2017-05-16,35.04
2017-05-17,32.16
2017-05-18,28.799999999999997
2017-05-19,29.279999999999998
2017-05-20,26.88
2017-05-21,24.96
2017-05-22,30.24
2017-05-23,29.279999999999998
2017-05-24,28.799999999999997
2017-05-25,28.799999999999997
2017-05-26,32.64
2017-05-27,25.439999999999998
2017-05-28,23.52
2017-05-29,26.4
2017-05-30,28.799999999999997
2017-05-31,29.759999999999998
2017-06-01,37.800000000000004
2017-06-02,44.550000000000004
2017-06-03,36.0
2017-06-04,34.65
2017-06-05,40.95
2017-06-06,38.25
2017-06-07,39.6
2017-06-08,45.0
2017-06-09,42.300000000000004
2017-06-10,31.5
2017-06-11,35.550000000000004
2017-06-12,36.45
2017-06-13,42.300000000000004
2017-06-14,40.050000000000004
2017-06-15,37.35
2017-06-16,40.95
2017-06-17,40.95
2017-06-18,40.050000000000004
2017-06-19,41.4
2017-06-20,38.25
2017-06-21,43.2
2017-06-22,38.25
2017-06-23,37.35
2017-06-24,35.1
2017-06-25,31.95
2017-06-26,37.35
2017-06-27,36.9
2017-06-28,43.65
2017-06-29,38.25
2017-06-30,37.35
2017-07-01,34.2
2017-07-02,37.800000000000004
2017-07-03,42.75
2017-07-04,36.0
2017-07-05,40.050000000000004
2017-07-06,45.0
2017-07-07,42.300000000000004
2017-07-08,34.2
2017-07-09,35.1
2017-07-10,38.25
2017-07-11,38.25
2017-07-12,41.4
2017-07-13,39.15
2017-07-14,35.550000000000004
2017-07-15,36.9
2017-07-16,39.15
2017-07-17,43.2
2017-07-18,38.25
2017-07-19,40.050000000000004
2017-07-20,43.2
2017-07-21,37.35
2017-07-22,36.45
2017-07-23,36.45
2017-07-24,43.2
2017-07-25,43.2
2017-07-26,38.7
2017-07-27,44.550000000000004
2017-07-28,45.0
2017-07-29,35.1
2017-07-30,38.25
2017-07-31,42.300000000000004
2017-08-01,29.580000000000002
2017-08-02,30.6
2017-08-03,29.580000000000002
2017-08-04,35.7
2017-08-05,26.52
2017-08-06,29.07
2017-08-07,26.52
2017-08-08,45.9
2017-08-09,51.0
2017-08-10,40.8
2017-08-11,32.13
2017-08-12,25.5
2017-08-13,27.03
2017-08-14,30.09
2017-08-15,34.68
2017-08-16,30.09
2017-08-17,27.54
2017-08-18,30.6
2017-08-19,26.52
2017-08-20,26.01
2017-08-21,28.560000000000002
2017-08-22,29.07
2017-08-23,31.11
2017-08-24,34.68
2017-08-25,30.09
2017-08-26,26.01
2017-08-27,29.07
2017-08-28,31.62
2017-08-29,29.07
2017-08-30,31.11
2017-08-31,34.68
2017-09-01,39.69
2017-09-02,33.32
2017-09-03,38.71
2017-09-04,33.32
2017-09-05,37.73
2017-09-06,41.65
2017-09-07,47.53
2017-09-08,46.55
2017-09-09,34.79
2017-09-10,34.79
2017-09-11,44.589999999999996
2017-09-12,48.019999999999996
2017-09-13,47.53
2017-09-14,40.18
2017-09-15,39.2
2017-09-16,32.83
2017-09-17,34.3
2017-09-18,47.53
2017-09-19,45.57
2017-09-20,48.019999999999996
2017-09-21,43.61
2017-09-22,44.1
2017-09-23,37.73
2017-09-24,43.61
2017-09-25,49.0
2017-09-26,49.0
2017-09-27,44.589999999999996
2017-09-28,43.61
2017-09-29,42.14
2017-09-30,36.26
2017-10-01,37.44
2017-10-02,39.36
2017-10-03,48.0
2017-10-04,46.559999999999995
2017-10-05,40.32
2017-10-06,41.28
2017-10-07,35.519999999999996
2017-10-08,37.92
2017-10-09,39.839999999999996
2017-10-10,43.68
2017-10-11,45.6
2017-10-12,48.0
2017-10-13,42.239999999999995
2017-10-14,33.6
2017-10-15,35.04
2017-10-16,44.64
2017-10-17,45.12
2017-10-18,45.6
2017-10-19,43.199999999999996
2017-10-20,39.36
2017-10-21,34.56
2017-10-22,34.56
2017-10-23,43.199999999999996
2017-10-24,45.6
2017-10-25,43.68
2017-10-26,44.16
2017-10-27,36.0
2017-10-28,34.08
2017-10-29,37.44
2017-10-30,44.16
2017-10-31,39.839999999999996
2017-11-01,42.84
2017-11-02,42.33
2017-11-03,39.78
2017-11-04,31.11
2017-11-05,34.68
2017-11-06,44.88
2017-11-07,48.96
2017-11-08,49.47
2017-11-09,51.0
2017-11-10,51.0
2017-11-11,37.74
2017-11-12,32.13
2017-11-13,40.8
2017-11-14,40.8
2017-11-15,39.78
2017-11-16,41.82
2017-11-17,42.33
2017-11-18,36.21
2017-11-19,35.7
2017-11-20,39.78
2017-11-21,40.29
2017-11-22,36.72
2017-11-23,29.07
2017-11-24,30.6
2017-11-25,34.17
2017-11-26,35.19
2017-11-27,41.31
2017-11-28,40.8
2017-11-29,43.35
2017-11-30,45.39
2017-12-01,30.5
2017-12-02,28.5
2017-12-03,24.5
2017-12-04,37.5
2017-12-05,33.0
2017-12-06,35.0
2017-12-07,33.5
2017-12-08,29.5
2017-12-09,26.5
2017-12-10,22.5
2017-12-11,34.5
2017-12-12,36.0
2017-12-13,32.5
2017-12-14,50.0
2017-12-15,38.5
2017-12-16,24.5
2017-12-17,27.0
2017-12-18,39.5
2017-12-19,33.0
2017-12-20,30.5
2017-12-21,29.5
2017-12-22,26.0
2017-12-23,21.5
2017-12-24,20.0
2017-12-25,24.0
2017-12-26,26.5
2017-12-27,31.5
2017-12-28,27.5
2017-12-29,25.5
2017-12-30,22.0
2017-12-31,23.5
2018-01-01,38.22
2018-01-02,41.65
2018-01-03,45.08
2018-01-04,39.2
2018-01-05,41.65
2018-01-06,34.79
2018-01-07,36.75
2018-01-08,44.1
2018-01-09,38.71
2018-01-10,41.65
2018-01-11,42.63
2018-01-12,44.589999999999996
2018-01-13,33.32
2018-01-14,38.22
2018-01-15,46.06
2018-01-16,39.2
2018-01-17,43.12
2018-01-18,40.67
2018-01-19,40.67
2018-01-20,44.1
2018-01-21,38.71
2018-01-22,40.67
2018-01-23,43.61
2018-01-24,48.51
2018-01-25,40.67
2018-01-26,38.22
2018-01-27,36.26
2018-01-28,35.28
2018-01-29,49.0
2018-01-30,43.61
2018-01-31,42.63
2018-02-01,39.75
2018-02-02,41.870000000000005
2018-02-03,33.39
2018-02-04,32.86
2018-02-05,51.410000000000004
2018-02-06,53.0
2018-02-07,47.17
2018-02-08,45.580000000000005
2018-02-09,47.17
2018-02-10,37.1
2018-02-11,32.86
2018-02-12,43.99
2018-02-13,40.28
2018-02-14,44.52
2018-02-15,38.160000000000004
2018-02-16,41.870000000000005
2018-02-17,37.1
2018-02-18,36.04
2018-02-19,37.63
2018-02-20,39.22
2018-02-21,39.22
2018-02-22,44.52
2018-02-23,42.400000000000006
2018-02-24,33.39
2018-02-25,36.57
2018-02-26,46.11
2018-02-27,49.29
2018-02-28,46.64
2018-03-01,46.529999999999994
2018-03-02,42.3
2018-03-03,36.66
2018-03-04,36.19
2018-03-05,44.65
2018-03-06,44.65
2018-03-07,47.0
2018-03-08,43.71
2018-03-09,45.12
2018-03-10,33.37
2018-03-11,39.48
2018-03-12,42.3
2018-03-13,44.65
2018-03-14,43.239999999999995
2018-03-15,40.89
2018-03-16,39.949999999999996
2018-03-17,32.9
2018-03-18,35.72
2018-03-19,45.589999999999996
2018-03-20,40.89
2018-03-21,40.89
2018-03-22,39.01
2018-03-23,37.129999999999995
2018-03-24,36.66
2018-03-25,37.599999999999994
2018-03-26,41.36
2018-03-27,39.01
2018-03-28,41.83
2018-03-29,42.3
2018-03-30,40.89
2018-03-31,36.66
2018-04-01,40.8
2018-04-02,41.28
2018-04-03,40.32
2018-04-04,38.4
2018-04-05,35.519999999999996
2018-04-06,39.839999999999996
2018-04-07,37.44
2018-04-08,34.56
2018-04-09,43.199999999999996
2018-04-10,39.36
2018-04-11,37.92
2018-04-12,41.28
2018-04-13,40.8
2018-04-14,36.96
2018-04-15,37.92
2018-04-16,40.32
2018-04-17,43.68
2018-04-18,46.559999999999995
2018-04-19,39.839999999999996
2018-04-20,44.16
2018-04-21,38.4
2018-04-22,42.239999999999995
2018-04-23,44.16
2018-04-24,40.32
2018-04-25,45.12
2018-04-26,42.72
2018-04-27,42.72
2018-04-28,33.6
2018-04-29,33.6
2018-04-30,48.0
2018-05-01,29.150000000000002
2018-05-02,29.700000000000003
2018-05-03,29.700000000000003
2018-05-04,27.500000000000004
2018-05-05,26.950000000000003
2018-05-06,24.200000000000003
2018-05-07,35.2
2018-05-08,45.650000000000006
2018-05-09,42.35
2018-05-10,38.5
2018-05-11,31.900000000000002
2018-05-12,29.150000000000002
2018-05-13,29.700000000000003
2018-05-14,30.250000000000004
2018-05-15,28.05
2018-05-16,33.550000000000004
2018-05-17,31.35
2018-05-18,31.900000000000002
2018-05-19,31.900000000000002
2018-05-20,32.45
2018-05-21,28.05
2018-05-22,29.700000000000003
2018-05-23,30.250000000000004
2018-05-24,29.700000000000003
2018-05-25,28.6
2018-05-26,30.800000000000004
2018-05-27,26.400000000000002
2018-05-28,26.400000000000002
2018-05-29,36.300000000000004
2018-05-30,55.00000000000001
2018-05-31,46.2
2018-06-01,45.1
2018-06-02,46.2
2018-06-03,36.300000000000004
2018-06-04,42.35
2018-06-05,42.900000000000006
2018-06-06,42.900000000000006
2018-06-07,41.25
2018-06-08,45.650000000000006
2018-06-09,40.7
2018-06-10,36.300000000000004
2018-06-11,38.5
2018-06-12,44.0
2018-06-13,53.35
2018-06-14,42.900000000000006
2018-06-15,41.25
2018-06-16,37.400000000000006
2018-06-17,41.800000000000004
2018-06-18,48.95
2018-06-19,42.900000000000006
2018-06-20,55.00000000000001
2018-06-21,40.7
2018-06-22,38.5
2018-06-23,31.900000000000002
2018-06-24,29.700000000000003
2018-06-25,34.650000000000006
2018-06-26,34.650000000000006
2018-06-27,39.6
2018-06-28,39.050000000000004
2018-06-29,40.150000000000006
2018-06-30,32.45
2018-07-01,40.04
2018-07-02,40.04
2018-07-03,41.08
2018-07-04,39.0
2018-07-05,46.800000000000004
2018-07-06,45.760000000000005
2018-07-07,38.480000000000004
2018-07-08,41.6
2018-07-09,44.72
2018-07-10,48.36
2018-07-11,50.440000000000005
2018-07-12,49.4
2018-07-13,46.800000000000004
2018-07-14,42.64
2018-07-15,42.64
2018-07-16,48.88
2018-07-17,49.4
2018-07-18,48.36
2018-07-19,50.96
2018-07-20,44.72
2018-07-21,41.08
2018-07-22,43.160000000000004
2018-07-23,47.84
2018-07-24,49.92
2018-07-25,45.24
2018-07-26,49.92
2018-07-27,52.0
2018-07-28,40.56
2018-07-29,43.68
2018-07-30,48.36
2018-07-31,43.160000000000004
2018-08-01,24.48
2018-08-02,25.439999999999998
2018-08-03,22.56
2018-08-04,25.439999999999998
2018-08-05,23.52
2018-08-06,27.36
2018-08-07,48.0
2018-08-08,40.32
2018-08-09,25.439999999999998
2018-08-10,24.0
2018-08-11,21.599999999999998
2018-08-12,23.04
2018-08-13,27.84
2018-08-14,26.4
2018-08-15,25.439999999999998
2018-08-16,24.0
2018-08-17,25.439999999999998
2018-08-18,25.439999999999998
2018-08-19,24.48
2018-08-20,27.84
2018-08-21,24.0
2018-08-22,25.439999999999998
2018-08-23,26.4
2018-08-24,23.04
2018-08-25,22.56
2018-08-26,24.0
2018-08-27,26.88
2018-08-28,25.439999999999998
2018-08-29,28.799999999999997
2018-08-30,23.04
2018-08-31,28.799999999999997
2018-09-01,29.120000000000005
2018-09-02,28.000000000000004
2018-09-03,40.88
2018-09-04,56.00000000000001
2018-09-05,43.68000000000001
2018-09-06,42.56
2018-09-07,42.00000000000001
2018-09-08,35.28
2018-09-09,29.680000000000003
2018-09-10,34.160000000000004
2018-09-11,33.6
2018-09-12,32.480000000000004
2018-09-13,31.360000000000003
2018-09-14,33.6
2018-09-15,37.52
2018-09-16,29.680000000000003
2018-09-17,34.160000000000004
2018-09-18,28.560000000000002
2018-09-19,31.360000000000003
2018-09-20,32.480000000000004
2018-09-21,34.720000000000006
2018-09-22,26.320000000000004
2018-09-23,25.76
2018-09-24,33.6
2018-09-25,35.84
2018-09-26,33.040000000000006
2018-09-27,33.6
2018-09-28,36.96
2018-09-29,29.120000000000005
2018-09-30,28.560000000000002
2018-10-01,50.6
2018-10-02,42.35
2018-10-03,47.300000000000004
2018-10-04,52.25000000000001
2018-10-05,46.75000000000001
2018-10-06,40.150000000000006
2018-10-07,41.25
2018-10-08,46.75000000000001
2018-10-09,52.25000000000001
2018-10-10,50.050000000000004
2018-10-11,50.6
2018-10-12,53.900000000000006
2018-10-13,39.6
2018-10-14,45.650000000000006
2018-10-15,55.00000000000001
2018-10-16,53.35
2018-10-17,47.85
2018-10-18,48.400000000000006
2018-10-19,52.25000000000001
2018-10-20,45.1
2018-10-21,46.2
2018-10-22,44.550000000000004
2018-10-23,50.6
2018-10-24,50.050000000000004
2018-10-25,48.95
2018-10-26,50.050000000000004
2018-10-27,44.550000000000004
2018-10-28,43.45
2018-10-29,50.050000000000004
2018-10-30,53.35
2018-10-31,48.95
2018-11-01,46.199999999999996
2018-11-02,39.0
2018-11-03,36.6
2018-11-04,37.8
2018-11-05,36.0
2018-11-06,39.0
2018-11-07,60.0
2018-11-08,55.8
2018-11-09,54.6
2018-11-10,36.6
2018-11-11,37.8
2018-11-12,41.4
2018-11-13,43.8
2018-11-14,42.6
2018-11-15,44.4
2018-11-16,39.6
2018-11-17,36.0
2018-11-18,33.6
2018-11-19,37.8
2018-11-20,40.8
2018-11-21,34.8
2018-11-22,32.4
2018-11-23,36.6
2018-11-24,34.8
2018-11-25,37.8
2018-11-26,39.6
2018-11-27,37.8
2018-11-28,42.6
2018-11-29,42.6
2018-11-30,38.4
2018-12-01,45.050000000000004
2018-12-02,42.93
2018-12-03,51.940000000000005
2018-12-04,48.760000000000005
2018-12-05,52.470000000000006
2018-12-06,49.29
2018-12-07,48.230000000000004
2018-12-08,36.04
2018-12-09,43.99
2018-12-10,50.88
2018-12-11,53.0
2018-12-12,47.17
2018-12-13,45.050000000000004
2018-12-14,49.29
2018-12-15,39.22
2018-12-16,46.64
2018-12-17,46.64
2018-12-18,47.7
2018-12-19,47.17
2018-12-20,43.99
2018-12-21,47.7
2018-12-22,37.63
2018-12-23,39.75
2018-12-24,49.82
2018-12-25,48.230000000000004
2018-12-26,50.88
2018-12-27,52.470000000000006
2018-12-28,46.64
2018-12-29,44.52
2018-12-30,46.64
2018-12-31,51.940000000000005
2019-01-01,48.97
2019-01-02,48.97
2019-01-03,50.739999999999995
2019-01-04,52.51
2019-01-05,51.919999999999995
2019-01-06,49.559999999999995
2019-01-07,56.64
2019-01-08,53.099999999999994
2019-01-09,59.0
2019-01-10,52.51
2019-01-11,55.459999999999994
2019-01-12,52.51
2019-01-13,44.25
2019-01-14,51.33
2019-01-15,52.51
2019-01-16,53.099999999999994
2019-01-17,50.15
2019-01-18,51.33
2019-01-19,44.839999999999996
2019-01-20,46.019999999999996
2019-01-21,47.79
2019-01-22,48.379999999999995
2019-01-23,48.97
2019-01-24,47.79
2019-01-25,51.33
2019-01-26,52.51
2019-01-27,46.61
2019-01-28,49.559999999999995
2019-01-29,50.739999999999995
2019-01-30,53.099999999999994
2019-01-31,54.87
2019-02-01,45.44
2019-02-02,51.2
2019-02-03,45.44
2019-02-04,58.24
2019-02-05,62.72
2019-02-06,64.0
2019-02-07,53.76
2019-02-08,45.44
2019-02-09,40.96
2019-02-10,44.160000000000004
2019-02-11,54.4
2019-02-12,48.64
2019-02-13,52.480000000000004
2019-02-14,49.92
2019-02-15,51.84
2019-02-16,50.56
2019-02-17,44.160000000000004
2019-02-18,46.72
2019-02-19,46.72
2019-02-20,46.08
2019-02-21,49.92
2019-02-22,51.84
2019-02-23,39.68
2019-02-24,44.160000000000004
2019-02-25,55.04
2019-02-26,48.64
2019-02-27,48.64
2019-02-28,48.64
2019-03-01,42.74999999999999
2019-03-02,41.61
2019-03-03,39.9
2019-03-04,42.18
2019-03-05,43.31999999999999
2019-03-06,42.18
2019-03-07,43.31999999999999
2019-03-08,45.029999999999994
2019-03-09,37.62
2019-03-10,38.19
2019-03-11,47.309999999999995
2019-03-12,48.449999999999996
2019-03-13,42.74999999999999
2019-03-14,41.61
2019-03-15,45.029999999999994
2019-03-16,38.76
2019-03-17,39.9
2019-03-18,45.599999999999994
2019-03-19,45.599999999999994
2019-03-20,56.99999999999999
2019-03-21,49.019999999999996
2019-03-22,43.31999999999999
2019-03-23,37.05
2019-03-24,39.9
2019-03-25,44.459999999999994
2019-03-26,45.599999999999994
2019-03-27,43.31999999999999
2019-03-28,44.459999999999994
2019-03-29,43.31999999999999
2019-03-30,35.339999999999996
2019-03-31,37.62
2019-04-01,31.96
2019-04-02,29.92
2019-04-03,27.880000000000003
2019-04-04,29.240000000000002
2019-04-05,26.520000000000003
2019-04-06,23.12
2019-04-07,24.48
2019-04-08,29.92
2019-04-09,31.28
2019-04-10,31.28
2019-04-11,32.64
2019-04-12,68.0
2019-04-13,28.560000000000002
2019-04-14,28.560000000000002
2019-04-15,39.440000000000005
2019-04-16,40.800000000000004
2019-04-17,38.760000000000005
2019-04-18,32.64
2019-04-19,27.200000000000003
2019-04-20,26.520000000000003
2019-04-21,25.16
2019-04-22,31.28
2019-04-23,33.32
2019-04-24,33.32
2019-04-25,36.04
2019-04-26,36.04
2019-04-27,31.28
2019-04-28,29.240000000000002
2019-04-29,53.040000000000006
2019-04-30,38.760000000000005
2019-05-01,48.1
2019-05-02,47.45
2019-05-03,42.9
2019-05-04,37.050000000000004
2019-05-05,35.75
2019-05-06,51.35
2019-05-07,48.1
2019-05-08,65.0
2019-05-09,53.300000000000004
2019-05-10,50.050000000000004
2019-05-11,37.050000000000004
2019-05-12,40.95
2019-05-13,48.1
2019-05-14,46.800000000000004
2019-05-15,44.2
2019-05-16,40.300000000000004
2019-05-17,40.300000000000004
2019-05-18,35.1
2019-05-19,32.5
2019-05-20,42.9
2019-05-21,42.25
2019-05-22,48.1
2019-05-23,38.35
2019-05-24,36.4
2019-05-25,26.650000000000002
2019-05-26,27.95
2019-05-27,32.5
2019-05-28,39.65
2019-05-29,37.7
2019-05-30,37.050000000000004
2019-05-31,38.35
2019-06-01,44.25
2019-06-02,44.25
2019-06-03,47.199999999999996
2019-06-04,49.559999999999995
2019-06-05,43.66
2019-06-06,51.919999999999995
2019-06-07,47.79
2019-06-08,46.61
2019-06-09,37.76
2019-06-10,47.79
2019-06-11,45.43
2019-06-12,45.43
2019-06-13,59.0
2019-06-14,53.099999999999994
2019-06-15,37.169999999999995
2019-06-16,44.839999999999996
2019-06-17,53.099999999999994
2019-06-18,50.15
2019-06-19,48.379999999999995
2019-06-20,52.51
2019-06-21,50.15
2019-06-22,37.76
2019-06-23,38.94
2019-06-24,44.25
2019-06-25,44.25
2019-06-26,44.839999999999996
2019-06-27,48.379999999999995
2019-06-28,49.559999999999995
2019-06-29,41.89
2019-06-30,40.12
2019-07-01,53.68
2019-07-02,56.73
2019-07-03,60.39
2019-07-04,46.97
2019-07-05,49.41
2019-07-06,43.31
2019-07-07,61.0
2019-07-08,55.51
2019-07-09,53.07
2019-07-10,59.17
2019-07-11,55.51
2019-07-12,55.51
2019-07-13,43.31
2019-07-14,45.14
2019-07-15,53.68
2019-07-16,51.24
2019-07-17,51.24
2019-07-18,50.629999999999995
2019-07-19,51.85
2019-07-20,45.75
2019-07-21,51.24
2019-07-22,53.68
2019-07-23,56.73
2019-07-24,57.339999999999996
2019-07-25,50.629999999999995
2019-07-26,54.29
2019-07-27,44.53
2019-07-28,46.36
2019-07-29,54.9
2019-07-30,55.51
2019-07-31,54.29
2019-08-01,32.86
2019-08-02,35.339999999999996
2019-08-03,31.0
2019-08-04,31.0
2019-08-05,38.44
2019-08-06,62.0
2019-08-07,58.9
2019-08-08,40.92
2019-08-09,34.72
2019-08-10,29.759999999999998
2019-08-11,30.38
2019-08-12,34.72
2019-08-13,40.3
2019-08-14,34.1
2019-08-15,35.96
2019-08-16,37.2
2019-08-17,30.38
2019-08-18,28.52
2019-08-19,37.2
2019-08-20,37.82
2019-08-21,37.2
2019-08-22,36.58
2019-08-23,37.82
2019-08-24,30.38
2019-08-25,37.82
2019-08-26,42.16
2019-08-27,40.3
2019-08-28,38.44
2019-08-29,41.54
2019-08-30,42.16
2019-08-31,30.38
2019-09-01,49.8
2019-09-02,48.6
2019-09-03,53.4
2019-09-04,53.4
2019-09-05,54.6
2019-09-06,56.4
2019-09-07,44.4
2019-09-08,42.6
2019-09-09,49.199999999999996
2019-09-10,54.0
2019-09-11,60.0
2019-09-12,57.0
2019-09-13,54.0
2019-09-14,44.4
2019-09-15,47.4
2019-09-16,57.0
2019-09-17,51.0
2019-09-18,53.4
2019-09-19,53.4
2019-09-20,56.4
2019-09-21,42.0
2019-09-22,43.199999999999996
2019-09-23,54.0
2019-09-24,55.8
2019-09-25,52.8
2019-09-26,59.4
2019-09-27,54.6
2019-09-28,43.199999999999996
2019-09-29,50.4
2019-09-30,56.4
2019-10-01,56.839999999999996
2019-10-02,53.94
2019-10-03,52.199999999999996
2019-10-04,57.99999999999999
2019-10-05,44.08
2019-10-06,43.5
2019-10-07,46.4
2019-10-08,56.839999999999996
2019-10-09,52.779999999999994
2019-10-10,53.94
2019-10-11,47.559999999999995
2019-10-12,40.019999999999996
2019-10-13,43.5
2019-10-14,51.04
2019-10-15,55.099999999999994
2019-10-16,46.4
2019-10-17,51.62
2019-10-18,53.36
2019-10-19,38.86
2019-10-20,47.559999999999995
2019-10-21,51.62
2019-10-22,56.26
2019-10-23,57.419999999999995
2019-10-24,52.199999999999996
2019-10-25,47.559999999999995
2019-10-26,43.5
2019-10-27,40.599999999999994
2019-10-28,53.94
2019-10-29,53.94
2019-10-30,54.519999999999996
2019-10-31,53.94
2019-11-01,38.88
2019-11-02,36.45
2019-11-03,35.64
2019-11-04,41.31
2019-11-05,40.5
2019-11-06,43.74
2019-11-07,73.71000000000001
2019-11-08,68.85000000000001
2019-11-09,41.31
2019-11-10,34.02
2019-11-11,42.93
2019-11-12,60.75000000000001
2019-11-13,81.0
2019-11-14,77.76
2019-11-15,54.27
2019-11-16,38.07
2019-11-17,36.45
2019-11-18,54.27
2019-11-19,50.220000000000006
2019-11-20,46.980000000000004
2019-11-21,38.88
2019-11-22,47.790000000000006
2019-11-23,37.260000000000005
2019-11-24,39.690000000000005
2019-11-25,49.410000000000004
2019-11-26,51.03
2019-11-27,43.74
2019-11-28,37.260000000000005
2019-11-29,38.88
2019-11-30,37.260000000000005
2019-12-01,46.199999999999996
2019-12-02,58.8
2019-12-03,60.199999999999996
2019-12-04,53.9
2019-12-05,58.8
2019-12-06,56.0
2019-12-07,44.8
2019-12-08,58.8
2019-12-09,62.3
2019-12-10,59.49999999999999
2019-12-11,63.699999999999996
2019-12-12,59.49999999999999
2019-12-13,70.0
2019-12-14,58.099999999999994
2019-12-15,56.699999999999996
2019-12-16,60.9
2019-12-17,52.5
2019-12-18,55.3
2019-12-19,67.89999999999999
2019-12-20,56.0
2019-12-21,46.199999999999996
2019-12-22,46.9
2019-12-23,60.9
2019-12-24,53.9
2019-12-25,44.099999999999994
2019-12-26,54.599999999999994
2019-12-27,56.699999999999996
2019-12-28,50.4
2019-12-29,50.4
2019-12-30,52.5
2019-12-31,60.9
2020-01-01,58.8
2020-01-02,65.1
2020-01-03,62.99999999999999
2020-01-04,55.3
2020-01-05,52.5
2020-01-06,56.699999999999996
2020-01-07,58.8
2020-01-08,58.8
2020-01-09,53.9
2020-01-10,53.199999999999996
2020-01-11,50.4
2020-01-12,53.199999999999996
2020-01-13,51.099999999999994
2020-01-14,55.3
2020-01-15,63.699999999999996
2020-01-16,55.3
2020-01-17,56.0
2020-01-18,56.0
2020-01-19,48.3
2020-01-20,49.0
2020-01-21,56.0
2020-01-22,57.4
2020-01-23,56.699999999999996
2020-01-24,60.199999999999996
2020-01-25,46.199999999999996
2020-01-26,69.3
2020-01-27,70.0
2020-01-28,68.6
2020-01-29,62.3
2020-01-30,58.8
2020-01-31,67.19999999999999
2020-02-01,36.92
2020-02-02,38.339999999999996
2020-02-03,51.12
2020-02-04,68.86999999999999
2020-02-05,71.0
2020-02-06,47.57
2020-02-07,40.47
2020-02-08,34.08
2020-02-09,36.21
2020-02-10,44.019999999999996
2020-02-11,40.47
2020-02-12,39.05
2020-02-13,38.339999999999996
2020-02-14,38.339999999999996
2020-02-15,30.529999999999998
2020-02-16,35.5
2020-02-17,31.95
2020-02-18,40.47
2020-02-19,38.339999999999996
2020-02-20,39.76
2020-02-21,37.629999999999995
2020-02-22,31.95
2020-02-23,31.95
2020-02-24,44.73
2020-02-25,58.22
2020-02-26,61.059999999999995
2020-02-27,55.379999999999995
2020-02-28,60.349999999999994
2020-02-29,39.76
2020-03-01,38.0
2020-03-02,55.0
2020-03-03,50.0
2020-03-04,50.0
2020-03-05,44.0
2020-03-06,52.0
2020-03-07,35.0
2020-03-08,38.0
2020-03-09,61.0
2020-03-10,60.0
2020-03-11,62.0
2020-03-12,86.0
2020-03-13,100.0
2020-03-14,49.0
2020-03-15,40.0
2020-03-16,76.0
2020-03-17,70.0
2020-03-18,82.0
2020-03-19,77.0
2020-03-20,74.0
2020-03-21,44.0
2020-03-22,44.0
2020-03-23,71.0
2020-03-24,71.0
2020-03-25,80.0
2020-03-26,66.0
2020-03-27,65.0
2020-03-28,49.0
2020-03-29,49.0
2020-03-30,61.0
2020-03-31,64.0
2020-04-01,77.4
2020-04-02,71.10000000000001
2020-04-03,74.7
2020-04-04,50.4
2020-04-05,52.2
2020-04-06,69.3
2020-04-07,74.7
2020-04-08,80.10000000000001
2020-04-09,90.0
2020-04-10,58.5
2020-04-11,45.9
2020-04-12,51.300000000000004
2020-04-13,76.5
2020-04-14,74.7
2020-04-15,63.9
2020-04-16,62.1
2020-04-17,72.0
2020-04-18,48.6
2020-04-19,47.7
2020-04-20,74.7
2020-04-21,74.7
2020-04-22,69.3
2020-04-23,65.7
2020-04-24,73.8
2020-04-25,48.6
2020-04-26,45.0
2020-04-27,71.10000000000001
2020-04-28,65.7
2020-04-29,72.9
2020-04-30,73.8
2020-05-01,50.4
2020-05-02,36.0
2020-05-03,41.4
2020-05-04,54.9
2020-05-05,90.0
2020-05-06,81.9
2020-05-07,55.800000000000004
2020-05-08,63.9
2020-05-09,39.6
2020-05-10,45.0
2020-05-11,55.800000000000004
2020-05-12,57.6
2020-05-13,56.7
2020-05-14,54.0
2020-05-15,54.0
2020-05-16,36.0
2020-05-17,36.9
2020-05-18,63.0
2020-05-19,59.4
2020-05-20,63.0
2020-05-21,55.800000000000004
2020-05-22,50.4
2020-05-23,36.9
2020-05-24,39.6
2020-05-25,36.9
2020-05-26,56.7
2020-05-27,62.1
2020-05-28,54.9
2020-05-29,53.1
2020-05-30,38.7
2020-05-31,36.0
2020-06-01,68.88
2020-06-02,69.72
2020-06-03,79.8
2020-06-04,73.08
2020-06-05,77.28
2020-06-06,57.12
2020-06-07,58.8
2020-06-08,63.0
2020-06-09,68.03999999999999
2020-06-10,71.39999999999999
2020-06-11,82.32
2020-06-12,77.28
2020-06-13,58.8
2020-06-14,48.72
2020-06-15,62.16
2020-06-16,66.36
2020-06-17,60.48
2020-06-18,64.67999999999999
2020-06-19,63.0
2020-06-20,50.4
2020-06-21,54.6
2020-06-22,63.0
2020-06-23,67.2
2020-06-24,66.36
2020-06-25,84.0
2020-06-26,71.39999999999999
2020-06-27,58.8
2020-06-28,54.6
2020-06-29,63.839999999999996
2020-06-30,68.03999999999999
2020-07-01,61.199999999999996
2020-07-02,60.48
2020-07-03,54.72
2020-07-04,61.199999999999996
2020-07-05,59.04
2020-07-06,69.84
2020-07-07,64.8
2020-07-08,64.8
2020-07-09,66.24
2020-07-10,68.39999999999999
2020-07-11,61.199999999999996
2020-07-12,59.76
2020-07-13,72.0
2020-07-14,68.39999999999999
2020-07-15,61.919999999999995
2020-07-16,66.24
2020-07-17,62.64
2020-07-18,50.4
2020-07-19,51.839999999999996
2020-07-20,64.08
2020-07-21,59.76
2020-07-22,55.44
2020-07-23,58.32
2020-07-24,59.04
2020-07-25,58.32
2020-07-26,59.76
2020-07-27,62.64
2020-07-28,57.599999999999994
2020-07-29,58.32
2020-07-30,64.08
2020-07-31,66.24
2020-08-01,34.5
2020-08-02,33.75
2020-08-03,36.75
2020-08-04,62.25
2020-08-05,75.0
2020-08-06,51.0
2020-08-07,46.5
2020-08-08,33.75
2020-08-09,32.25
2020-08-10,39.0
2020-08-11,40.5
2020-08-12,38.25
2020-08-13,36.75
2020-08-14,39.75
2020-08-15,32.25
2020-08-16,39.0
2020-08-17,39.75
2020-08-18,39.75
2020-08-19,37.5
2020-08-20,39.0
2020-08-21,42.75
2020-08-22,33.0
2020-08-23,30.75
2020-08-24,37.5
2020-08-25,40.5
2020-08-26,35.25
2020-08-27,42.0
2020-08-28,43.5
2020-08-29,39.0
2020-08-30,34.5
2020-08-31,42.75
2020-09-01,49.0
2020-09-02,51.099999999999994
2020-09-03,49.699999999999996
2020-09-04,51.8
2020-09-05,42.0
2020-09-06,39.9
2020-09-07,46.199999999999996
2020-09-08,49.699999999999996
2020-09-09,49.699999999999996
2020-09-10,49.699999999999996
2020-09-11,50.4
2020-09-12,41.3
2020-09-13,38.5
2020-09-14,46.9
2020-09-15,45.5
2020-09-16,43.4
2020-09-17,42.0
2020-09-18,45.5
2020-09-19,41.3
2020-09-20,42.0
2020-09-21,46.199999999999996
2020-09-22,46.9
2020-09-23,46.9
2020-09-24,46.199999999999996
2020-09-25,49.699999999999996
2020-09-26,39.9
2020-09-27,41.3
2020-09-28,49.699999999999996
2020-09-29,51.099999999999994
2020-09-30,70.0
2020-10-01,68.73
2020-10-02,69.52000000000001
2020-10-03,51.35
2020-10-04,57.67
2020-10-05,63.99
2020-10-06,62.410000000000004
2020-10-07,69.52000000000001
2020-10-08,75.05
2020-10-09,66.36
2020-10-10,61.620000000000005
2020-10-11,55.300000000000004
2020-10-12,79.0
2020-10-13,78.21000000000001
2020-10-14,67.15
2020-10-15,67.94
2020-10-16,65.57000000000001
2020-10-17,53.72
2020-10-18,52.14
2020-10-19,71.89
2020-10-20,75.05
2020-10-21,64.78
2020-10-22,71.10000000000001
2020-10-23,74.26
2020-10-24,53.72
2020-10-25,55.300000000000004
2020-10-26,59.25
2020-10-27,70.31
2020-10-28,67.15
2020-10-29,70.31
2020-10-30,65.57000000000001
2020-10-31,54.510000000000005
2020-11-01,48.0
2020-11-02,50.400000000000006
2020-11-03,50.400000000000006
2020-11-04,61.6
2020-11-05,49.6
2020-11-06,54.400000000000006
2020-11-07,56.0
2020-11-08,61.6
2020-11-09,80.0
2020-11-10,65.60000000000001
2020-11-11,55.2
2020-11-12,71.2
2020-11-13,68.8
2020-11-14,48.0
2020-11-15,44.0
2020-11-16,62.400000000000006
2020-11-17,60.800000000000004
2020-11-18,57.6
2020-11-19,56.0
2020-11-20,56.0
2020-11-21,48.0
2020-11-22,50.400000000000006
2020-11-23,52.800000000000004
2020-11-24,59.2
2020-11-25,52.800000000000004
2020-11-26,50.400000000000006
2020-11-27,52.800000000000004
2020-11-28,45.6
2020-11-29,51.2
2020-11-30,49.6
2020-12-01,36.96
2020-12-02,33.11
2020-12-03,36.19
2020-12-04,36.19
2020-12-05,30.8
2020-12-06,32.34
2020-12-07,36.19
2020-12-08,34.65
2020-12-09,38.5
2020-12-10,40.04
2020-12-11,77.0
2020-12-12,41.58
2020-12-13,32.34
2020-12-14,47.74
2020-12-15,43.120000000000005
2020-12-16,39.27
2020-12-17,40.04
2020-12-18,35.42
2020-12-19,33.88
2020-12-20,33.11
2020-12-21,40.04
2020-12-22,40.04
2020-12-23,37.730000000000004
2020-12-24,36.96
2020-12-25,31.57
2020-12-26,33.11
2020-12-27,33.11
2020-12-28,38.5
2020-12-29,41.58
2020-12-30,37.730000000000004
2020-12-31,40.81
2021-01-01,55.080000000000005
2021-01-02,50.220000000000006
2021-01-03,52.650000000000006
2021-01-04,59.13
2021-01-05,50.220000000000006
2021-01-06,66.42
2021-01-07,72.09
2021-01-08,67.23
2021-01-09,53.46
2021-01-10,53.46
2021-01-11,62.370000000000005
2021-01-12,59.13
2021-01-13,57.510000000000005
2021-01-14,62.370000000000005
2021-01-15,60.75000000000001
2021-01-16,50.220000000000006
2021-01-17,48.6
2021-01-18,51.84
2021-01-19,59.13
2021-01-20,81.0
2021-01-21,68.85000000000001
2021-01-22,62.370000000000005
2021-01-23,61.56
2021-01-24,53.46
2021-01-25,62.370000000000005
2021-01-26,60.75000000000001
2021-01-27,65.61
2021-01-28,59.13
2021-01-29,57.510000000000005
2021-01-30,51.03
2021-01-31,50.220000000000006
2021-02-01,54.81
2021-02-02,63.51
2021-02-03,60.03
2021-02-04,59.16
2021-02-05,59.16
2021-02-06,49.589999999999996
2021-02-07,54.81
2021-02-08,73.95
2021-02-09,64.38
2021-02-10,60.9
2021-02-11,87.0
2021-02-12,82.65
2021-02-13,49.589999999999996
2021-02-14,50.46
2021-02-15,49.589999999999996
2021-02-16,59.16
2021-02-17,58.29
2021-02-18,57.42
2021-02-19,53.94
2021-02-20,40.89
2021-02-21,45.24
2021-02-22,57.42
2021-02-23,66.12
2021-02-24,65.25
2021-02-25,62.64
2021-02-26,55.68
2021-02-27,43.5
2021-02-28,45.24
2021-03-01,62.05
2021-03-02,62.05
2021-03-03,63.51
2021-03-04,65.7
2021-03-05,70.08
2021-03-06,52.56
2021-03-07,55.48
2021-03-08,73.0
2021-03-09,72.27
2021-03-10,67.89
2021-03-11,67.16
2021-03-12,62.78
2021-03-13,46.72
2021-03-14,48.18
2021-03-15,60.589999999999996
2021-03-16,56.94
2021-03-17,59.129999999999995
2021-03-18,61.32
2021-03-19,56.94
2021-03-20,45.26
2021-03-21,46.72
2021-03-22,56.94
2021-03-23,54.75
2021-03-24,55.48
2021-03-25,59.86
2021-03-26,58.4
2021-03-27,46.72
2021-03-28,48.18
2021-03-29,56.21
2021-03-30,55.48
2021-03-31,50.37
2021-04-01,54.27
2021-04-02,50.92
2021-04-03,50.25
2021-04-04,51.59
2021-04-05,58.290000000000006
2021-04-06,54.27
2021-04-07,53.6
2021-04-08,54.940000000000005
2021-04-09,60.300000000000004
2021-04-10,58.290000000000006
2021-04-11,50.25
2021-04-12,56.28
2021-04-13,58.96
2021-04-14,64.99000000000001
2021-04-15,54.940000000000005
2021-04-16,60.300000000000004
2021-04-17,54.27
2021-04-18,52.260000000000005
2021-04-19,53.6
2021-04-20,67.0
2021-04-21,58.96
2021-04-22,64.32000000000001
2021-04-23,54.940000000000005
2021-04-24,48.910000000000004
2021-04-25,54.940000000000005
2021-04-26,59.63
2021-04-27,52.93
2021-04-28,53.6
2021-04-29,54.27
2021-04-30,56.28
2021-05-01,38.35
2021-05-02,38.35
2021-05-03,44.85
2021-05-04,46.15
2021-05-05,43.550000000000004
2021-05-06,49.4
2021-05-07,46.15
2021-05-08,42.25
2021-05-09,50.7
2021-05-10,45.5
2021-05-11,45.5
2021-05-12,44.2
2021-05-13,64.35000000000001
2021-05-14,65.0
2021-05-15,45.5
2021-05-16,42.25
2021-05-17,52.65
2021-05-18,46.800000000000004
2021-05-19,48.1
2021-05-20,45.5
2021-05-21,44.2
2021-05-22,36.4
2021-05-23,37.050000000000004
2021-05-24,49.4
2021-05-25,43.550000000000004
2021-05-26,44.2
2021-05-27,42.25
2021-05-28,41.6
2021-05-29,40.300000000000004
2021-05-30,40.95
2021-05-31,40.95
2021-06-01,56.12
2021-06-02,53.07
2021-06-03,45.14
2021-06-04,56.12
2021-06-05,46.97
2021-06-06,50.629999999999995
2021-06-07,61.0
2021-06-08,53.07
2021-06-09,55.51
2021-06-10,51.24
2021-06-11,52.46
2021-06-12,46.36
2021-06-13,51.85
2021-06-14,50.019999999999996
2021-06-15,56.12
2021-06-16,53.68
2021-06-17,52.46
2021-06-18,53.07
2021-06-19,50.019999999999996
2021-06-20,52.46
2021-06-21,53.07
2021-06-22,51.24
2021-06-23,51.24
2021-06-24,57.949999999999996
2021-06-25,54.29
2021-06-26,51.85
2021-06-27,50.629999999999995
2021-06-28,60.39
2021-06-29,55.51
2021-06-30,52.46
2021-07-01,52.7
2021-07-02,52.7
2021-07-03,45.88
2021-07-04,48.98
2021-07-05,47.74
2021-07-06,52.7
2021-07-07,50.839999999999996
2021-07-08,47.74
2021-07-09,50.839999999999996
2021-07-10,47.74
2021-07-11,55.8
2021-07-12,62.0
2021-07-13,60.76
2021-07-14,59.519999999999996
2021-07-15,55.18
2021-07-16,49.6
2021-07-17,49.6
2021-07-18,50.839999999999996
2021-07-19,52.08
2021-07-20,53.94
2021-07-21,50.22
2021-07-22,53.32
2021-07-23,48.98
2021-07-24,48.98
2021-07-25,47.74
2021-07-26,53.32
2021-07-27,53.32
2021-07-28,53.32
2021-07-29,54.56
2021-07-30,54.56
2021-07-31,47.74
2021-08-01,43.56
2021-08-02,43.56
2021-08-03,44.22
2021-08-04,44.88
2021-08-05,39.6
2021-08-06,47.52
2021-08-07,40.260000000000005
2021-08-08,39.6
2021-08-09,42.9
2021-08-10,42.24
2021-08-11,43.56
2021-08-12,60.720000000000006
2021-08-13,66.0
2021-08-14,38.28
2021-08-15,40.260000000000005
2021-08-16,48.18
2021-08-17,45.54
2021-08-18,44.22
2021-08-19,42.9
2021-08-20,44.22
2021-08-21,40.92
2021-08-22,43.56
2021-08-23,45.54
2021-08-24,43.56
2021-08-25,44.22
2021-08-26,46.2
2021-08-27,46.2
2021-08-28,43.56
2021-08-29,41.580000000000005
2021-08-30,46.2
2021-08-31,46.86
2021-09-01,56.96
2021-09-02,54.4
2021-09-03,52.480000000000004
2021-09-04,53.76
2021-09-05,51.84
2021-09-06,50.56
2021-09-07,52.480000000000004
2021-09-08,55.04
2021-09-09,53.120000000000005
2021-09-10,53.76
2021-09-11,47.36
2021-09-12,49.92
2021-09-13,57.6
2021-09-14,50.56
2021-09-15,55.68
2021-09-16,47.36
2021-09-17,51.2
2021-09-18,41.6
2021-09-19,49.28
2021-09-20,56.96
2021-09-21,64.0
2021-09-22,64.0
2021-09-23,57.6
2021-09-24,55.68
2021-09-25,44.800000000000004
2021-09-26,53.120000000000005
2021-09-27,50.56
2021-09-28,48.64
2021-09-29,55.04
2021-09-30,54.4
2021-10-01,54.29
2021-10-02,43.92
2021-10-03,44.53
2021-10-04,48.8
2021-10-05,50.019999999999996
2021-10-06,49.41
2021-10-07,53.68
2021-10-08,50.629999999999995
2021-10-09,46.97
2021-10-10,37.21
2021-10-11,53.07
2021-10-12,53.68
2021-10-13,44.53
2021-10-14,46.97
2021-10-15,49.41
2021-10-16,45.75
2021-10-17,43.92
2021-10-18,61.0
2021-10-19,54.9
2021-10-20,51.24
2021-10-21,54.29
2021-10-22,53.68
2021-10-23,44.53
2021-10-24,51.24
2021-10-25,55.51
2021-10-26,48.8
2021-10-27,50.019999999999996
2021-10-28,51.24
2021-10-29,51.24
2021-10-30,44.53
2021-10-31,46.36
2021-11-01,48.91
2021-11-02,43.8
2021-11-03,45.26
2021-11-04,47.449999999999996
2021-11-05,50.37
2021-11-06,42.339999999999996
2021-11-07,45.99
2021-11-08,50.37
2021-11-09,47.449999999999996
2021-11-10,57.67
2021-11-11,73.0
2021-11-12,64.97
2021-11-13,42.339999999999996
2021-11-14,42.339999999999996
2021-11-15,54.019999999999996
2021-11-16,53.29
2021-11-17,46.72
2021-11-18,46.72
2021-11-19,54.019999999999996
2021-11-20,43.07
2021-11-21,44.53
2021-11-22,52.56
2021-11-23,51.1
2021-11-24,45.99
2021-11-25,43.8
2021-11-26,47.449999999999996
2021-11-27,45.26
2021-11-28,39.42
2021-11-29,51.83
2021-11-30,51.1
2021-12-01,52.54
2021-12-02,56.089999999999996
2021-12-03,55.379999999999995
2021-12-04,47.57
2021-12-05,46.15
2021-12-06,59.64
2021-12-07,58.93
2021-12-08,57.51
2021-12-09,55.379999999999995
2021-12-10,55.379999999999995
2021-12-11,53.25
2021-12-12,46.86
2021-12-13,58.22
2021-12-14,55.379999999999995
2021-12-15,49.699999999999996
2021-12-16,57.51
2021-12-17,51.12
2021-12-18,44.019999999999996
2021-12-19,48.28
2021-12-20,52.54
2021-12-21,54.669999999999995
2021-12-22,54.669999999999995
2021-12-23,61.769999999999996
2021-12-24,49.699999999999996
2021-12-25,49.699999999999996
2021-12-26,49.699999999999996
2021-12-27,54.669999999999995
2021-12-28,56.8
2021-12-29,58.93
2021-12-30,58.93
2021-12-31,71.0
2022-01-01,51.03
2022-01-02,47.790000000000006
2022-01-03,52.650000000000006
2022-01-04,76.14
2022-01-05,58.32000000000001
2022-01-06,50.220000000000006
2022-01-07,47.790000000000006
2022-01-08,46.17
2022-01-09,48.6
2022-01-10,52.650000000000006
2022-01-11,46.980000000000004
2022-01-12,42.93
2022-01-13,63.99
2022-01-14,51.03
2022-01-15,46.17
2022-01-16,59.13
2022-01-17,44.550000000000004
2022-01-18,45.36
2022-01-19,46.980000000000004
2022-01-20,47.790000000000006
2022-01-21,59.13
2022-01-22,51.03
2022-01-23,46.17
2022-01-24,81.0
2022-01-25,60.75000000000001
2022-01-26,51.03
2022-01-27,46.17
2022-01-28,49.410000000000004
2022-01-29,47.790000000000006
2022-01-30,48.6
2022-01-31,48.6
2022-02-01,41.08
2022-02-02,41.870000000000005
2022-02-03,41.08
2022-02-04,41.08
2022-02-05,37.13
2022-02-06,37.13
2022-02-07,40.29
2022-02-08,42.660000000000004
2022-02-09,63.99
2022-02-10,79.0
2022-02-11,45.82
2022-02-12,38.71
2022-02-13,38.71
2022-02-14,47.400000000000006
2022-02-15,41.870000000000005
2022-02-16,36.34
2022-02-17,37.92
2022-02-18,41.08
2022-02-19,32.39
2022-02-20,32.39
2022-02-21,34.760000000000005
2022-02-22,33.97
2022-02-23,37.13
2022-02-24,41.870000000000005
2022-02-25,37.13
2022-02-26,33.97
2022-02-27,36.34
2022-02-28,36.34
2022-03-01,47.25
2022-03-02,51.0
2022-03-03,49.5
2022-03-04,51.75
2022-03-05,45.75
2022-03-06,45.75
2022-03-07,52.5
2022-03-08,53.25
2022-03-09,54.0
2022-03-10,47.25
2022-03-11,49.5
2022-03-12,49.5
2022-03-13,50.25
2022-03-14,54.0
2022-03-15,51.75
2022-03-16,54.0
2022-03-17,49.5
2022-03-18,51.0
2022-03-19,44.25
2022-03-20,46.5
2022-03-21,48.75
2022-03-22,48.75
2022-03-23,46.5
2022-03-24,52.5
2022-03-25,52.5
2022-03-26,49.5
2022-03-27,45.75
2022-03-28,75.0
2022-03-29,56.25
2022-03-30,52.5
2022-03-31,49.5
2022-04-01,47.36
2022-04-02,49.58
2022-04-03,48.1
2022-04-04,54.019999999999996
2022-04-05,51.8
2022-04-06,49.58
2022-04-07,49.58
2022-04-08,51.8
2022-04-09,44.4
2022-04-10,48.1
2022-04-11,52.54
2022-04-12,51.06
2022-04-13,47.36
2022-04-14,47.36
2022-04-15,51.06
2022-04-16,43.66
2022-04-17,46.62
2022-04-18,54.019999999999996
2022-04-19,63.64
2022-04-20,74.0
2022-04-21,73.26
2022-04-22,68.82
2022-04-23,48.1
2022-04-24,49.58
2022-04-25,62.9
2022-04-26,61.42
2022-04-27,58.46
2022-04-28,56.98
2022-04-29,55.5
2022-04-30,48.1
2022-05-01,48.0
2022-05-02,56.800000000000004
2022-05-03,52.800000000000004
2022-05-04,51.2
2022-05-05,50.400000000000006
2022-05-06,56.800000000000004
2022-05-07,48.0
2022-05-08,49.6
2022-05-09,61.6
2022-05-10,54.400000000000006
2022-05-11,80.0
2022-05-12,73.60000000000001
2022-05-13,50.400000000000006
2022-05-14,44.0
2022-05-15,44.800000000000004
2022-05-16,50.400000000000006
2022-05-17,52.800000000000004
2022-05-18,51.2
2022-05-19,48.800000000000004
2022-05-20,48.0
2022-05-21,46.400000000000006
2022-05-22,42.400000000000006
2022-05-23,49.6
2022-05-24,49.6
2022-05-25,44.800000000000004
2022-05-26,49.6
2022-05-27,53.6
2022-05-28,45.6
2022-05-29,48.800000000000004
2022-05-30,52.0
2022-05-31,46.400000000000006
2022-06-01,65.8
2022-06-02,64.39999999999999
2022-06-03,58.099999999999994
2022-06-04,60.199999999999996
2022-06-05,58.8
2022-06-06,56.699999999999996
2022-06-07,56.0
2022-06-08,59.49999999999999
2022-06-09,60.9
2022-06-10,67.19999999999999
2022-06-11,54.599999999999994
2022-06-12,58.099999999999994
2022-06-13,69.3
2022-06-14,67.19999999999999
2022-06-15,63.699999999999996
2022-06-16,66.5
2022-06-17,67.19999999999999
2022-06-18,58.8
2022-06-19,59.49999999999999
2022-06-20,56.699999999999996
2022-06-21,64.39999999999999
2022-06-22,60.9
2022-06-23,67.19999999999999
2022-06-24,70.0
2022-06-25,59.49999999999999
2022-06-26,60.9
2022-06-27,62.99999999999999
2022-06-28,64.39999999999999
2022-06-29,62.3
2022-06-30,64.39999999999999
2022-07-01,67.0
2022-07-02,54.940000000000005
2022-07-03,57.620000000000005
2022-07-04,55.61000000000001
2022-07-05,60.300000000000004
2022-07-06,58.290000000000006
2022-07-07,56.95
2022-07-08,56.28
2022-07-09,55.61000000000001
2022-07-10,54.940000000000005
2022-07-11,59.63
2022-07-12,54.27
2022-07-13,58.96
2022-07-14,62.31
2022-07-15,62.980000000000004
2022-07-16,60.970000000000006
2022-07-17,54.940000000000005
2022-07-18,60.970000000000006
2022-07-19,62.980000000000004
2022-07-20,60.300000000000004
2022-07-21,60.300000000000004
2022-07-22,60.970000000000006
2022-07-23,50.92
2022-07-24,52.93
2022-07-25,56.28
2022-07-26,58.96
2022-07-27,60.300000000000004
2022-07-28,53.6
2022-07-29,61.64
2022-07-30,58.290000000000006
2022-07-31,58.96
2022-08-01,42.699999999999996
2022-08-02,42.699999999999996
2022-08-03,44.8
2022-08-04,44.099999999999994
2022-08-05,46.9
2022-08-06,41.3
2022-08-07,46.199999999999996
2022-08-08,48.3
2022-08-09,50.4
2022-08-10,70.0
2022-08-11,70.0
2022-08-12,51.099999999999994
2022-08-13,42.699999999999996
2022-08-14,44.8
2022-08-15,49.699999999999996
2022-08-16,48.3
2022-08-17,43.4
2022-08-18,42.0
2022-08-19,41.3
2022-08-20,36.4
2022-08-21,39.199999999999996
2022-08-22,41.3
2022-08-23,40.599999999999994
2022-08-24,44.8
2022-08-25,42.699999999999996
2022-08-26,44.099999999999994
2022-08-27,39.199999999999996
2022-08-28,40.599999999999994
2022-08-29,42.0
2022-08-30,42.699999999999996
2022-08-31,35.699999999999996
2022-09-01,51.8
2022-09-02,51.099999999999994
2022-09-03,49.0
2022-09-04,55.3
2022-09-05,57.4
2022-09-06,53.199999999999996
2022-09-07,47.599999999999994
2022-09-08,68.6
2022-09-09,70.0
2022-09-10,54.599999999999994
2022-09-11,62.99999999999999
2022-09-12,64.39999999999999
2022-09-13,61.599999999999994
2022-09-14,62.3
2022-09-15,53.9
2022-09-16,56.0
2022-09-17,53.9
2022-09-18,55.3
2022-09-19,60.9
2022-09-20,57.4
2022-09-21,58.8
2022-09-22,58.8
2022-09-23,58.099999999999994
2022-09-24,56.0
2022-09-25,58.8
2022-09-26,60.9
2022-09-27,60.9
2022-09-28,64.39999999999999
2022-09-29,63.699999999999996
2022-09-30,60.9
2022-10-01,59.400000000000006
2022-10-02,56.1
2022-10-03,58.080000000000005
2022-10-04,61.38
2022-10-05,60.06
2022-10-06,56.760000000000005
2022-10-07,56.1
2022-10-08,51.480000000000004
2022-10-09,55.440000000000005
2022-10-10,50.160000000000004
2022-10-11,55.440000000000005
2022-10-12,56.760000000000005
2022-10-13,59.400000000000006
2022-10-14,59.400000000000006
2022-10-15,52.14
2022-10-16,50.82
2022-10-17,51.480000000000004
2022-10-18,53.46
2022-10-19,57.42
2022-10-20,55.440000000000005
2022-10-21,49.5
2022-10-22,49.5
2022-10-23,56.760000000000005
2022-10-24,57.42
2022-10-25,60.06
2022-10-26,66.0
2022-10-27,60.720000000000006
2022-10-28,52.800000000000004
2022-10-29,57.42
2022-10-30,53.46
2022-10-31,57.42
2022-11-01,39.2
2022-11-02,35.2
2022-11-03,37.6
2022-11-04,39.2
2022-11-05,33.6
2022-11-06,40.0
2022-11-07,36.0
2022-11-08,51.2
2022-11-09,64.8
2022-11-10,52.0
2022-11-11,40.800000000000004
2022-11-12,35.2
2022-11-13,40.0
2022-11-14,38.400000000000006
2022-11-15,36.0
2022-11-16,34.4
2022-11-17,34.4
2022-11-18,35.2
2022-11-19,30.400000000000002
2022-11-20,34.4
2022-11-21,80.0
2022-11-22,44.0
2022-11-23,39.2
2022-11-24,30.400000000000002
2022-11-25,33.6
2022-11-26,27.200000000000003
2022-11-27,31.200000000000003
2022-11-28,30.400000000000002
2022-11-29,32.0
2022-11-30,33.6
2022-12-01,56.12
2022-12-02,53.68
2022-12-03,43.92
2022-12-04,46.97
2022-12-05,51.85
2022-12-06,58.56
2022-12-07,54.9
2022-12-08,51.85
2022-12-09,57.339999999999996
2022-12-10,48.19
2022-12-11,49.41
2022-12-12,50.019999999999996
2022-12-13,51.24
2022-12-14,61.0
2022-12-15,61.0
2022-12-16,53.68
2022-12-17,43.92
2022-12-18,46.36
2022-12-19,56.73
2022-12-20,58.56
2022-12-21,57.339999999999996
2022-12-22,57.339999999999996
2022-12-23,56.73
2022-12-24,42.699999999999996
2022-12-25,50.019999999999996
2022-12-26,47.58
2022-12-27,56.73
2022-12-28,56.73
2022-12-29,54.9
2022-12-30,53.07
2022-12-31,53.68
2023-01-01,51.46
2023-01-02,51.46
2023-01-03,55.8
2023-01-04,53.32
2023-01-05,53.94
2023-01-06,55.18
2023-01-07,51.46
2023-01-08,47.12
2023-01-09,57.66
2023-01-10,57.04
2023-01-11,58.9
2023-01-12,60.76
2023-01-13,62.0
2023-01-14,52.7
2023-01-15,48.36
2023-01-16,49.6
2023-01-17,56.42
2023-01-18,53.32
2023-01-19,57.04
2023-01-20,56.42
2023-01-21,47.12
2023-01-22,46.5
2023-01-23,62.0
2023-01-24,55.8
2023-01-25,53.94
2023-01-26,54.56
2023-01-27,59.519999999999996
2023-01-28,47.74
2023-01-29,48.36
2023-01-30,53.94
2023-01-31,55.8
2023-02-01,38.760000000000005
2023-02-02,39.440000000000005
2023-02-03,43.52
2023-02-04,34.0
2023-02-05,35.36
2023-02-06,42.160000000000004
2023-02-07,39.440000000000005
2023-02-08,66.64
2023-02-09,68.0
2023-02-10,43.52
2023-02-11,38.080000000000005
2023-02-12,34.68
2023-02-13,46.24
2023-02-14,41.480000000000004
2023-02-15,39.440000000000005
2023-02-16,38.080000000000005
2023-02-17,37.400000000000006
2023-02-18,31.28
2023-02-19,34.68
2023-02-20,32.64
2023-02-21,35.36
2023-02-22,34.68
2023-02-23,37.400000000000006
2023-02-24,36.720000000000006
2023-02-25,32.64
2023-02-26,31.96
2023-02-27,38.760000000000005
2023-02-28,37.400000000000006
2023-03-01,49.559999999999995
2023-03-02,54.87
2023-03-03,56.05
2023-03-04,46.61
2023-03-05,51.33
2023-03-06,58.41
2023-03-07,46.61
2023-03-08,54.87
2023-03-09,50.739999999999995
2023-03-10,50.15
2023-03-11,44.25
2023-03-12,46.61
2023-03-13,57.23
2023-03-14,56.05
2023-03-15,50.739999999999995
2023-03-16,48.379999999999995
2023-03-17,50.739999999999995
2023-03-18,43.07
2023-03-19,43.66
2023-03-20,52.51
2023-03-21,59.0
2023-03-22,49.559999999999995
2023-03-23,53.099999999999994
2023-03-24,47.199999999999996
2023-03-25,42.48
2023-03-26,45.43
2023-03-27,53.69
2023-03-28,54.87
2023-03-29,50.15
2023-03-30,52.51
2023-03-31,48.379999999999995
2023-04-01,44.25
2023-04-02,50.739999999999995
2023-04-03,50.15
2023-04-04,59.0
2023-04-05,52.51
2023-04-06,53.099999999999994
2023-04-07,47.79
2023-04-08,42.48
2023-04-09,47.199999999999996
2023-04-10,50.15
2023-04-11,48.97
2023-04-12,48.97
2023-04-13,48.379999999999995
2023-04-14,52.51
2023-04-15,46.61
2023-04-16,44.839999999999996
2023-04-17,53.69
2023-04-18,53.099999999999994
2023-04-19,50.15
2023-04-20,52.51
2023-04-21,50.739999999999995
2023-04-22,46.019999999999996
2023-04-23,45.43
2023-04-24,57.82
2023-04-25,50.15
2023-04-26,50.739999999999995
2023-04-27,51.919999999999995
2023-04-28,54.279999999999994
2023-04-29,46.61
2023-04-30,43.66
2023-05-01,42.6
2023-05-02,37.199999999999996
2023-05-03,39.0
2023-05-04,40.199999999999996
2023-05-05,39.6
2023-05-06,34.8
2023-05-07,36.6
2023-05-08,42.6
2023-05-09,40.8
2023-05-10,55.8
2023-05-11,60.0
2023-05-12,51.6
2023-05-13,37.199999999999996
2023-05-14,37.8
2023-05-15,42.6
2023-05-16,42.0
2023-05-17,37.8
2023-05-18,45.6
2023-05-19,43.8
2023-05-20,36.0
2023-05-21,35.4
2023-05-22,39.0
2023-05-23,40.8
2023-05-24,43.8
2023-05-25,42.0
2023-05-26,42.6
2023-05-27,33.0
2023-05-28,37.199999999999996
2023-05-29,35.4
2023-05-30,40.199999999999996
2023-05-31,37.8
2023-06-01,57.339999999999996
2023-06-02,60.39
2023-06-03,48.19
2023-06-04,53.68
2023-06-05,56.73
2023-06-06,59.17
2023-06-07,60.39
2023-06-08,52.46
2023-06-09,53.68
2023-06-10,49.41
2023-06-11,51.85
2023-06-12,59.17
2023-06-13,54.9
2023-06-14,59.17
2023-06-15,55.51
2023-06-16,61.0
2023-06-17,52.46
2023-06-18,57.339999999999996
2023-06-19,46.36
2023-06-20,60.39
2023-06-21,57.949999999999996
2023-06-22,58.56
2023-06-23,59.78
2023-06-24,51.85
2023-06-25,52.46
2023-06-26,56.12
2023-06-27,54.9
2023-06-28,59.17
2023-06-29,57.339999999999996
2023-06-30,53.07
2023-07-01,41.58
2023-07-02,45.36
2023-07-03,49.14
2023-07-04,40.95
2023-07-05,51.03
2023-07-06,49.14
2023-07-07,49.77
2023-07-08,39.69
2023-07-09,42.84
2023-07-10,45.36
2023-07-11,53.55
2023-07-12,56.7
2023-07-13,55.44
2023-07-14,53.55
2023-07-15,45.99
2023-07-16,46.62
2023-07-17,59.22
2023-07-18,57.33
2023-07-19,61.11
2023-07-20,54.81
2023-07-21,52.92
2023-07-22,44.73
2023-07-23,42.84
2023-07-24,52.92
2023-07-25,56.07
2023-07-26,57.96
2023-07-27,63.0
2023-07-28,57.33
2023-07-29,46.62
2023-07-30,47.88
2023-07-31,60.480000000000004
2023-08-01,41.61
2023-08-02,39.42
2023-08-03,44.53
2023-08-04,43.8
2023-08-05,35.769999999999996
2023-08-06,35.04
2023-08-07,40.879999999999995
2023-08-08,40.879999999999995
2023-08-09,73.0
2023-08-10,62.78
2023-08-11,43.8
2023-08-12,34.31
2023-08-13,36.5
2023-08-14,39.42
2023-08-15,35.769999999999996
2023-08-16,37.96
2023-08-17,33.58
2023-08-18,40.15
2023-08-19,32.12
2023-08-20,34.31
2023-08-21,35.769999999999996
2023-08-22,37.96
2023-08-23,36.5
2023-08-24,39.42
2023-08-25,37.96
2023-08-26,32.85
2023-08-27,30.66
2023-08-28,39.42
2023-08-29,39.42
2023-08-30,36.5
2023-08-31,34.31
2023-09-01,60.160000000000004
2023-09-02,53.120000000000005
2023-09-03,48.64
2023-09-04,47.36
2023-09-05,55.04
2023-09-06,63.36
2023-09-07,63.36
2023-09-08,55.04
2023-09-09,45.44
2023-09-10,51.2
2023-09-11,64.0
2023-09-12,61.44
2023-09-13,53.76
2023-09-14,60.160000000000004
2023-09-15,58.88
2023-09-16,46.08
2023-09-17,48.64
2023-09-18,57.6
2023-09-19,64.0
2023-09-20,56.96
2023-09-21,57.6
2023-09-22,53.76
2023-09-23,44.800000000000004
2023-09-24,48.64
2023-09-25,58.24
2023-09-26,58.88
2023-09-27,55.68
2023-09-28,63.36
2023-09-29,61.44
2023-09-30,51.2
2023-10-01,41.48
2023-10-02,58.56
2023-10-03,49.41
2023-10-04,50.629999999999995
2023-10-05,51.85
2023-10-06,53.68
2023-10-07,40.87
2023-10-08,45.75
2023-10-09,61.0
2023-10-10,53.68
2023-10-11,51.85
2023-10-12,54.29
2023-10-13,48.19
2023-10-14,45.75
2023-10-15,45.75
2023-10-16,50.019999999999996
2023-10-17,50.629999999999995
2023-10-18,51.24
2023-10-19,53.07
2023-10-20,50.019999999999996
2023-10-21,42.699999999999996
2023-10-22,45.75
2023-10-23,48.8
2023-10-24,50.019999999999996
2023-10-25,51.24
2023-10-26,47.58
2023-10-27,49.41
2023-10-28,43.31
2023-10-29,51.85
2023-10-30,54.29
2023-10-31,49.41
2023-11-01,48.18
2023-11-02,48.18
2023-11-03,46.86
2023-11-04,40.260000000000005
2023-11-05,40.260000000000005
2023-11-06,41.580000000000005
2023-11-07,45.54
2023-11-08,62.7
2023-11-09,66.0
2023-11-10,49.5
2023-11-11,40.260000000000005
2023-11-12,38.940000000000005
2023-11-13,48.84
2023-11-14,49.5
2023-11-15,50.160000000000004
2023-11-16,50.160000000000004
2023-11-17,46.86
2023-11-18,41.580000000000005
2023-11-19,41.580000000000005
2023-11-20,46.86
2023-11-21,44.88
2023-11-22,46.2
2023-11-23,38.940000000000005
2023-11-24,42.9
2023-11-25,40.260000000000005
2023-11-26,38.28
2023-11-27,43.56
2023-11-28,46.2
2023-11-29,50.82
2023-11-30,50.82
2023-12-01,62.0
2023-12-02,48.98
2023-12-03,50.22
2023-12-04,55.8
2023-12-05,53.32
2023-12-06,48.36
2023-12-07,57.66
2023-12-08,58.28
2023-12-09,45.88
2023-12-10,48.98
2023-12-11,58.28
2023-12-12,52.08
2023-12-13,55.18
2023-12-14,59.519999999999996
2023-12-15,53.32
2023-12-16,44.02
2023-12-17,44.02
2023-12-18,51.46
2023-12-19,57.66
2023-12-20,56.42
2023-12-21,50.839999999999996
2023-12-22,58.28
2023-12-23,47.12
2023-12-24,48.36
2023-12-25,47.74
2023-12-26,56.42
2023-12-27,55.18
2023-12-28,51.46
2023-12-29,60.14
2023-12-30,44.64
2023-12-31,55.18
