date,JPM
2013-01-01,4.8
2013-01-02,16.8
2013-01-03,13.5
2013-01-04,15.0
2013-01-05,3.9
2013-01-06,5.4
2013-01-07,15.0
2013-01-08,12.9
2013-01-09,13.8
2013-01-10,13.5
2013-01-11,19.5
2013-01-12,6.3
2013-01-13,6.0
2013-01-14,20.4
2013-01-15,17.099999999999998
2013-01-16,30.0
2013-01-17,19.2
2013-01-18,20.1
2013-01-19,4.5
2013-01-20,4.5
2013-01-21,8.4
2013-01-22,15.0
2013-01-23,13.2
2013-01-24,14.1
2013-01-25,10.2
2013-01-26,7.199999999999999
2013-01-27,3.9
2013-01-28,7.5
2013-01-29,16.8
2013-01-30,15.3
2013-01-31,10.5
2013-02-01,19.0
2013-02-02,5.5
2013-02-03,6.0
2013-02-04,11.0
2013-02-05,17.75
2013-02-06,18.5
2013-02-07,13.75
2013-02-08,13.25
2013-02-09,5.25
2013-02-10,5.25
2013-02-11,18.0
2013-02-12,16.0
2013-02-13,17.5
2013-02-14,23.5
2013-02-15,12.25
2013-02-16,8.25
2013-02-17,5.75
2013-02-18,8.0
2013-02-19,13.0
2013-02-20,14.75
2013-02-21,15.75
2013-02-22,17.25
2013-02-23,8.0
2013-02-24,3.75
2013-02-25,17.25
2013-02-26,21.25
2013-02-27,17.75
2013-02-28,25.0
2013-03-01,13.26
2013-03-02,8.84
2013-03-03,4.68
2013-03-04,9.88
2013-03-05,10.66
2013-03-06,14.3
2013-03-07,17.68
2013-03-08,15.6
2013-03-09,2.34
2013-03-10,4.42
2013-03-11,14.3
2013-03-12,10.66
2013-03-13,8.84
2013-03-14,20.02
2013-03-15,26.0
2013-03-16,7.54
2013-03-17,4.94
2013-03-18,8.84
2013-03-19,11.18
2013-03-20,7.800000000000001
2013-03-21,9.1
2013-03-22,8.32
2013-03-23,4.68
2013-03-24,4.16
2013-03-25,10.4
2013-03-26,10.4
2013-03-27,16.64
2013-03-28,9.62
2013-03-29,6.24
2013-03-30,4.94
2013-03-31,0.0
2013-04-01,8.25
2013-04-02,7.75
2013-04-03,9.25
2013-04-04,11.75
2013-04-05,7.75
2013-04-06,3.0
2013-04-07,0.0
2013-04-08,9.25
2013-04-09,11.75
2013-04-10,10.0
2013-04-11,13.0
2013-04-12,25.0
2013-04-13,4.0
2013-04-14,5.25
2013-04-15,13.25
2013-04-16,10.25
2013-04-17,12.25
2013-04-18,8.25
2013-04-19,7.25
2013-04-20,3.0
2013-04-21,4.75
2013-04-22,9.0
2013-04-23,7.25
2013-04-24,10.0
2013-04-25,10.25
2013-04-26,9.5
2013-04-27,4.0
2013-04-28,2.25
2013-04-29,11.5
2013-04-30,8.25
2013-05-01,15.659999999999998
2013-05-02,19.43
2013-05-03,22.04
2013-05-04,10.44
2013-05-05,8.99
2013-05-06,14.79
2013-05-07,20.88
2013-05-08,13.919999999999998
2013-05-09,17.4
2013-05-10,10.44
2013-05-11,10.15
2013-05-12,0.0
2013-05-13,17.4
2013-05-14,18.56
2013-05-15,19.14
2013-05-16,16.529999999999998
2013-05-17,17.98
2013-05-18,8.12
2013-05-19,2.61
2013-05-20,18.85
2013-05-21,28.71
2013-05-22,29.0
2013-05-23,25.81
2013-05-24,12.47
2013-05-25,6.67
2013-05-26,7.249999999999999
2013-05-27,0.0
2013-05-28,18.27
2013-05-29,18.27
2013-05-30,23.49
2013-05-31,17.98
2013-06-01,6.0
2013-06-02,3.36
2013-06-03,16.32
2013-06-04,18.24
2013-06-05,14.88
2013-06-06,16.32
2013-06-07,18.0
2013-06-08,3.84
2013-06-09,5.52
2013-06-10,12.24
2013-06-11,15.84
2013-06-12,19.92
2013-06-13,24.0
2013-06-14,14.16
2013-06-15,6.24
2013-06-16,1.68
2013-06-17,16.32
2013-06-18,15.6
2013-06-19,12.48
2013-06-20,14.88
2013-06-21,13.92
2013-06-22,8.879999999999999
2013-06-23,4.08
2013-06-24,8.879999999999999
2013-06-25,23.04
2013-06-26,13.2
2013-06-27,15.6
2013-06-28,12.0
2013-06-29,5.76
2013-06-30,0.0
2013-07-01,6.48
2013-07-02,8.91
2013-07-03,5.4
2013-07-04,2.43
2013-07-05,7.290000000000001
2013-07-06,1.89
2013-07-07,1.35
2013-07-08,9.72
2013-07-09,11.34
2013-07-10,9.45
2013-07-11,11.34
2013-07-12,27.0
2013-07-13,5.130000000000001
2013-07-14,4.050000000000001
2013-07-15,14.04
2013-07-16,9.18
2013-07-17,12.15
2013-07-18,13.77
2013-07-19,9.18
2013-07-20,3.51
2013-07-21,6.75
2013-07-22,9.18
2013-07-23,8.370000000000001
2013-07-24,8.91
2013-07-25,13.23
2013-07-26,11.07
2013-07-27,3.78
2013-07-28,2.7
2013-07-29,9.18
2013-07-30,9.99
2013-07-31,9.72
2013-08-01,24.0
2013-08-02,19.2
2013-08-03,7.92
2013-08-04,4.8
2013-08-05,15.6
2013-08-06,14.16
2013-08-07,19.92
2013-08-08,13.92
2013-08-09,17.28
2013-08-10,4.56
2013-08-11,6.0
2013-08-12,13.92
2013-08-13,18.0
2013-08-14,15.36
2013-08-15,20.88
2013-08-16,19.92
2013-08-17,5.52
2013-08-18,5.279999999999999
2013-08-19,18.96
2013-08-20,21.12
2013-08-21,16.08
2013-08-22,11.28
2013-08-23,16.32
2013-08-24,7.68
2013-08-25,4.32
2013-08-26,12.0
2013-08-27,12.96
2013-08-28,12.24
2013-08-29,16.56
2013-08-30,14.4
2013-08-31,3.12
2013-09-01,3.12
2013-09-02,2.88
2013-09-03,9.84
2013-09-04,12.0
2013-09-05,8.879999999999999
2013-09-06,10.8
2013-09-07,2.88
2013-09-08,3.6
2013-09-09,12.48
2013-09-10,14.4
2013-09-11,14.64
2013-09-12,13.44
2013-09-13,11.76
2013-09-14,2.64
2013-09-15,2.64
2013-09-16,12.24
2013-09-17,16.08
2013-09-18,12.0
2013-09-19,18.48
2013-09-20,17.28
2013-09-21,2.88
2013-09-22,6.48
2013-09-23,10.32
2013-09-24,22.32
2013-09-25,16.8
2013-09-26,24.0
2013-09-27,16.8
2013-09-28,9.12
2013-09-29,3.12
2013-09-30,15.12
2013-10-01,11.89
2013-10-02,12.47
2013-10-03,8.7
2013-10-04,7.829999999999999
2013-10-05,3.4799999999999995
2013-10-06,2.9
2013-10-07,12.18
2013-10-08,11.89
2013-10-09,11.6
2013-10-10,16.82
2013-10-11,29.0
2013-10-12,8.41
2013-10-13,4.93
2013-10-14,13.919999999999998
2013-10-15,13.63
2013-10-16,17.98
2013-10-17,14.21
2013-10-18,18.27
2013-10-19,9.86
2013-10-20,9.86
2013-10-21,26.68
2013-10-22,14.79
2013-10-23,10.73
2013-10-24,16.24
2013-10-25,14.499999999999998
2013-10-26,8.41
2013-10-27,4.64
2013-10-28,11.6
2013-10-29,13.63
2013-10-30,12.18
2013-10-31,9.57
2013-11-01,14.56
2013-11-02,6.5
2013-11-03,4.94
2013-11-04,16.64
2013-11-05,12.48
2013-11-06,13.26
2013-11-07,11.7
2013-11-08,14.04
2013-11-09,2.08
2013-11-10,4.42
2013-11-11,9.1
2013-11-12,11.7
2013-11-13,15.34
2013-11-14,17.94
2013-11-15,17.94
2013-11-16,6.5
2013-11-17,5.46
2013-11-18,12.22
2013-11-19,26.0
2013-11-20,19.76
2013-11-21,14.04
2013-11-22,19.76
2013-11-23,11.18
2013-11-24,1.56
2013-11-25,17.16
2013-11-26,11.7
2013-11-27,16.38
2013-11-28,2.6
2013-11-29,9.1
2013-11-30,4.42
2013-12-01,7.36
2013-12-02,14.03
2013-12-03,17.94
2013-12-04,18.630000000000003
2013-12-05,19.09
2013-12-06,14.95
2013-12-07,7.590000000000001
2013-12-08,4.140000000000001
2013-12-09,15.64
2013-12-10,8.51
2013-12-11,16.1
2013-12-12,21.39
2013-12-13,22.31
2013-12-14,5.75
2013-12-15,5.5200000000000005
2013-12-16,17.02
2013-12-17,16.1
2013-12-18,17.71
2013-12-19,21.16
2013-12-20,12.42
2013-12-21,9.2
2013-12-22,2.76
2013-12-23,16.79
2013-12-24,12.42
2013-12-25,4.6000000000000005
2013-12-26,11.04
2013-12-27,14.95
2013-12-28,5.98
2013-12-29,4.37
2013-12-30,14.26
2013-12-31,23.0
2014-01-01,8.37
2014-01-02,12.71
2014-01-03,10.54
2014-01-04,3.1
2014-01-05,1.24
2014-01-06,11.47
2014-01-07,16.74
2014-01-08,14.26
2014-01-09,8.99
2014-01-10,13.64
2014-01-11,8.06
2014-01-12,8.37
2014-01-13,17.36
2014-01-14,31.0
2014-01-15,18.29
2014-01-16,16.43
2014-01-17,13.33
2014-01-18,5.58
2014-01-19,3.41
2014-01-20,6.2
2014-01-21,12.4
2014-01-22,10.54
2014-01-23,8.68
2014-01-24,14.57
2014-01-25,8.68
2014-01-26,5.58
2014-01-27,11.47
2014-01-28,15.81
2014-01-29,12.71
2014-01-30,13.33
2014-01-31,11.47
2014-02-01,12.0
2014-02-02,6.0
2014-02-03,20.4
2014-02-04,15.12
2014-02-05,20.88
2014-02-06,23.04
2014-02-07,22.08
2014-02-08,7.199999999999999
2014-02-09,7.68
2014-02-10,15.6
2014-02-11,14.4
2014-02-12,22.8
2014-02-13,16.08
2014-02-14,19.92
2014-02-15,7.68
2014-02-16,9.12
2014-02-17,9.6
2014-02-18,23.76
2014-02-19,18.24
2014-02-20,16.56
2014-02-21,14.4
2014-02-22,10.8
2014-02-23,6.96
2014-02-24,20.16
2014-02-25,24.0
2014-02-26,22.8
2014-02-27,16.08
2014-02-28,18.0
2014-03-01,8.879999999999999
2014-03-02,2.64
2014-03-03,14.4
2014-03-04,18.48
2014-03-05,19.92
2014-03-06,15.36
2014-03-07,14.4
2014-03-08,6.24
2014-03-09,5.52
2014-03-10,15.6
2014-03-11,19.68
2014-03-12,16.32
2014-03-13,17.759999999999998
2014-03-14,19.2
2014-03-15,6.24
2014-03-16,3.36
2014-03-17,12.0
2014-03-18,18.24
2014-03-19,18.0
2014-03-20,17.04
2014-03-21,22.56
2014-03-22,4.56
2014-03-23,5.76
2014-03-24,18.96
2014-03-25,16.56
2014-03-26,24.0
2014-03-27,21.36
2014-03-28,20.16
2014-03-29,11.52
2014-03-30,6.24
2014-03-31,19.2
2014-04-01,9.36
2014-04-02,8.84
2014-04-03,11.18
2014-04-04,9.36
2014-04-05,2.08
2014-04-06,3.9
2014-04-07,8.84
2014-04-08,6.76
2014-04-09,9.62
2014-04-10,12.74
2014-04-11,26.0
2014-04-12,9.62
2014-04-13,3.38
2014-04-14,11.44
2014-04-15,9.36
2014-04-16,12.22
2014-04-17,8.06
2014-04-18,4.94
2014-04-19,1.56
2014-04-20,2.8600000000000003
2014-04-21,6.5
2014-04-22,8.84
2014-04-23,8.32
2014-04-24,7.54
2014-04-25,5.46
2014-04-26,2.08
2014-04-27,2.34
2014-04-28,8.32
2014-04-29,9.1
2014-04-30,10.66
2014-05-01,14.52
2014-05-02,14.74
2014-05-03,9.24
2014-05-04,3.74
2014-05-05,18.7
2014-05-06,15.4
2014-05-07,17.6
2014-05-08,16.28
2014-05-09,6.82
2014-05-10,6.6
2014-05-11,7.7
2014-05-12,11.44
2014-05-13,15.4
2014-05-14,22.0
2014-05-15,16.72
2014-05-16,14.74
2014-05-17,5.94
2014-05-18,0.0
2014-05-19,11.66
2014-05-20,19.8
2014-05-21,17.82
2014-05-22,16.94
2014-05-23,15.18
2014-05-24,3.08
2014-05-25,10.12
2014-05-26,3.96
2014-05-27,16.72
2014-05-28,14.74
2014-05-29,10.34
2014-05-30,15.18
2014-05-31,4.62
2014-06-01,4.6000000000000005
2014-06-02,14.49
2014-06-03,22.540000000000003
2014-06-04,15.87
2014-06-05,20.93
2014-06-06,23.0
2014-06-07,9.43
2014-06-08,5.75
2014-06-09,14.26
2014-06-10,16.79
2014-06-11,18.86
2014-06-12,16.560000000000002
2014-06-13,17.48
2014-06-14,6.9
2014-06-15,0.0
2014-06-16,15.18
2014-06-17,15.18
2014-06-18,14.49
2014-06-19,14.49
2014-06-20,13.34
2014-06-21,0.0
2014-06-22,7.36
2014-06-23,19.32
2014-06-24,12.65
2014-06-25,14.03
2014-06-26,11.5
2014-06-27,14.95
2014-06-28,2.99
2014-06-29,0.0
2014-06-30,17.71
2014-07-01,13.0
2014-07-02,11.96
2014-07-03,14.04
2014-07-04,5.98
2014-07-05,2.08
2014-07-06,3.9
2014-07-07,13.26
2014-07-08,8.32
2014-07-09,12.48
2014-07-10,14.82
2014-07-11,11.18
2014-07-12,7.0200000000000005
2014-07-13,2.08
2014-07-14,12.22
2014-07-15,26.0
2014-07-16,11.7
2014-07-17,8.32
2014-07-18,15.86
2014-07-19,4.42
2014-07-20,1.82
2014-07-21,11.7
2014-07-22,14.04
2014-07-23,12.22
2014-07-24,10.14
2014-07-25,11.7
2014-07-26,6.76
2014-07-27,4.42
2014-07-28,10.66
2014-07-29,11.96
2014-07-30,10.4
2014-07-31,15.86
2014-08-01,15.75
2014-08-02,5.88
2014-08-03,7.35
2014-08-04,10.71
2014-08-05,13.23
2014-08-06,8.19
2014-08-07,7.77
2014-08-08,9.66
2014-08-09,4.2
2014-08-10,3.78
2014-08-11,11.55
2014-08-12,13.23
2014-08-13,15.12
2014-08-14,17.22
2014-08-15,11.97
2014-08-16,7.77
2014-08-17,7.56
2014-08-18,16.38
2014-08-19,7.77
2014-08-20,16.169999999999998
2014-08-21,12.39
2014-08-22,10.92
2014-08-23,4.62
2014-08-24,3.57
2014-08-25,16.169999999999998
2014-08-26,15.75
2014-08-27,16.169999999999998
2014-08-28,21.0
2014-08-29,18.06
2014-08-30,1.47
2014-08-31,4.2
2014-09-01,3.4000000000000004
2014-09-02,12.6
2014-09-03,14.6
2014-09-04,10.6
2014-09-05,14.8
2014-09-06,9.0
2014-09-07,1.4
2014-09-08,14.4
2014-09-09,12.8
2014-09-10,18.2
2014-09-11,13.0
2014-09-12,15.0
2014-09-13,8.6
2014-09-14,2.4000000000000004
2014-09-15,12.8
2014-09-16,18.6
2014-09-17,11.4
2014-09-18,18.0
2014-09-19,20.0
2014-09-20,10.0
2014-09-21,6.800000000000001
2014-09-22,9.0
2014-09-23,11.8
2014-09-24,15.8
2014-09-25,13.4
2014-09-26,15.0
2014-09-27,0.0
2014-09-28,4.6000000000000005
2014-09-29,9.0
2014-09-30,16.6
2014-10-01,16.75
2014-10-02,19.75
2014-10-03,25.0
2014-10-04,9.0
2014-10-05,2.0
2014-10-06,12.75
2014-10-07,12.5
2014-10-08,14.0
2014-10-09,19.75
2014-10-10,13.75
2014-10-11,5.25
2014-10-12,7.0
2014-10-13,9.75
2014-10-14,24.5
2014-10-15,15.0
2014-10-16,19.25
2014-10-17,15.25
2014-10-18,6.0
2014-10-19,8.75
2014-10-20,17.0
2014-10-21,15.75
2014-10-22,14.0
2014-10-23,10.5
2014-10-24,11.75
2014-10-25,3.75
2014-10-26,6.25
2014-10-27,10.25
2014-10-28,16.0
2014-10-29,12.5
2014-10-30,11.25
2014-10-31,15.5
2014-11-01,5.7
2014-11-02,6.46
2014-11-03,16.53
2014-11-04,19.0
2014-11-05,16.53
2014-11-06,15.77
2014-11-07,16.53
2014-11-08,4.37
2014-11-09,7.22
2014-11-10,11.97
2014-11-11,15.77
2014-11-12,16.72
2014-11-13,18.24
2014-11-14,10.45
2014-11-15,6.46
2014-11-16,4.75
2014-11-17,15.96
2014-11-18,12.16
2014-11-19,17.1
2014-11-20,12.73
2014-11-21,14.44
2014-11-22,3.61
2014-11-23,2.28
2014-11-24,9.5
2014-11-25,12.35
2014-11-26,9.12
2014-11-27,2.85
2014-11-28,9.88
2014-11-29,9.12
2014-11-30,5.89
2014-12-01,12.2
2014-12-02,13.6
2014-12-03,13.8
2014-12-04,15.6
2014-12-05,18.4
2014-12-06,5.4
2014-12-07,6.6000000000000005
2014-12-08,12.8
2014-12-09,15.0
2014-12-10,20.0
2014-12-11,17.400000000000002
2014-12-12,14.0
2014-12-13,6.0
2014-12-14,6.2
2014-12-15,16.400000000000002
2014-12-16,13.6
2014-12-17,18.0
2014-12-18,12.0
2014-12-19,16.6
2014-12-20,7.2
2014-12-21,6.0
2014-12-22,15.6
2014-12-23,12.0
2014-12-24,11.6
2014-12-25,2.4000000000000004
2014-12-26,10.2
2014-12-27,4.2
2014-12-28,3.2
2014-12-29,15.0
2014-12-30,11.2
2014-12-31,13.4
2015-01-01,3.12
2015-01-02,6.24
2015-01-03,4.68
2015-01-04,1.3
2015-01-05,8.06
2015-01-06,8.06
2015-01-07,6.76
2015-01-08,10.66
2015-01-09,10.4
2015-01-10,3.12
2015-01-11,1.56
2015-01-12,6.5
2015-01-13,13.0
2015-01-14,26.0
2015-01-15,14.56
2015-01-16,12.48
2015-01-17,3.9
2015-01-18,2.08
2015-01-19,4.42
2015-01-20,10.4
2015-01-21,11.44
2015-01-22,11.96
2015-01-23,8.58
2015-01-24,3.9
2015-01-25,3.38
2015-01-26,8.32
2015-01-27,7.54
2015-01-28,4.68
2015-01-29,7.800000000000001
2015-01-30,7.0200000000000005
2015-01-31,4.42
2015-02-01,6.48
2015-02-02,15.36
2015-02-03,13.92
2015-02-04,16.32
2015-02-05,16.32
2015-02-06,18.48
2015-02-07,2.88
2015-02-08,6.0
2015-02-09,18.96
2015-02-10,22.56
2015-02-11,20.64
2015-02-12,17.759999999999998
2015-02-13,17.759999999999998
2015-02-14,4.08
2015-02-15,5.04
2015-02-16,5.04
2015-02-17,21.12
2015-02-18,20.64
2015-02-19,20.64
2015-02-20,18.72
2015-02-21,7.92
2015-02-22,6.96
2015-02-23,14.4
2015-02-24,24.0
2015-02-25,21.36
2015-02-26,21.36
2015-02-27,17.52
2015-02-28,5.04
2015-03-01,4.83
2015-03-02,13.8
2015-03-03,19.09
2015-03-04,14.95
2015-03-05,14.95
2015-03-06,18.17
2015-03-07,0.0
2015-03-08,5.29
2015-03-09,23.0
2015-03-10,18.630000000000003
2015-03-11,22.08
2015-03-12,17.94
2015-03-13,13.8
2015-03-14,6.9
2015-03-15,2.53
2015-03-16,21.39
2015-03-17,17.48
2015-03-18,16.330000000000002
2015-03-19,16.330000000000002
2015-03-20,15.64
2015-03-21,10.12
2015-03-22,0.0
2015-03-23,15.64
2015-03-24,13.8
2015-03-25,8.97
2015-03-26,17.02
2015-03-27,18.17
2015-03-28,6.67
2015-03-29,5.5200000000000005
2015-03-30,19.09
2015-03-31,14.49
2015-04-01,9.36
2015-04-02,7.0200000000000005
2015-04-03,5.98
2015-04-04,5.46
2015-04-05,0.0
2015-04-06,7.28
2015-04-07,9.88
2015-04-08,7.54
2015-04-09,10.92
2015-04-10,8.84
2015-04-11,6.24
2015-04-12,4.94
2015-04-13,12.74
2015-04-14,26.0
2015-04-15,16.12
2015-04-16,16.12
2015-04-17,10.92
2015-04-18,4.16
2015-04-19,3.64
2015-04-20,8.32
2015-04-21,6.24
2015-04-22,8.06
2015-04-23,8.84
2015-04-24,9.1
2015-04-25,5.2
2015-04-26,4.94
2015-04-27,7.800000000000001
2015-04-28,11.18
2015-04-29,8.84
2015-04-30,8.84
2015-05-01,14.88
2015-05-02,4.56
2015-05-03,3.6
2015-05-04,15.84
2015-05-05,13.44
2015-05-06,19.68
2015-05-07,14.16
2015-05-08,16.8
2015-05-09,7.68
2015-05-10,0.0
2015-05-11,16.8
2015-05-12,17.28
2015-05-13,18.0
2015-05-14,21.6
2015-05-15,22.08
2015-05-16,4.8
2015-05-17,0.0
2015-05-18,14.4
2015-05-19,21.6
2015-05-20,24.0
2015-05-21,18.48
2015-05-22,18.96
2015-05-23,5.76
2015-05-24,3.84
2015-05-25,6.24
2015-05-26,11.76
2015-05-27,14.88
2015-05-28,21.12
2015-05-29,20.88
2015-05-30,10.56
2015-05-31,5.279999999999999
2015-06-01,10.8
2015-06-02,17.01
2015-06-03,19.17
2015-06-04,12.96
2015-06-05,11.61
2015-06-06,7.83
2015-06-07,7.290000000000001
2015-06-08,13.77
2015-06-09,16.470000000000002
2015-06-10,13.23
2015-06-11,15.12
2015-06-12,15.12
2015-06-13,2.16
2015-06-14,2.7
2015-06-15,15.93
2015-06-16,7.83
2015-06-17,27.0
2015-06-18,15.66
2015-06-19,12.15
2015-06-20,5.94
2015-06-21,0.0
2015-06-22,15.39
2015-06-23,13.77
2015-06-24,16.200000000000003
2015-06-25,14.31
2015-06-26,15.93
2015-06-27,5.67
2015-06-28,4.59
2015-06-29,15.12
2015-06-30,15.66
2015-07-01,13.5
2015-07-02,9.99
2015-07-03,3.78
2015-07-04,1.62
2015-07-05,1.62
2015-07-06,9.72
2015-07-07,9.45
2015-07-08,10.8
2015-07-09,7.0200000000000005
2015-07-10,14.85
2015-07-11,4.59
2015-07-12,7.0200000000000005
2015-07-13,14.04
2015-07-14,27.0
2015-07-15,10.53
2015-07-16,10.8
2015-07-17,11.88
2015-07-18,5.4
2015-07-19,1.89
2015-07-20,11.34
2015-07-21,15.12
2015-07-22,8.91
2015-07-23,9.45
2015-07-24,7.56
2015-07-25,3.24
2015-07-26,2.43
2015-07-27,8.370000000000001
2015-07-28,9.99
2015-07-29,11.07
2015-07-30,11.34
2015-07-31,8.91
2015-08-01,3.5
2015-08-02,1.5
2015-08-03,11.75
2015-08-04,7.75
2015-08-05,11.5
2015-08-06,11.5
2015-08-07,11.5
2015-08-08,3.25
2015-08-09,2.75
2015-08-10,10.0
2015-08-11,9.75
2015-08-12,11.25
2015-08-13,11.25
2015-08-14,11.25
2015-08-15,3.0
2015-08-16,1.25
2015-08-17,11.0
2015-08-18,7.25
2015-08-19,8.25
2015-08-20,8.75
2015-08-21,11.75
2015-08-22,3.5
2015-08-23,3.25
2015-08-24,24.75
2015-08-25,25.0
2015-08-26,21.5
2015-08-27,19.5
2015-08-28,13.0
2015-08-29,4.0
2015-08-30,3.75
2015-08-31,10.25
2015-09-01,18.48
2015-09-02,11.97
2015-09-03,12.18
2015-09-04,16.59
2015-09-05,10.71
2015-09-06,0.0
2015-09-07,6.51
2015-09-08,16.59
2015-09-09,17.64
2015-09-10,13.23
2015-09-11,14.7
2015-09-12,7.14
2015-09-13,3.15
2015-09-14,13.23
2015-09-15,17.009999999999998
2015-09-16,12.39
2015-09-17,15.33
2015-09-18,21.0
2015-09-19,6.09
2015-09-20,6.09
2015-09-21,14.91
2015-09-22,17.849999999999998
2015-09-23,11.55
2015-09-24,14.49
2015-09-25,11.97
2015-09-26,6.72
2015-09-27,2.52
2015-09-28,14.7
2015-09-29,17.849999999999998
2015-09-30,16.59
2015-10-01,9.36
2015-10-02,6.76
2015-10-03,3.12
2015-10-04,4.16
2015-10-05,8.06
2015-10-06,11.18
2015-10-07,9.1
2015-10-08,9.62
2015-10-09,8.84
2015-10-10,4.42
2015-10-11,4.42
2015-10-12,9.1
2015-10-13,26.0
2015-10-14,17.94
2015-10-15,13.78
2015-10-16,11.44
2015-10-17,1.3
2015-10-18,1.3
2015-10-19,10.4
2015-10-20,9.36
2015-10-21,9.36
2015-10-22,10.92
2015-10-23,8.58
2015-10-24,4.16
2015-10-25,3.38
2015-10-26,6.5
2015-10-27,7.0200000000000005
2015-10-28,10.66
2015-10-29,9.36
2015-10-30,9.36
2015-10-31,2.08
2015-11-01,5.2
2015-11-02,17.400000000000002
2015-11-03,12.2
2015-11-04,16.6
2015-11-05,20.0
2015-11-06,16.6
2015-11-07,5.6000000000000005
2015-11-08,3.8
2015-11-09,10.2
2015-11-10,16.6
2015-11-11,10.0
2015-11-12,13.0
2015-11-13,16.2
2015-11-14,5.2
2015-11-15,2.0
2015-11-16,16.2
2015-11-17,16.8
2015-11-18,17.400000000000002
2015-11-19,11.8
2015-11-20,18.8
2015-11-21,6.2
2015-11-22,6.0
2015-11-23,13.4
2015-11-24,15.0
2015-11-25,13.4
2015-11-26,0.0
2015-11-27,5.4
2015-11-28,5.2
2015-11-29,3.8
2015-11-30,6.6000000000000005
2015-12-01,14.96
2015-12-02,16.06
2015-12-03,16.28
2015-12-04,17.82
2015-12-05,7.04
2015-12-06,2.42
2015-12-07,12.98
2015-12-08,15.4
2015-12-09,18.92
2015-12-10,16.72
2015-12-11,11.44
2015-12-12,4.62
2015-12-13,3.96
2015-12-14,14.08
2015-12-15,16.06
2015-12-16,22.0
2015-12-17,14.3
2015-12-18,17.82
2015-12-19,4.4
2015-12-20,5.94
2015-12-21,15.4
2015-12-22,17.38
2015-12-23,10.56
2015-12-24,7.26
2015-12-25,3.08
2015-12-26,0.0
2015-12-27,4.84
2015-12-28,8.14
2015-12-29,15.4
2015-12-30,10.34
2015-12-31,12.76
2016-01-01,1.4
2016-01-02,2.5200000000000005
2016-01-03,3.92
2016-01-04,11.2
2016-01-05,16.520000000000003
2016-01-06,11.48
2016-01-07,14.28
2016-01-08,13.44
2016-01-09,7.56
2016-01-10,4.760000000000001
2016-01-11,16.240000000000002
2016-01-12,17.64
2016-01-13,18.48
2016-01-14,28.000000000000004
2016-01-15,21.56
2016-01-16,8.4
2016-01-17,3.08
2016-01-18,8.120000000000001
2016-01-19,12.32
2016-01-20,16.8
2016-01-21,14.840000000000002
2016-01-22,12.88
2016-01-23,4.760000000000001
2016-01-24,3.3600000000000003
2016-01-25,15.12
2016-01-26,13.44
2016-01-27,11.2
2016-01-28,12.88
2016-01-29,11.48
2016-01-30,4.48
2016-01-31,2.24
2016-02-01,8.99
2016-02-02,9.57
2016-02-03,11.31
2016-02-04,11.89
2016-02-05,13.34
2016-02-06,4.93
2016-02-07,4.06
2016-02-08,10.44
2016-02-09,13.05
2016-02-10,11.6
2016-02-11,18.27
2016-02-12,29.0
2016-02-13,6.38
2016-02-14,2.61
2016-02-15,7.249999999999999
2016-02-16,15.659999999999998
2016-02-17,15.079999999999998
2016-02-18,14.79
2016-02-19,14.21
2016-02-20,6.09
2016-02-21,2.32
2016-02-22,11.6
2016-02-23,16.24
2016-02-24,17.4
2016-02-25,15.079999999999998
2016-02-26,12.76
2016-02-27,4.06
2016-02-28,4.93
2016-02-29,10.44
2016-03-01,23.75
2016-03-02,16.75
2016-03-03,25.0
2016-03-04,15.75
2016-03-05,8.75
2016-03-06,6.0
2016-03-07,15.75
2016-03-08,20.0
2016-03-09,19.25
2016-03-10,18.75
2016-03-11,17.5
2016-03-12,4.5
2016-03-13,3.75
2016-03-14,17.75
2016-03-15,16.25
2016-03-16,19.5
2016-03-17,20.5
2016-03-18,17.0
2016-03-19,7.25
2016-03-20,3.25
2016-03-21,16.25
2016-03-22,17.25
2016-03-23,18.75
2016-03-24,17.5
2016-03-25,8.0
2016-03-26,5.0
2016-03-27,3.75
2016-03-28,16.0
2016-03-29,13.75
2016-03-30,18.25
2016-03-31,16.0
2016-04-01,6.720000000000001
2016-04-02,3.08
2016-04-03,0.0
2016-04-04,7.280000000000001
2016-04-05,8.96
2016-04-06,9.24
2016-04-07,6.720000000000001
2016-04-08,7.000000000000001
2016-04-09,5.040000000000001
2016-04-10,2.5200000000000005
2016-04-11,10.36
2016-04-12,11.48
2016-04-13,28.000000000000004
2016-04-14,16.8
2016-04-15,12.88
2016-04-16,2.5200000000000005
2016-04-17,0.0
2016-04-18,7.280000000000001
2016-04-19,10.64
2016-04-20,8.96
2016-04-21,8.120000000000001
2016-04-22,8.680000000000001
2016-04-23,1.96
2016-04-24,1.96
2016-04-25,6.720000000000001
2016-04-26,6.44
2016-04-27,8.120000000000001
2016-04-28,8.120000000000001
2016-04-29,7.000000000000001
2016-04-30,2.5200000000000005
2016-05-01,5.29
2016-05-02,15.64
2016-05-03,13.11
2016-05-04,9.2
2016-05-05,15.18
2016-05-06,9.89
2016-05-07,5.5200000000000005
2016-05-08,2.0700000000000003
2016-05-09,11.96
2016-05-10,12.65
2016-05-11,12.42
2016-05-12,14.49
2016-05-13,12.88
2016-05-14,4.83
2016-05-15,3.91
2016-05-16,9.66
2016-05-17,14.49
2016-05-18,23.0
2016-05-19,17.94
2016-05-20,15.64
2016-05-21,5.98
2016-05-22,2.3000000000000003
2016-05-23,12.65
2016-05-24,14.72
2016-05-25,19.09
2016-05-26,15.64
2016-05-27,16.1
2016-05-28,6.67
2016-05-29,1.84
2016-05-30,5.5200000000000005
2016-05-31,13.8
2016-06-01,13.44
2016-06-02,14.840000000000002
2016-06-03,15.400000000000002
2016-06-04,3.640000000000001
2016-06-05,2.24
2016-06-06,11.2
2016-06-07,10.64
2016-06-08,10.36
2016-06-09,7.56
2016-06-10,9.24
2016-06-11,3.08
2016-06-12,1.6800000000000002
2016-06-13,8.120000000000001
2016-06-14,8.680000000000001
2016-06-15,10.080000000000002
2016-06-16,7.840000000000001
2016-06-17,10.64
2016-06-18,2.24
2016-06-19,4.48
2016-06-20,11.760000000000002
2016-06-21,8.680000000000001
2016-06-22,10.64
2016-06-23,10.920000000000002
2016-06-24,28.000000000000004
2016-06-25,7.840000000000001
2016-06-26,4.760000000000001
2016-06-27,20.44
2016-06-28,18.48
2016-06-29,22.96
2016-06-30,20.160000000000004
2016-07-01,10.920000000000002
2016-07-02,3.640000000000001
2016-07-03,0.56
2016-07-04,2.8000000000000003
2016-07-05,10.36
2016-07-06,8.4
2016-07-07,7.840000000000001
2016-07-08,7.56
2016-07-09,2.8000000000000003
2016-07-10,2.5200000000000005
2016-07-11,7.56
2016-07-12,9.24
2016-07-13,9.8
2016-07-14,28.000000000000004
2016-07-15,11.48
2016-07-16,0.56
2016-07-17,2.24
2016-07-18,7.000000000000001
2016-07-19,6.720000000000001
2016-07-20,11.48
2016-07-21,7.840000000000001
2016-07-22,7.280000000000001
2016-07-23,3.08
2016-07-24,2.8000000000000003
2016-07-25,7.56
2016-07-26,7.56
2016-07-27,6.16
2016-07-28,6.44
2016-07-29,7.840000000000001
2016-07-30,1.96
2016-07-31,1.4
2016-08-01,16.79
2016-08-02,17.25
2016-08-03,23.0
2016-08-04,14.95
2016-08-05,17.02
2016-08-06,5.98
2016-08-07,4.83
2016-08-08,12.88
2016-08-09,17.71
2016-08-10,11.04
2016-08-11,15.41
2016-08-12,12.88
2016-08-13,3.91
2016-08-14,2.76
2016-08-15,17.02
2016-08-16,17.48
2016-08-17,12.19
2016-08-18,16.1
2016-08-19,11.5
2016-08-20,3.22
2016-08-21,4.83
2016-08-22,17.48
2016-08-23,15.87
2016-08-24,11.5
2016-08-25,12.88
2016-08-26,13.34
2016-08-27,7.590000000000001
2016-08-28,5.29
2016-08-29,17.94
2016-08-30,19.09
2016-08-31,14.95
2016-09-01,19.58
2016-09-02,14.3
2016-09-03,4.18
2016-09-04,9.24
2016-09-05,3.3
2016-09-06,17.6
2016-09-07,12.54
2016-09-08,15.4
2016-09-09,20.24
2016-09-10,8.36
2016-09-11,4.84
2016-09-12,19.58
2016-09-13,20.02
2016-09-14,20.24
2016-09-15,17.6
2016-09-16,14.96
2016-09-17,3.08
2016-09-18,0.0
2016-09-19,17.38
2016-09-20,13.42
2016-09-21,13.42
2016-09-22,20.9
2016-09-23,16.5
2016-09-24,5.94
2016-09-25,6.16
2016-09-26,15.4
2016-09-27,17.16
2016-09-28,22.0
2016-09-29,15.18
2016-09-30,19.58
2016-10-01,0.72
2016-10-02,1.68
2016-10-03,6.0
2016-10-04,8.4
2016-10-05,8.16
2016-10-06,9.6
2016-10-07,6.24
2016-10-08,2.16
2016-10-09,1.44
2016-10-10,6.72
2016-10-11,5.279999999999999
2016-10-12,6.72
2016-10-13,9.6
2016-10-14,24.0
2016-10-15,1.68
2016-10-16,2.88
2016-10-17,9.6
2016-10-18,10.32
2016-10-19,9.6
2016-10-20,7.68
2016-10-21,5.76
2016-10-22,3.6
2016-10-23,1.92
2016-10-24,9.36
2016-10-25,8.64
2016-10-26,7.439999999999999
2016-10-27,9.6
2016-10-28,7.68
2016-10-29,2.16
2016-10-30,3.12
2016-10-31,6.0
2016-11-01,11.16
2016-11-02,7.75
2016-11-03,8.99
2016-11-04,6.2
2016-11-05,4.03
2016-11-06,2.17
2016-11-07,11.47
2016-11-08,11.47
2016-11-09,21.7
2016-11-10,31.0
2016-11-11,16.43
2016-11-12,8.37
2016-11-13,2.17
2016-11-14,20.77
2016-11-15,21.7
2016-11-16,19.53
2016-11-17,21.08
2016-11-18,17.98
2016-11-19,2.79
2016-11-20,3.72
2016-11-21,13.02
2016-11-22,13.95
2016-11-23,12.09
2016-11-24,2.79
2016-11-25,8.68
2016-11-26,2.48
2016-11-27,0.62
2016-11-28,10.85
2016-11-29,9.92
2016-11-30,13.95
2016-12-01,22.94
2016-12-02,22.94
2016-12-03,8.37
2016-12-04,3.72
2016-12-05,25.11
2016-12-06,26.35
2016-12-07,31.0
2016-12-08,27.59
2016-12-09,29.14
2016-12-10,7.13
2016-12-11,5.27
2016-12-12,24.8
2016-12-13,29.14
2016-12-14,30.07
2016-12-15,29.76
2016-12-16,26.97
2016-12-17,9.92
2016-12-18,4.65
2016-12-19,21.39
2016-12-20,29.45
2016-12-21,22.32
2016-12-22,20.46
2016-12-23,20.77
2016-12-24,10.23
2016-12-25,3.72
2016-12-26,4.65
2016-12-27,17.669999999999998
2016-12-28,19.53
2016-12-29,22.01
2016-12-30,16.12
2016-12-31,4.34
2017-01-01,2.45
2017-01-02,3.85
2017-01-03,13.65
2017-01-04,16.099999999999998
2017-01-05,17.5
2017-01-06,12.95
2017-01-07,5.949999999999999
2017-01-08,4.199999999999999
2017-01-09,14.7
2017-01-10,14.35
2017-01-11,14.0
2017-01-12,17.15
2017-01-13,35.0
2017-01-14,7.35
2017-01-15,4.199999999999999
2017-01-16,3.85
2017-01-17,17.15
2017-01-18,19.25
2017-01-19,15.749999999999998
2017-01-20,13.65
2017-01-21,3.85
2017-01-22,2.45
2017-01-23,9.45
2017-01-24,13.65
2017-01-25,17.5
2017-01-26,17.5
2017-01-27,12.6
2017-01-28,5.25
2017-01-29,3.85
2017-01-30,12.95
2017-01-31,12.95
2017-02-01,21.12
2017-02-02,20.16
2017-02-03,30.72
2017-02-04,13.12
2017-02-05,2.88
2017-02-06,21.12
2017-02-07,19.52
2017-02-08,17.92
2017-02-09,22.72
2017-02-10,20.48
2017-02-11,6.72
2017-02-12,2.24
2017-02-13,22.72
2017-02-14,27.84
2017-02-15,32.0
2017-02-16,29.44
2017-02-17,23.04
2017-02-18,6.4
2017-02-19,6.08
2017-02-20,6.72
2017-02-21,20.48
2017-02-22,17.6
2017-02-23,22.72
2017-02-24,21.12
2017-02-25,6.08
2017-02-26,4.48
2017-02-27,16.32
2017-02-28,21.76
2017-03-01,34.0
2017-03-02,20.06
2017-03-03,21.08
2017-03-04,5.78
2017-03-05,6.12
2017-03-06,17.68
2017-03-07,16.66
2017-03-08,20.74
2017-03-09,24.14
2017-03-10,20.74
2017-03-11,8.5
2017-03-12,4.760000000000001
2017-03-13,17.0
2017-03-14,20.4
2017-03-15,24.82
2017-03-16,20.4
2017-03-17,21.42
2017-03-18,5.1000000000000005
2017-03-19,3.4000000000000004
2017-03-20,19.72
2017-03-21,21.08
2017-03-22,18.700000000000003
2017-03-23,19.72
2017-03-24,19.040000000000003
2017-03-25,7.140000000000001
2017-03-26,4.08
2017-03-27,17.68
2017-03-28,17.0
2017-03-29,19.72
2017-03-30,18.02
2017-03-31,15.64
2017-04-01,4.62
2017-04-02,3.3000000000000003
2017-04-03,10.23
2017-04-04,13.86
2017-04-05,13.86
2017-04-06,12.87
2017-04-07,11.55
2017-04-08,4.29
2017-04-09,3.3000000000000003
2017-04-10,10.56
2017-04-11,12.54
2017-04-12,18.15
2017-04-13,33.0
2017-04-14,8.58
2017-04-15,3.63
2017-04-16,2.97
2017-04-17,11.55
2017-04-18,10.56
2017-04-19,10.89
2017-04-20,12.21
2017-04-21,9.24
2017-04-22,2.97
2017-04-23,3.3000000000000003
2017-04-24,11.55
2017-04-25,13.86
2017-04-26,11.55
2017-04-27,11.22
2017-04-28,8.91
2017-04-29,4.29
2017-04-30,2.64
2017-05-01,25.200000000000003
2017-05-02,25.76
2017-05-03,24.360000000000003
2017-05-04,16.520000000000003
2017-05-05,25.480000000000004
2017-05-06,5.040000000000001
2017-05-07,5.6000000000000005
2017-05-08,19.040000000000003
2017-05-09,19.040000000000003
2017-05-10,23.24
2017-05-11,17.92
2017-05-12,18.48
2017-05-13,8.680000000000001
2017-05-14,5.040000000000001
2017-05-15,16.240000000000002
2017-05-16,18.200000000000003
2017-05-17,25.480000000000004
2017-05-18,28.000000000000004
2017-05-19,22.4
2017-05-20,7.280000000000001
2017-05-21,2.24
2017-05-22,21.840000000000003
2017-05-23,17.92
2017-05-24,20.72
2017-05-25,19.040000000000003
2017-05-26,15.96
2017-05-27,9.24
2017-05-28,4.2
2017-05-29,3.640000000000001
2017-05-30,20.44
2017-05-31,24.64
2017-06-01,18.0
2017-06-02,16.5
2017-06-03,3.3
2017-06-04,2.1
2017-06-05,12.6
2017-06-06,13.2
2017-06-07,12.3
2017-06-08,18.3
2017-06-09,17.7
2017-06-10,2.7
2017-06-11,3.9
2017-06-12,15.0
2017-06-13,17.4
2017-06-14,15.0
2017-06-15,15.0
2017-06-16,9.9
2017-06-17,7.8
2017-06-18,3.6
2017-06-19,13.8
2017-06-20,14.1
2017-06-21,12.9
2017-06-22,16.5
2017-06-23,14.7
2017-06-24,5.4
2017-06-25,4.8
2017-06-26,14.4
2017-06-27,18.0
2017-06-28,17.4
2017-06-29,30.0
2017-06-30,19.5
2017-07-01,1.55
2017-07-02,2.17
2017-07-03,11.78
2017-07-04,3.72
2017-07-05,15.81
2017-07-06,11.47
2017-07-07,10.23
2017-07-08,3.1
2017-07-09,4.34
2017-07-10,12.4
2017-07-11,8.99
2017-07-12,12.71
2017-07-13,13.95
2017-07-14,31.0
2017-07-15,4.96
2017-07-16,1.55
2017-07-17,9.61
2017-07-18,9.3
2017-07-19,8.99
2017-07-20,8.37
2017-07-21,6.82
2017-07-22,4.34
2017-07-23,2.48
2017-07-24,8.06
2017-07-25,12.09
2017-07-26,10.85
2017-07-27,10.54
2017-07-28,7.13
2017-07-29,3.1
2017-07-30,0.93
2017-07-31,8.99
2017-08-01,24.0
2017-08-02,15.12
2017-08-03,18.0
2017-08-04,17.759999999999998
2017-08-05,4.56
2017-08-06,6.24
2017-08-07,19.44
2017-08-08,22.32
2017-08-09,17.28
2017-08-10,16.56
2017-08-11,18.72
2017-08-12,7.199999999999999
2017-08-13,4.8
2017-08-14,17.28
2017-08-15,14.64
2017-08-16,19.2
2017-08-17,16.08
2017-08-18,12.96
2017-08-19,2.4
2017-08-20,3.84
2017-08-21,14.16
2017-08-22,16.56
2017-08-23,16.08
2017-08-24,13.44
2017-08-25,14.64
2017-08-26,5.279999999999999
2017-08-27,2.16
2017-08-28,12.24
2017-08-29,18.24
2017-08-30,12.96
2017-08-31,14.4
2017-09-01,14.64
2017-09-02,1.68
2017-09-03,3.6
2017-09-04,3.6
2017-09-05,16.32
2017-09-06,16.56
2017-09-07,14.16
2017-09-08,16.8
2017-09-09,6.0
2017-09-10,2.88
2017-09-11,12.48
2017-09-12,22.56
2017-09-13,15.12
2017-09-14,15.84
2017-09-15,14.88
2017-09-16,5.04
2017-09-17,5.279999999999999
2017-09-18,17.04
2017-09-19,21.12
2017-09-20,19.2
2017-09-21,24.0
2017-09-22,12.48
2017-09-23,9.36
2017-09-24,3.12
2017-09-25,18.72
2017-09-26,16.32
2017-09-27,23.04
2017-09-28,19.44
2017-09-29,15.12
2017-09-30,6.0
2017-10-01,3.3000000000000003
2017-10-02,12.87
2017-10-03,14.52
2017-10-04,13.53
2017-10-05,14.19
2017-10-06,10.23
2017-10-07,5.28
2017-10-08,2.64
2017-10-09,12.54
2017-10-10,14.19
2017-10-11,15.84
2017-10-12,33.0
2017-10-13,15.510000000000002
2017-10-14,3.63
2017-10-15,4.62
2017-10-16,15.84
2017-10-17,15.84
2017-10-18,14.19
2017-10-19,10.89
2017-10-20,15.510000000000002
2017-10-21,2.64
2017-10-22,3.63
2017-10-23,10.89
2017-10-24,16.5
2017-10-25,15.510000000000002
2017-10-26,14.19
2017-10-27,15.84
2017-10-28,3.3000000000000003
2017-10-29,4.29
2017-10-30,11.88
2017-10-31,9.24
2017-11-01,20.02
2017-11-02,14.3
2017-11-03,18.2
2017-11-04,5.46
2017-11-05,0.0
2017-11-06,12.48
2017-11-07,17.42
2017-11-08,17.42
2017-11-09,14.04
2017-11-10,15.6
2017-11-11,3.9
2017-11-12,3.38
2017-11-13,10.4
2017-11-14,13.78
2017-11-15,10.66
2017-11-16,12.74
2017-11-17,14.04
2017-11-18,3.64
2017-11-19,3.64
2017-11-20,11.18
2017-11-21,13.0
2017-11-22,10.4
2017-11-23,0.0
2017-11-24,9.62
2017-11-25,2.8600000000000003
2017-11-26,2.6
2017-11-27,10.92
2017-11-28,16.900000000000002
2017-11-29,20.8
2017-11-30,26.0
2017-12-01,23.520000000000003
2017-12-02,10.36
2017-12-03,5.040000000000001
2017-12-04,28.000000000000004
2017-12-05,24.08
2017-12-06,21.000000000000004
2017-12-07,17.64
2017-12-08,16.8
2017-12-09,6.16
2017-12-10,3.92
2017-12-11,16.520000000000003
2017-12-12,17.360000000000003
2017-12-13,16.240000000000002
2017-12-14,20.72
2017-12-15,17.64
2017-12-16,7.56
2017-12-17,4.760000000000001
2017-12-18,19.6
2017-12-19,19.040000000000003
2017-12-20,23.8
2017-12-21,24.360000000000003
2017-12-22,18.200000000000003
2017-12-23,5.32
2017-12-24,1.96
2017-12-25,3.92
2017-12-26,14.560000000000002
2017-12-27,13.72
2017-12-28,15.96
2017-12-29,17.360000000000003
2017-12-30,6.16
2017-12-31,6.16
2018-01-01,2.3000000000000003
2018-01-02,13.8
2018-01-03,14.26
2018-01-04,19.78
2018-01-05,19.78
2018-01-06,6.44
2018-01-07,4.6000000000000005
2018-01-08,19.32
2018-01-09,19.32
2018-01-10,22.540000000000003
2018-01-11,26.68
2018-01-12,46.0
2018-01-13,7.36
2018-01-14,4.6000000000000005
2018-01-15,6.44
2018-01-16,18.4
2018-01-17,17.94
2018-01-18,16.560000000000002
2018-01-19,16.560000000000002
2018-01-20,5.98
2018-01-21,4.6000000000000005
2018-01-22,15.18
2018-01-23,17.94
2018-01-24,16.560000000000002
2018-01-25,18.4
2018-01-26,17.48
2018-01-27,4.6000000000000005
2018-01-28,4.6000000000000005
2018-01-29,16.1
2018-01-30,26.22
2018-01-31,19.32
2018-02-01,13.65
2018-02-02,23.01
2018-02-03,8.19
2018-02-04,5.07
2018-02-05,24.57
2018-02-06,39.0
2018-02-07,24.96
2018-02-08,22.23
2018-02-09,24.18
2018-02-10,6.24
2018-02-11,3.51
2018-02-12,19.89
2018-02-13,18.33
2018-02-14,22.62
2018-02-15,23.01
2018-02-16,15.99
2018-02-17,7.41
2018-02-18,1.56
2018-02-19,5.8500000000000005
2018-02-20,17.16
2018-02-21,19.11
2018-02-22,18.33
2018-02-23,16.77
2018-02-24,5.8500000000000005
2018-02-25,2.34
2018-02-26,20.67
2018-02-27,23.01
2018-02-28,17.55
2018-03-01,24.75
2018-03-02,26.73
2018-03-03,6.2700000000000005
2018-03-04,4.95
2018-03-05,23.43
2018-03-06,27.72
2018-03-07,27.06
2018-03-08,23.1
2018-03-09,24.75
2018-03-10,8.91
2018-03-11,7.260000000000001
2018-03-12,21.12
2018-03-13,20.130000000000003
2018-03-14,21.45
2018-03-15,22.44
2018-03-16,21.78
2018-03-17,5.61
2018-03-18,5.94
2018-03-19,18.15
2018-03-20,24.09
2018-03-21,26.4
2018-03-22,30.69
2018-03-23,27.72
2018-03-24,8.25
2018-03-25,6.2700000000000005
2018-03-26,33.0
2018-03-27,28.05
2018-03-28,24.75
2018-03-29,20.46
2018-03-30,13.53
2018-03-31,1.65
2018-04-01,3.15
2018-04-02,11.25
2018-04-03,12.15
2018-04-04,11.25
2018-04-05,13.5
2018-04-06,10.35
2018-04-07,3.6
2018-04-08,1.8
2018-04-09,11.7
2018-04-10,12.15
2018-04-11,10.35
2018-04-12,18.0
2018-04-13,45.0
2018-04-14,6.75
2018-04-15,1.8
2018-04-16,16.650000000000002
2018-04-17,12.6
2018-04-18,13.95
2018-04-19,11.7
2018-04-20,12.15
2018-04-21,3.15
2018-04-22,3.15
2018-04-23,9.45
2018-04-24,9.9
2018-04-25,12.15
2018-04-26,6.75
2018-04-27,9.0
2018-04-28,2.7
2018-04-29,2.7
2018-04-30,9.45
2018-05-01,18.0
2018-05-02,16.5
2018-05-03,18.3
2018-05-04,17.4
2018-05-05,3.6
2018-05-06,4.2
2018-05-07,16.8
2018-05-08,19.5
2018-05-09,21.3
2018-05-10,16.5
2018-05-11,22.2
2018-05-12,6.0
2018-05-13,1.2
2018-05-14,18.3
2018-05-15,21.0
2018-05-16,18.9
2018-05-17,15.6
2018-05-18,13.8
2018-05-19,3.9
2018-05-20,1.5
2018-05-21,16.5
2018-05-22,19.5
2018-05-23,21.3
2018-05-24,15.6
2018-05-25,15.6
2018-05-26,0.8999999999999999
2018-05-27,2.7
2018-05-28,3.3
2018-05-29,29.7
2018-05-30,30.0
2018-05-31,28.5
2018-06-01,26.28
2018-06-02,9.72
2018-06-03,5.04
2018-06-04,22.32
2018-06-05,24.48
2018-06-06,26.64
2018-06-07,22.68
2018-06-08,16.919999999999998
2018-06-09,6.48
2018-06-10,4.32
2018-06-11,22.68
2018-06-12,19.44
2018-06-13,29.16
2018-06-14,21.24
2018-06-15,27.36
2018-06-16,1.08
2018-06-17,4.68
2018-06-18,25.92
2018-06-19,20.88
2018-06-20,24.12
2018-06-21,18.36
2018-06-22,24.48
2018-06-23,5.4
2018-06-24,6.84
2018-06-25,25.92
2018-06-26,27.0
2018-06-27,27.0
2018-06-28,33.12
2018-06-29,36.0
2018-06-30,7.56
2018-07-01,3.01
2018-07-02,11.61
2018-07-03,11.61
2018-07-04,3.87
2018-07-05,14.19
2018-07-06,12.04
2018-07-07,2.58
2018-07-08,2.58
2018-07-09,16.77
2018-07-10,16.34
2018-07-11,15.05
2018-07-12,18.49
2018-07-13,43.0
2018-07-14,6.88
2018-07-15,2.58
2018-07-16,22.79
2018-07-17,20.21
2018-07-18,18.06
2018-07-19,16.34
2018-07-20,13.33
2018-07-21,3.44
2018-07-22,3.01
2018-07-23,16.34
2018-07-24,16.77
2018-07-25,13.33
2018-07-26,13.76
2018-07-27,12.9
2018-07-28,4.3
2018-07-29,2.58
2018-07-30,16.77
2018-07-31,15.05
2018-08-01,24.8
2018-08-02,16.74
2018-08-03,25.42
2018-08-04,5.89
2018-08-05,5.58
2018-08-06,20.15
2018-08-07,22.01
2018-08-08,21.08
2018-08-09,15.81
2018-08-10,18.29
2018-08-11,5.58
2018-08-12,4.34
2018-08-13,18.6
2018-08-14,19.84
2018-08-15,16.12
2018-08-16,17.98
2018-08-17,17.36
2018-08-18,4.34
2018-08-19,6.51
2018-08-20,15.19
2018-08-21,31.0
2018-08-22,22.32
2018-08-23,15.5
2018-08-24,16.74
2018-08-25,4.65
2018-08-26,5.27
2018-08-27,19.84
2018-08-28,18.29
2018-08-29,15.19
2018-08-30,21.7
2018-08-31,15.5
2018-09-01,3.78
2018-09-02,1.62
2018-09-03,4.32
2018-09-04,13.23
2018-09-05,14.04
2018-09-06,11.61
2018-09-07,12.69
2018-09-08,2.97
2018-09-09,2.16
2018-09-10,10.260000000000002
2018-09-11,13.23
2018-09-12,13.23
2018-09-13,19.17
2018-09-14,14.31
2018-09-15,4.86
2018-09-16,0.0
2018-09-17,11.61
2018-09-18,16.470000000000002
2018-09-19,23.49
2018-09-20,27.0
2018-09-21,18.09
2018-09-22,5.94
2018-09-23,4.86
2018-09-24,14.85
2018-09-25,17.28
2018-09-26,20.25
2018-09-27,13.5
2018-09-28,13.23
2018-09-29,4.86
2018-09-30,3.24
2018-10-01,12.18
2018-10-02,10.92
2018-10-03,13.02
2018-10-04,15.54
2018-10-05,12.6
2018-10-06,3.36
2018-10-07,2.52
2018-10-08,10.08
2018-10-09,11.34
2018-10-10,12.18
2018-10-11,20.58
2018-10-12,42.0
2018-10-13,5.46
2018-10-14,2.94
2018-10-15,15.54
2018-10-16,14.7
2018-10-17,14.28
2018-10-18,13.86
2018-10-19,11.34
2018-10-20,1.26
2018-10-21,2.1
2018-10-22,11.34
2018-10-23,14.7
2018-10-24,12.6
2018-10-25,13.86
2018-10-26,13.44
2018-10-27,2.94
2018-10-28,3.78
2018-10-29,10.5
2018-10-30,14.28
2018-10-31,14.28
2018-11-01,18.0
2018-11-02,15.6
2018-11-03,2.7
2018-11-04,5.1
2018-11-05,12.9
2018-11-06,18.0
2018-11-07,14.4
2018-11-08,18.0
2018-11-09,15.3
2018-11-10,4.8
2018-11-11,4.5
2018-11-12,14.7
2018-11-13,13.8
2018-11-14,22.2
2018-11-15,30.0
2018-11-16,14.7
2018-11-17,8.7
2018-11-18,6.6
2018-11-19,16.5
2018-11-20,19.5
2018-11-21,13.5
2018-11-22,5.1
2018-11-23,10.8
2018-11-24,3.0
2018-11-25,6.0
2018-11-26,13.8
2018-11-27,20.4
2018-11-28,19.5
2018-11-29,19.8
2018-11-30,17.7
2018-12-01,4.760000000000001
2018-12-02,2.72
2018-12-03,25.16
2018-12-04,25.500000000000004
2018-12-05,15.3
2018-12-06,26.860000000000003
2018-12-07,20.74
2018-12-08,9.86
2018-12-09,5.1000000000000005
2018-12-10,25.500000000000004
2018-12-11,26.180000000000003
2018-12-12,31.62
2018-12-13,26.520000000000003
2018-12-14,21.42
2018-12-15,7.140000000000001
2018-12-16,5.44
2018-12-17,18.700000000000003
2018-12-18,21.76
2018-12-19,27.540000000000003
2018-12-20,34.0
2018-12-21,21.76
2018-12-22,10.54
2018-12-23,4.760000000000001
2018-12-24,18.700000000000003
2018-12-25,7.140000000000001
2018-12-26,27.880000000000003
2018-12-27,32.300000000000004
2018-12-28,25.16
2018-12-29,6.800000000000001
2018-12-30,3.06
2018-12-31,19.380000000000003
2019-01-01,2.55
2019-01-02,15.3
2019-01-03,16.830000000000002
2019-01-04,19.89
2019-01-05,7.65
2019-01-06,6.12
2019-01-07,16.830000000000002
2019-01-08,22.44
2019-01-09,20.91
2019-01-10,17.34
2019-01-11,18.87
2019-01-12,5.1
2019-01-13,2.04
2019-01-14,19.38
2019-01-15,51.0
2019-01-16,24.99
2019-01-17,15.3
2019-01-18,14.28
2019-01-19,6.63
2019-01-20,5.1
2019-01-21,3.5700000000000003
2019-01-22,10.71
2019-01-23,12.75
2019-01-24,9.18
2019-01-25,11.22
2019-01-26,2.55
2019-01-27,2.55
2019-01-28,10.2
2019-01-29,12.24
2019-01-30,12.75
2019-01-31,13.77
2019-02-01,11.1
2019-02-02,2.96
2019-02-03,2.96
2019-02-04,8.879999999999999
2019-02-05,11.47
2019-02-06,7.77
2019-02-07,10.36
2019-02-08,8.51
2019-02-09,3.7
2019-02-10,2.59
2019-02-11,9.25
2019-02-12,12.21
2019-02-13,11.1
2019-02-14,37.0
2019-02-15,31.08
2019-02-16,12.58
2019-02-17,5.55
2019-02-18,7.4
2019-02-19,13.32
2019-02-20,12.95
2019-02-21,11.84
2019-02-22,13.32
2019-02-23,5.55
2019-02-24,2.59
2019-02-25,12.58
2019-02-26,16.28
2019-02-27,12.95
2019-02-28,8.14
2019-03-01,22.32
2019-03-02,5.58
2019-03-03,4.34
2019-03-04,23.87
2019-03-05,18.91
2019-03-06,18.91
2019-03-07,17.669999999999998
2019-03-08,19.84
2019-03-09,6.2
2019-03-10,5.27
2019-03-11,18.91
2019-03-12,19.84
2019-03-13,18.29
2019-03-14,19.53
2019-03-15,21.08
2019-03-16,9.92
2019-03-17,3.1
2019-03-18,22.63
2019-03-19,24.8
2019-03-20,17.05
2019-03-21,20.15
2019-03-22,26.97
2019-03-23,10.23
2019-03-24,7.75
2019-03-25,31.0
2019-03-26,30.38
2019-03-27,25.11
2019-03-28,28.21
2019-03-29,24.18
2019-03-30,4.96
2019-03-31,3.72
2019-04-01,14.1
2019-04-02,13.63
2019-04-03,14.1
2019-04-04,15.51
2019-04-05,14.1
2019-04-06,4.23
2019-04-07,2.82
2019-04-08,12.69
2019-04-09,12.69
2019-04-10,16.919999999999998
2019-04-11,15.98
2019-04-12,47.0
2019-04-13,9.4
2019-04-14,4.23
2019-04-15,15.04
2019-04-16,14.57
2019-04-17,16.45
2019-04-18,15.98
2019-04-19,5.64
2019-04-20,3.29
2019-04-21,4.699999999999999
2019-04-22,13.16
2019-04-23,12.69
2019-04-24,13.63
2019-04-25,12.69
2019-04-26,13.63
2019-04-27,4.23
2019-04-28,3.76
2019-04-29,14.57
2019-04-30,15.04
2019-05-01,27.84
2019-05-02,26.56
2019-05-03,27.2
2019-05-04,7.68
2019-05-05,7.04
2019-05-06,32.0
2019-05-07,23.36
2019-05-08,24.64
2019-05-09,23.36
2019-05-10,22.08
2019-05-11,5.76
2019-05-12,4.48
2019-05-13,24.96
2019-05-14,23.36
2019-05-15,22.4
2019-05-16,27.84
2019-05-17,18.56
2019-05-18,9.6
2019-05-19,3.84
2019-05-20,22.4
2019-05-21,26.24
2019-05-22,23.36
2019-05-23,18.88
2019-05-24,19.52
2019-05-25,8.64
2019-05-26,2.88
2019-05-27,4.8
2019-05-28,24.32
2019-05-29,23.68
2019-05-30,27.52
2019-05-31,23.36
2019-06-01,8.96
2019-06-02,4.8
2019-06-03,21.44
2019-06-04,25.92
2019-06-05,27.84
2019-06-06,21.44
2019-06-07,30.08
2019-06-08,8.32
2019-06-09,5.44
2019-06-10,25.6
2019-06-11,25.92
2019-06-12,22.08
2019-06-13,21.12
2019-06-14,16.96
2019-06-15,7.68
2019-06-16,8.32
2019-06-17,18.56
2019-06-18,22.4
2019-06-19,27.2
2019-06-20,21.76
2019-06-21,25.28
2019-06-22,7.04
2019-06-23,5.44
2019-06-24,22.4
2019-06-25,24.0
2019-06-26,19.52
2019-06-27,26.24
2019-06-28,32.0
2019-06-29,9.6
2019-06-30,8.32
2019-07-01,16.65
2019-07-02,13.69
2019-07-03,12.58
2019-07-04,3.7
2019-07-05,9.99
2019-07-06,6.29
2019-07-07,3.33
2019-07-08,12.21
2019-07-09,12.95
2019-07-10,17.02
2019-07-11,14.8
2019-07-12,12.58
2019-07-13,4.44
2019-07-14,2.59
2019-07-15,18.87
2019-07-16,37.0
2019-07-17,19.24
2019-07-18,14.06
2019-07-19,8.879999999999999
2019-07-20,4.07
2019-07-21,2.96
2019-07-22,9.62
2019-07-23,12.58
2019-07-24,11.1
2019-07-25,12.58
2019-07-26,11.47
2019-07-27,2.96
2019-07-28,0.0
2019-07-29,9.62
2019-07-30,12.21
2019-07-31,11.1
2019-08-01,18.29
2019-08-02,23.25
2019-08-03,5.27
2019-08-04,3.1
2019-08-05,28.21
2019-08-06,23.87
2019-08-07,31.0
2019-08-08,21.08
2019-08-09,18.6
2019-08-10,7.13
2019-08-11,3.72
2019-08-12,19.22
2019-08-13,19.53
2019-08-14,27.59
2019-08-15,27.28
2019-08-16,22.63
2019-08-17,5.58
2019-08-18,6.2
2019-08-19,21.39
2019-08-20,22.01
2019-08-21,21.39
2019-08-22,21.39
2019-08-23,24.18
2019-08-24,4.96
2019-08-25,6.82
2019-08-26,24.49
2019-08-27,15.81
2019-08-28,19.53
2019-08-29,18.29
2019-08-30,13.95
2019-08-31,6.2
2019-09-01,5.12
2019-09-02,5.12
2019-09-03,17.28
2019-09-04,18.24
2019-09-05,24.32
2019-09-06,21.44
2019-09-07,6.08
2019-09-08,5.76
2019-09-09,28.48
2019-09-10,27.84
2019-09-11,25.28
2019-09-12,24.32
2019-09-13,31.36
2019-09-14,7.04
2019-09-15,5.76
2019-09-16,27.52
2019-09-17,32.0
2019-09-18,21.44
2019-09-19,30.72
2019-09-20,22.72
2019-09-21,6.72
2019-09-22,5.76
2019-09-23,18.88
2019-09-24,17.6
2019-09-25,19.52
2019-09-26,16.96
2019-09-27,24.32
2019-09-28,7.68
2019-09-29,5.44
2019-09-30,19.2
2019-10-01,11.76
2019-10-02,13.02
2019-10-03,12.6
2019-10-04,11.34
2019-10-05,2.94
2019-10-06,4.2
2019-10-07,11.76
2019-10-08,9.24
2019-10-09,12.18
2019-10-10,11.34
2019-10-11,13.44
2019-10-12,3.78
2019-10-13,3.78
2019-10-14,15.54
2019-10-15,42.0
2019-10-16,21.84
2019-10-17,18.9
2019-10-18,12.6
2019-10-19,6.3
2019-10-20,1.26
2019-10-21,15.54
2019-10-22,18.06
2019-10-23,15.12
2019-10-24,17.22
2019-10-25,12.6
2019-10-26,2.52
2019-10-27,2.1
2019-10-28,15.96
2019-10-29,13.44
2019-10-30,12.6
2019-10-31,12.6
2019-11-01,20.88
2019-11-02,4.35
2019-11-03,5.51
2019-11-04,21.75
2019-11-05,29.0
2019-11-06,20.01
2019-11-07,24.07
2019-11-08,19.72
2019-11-09,8.7
2019-11-10,4.35
2019-11-11,13.63
2019-11-12,21.46
2019-11-13,18.85
2019-11-14,16.24
2019-11-15,21.17
2019-11-16,6.67
2019-11-17,4.93
2019-11-18,17.98
2019-11-19,17.11
2019-11-20,14.79
2019-11-21,18.27
2019-11-22,16.529999999999998
2019-11-23,5.8
2019-11-24,6.38
2019-11-25,20.59
2019-11-26,20.88
2019-11-27,19.14
2019-11-28,6.09
2019-11-29,9.28
2019-11-30,8.12
2019-12-01,5.89
2019-12-02,21.39
2019-12-03,23.56
2019-12-04,26.66
2019-12-05,23.56
2019-12-06,21.39
2019-12-07,9.3
2019-12-08,9.61
2019-12-09,20.77
2019-12-10,25.73
2019-12-11,29.76
2019-12-12,31.0
2019-12-13,30.38
2019-12-14,9.3
2019-12-15,10.23
2019-12-16,29.45
2019-12-17,29.76
2019-12-18,29.76
2019-12-19,24.18
2019-12-20,26.97
2019-12-21,6.82
2019-12-22,7.75
2019-12-23,20.77
2019-12-24,19.22
2019-12-25,5.89
2019-12-26,19.53
2019-12-27,23.87
2019-12-28,7.75
2019-12-29,6.51
2019-12-30,21.39
2019-12-31,19.22
2020-01-01,3.78
2020-01-02,16.740000000000002
2020-01-03,16.200000000000003
2020-01-04,4.86
2020-01-05,3.78
2020-01-06,15.12
2020-01-07,17.28
2020-01-08,16.200000000000003
2020-01-09,18.9
2020-01-10,17.28
2020-01-11,8.100000000000001
2020-01-12,6.48
2020-01-13,27.0
2020-01-14,54.0
2020-01-15,29.160000000000004
2020-01-16,23.22
2020-01-17,16.740000000000002
2020-01-18,5.4
2020-01-19,3.78
2020-01-20,4.86
2020-01-21,13.5
2020-01-22,14.580000000000002
2020-01-23,16.200000000000003
2020-01-24,15.12
2020-01-25,2.7
2020-01-26,3.78
2020-01-27,13.5
2020-01-28,15.66
2020-01-29,14.580000000000002
2020-01-30,15.66
2020-01-31,12.96
2020-02-01,4.42
2020-02-02,0.0
2020-02-03,13.94
2020-02-04,17.68
2020-02-05,18.700000000000003
2020-02-06,19.72
2020-02-07,11.22
2020-02-08,4.760000000000001
2020-02-09,4.08
2020-02-10,14.28
2020-02-11,14.96
2020-02-12,16.32
2020-02-13,17.34
2020-02-14,12.24
2020-02-15,4.760000000000001
2020-02-16,3.4000000000000004
2020-02-17,5.44
2020-02-18,14.62
2020-02-19,17.68
2020-02-20,13.94
2020-02-21,13.94
2020-02-22,7.140000000000001
2020-02-23,4.08
2020-02-24,20.74
2020-02-25,24.48
2020-02-26,22.44
2020-02-27,22.1
2020-02-28,34.0
2020-02-29,9.18
2020-03-01,8.459999999999999
2020-03-02,33.84
2020-03-03,43.24
2020-03-04,41.36
2020-03-05,40.42
2020-03-06,66.74
2020-03-07,16.919999999999998
2020-03-08,10.34
2020-03-09,82.72
2020-03-10,74.25999999999999
2020-03-11,66.74
2020-03-12,89.3
2020-03-13,84.6
2020-03-14,26.32
2020-03-15,14.1
2020-03-16,94.0
2020-03-17,71.44
2020-03-18,79.89999999999999
2020-03-19,71.44
2020-03-20,70.5
2020-03-21,19.74
2020-03-22,15.98
2020-03-23,71.44
2020-03-24,66.74
2020-03-25,78.96
2020-03-26,65.8
2020-03-27,66.74
2020-03-28,17.86
2020-03-29,11.28
2020-03-30,47.0
2020-03-31,57.34
2020-04-01,29.0
2020-04-02,26.0
2020-04-03,28.0
2020-04-04,8.0
2020-04-05,5.0
2020-04-06,35.0
2020-04-07,27.0
2020-04-08,23.0
2020-04-09,31.0
2020-04-10,14.0
2020-04-11,7.0
2020-04-12,8.0
2020-04-13,31.0
2020-04-14,100.0
2020-04-15,48.0
2020-04-16,42.0
2020-04-17,41.0
2020-04-18,12.0
2020-04-19,8.0
2020-04-20,28.0
2020-04-21,27.0
2020-04-22,28.0
2020-04-23,27.0
2020-04-24,24.0
2020-04-25,8.0
2020-04-26,6.0
2020-04-27,28.0
2020-04-28,26.0
2020-04-29,29.0
2020-04-30,25.0
2020-05-01,44.53
2020-05-02,11.68
2020-05-03,9.49
2020-05-04,41.61
2020-05-05,44.53
2020-05-06,42.34
2020-05-07,38.69
2020-05-08,40.88
2020-05-09,7.3
2020-05-10,10.22
2020-05-11,40.88
2020-05-12,53.29
2020-05-13,66.42999999999999
2020-05-14,73.0
2020-05-15,56.21
2020-05-16,16.06
2020-05-17,10.22
2020-05-18,55.48
2020-05-19,47.45
2020-05-20,45.26
2020-05-21,42.34
2020-05-22,35.04
2020-05-23,10.95
2020-05-24,8.76
2020-05-25,12.41
2020-05-26,62.05
2020-05-27,67.16
2020-05-28,49.64
2020-05-29,45.26
2020-05-30,13.87
2020-05-31,8.03
2020-06-01,42.24
2020-06-02,59.84
2020-06-03,69.52
2020-06-04,57.2
2020-06-05,74.8
2020-06-06,18.48
2020-06-07,14.08
2020-06-08,67.76
2020-06-09,65.12
2020-06-10,64.24
2020-06-11,74.8
2020-06-12,73.04
2020-06-13,16.72
2020-06-14,11.44
2020-06-15,60.72
2020-06-16,68.64
2020-06-17,53.68
2020-06-18,49.28
2020-06-19,55.44
2020-06-20,15.84
2020-06-21,11.44
2020-06-22,55.44
2020-06-23,59.84
2020-06-24,60.72
2020-06-25,81.84
2020-06-26,88.0
2020-06-27,23.76
2020-06-28,14.96
2020-06-29,66.0
2020-06-30,67.76
2020-07-01,24.0
2020-07-02,21.6
2020-07-03,6.4
2020-07-04,4.800000000000001
2020-07-05,4.0
2020-07-06,23.200000000000003
2020-07-07,22.4
2020-07-08,23.200000000000003
2020-07-09,20.0
2020-07-10,23.200000000000003
2020-07-11,8.0
2020-07-12,6.4
2020-07-13,33.6
2020-07-14,80.0
2020-07-15,34.4
2020-07-16,25.6
2020-07-17,20.0
2020-07-18,6.4
2020-07-19,4.800000000000001
2020-07-20,16.8
2020-07-21,20.0
2020-07-22,20.0
2020-07-23,16.8
2020-07-24,17.6
2020-07-25,4.800000000000001
2020-07-26,3.2
2020-07-27,16.0
2020-07-28,17.6
2020-07-29,18.4
2020-07-30,17.6
2020-07-31,16.8
2020-08-01,10.8
2020-08-02,8.4
2020-08-03,38.4
2020-08-04,38.4
2020-08-05,42.0
2020-08-06,39.0
2020-08-07,38.4
2020-08-08,14.4
2020-08-09,8.4
2020-08-10,37.2
2020-08-11,60.0
2020-08-12,56.4
2020-08-13,43.8
2020-08-14,36.6
2020-08-15,12.0
2020-08-16,12.6
2020-08-17,32.4
2020-08-18,45.0
2020-08-19,36.6
2020-08-20,37.8
2020-08-21,38.4
2020-08-22,9.6
2020-08-23,8.4
2020-08-24,42.6
2020-08-25,44.4
2020-08-26,39.0
2020-08-27,39.6
2020-08-28,38.4
2020-08-29,10.8
2020-08-30,6.6
2020-08-31,36.6
2020-09-01,55.44
2020-09-02,49.14
2020-09-03,59.85
2020-09-04,56.07
2020-09-05,12.6
2020-09-06,10.08
2020-09-07,13.23
2020-09-08,52.92
2020-09-09,54.81
2020-09-10,44.1
2020-09-11,47.25
2020-09-12,12.6
2020-09-13,8.19
2020-09-14,40.32
2020-09-15,52.29
2020-09-16,49.77
2020-09-17,49.14
2020-09-18,44.1
2020-09-19,13.86
2020-09-20,10.71
2020-09-21,63.0
2020-09-22,51.66
2020-09-23,54.18
2020-09-24,53.55
2020-09-25,44.1
2020-09-26,14.49
2020-09-27,8.19
2020-09-28,42.21
2020-09-29,55.44
2020-09-30,52.92
2020-10-01,23.31
2020-10-02,24.57
2020-10-03,5.04
2020-10-04,1.26
2020-10-05,18.9
2020-10-06,24.57
2020-10-07,21.42
2020-10-08,23.94
2020-10-09,27.72
2020-10-10,6.93
2020-10-11,4.41
2020-10-12,27.72
2020-10-13,63.0
2020-10-14,34.02
2020-10-15,26.46
2020-10-16,20.79
2020-10-17,5.67
2020-10-18,4.41
2020-10-19,19.53
2020-10-20,20.16
2020-10-21,20.16
2020-10-22,24.57
2020-10-23,21.42
2020-10-24,6.93
2020-10-25,5.04
2020-10-26,23.31
2020-10-27,24.57
2020-10-28,27.09
2020-10-29,25.2
2020-10-30,20.16
2020-10-31,5.67
2020-11-01,5.5
2020-11-02,24.200000000000003
2020-11-03,34.650000000000006
2020-11-04,18.15
2020-11-05,22.55
2020-11-06,20.9
2020-11-07,3.850000000000001
2020-11-08,6.050000000000001
2020-11-09,55.00000000000001
2020-11-10,36.85
2020-11-11,33.550000000000004
2020-11-12,29.700000000000003
2020-11-13,25.3
2020-11-14,10.45
2020-11-15,7.15
2020-11-16,39.6
2020-11-17,32.45
2020-11-18,30.250000000000004
2020-11-19,24.750000000000004
2020-11-20,24.200000000000003
2020-11-21,8.25
2020-11-22,4.4
2020-11-23,23.65
2020-11-24,36.85
2020-11-25,26.950000000000003
2020-11-26,6.6000000000000005
2020-11-27,17.6
2020-11-28,7.15
2020-11-29,4.95
2020-11-30,25.3
2020-12-01,34.84
2020-12-02,36.85
2020-12-03,35.510000000000005
2020-12-04,37.52
2020-12-05,13.4
2020-12-06,6.03
2020-12-07,32.830000000000005
2020-12-08,30.15
2020-12-09,37.52
2020-12-10,34.17
2020-12-11,28.81
2020-12-12,10.72
2020-12-13,6.7
2020-12-14,26.8
2020-12-15,31.49
2020-12-16,28.81
2020-12-17,36.85
2020-12-18,44.89
2020-12-19,32.160000000000004
2020-12-20,18.09
2020-12-21,67.0
2020-12-22,48.24
2020-12-23,38.86
2020-12-24,28.14
2020-12-25,11.39
2020-12-26,6.03
2020-12-27,8.040000000000001
2020-12-28,32.830000000000005
2020-12-29,37.52
2020-12-30,32.160000000000004
2020-12-31,26.8
2021-01-01,6.3
2021-01-02,5.67
2021-01-03,5.04
2021-01-04,22.68
2021-01-05,20.16
2021-01-06,28.35
2021-01-07,34.02
2021-01-08,28.35
2021-01-09,7.56
2021-01-10,6.3
2021-01-11,25.83
2021-01-12,34.65
2021-01-13,29.61
2021-01-14,35.28
2021-01-15,63.0
2021-01-16,11.34
2021-01-17,2.52
2021-01-18,8.82
2021-01-19,28.98
2021-01-20,27.72
2021-01-21,25.83
2021-01-22,23.94
2021-01-23,3.78
2021-01-24,3.78
2021-01-25,20.79
2021-01-26,20.79
2021-01-27,26.46
2021-01-28,23.94
2021-01-29,22.05
2021-01-30,7.56
2021-01-31,6.93
2021-02-01,32.48
2021-02-02,51.04
2021-02-03,48.72
2021-02-04,54.52
2021-02-05,45.82
2021-02-06,14.499999999999998
2021-02-07,14.499999999999998
2021-02-08,37.12
2021-02-09,33.059999999999995
2021-02-10,28.42
2021-02-11,34.22
2021-02-12,34.8
2021-02-13,12.76
2021-02-14,15.659999999999998
2021-02-15,13.34
2021-02-16,52.78
2021-02-17,49.88
2021-02-18,37.7
2021-02-19,45.82
2021-02-20,18.56
2021-02-21,9.28
2021-02-22,53.36
2021-02-23,53.36
2021-02-24,55.1
2021-02-25,57.99999999999999
2021-02-26,43.5
2021-02-27,15.659999999999998
2021-02-28,11.6
2021-03-01,51.87
2021-03-02,54.15
2021-03-03,53.01
2021-03-04,54.72
2021-03-05,46.17
2021-03-06,17.099999999999998
2021-03-07,8.549999999999999
2021-03-08,39.9
2021-03-09,53.58
2021-03-10,47.88
2021-03-11,49.02
2021-03-12,54.72
2021-03-13,13.68
2021-03-14,14.249999999999998
2021-03-15,46.17
2021-03-16,37.05
2021-03-17,46.74
2021-03-18,56.99999999999999
2021-03-19,54.15
2021-03-20,14.249999999999998
2021-03-21,9.12
2021-03-22,42.18
2021-03-23,44.46
2021-03-24,43.88999999999999
2021-03-25,44.46
2021-03-26,54.15
2021-03-27,14.249999999999998
2021-03-28,11.97
2021-03-29,45.6
2021-03-30,48.45
2021-03-31,45.6
2021-04-01,15.659999999999998
2021-04-02,8.12
2021-04-03,4.64
2021-04-04,4.06
2021-04-05,20.88
2021-04-06,15.079999999999998
2021-04-07,20.3
2021-04-08,20.88
2021-04-09,19.14
2021-04-10,6.38
2021-04-11,4.64
2021-04-12,15.079999999999998
2021-04-13,20.88
2021-04-14,57.99999999999999
2021-04-15,30.74
2021-04-16,21.46
2021-04-17,5.22
2021-04-18,4.06
2021-04-19,15.659999999999998
2021-04-20,16.24
2021-04-21,19.14
2021-04-22,18.56
2021-04-23,16.24
2021-04-24,5.22
2021-04-25,4.06
2021-04-26,16.82
2021-04-27,17.4
2021-04-28,18.56
2021-04-29,19.14
2021-04-30,17.98
2021-05-01,8.51
2021-05-02,4.81
2021-05-03,31.82
2021-05-04,29.23
2021-05-05,31.08
2021-05-06,37.0
2021-05-07,32.56
2021-05-08,9.62
2021-05-09,8.879999999999999
2021-05-10,32.19
2021-05-11,36.63
2021-05-12,32.56
2021-05-13,31.08
2021-05-14,36.63
2021-05-15,12.58
2021-05-16,8.51
2021-05-17,28.12
2021-05-18,36.26
2021-05-19,32.56
2021-05-20,25.16
2021-05-21,25.9
2021-05-22,7.4
2021-05-23,4.07
2021-05-24,23.68
2021-05-25,21.83
2021-05-26,23.31
2021-05-27,31.82
2021-05-28,31.08
2021-05-29,7.77
2021-05-30,5.55
2021-05-31,5.55
2021-06-01,28.05
2021-06-02,38.25
2021-06-03,29.07
2021-06-04,30.09
2021-06-05,8.67
2021-06-06,9.69
2021-06-07,34.17
2021-06-08,30.09
2021-06-09,30.6
2021-06-10,36.21
2021-06-11,36.72
2021-06-12,8.16
2021-06-13,2.55
2021-06-14,40.29
2021-06-15,36.72
2021-06-16,44.88
2021-06-17,47.43
2021-06-18,41.31
2021-06-19,12.75
2021-06-20,11.22
2021-06-21,37.23
2021-06-22,37.23
2021-06-23,37.23
2021-06-24,47.94
2021-06-25,35.7
2021-06-26,14.28
2021-06-27,10.2
2021-06-28,45.39
2021-06-29,51.0
2021-06-30,35.19
2021-07-01,18.0
2021-07-02,16.0
2021-07-03,4.5
2021-07-04,3.0
2021-07-05,4.5
2021-07-06,15.5
2021-07-07,18.0
2021-07-08,18.5
2021-07-09,15.5
2021-07-10,6.5
2021-07-11,3.5
2021-07-12,24.0
2021-07-13,50.0
2021-07-14,28.0
2021-07-15,18.5
2021-07-16,16.0
2021-07-17,4.5
2021-07-18,3.5
2021-07-19,16.0
2021-07-20,19.5
2021-07-21,18.0
2021-07-22,18.0
2021-07-23,17.0
2021-07-24,4.5
2021-07-25,3.5
2021-07-26,15.0
2021-07-27,14.5
2021-07-28,15.0
2021-07-29,11.5
2021-07-30,12.0
2021-07-31,1.5
2021-08-01,7.14
2021-08-02,36.12
2021-08-03,33.18
2021-08-04,34.44
2021-08-05,34.02
2021-08-06,42.0
2021-08-07,17.22
2021-08-08,6.72
2021-08-09,33.18
2021-08-10,35.7
2021-08-11,38.64
2021-08-12,40.32
2021-08-13,31.08
2021-08-14,10.92
2021-08-15,1.26
2021-08-16,31.92
2021-08-17,38.22
2021-08-18,33.6
2021-08-19,36.54
2021-08-20,26.88
2021-08-21,10.5
2021-08-22,12.18
2021-08-23,34.44
2021-08-24,33.6
2021-08-25,37.38
2021-08-26,38.22
2021-08-27,34.86
2021-08-28,10.5
2021-08-29,8.4
2021-08-30,34.86
2021-08-31,38.22
2021-09-01,27.65
2021-09-02,29.4
2021-09-03,23.45
2021-09-04,7.0
2021-09-05,7.0
2021-09-06,8.399999999999999
2021-09-07,25.2
2021-09-08,29.4
2021-09-09,28.0
2021-09-10,27.3
2021-09-11,10.85
2021-09-12,6.65
2021-09-13,26.6
2021-09-14,27.65
2021-09-15,26.6
2021-09-16,26.25
2021-09-17,20.65
2021-09-18,7.699999999999999
2021-09-19,3.85
2021-09-20,31.5
2021-09-21,31.85
2021-09-22,31.85
2021-09-23,33.25
2021-09-24,31.5
2021-09-25,12.95
2021-09-26,4.55
2021-09-27,29.75
2021-09-28,31.85
2021-09-29,33.95
2021-09-30,35.0
2021-10-01,13.02
2021-10-02,5.04
2021-10-03,3.36
2021-10-04,14.7
2021-10-05,16.38
2021-10-06,14.7
2021-10-07,19.74
2021-10-08,13.02
2021-10-09,4.2
2021-10-10,3.36
2021-10-11,16.38
2021-10-12,15.96
2021-10-13,42.0
2021-10-14,23.94
2021-10-15,17.64
2021-10-16,2.52
2021-10-17,2.52
2021-10-18,12.18
2021-10-19,13.02
2021-10-20,15.54
2021-10-21,15.12
2021-10-22,15.96
2021-10-23,2.52
2021-10-24,3.36
2021-10-25,14.7
2021-10-26,16.8
2021-10-27,12.6
2021-10-28,13.44
2021-10-29,14.28
2021-10-30,4.2
2021-10-31,1.68
2021-11-01,34.32
2021-11-02,30.81
2021-11-03,28.08
2021-11-04,38.61
2021-11-05,33.15
2021-11-06,12.09
2021-11-07,6.63
2021-11-08,32.76
2021-11-09,30.42
2021-11-10,30.03
2021-11-11,28.08
2021-11-12,31.200000000000003
2021-11-13,11.31
2021-11-14,2.34
2021-11-15,24.96
2021-11-16,36.66
2021-11-17,28.08
2021-11-18,29.64
2021-11-19,33.15
2021-11-20,15.21
2021-11-21,11.31
2021-11-22,38.22
2021-11-23,39.0
2021-11-24,35.49
2021-11-25,7.41
2021-11-26,30.42
2021-11-27,15.21
2021-11-28,6.24
2021-11-29,32.370000000000005
2021-11-30,35.1
2021-12-01,37.72
2021-12-02,36.08
2021-12-03,33.62
2021-12-04,9.84
2021-12-05,5.33
2021-12-06,36.08
2021-12-07,30.34
2021-12-08,23.37
2021-12-09,29.93
2021-12-10,25.42
2021-12-11,9.84
2021-12-12,7.789999999999999
2021-12-13,28.29
2021-12-14,38.54
2021-12-15,41.0
2021-12-16,34.85
2021-12-17,36.49
2021-12-18,14.35
2021-12-19,7.38
2021-12-20,33.62
2021-12-21,38.95
2021-12-22,31.57
2021-12-23,28.29
2021-12-24,15.17
2021-12-25,7.789999999999999
2021-12-26,7.38
2021-12-27,31.57
2021-12-28,27.47
2021-12-29,25.42
2021-12-30,20.91
2021-12-31,19.68
2022-01-01,3.66
2022-01-02,4.88
2022-01-03,14.03
2022-01-04,23.18
2022-01-05,23.18
2022-01-06,16.47
2022-01-07,14.64
2022-01-08,6.1
2022-01-09,5.49
2022-01-10,21.96
2022-01-11,23.18
2022-01-12,21.96
2022-01-13,25.62
2022-01-14,61.0
2022-01-15,11.59
2022-01-16,10.37
2022-01-17,9.15
2022-01-18,32.33
2022-01-19,28.67
2022-01-20,18.3
2022-01-21,25.62
2022-01-22,7.32
2022-01-23,3.66
2022-01-24,28.67
2022-01-25,21.96
2022-01-26,20.13
2022-01-27,16.47
2022-01-28,15.86
2022-01-29,6.1
2022-01-30,2.44
2022-01-31,14.64
2022-02-01,30.03
2022-02-02,29.64
2022-02-03,31.200000000000003
2022-02-04,25.74
2022-02-05,10.14
2022-02-06,8.19
2022-02-07,29.25
2022-02-08,39.0
2022-02-09,28.47
2022-02-10,33.93
2022-02-11,26.52
2022-02-12,7.0200000000000005
2022-02-13,4.68
2022-02-14,23.79
2022-02-15,27.3
2022-02-16,29.64
2022-02-17,24.18
2022-02-18,27.69
2022-02-19,7.41
2022-02-20,5.8500000000000005
2022-02-21,9.36
2022-02-22,24.96
2022-02-23,26.52
2022-02-24,37.05
2022-02-25,28.08
2022-02-26,12.87
2022-02-27,6.24
2022-02-28,36.66
2022-03-01,52.0
2022-03-02,46.8
2022-03-03,35.36
2022-03-04,45.760000000000005
2022-03-05,14.04
2022-03-06,9.88
2022-03-07,41.6
2022-03-08,34.84
2022-03-09,35.88
2022-03-10,31.200000000000003
2022-03-11,32.24
2022-03-12,14.56
2022-03-13,5.720000000000001
2022-03-14,27.56
2022-03-15,30.16
2022-03-16,42.64
2022-03-17,34.84
2022-03-18,27.04
2022-03-19,10.92
2022-03-20,10.4
2022-03-21,32.76
2022-03-22,33.800000000000004
2022-03-23,29.12
2022-03-24,28.6
2022-03-25,29.12
2022-03-26,8.84
2022-03-27,8.84
2022-03-28,26.0
2022-03-29,28.6
2022-03-30,31.72
2022-03-31,24.96
2022-04-01,14.04
2022-04-02,5.720000000000001
2022-04-03,5.2
2022-04-04,17.16
2022-04-05,18.2
2022-04-06,15.6
2022-04-07,15.6
2022-04-08,15.6
2022-04-09,3.12
2022-04-10,4.16
2022-04-11,17.68
2022-04-12,20.28
2022-04-13,52.0
2022-04-14,24.96
2022-04-15,8.84
2022-04-16,5.2
2022-04-17,4.16
2022-04-18,17.16
2022-04-19,14.56
2022-04-20,14.04
2022-04-21,14.56
2022-04-22,13.52
2022-04-23,4.16
2022-04-24,4.68
2022-04-25,14.56
2022-04-26,13.0
2022-04-27,14.04
2022-04-28,15.6
2022-04-29,13.0
2022-04-30,6.24
2022-05-01,7.199999999999999
2022-05-02,26.88
2022-05-03,24.48
2022-05-04,27.84
2022-05-05,25.44
2022-05-06,25.44
2022-05-07,7.68
2022-05-08,7.199999999999999
2022-05-09,28.8
2022-05-10,24.96
2022-05-11,28.8
2022-05-12,24.96
2022-05-13,23.04
2022-05-14,8.64
2022-05-15,4.8
2022-05-16,22.56
2022-05-17,27.36
2022-05-18,23.52
2022-05-19,25.92
2022-05-20,23.52
2022-05-21,9.6
2022-05-22,6.24
2022-05-23,48.0
2022-05-24,44.64
2022-05-25,31.68
2022-05-26,28.8
2022-05-27,23.52
2022-05-28,8.64
2022-05-29,4.8
2022-05-30,6.72
2022-05-31,21.6
2022-06-01,33.44
2022-06-02,41.8
2022-06-03,32.56
2022-06-04,5.72
2022-06-05,7.92
2022-06-06,34.76
2022-06-07,33.0
2022-06-08,33.0
2022-06-09,29.92
2022-06-10,41.36
2022-06-11,7.92
2022-06-12,8.8
2022-06-13,38.72
2022-06-14,39.6
2022-06-15,35.64
2022-06-16,41.8
2022-06-17,34.32
2022-06-18,15.84
2022-06-19,9.68
2022-06-20,15.4
2022-06-21,32.56
2022-06-22,35.2
2022-06-23,37.4
2022-06-24,44.0
2022-06-25,15.4
2022-06-26,12.76
2022-06-27,26.4
2022-06-28,37.4
2022-06-29,35.2
2022-06-30,33.88
2022-07-01,9.5
2022-07-02,3.0
2022-07-03,3.0
2022-07-04,3.5
2022-07-05,11.0
2022-07-06,10.0
2022-07-07,10.5
2022-07-08,11.5
2022-07-09,4.5
2022-07-10,2.5
2022-07-11,13.5
2022-07-12,13.0
2022-07-13,16.0
2022-07-14,50.0
2022-07-15,22.5
2022-07-16,7.5
2022-07-17,3.5
2022-07-18,12.5
2022-07-19,13.0
2022-07-20,11.0
2022-07-21,10.0
2022-07-22,11.0
2022-07-23,2.0
2022-07-24,3.0
2022-07-25,10.0
2022-07-26,8.5
2022-07-27,12.0
2022-07-28,10.0
2022-07-29,10.5
2022-07-30,2.5
2022-07-31,1.5
2022-08-01,25.9
2022-08-02,28.12
2022-08-03,27.75
2022-08-04,29.6
2022-08-05,30.71
2022-08-06,12.58
2022-08-07,8.14
2022-08-08,28.86
2022-08-09,25.16
2022-08-10,24.05
2022-08-11,37.0
2022-08-12,24.79
2022-08-13,9.25
2022-08-14,8.14
2022-08-15,33.67
2022-08-16,33.3
2022-08-17,24.42
2022-08-18,20.72
2022-08-19,23.68
2022-08-20,10.73
2022-08-21,3.33
2022-08-22,24.05
2022-08-23,23.68
2022-08-24,25.16
2022-08-25,23.31
2022-08-26,22.57
2022-08-27,9.25
2022-08-28,4.07
2022-08-29,21.09
2022-08-30,25.9
2022-08-31,25.9
2022-09-01,22.77
2022-09-02,16.17
2022-09-03,10.23
2022-09-04,4.29
2022-09-05,7.92
2022-09-06,21.78
2022-09-07,22.44
2022-09-08,24.09
2022-09-09,19.14
2022-09-10,8.58
2022-09-11,5.61
2022-09-12,25.41
2022-09-13,33.0
2022-09-14,27.06
2022-09-15,23.43
2022-09-16,23.76
2022-09-17,8.58
2022-09-18,4.62
2022-09-19,19.14
2022-09-20,21.45
2022-09-21,26.4
2022-09-22,25.74
2022-09-23,24.42
2022-09-24,10.56
2022-09-25,5.94
2022-09-26,23.43
2022-09-27,29.37
2022-09-28,27.06
2022-09-29,22.11
2022-09-30,28.71
2022-10-01,5.28
2022-10-02,4.84
2022-10-03,14.96
2022-10-04,16.72
2022-10-05,16.28
2022-10-06,14.08
2022-10-07,12.32
2022-10-08,6.16
2022-10-09,5.28
2022-10-10,15.84
2022-10-11,19.8
2022-10-12,17.6
2022-10-13,26.84
2022-10-14,44.0
2022-10-15,8.8
2022-10-16,6.16
2022-10-17,18.92
2022-10-18,22.0
2022-10-19,17.6
2022-10-20,17.16
2022-10-21,15.84
2022-10-22,6.6
2022-10-23,5.28
2022-10-24,13.2
2022-10-25,16.72
2022-10-26,14.96
2022-10-27,18.48
2022-10-28,14.52
2022-10-29,5.72
2022-10-30,5.72
2022-10-31,17.16
2022-11-01,29.75
2022-11-02,35.0
2022-11-03,27.3
2022-11-04,30.45
2022-11-05,9.8
2022-11-06,11.9
2022-11-07,26.6
2022-11-08,22.05
2022-11-09,27.65
2022-11-10,32.55
2022-11-11,26.95
2022-11-12,9.1
2022-11-13,1.75
2022-11-14,29.4
2022-11-15,24.5
2022-11-16,26.6
2022-11-17,26.6
2022-11-18,25.55
2022-11-19,10.5
2022-11-20,7.35
2022-11-21,26.6
2022-11-22,23.8
2022-11-23,23.8
2022-11-24,5.949999999999999
2022-11-25,16.099999999999998
2022-11-26,8.399999999999999
2022-11-27,4.9
2022-11-28,28.35
2022-11-29,22.75
2022-11-30,23.1
2022-12-01,25.6
2022-12-02,24.96
2022-12-03,8.64
2022-12-04,4.8
2022-12-05,32.0
2022-12-06,27.52
2022-12-07,27.2
2022-12-08,24.64
2022-12-09,22.08
2022-12-10,6.72
2022-12-11,4.8
2022-12-12,25.6
2022-12-13,25.92
2022-12-14,26.56
2022-12-15,31.36
2022-12-16,25.6
2022-12-17,10.88
2022-12-18,5.12
2022-12-19,26.88
2022-12-20,27.2
2022-12-21,25.92
2022-12-22,24.96
2022-12-23,19.52
2022-12-24,11.52
2022-12-25,2.88
2022-12-26,8.64
2022-12-27,21.76
2022-12-28,24.32
2022-12-29,24.32
2022-12-30,22.4
2022-12-31,11.52
2023-01-01,4.16
2023-01-02,6.24
2023-01-03,21.32
2023-01-04,22.36
2023-01-05,21.32
2023-01-06,21.32
2023-01-07,7.800000000000001
2023-01-08,10.92
2023-01-09,25.48
2023-01-10,29.12
2023-01-11,23.92
2023-01-12,30.16
2023-01-13,52.0
2023-01-14,10.92
2023-01-15,5.720000000000001
2023-01-16,8.84
2023-01-17,23.92
2023-01-18,20.28
2023-01-19,15.08
2023-01-20,14.04
2023-01-21,6.24
2023-01-22,4.68
2023-01-23,15.6
2023-01-24,17.16
2023-01-25,14.56
2023-01-26,16.64
2023-01-27,14.04
2023-01-28,6.24
2023-01-29,4.16
2023-01-30,15.6
2023-01-31,15.08
2023-02-01,34.0
2023-02-02,30.26
2023-02-03,29.92
2023-02-04,10.88
2023-02-05,9.86
2023-02-06,25.500000000000004
2023-02-07,27.200000000000003
2023-02-08,28.9
2023-02-09,28.56
2023-02-10,26.180000000000003
2023-02-11,11.56
2023-02-12,6.12
2023-02-13,21.42
2023-02-14,29.24
2023-02-15,18.360000000000003
2023-02-16,27.200000000000003
2023-02-17,26.520000000000003
2023-02-18,13.260000000000002
2023-02-19,5.44
2023-02-20,11.22
2023-02-21,22.78
2023-02-22,28.22
2023-02-23,22.44
2023-02-24,28.56
2023-02-25,8.16
2023-02-26,6.460000000000001
2023-02-27,30.6
2023-02-28,27.200000000000003
2023-03-01,11.62
2023-03-02,14.94
2023-03-03,11.62
2023-03-04,4.15
2023-03-05,7.47
2023-03-06,11.62
2023-03-07,14.94
2023-03-08,14.11
2023-03-09,28.22
2023-03-10,59.76
2023-03-11,22.41
2023-03-12,18.26
2023-03-13,83.0
2023-03-14,44.82
2023-03-15,49.8
2023-03-16,39.84
2023-03-17,38.18
2023-03-18,10.79
2023-03-19,9.96
2023-03-20,34.86
2023-03-21,33.2
2023-03-22,24.9
2023-03-23,25.73
2023-03-24,25.73
2023-03-25,9.96
2023-03-26,4.98
2023-03-27,24.07
2023-03-28,18.26
2023-03-29,20.75
2023-03-30,23.24
2023-03-31,18.26
2023-04-01,8.26
2023-04-02,4.13
2023-04-03,14.75
2023-04-04,15.93
2023-04-05,13.57
2023-04-06,11.8
2023-04-07,7.08
2023-04-08,4.13
2023-04-09,3.54
2023-04-10,13.57
2023-04-11,12.98
2023-04-12,15.34
2023-04-13,19.47
2023-04-14,59.0
2023-04-15,8.85
2023-04-16,4.72
2023-04-17,18.88
2023-04-18,17.11
2023-04-19,17.11
2023-04-20,14.16
2023-04-21,14.16
2023-04-22,3.54
2023-04-23,1.77
2023-04-24,15.34
2023-04-25,14.16
2023-04-26,12.39
2023-04-27,14.16
2023-04-28,12.39
2023-04-29,6.489999999999999
2023-04-30,4.72
2023-05-01,59.0
2023-05-02,35.989999999999995
2023-05-03,24.19
2023-05-04,23.6
2023-05-05,16.52
2023-05-06,5.31
2023-05-07,3.54
2023-05-08,12.39
2023-05-09,16.52
2023-05-10,13.57
2023-05-11,12.98
2023-05-12,14.75
2023-05-13,4.72
2023-05-14,4.72
2023-05-15,14.16
2023-05-16,12.98
2023-05-17,12.98
2023-05-18,12.39
2023-05-19,12.98
2023-05-20,4.72
2023-05-21,4.13
2023-05-22,15.93
2023-05-23,14.75
2023-05-24,10.62
2023-05-25,16.52
2023-05-26,12.39
2023-05-27,4.13
2023-05-28,3.54
2023-05-29,3.54
2023-05-30,13.57
2023-05-31,13.57
2023-06-01,42.32
2023-06-02,45.080000000000005
2023-06-03,16.560000000000002
2023-06-04,11.96
2023-06-05,35.88
2023-06-06,34.5
2023-06-07,37.72
2023-06-08,36.34
2023-06-09,34.96
2023-06-10,10.12
2023-06-11,8.74
2023-06-12,38.64
2023-06-13,42.32
2023-06-14,41.86
2023-06-15,31.74
2023-06-16,36.34
2023-06-17,14.72
2023-06-18,10.12
2023-06-19,14.26
2023-06-20,35.42
2023-06-21,33.120000000000005
2023-06-22,35.42
2023-06-23,39.56
2023-06-24,13.8
2023-06-25,6.9
2023-06-26,32.660000000000004
2023-06-27,32.2
2023-06-28,39.1
2023-06-29,46.0
2023-06-30,46.0
2023-07-01,7.539999999999999
2023-07-02,5.22
2023-07-03,15.079999999999998
2023-07-04,5.8
2023-07-05,16.24
2023-07-06,14.499999999999998
2023-07-07,16.24
2023-07-08,5.8
2023-07-09,4.64
2023-07-10,15.659999999999998
2023-07-11,19.14
2023-07-12,21.46
2023-07-13,27.84
2023-07-14,57.99999999999999
2023-07-15,12.76
2023-07-16,7.539999999999999
2023-07-17,22.62
2023-07-18,23.2
2023-07-19,22.04
2023-07-20,19.72
2023-07-21,20.3
2023-07-22,7.539999999999999
2023-07-23,5.22
2023-07-24,20.88
2023-07-25,19.14
2023-07-26,18.56
2023-07-27,17.98
2023-07-28,19.14
2023-07-29,5.22
2023-07-30,3.4799999999999995
2023-07-31,19.14
2023-08-01,26.73
2023-08-02,24.42
2023-08-03,21.45
2023-08-04,19.14
2023-08-05,8.25
2023-08-06,2.31
2023-08-07,25.08
2023-08-08,33.0
2023-08-09,27.39
2023-08-10,28.380000000000003
2023-08-11,18.48
2023-08-12,9.9
2023-08-13,8.58
2023-08-14,23.1
2023-08-15,29.37
2023-08-16,31.020000000000003
2023-08-17,23.76
2023-08-18,23.1
2023-08-19,8.25
2023-08-20,5.28
2023-08-21,26.73
2023-08-22,30.69
2023-08-23,24.09
2023-08-24,23.43
2023-08-25,22.77
2023-08-26,6.2700000000000005
2023-08-27,5.94
2023-08-28,22.11
2023-08-29,26.73
2023-08-30,21.78
2023-08-31,23.1
2023-09-01,17.7
2023-09-02,6.3
2023-09-03,5.4
2023-09-04,6.6
2023-09-05,18.9
2023-09-06,20.7
2023-09-07,21.3
2023-09-08,22.2
2023-09-09,9.0
2023-09-10,3.9
2023-09-11,20.4
2023-09-12,24.3
2023-09-13,21.3
2023-09-14,22.5
2023-09-15,22.2
2023-09-16,6.6
2023-09-17,5.4
2023-09-18,19.8
2023-09-19,20.1
2023-09-20,23.1
2023-09-21,20.4
2023-09-22,20.1
2023-09-23,9.6
2023-09-24,5.7
2023-09-25,16.2
2023-09-26,20.4
2023-09-27,23.4
2023-09-28,30.0
2023-09-29,15.0
2023-09-30,8.1
2023-10-01,6.58
2023-10-02,20.21
2023-10-03,21.62
2023-10-04,16.919999999999998
2023-10-05,16.919999999999998
2023-10-06,19.27
2023-10-07,10.81
2023-10-08,5.64
2023-10-09,15.98
2023-10-10,17.39
2023-10-11,21.15
2023-10-12,17.86
2023-10-13,47.0
2023-10-14,11.28
2023-10-15,6.109999999999999
2023-10-16,22.56
2023-10-17,24.91
2023-10-18,23.97
2023-10-19,17.86
2023-10-20,16.45
2023-10-21,6.58
2023-10-22,4.23
2023-10-23,15.51
2023-10-24,20.68
2023-10-25,20.68
2023-10-26,20.21
2023-10-27,35.72
2023-10-28,11.75
2023-10-29,7.05
2023-10-30,22.56
2023-10-31,18.8
2023-11-01,33.48
2023-11-02,30.96
2023-11-03,29.52
2023-11-04,11.52
2023-11-05,7.56
2023-11-06,30.96
2023-11-07,25.92
2023-11-08,28.08
2023-11-09,27.72
2023-11-10,24.48
2023-11-11,9.36
2023-11-12,9.0
2023-11-13,22.32
2023-11-14,31.32
2023-11-15,34.2
2023-11-16,29.88
2023-11-17,28.8
2023-11-18,11.16
2023-11-19,6.48
2023-11-20,29.52
2023-11-21,30.24
2023-11-22,24.12
2023-11-23,6.12
2023-11-24,15.84
2023-11-25,5.04
2023-11-26,11.16
2023-11-27,20.16
2023-11-28,29.88
2023-11-29,25.2
2023-11-30,36.0
2023-12-01,21.06
2023-12-02,12.09
2023-12-03,7.800000000000001
2023-12-04,26.91
2023-12-05,26.130000000000003
2023-12-06,28.86
2023-12-07,26.91
2023-12-08,24.57
2023-12-09,10.92
2023-12-10,8.19
2023-12-11,30.03
2023-12-12,34.32
2023-12-13,31.98
2023-12-14,39.0
2023-12-15,37.44
2023-12-16,13.65
2023-12-17,6.63
2023-12-18,31.98
2023-12-19,36.27
2023-12-20,30.42
2023-12-21,33.93
2023-12-22,27.69
2023-12-23,10.14
2023-12-24,6.63
2023-12-25,4.68
2023-12-26,25.35
2023-12-27,26.130000000000003
2023-12-28,28.08
2023-12-29,23.79
2023-12-30,10.92
2023-12-31,7.41
