date,NKE
2013-01-01,4.3
2013-01-02,3.9000000000000004
2013-01-03,8.5
2013-01-04,6.0
2013-01-05,0.0
2013-01-06,2.5
2013-01-07,8.0
2013-01-08,3.4000000000000004
2013-01-09,3.9000000000000004
2013-01-10,3.0
2013-01-11,10.0
2013-01-12,0.0
2013-01-13,3.2
2013-01-14,4.5
2013-01-15,2.9000000000000004
2013-01-16,6.1000000000000005
2013-01-17,5.5
2013-01-18,0.0
2013-01-19,3.8000000000000003
2013-01-20,3.7
2013-01-21,2.7
2013-01-22,2.8000000000000003
2013-01-23,3.1
2013-01-24,4.4
2013-01-25,2.6
2013-01-26,2.3000000000000003
2013-01-27,5.9
2013-01-28,5.2
2013-01-29,2.0
2013-01-30,2.7
2013-01-31,5.7
2013-02-01,8.0
2013-02-02,3.36
2013-02-03,0.0
2013-02-04,5.76
2013-02-05,4.08
2013-02-06,3.36
2013-02-07,5.6000000000000005
2013-02-08,4.72
2013-02-09,4.5600000000000005
2013-02-10,2.0
2013-02-11,6.88
2013-02-12,3.68
2013-02-13,2.48
2013-02-14,3.2
2013-02-15,1.76
2013-02-16,0.0
2013-02-17,3.2
2013-02-18,6.72
2013-02-19,6.640000000000001
2013-02-20,6.24
2013-02-21,3.36
2013-02-22,6.4
2013-02-23,4.88
2013-02-24,1.84
2013-02-25,3.36
2013-02-26,4.24
2013-02-27,4.88
2013-02-28,6.640000000000001
2013-03-01,2.53
2013-03-02,2.53
2013-03-03,0.0
2013-03-04,2.31
2013-03-05,0.0
2013-03-06,1.32
2013-03-07,0.77
2013-03-08,3.19
2013-03-09,1.21
2013-03-10,0.0
2013-03-11,1.43
2013-03-12,2.31
2013-03-13,2.31
2013-03-14,3.52
2013-03-15,3.63
2013-03-16,0.0
2013-03-17,0.0
2013-03-18,0.0
2013-03-19,2.75
2013-03-20,3.52
2013-03-21,4.4
2013-03-22,11.0
2013-03-23,2.53
2013-03-24,4.62
2013-03-25,3.3
2013-03-26,3.3
2013-03-27,2.31
2013-03-28,3.41
2013-03-29,1.65
2013-03-30,0.0
2013-03-31,1.98
2013-04-01,5.39
2013-04-02,2.97
2013-04-03,4.84
2013-04-04,11.0
2013-04-05,5.28
2013-04-06,6.05
2013-04-07,2.86
2013-04-08,5.5
2013-04-09,3.96
2013-04-10,4.4
2013-04-11,9.68
2013-04-12,9.790000000000001
2013-04-13,4.62
2013-04-14,0.0
2013-04-15,9.9
2013-04-16,4.84
2013-04-17,8.36
2013-04-18,4.95
2013-04-19,2.75
2013-04-20,0.0
2013-04-21,3.3
2013-04-22,9.02
2013-04-23,10.56
2013-04-24,7.7
2013-04-25,6.82
2013-04-26,2.42
2013-04-27,4.73
2013-04-28,0.0
2013-04-29,6.05
2013-04-30,7.15
2013-05-01,4.32
2013-05-02,2.88
2013-05-03,3.2399999999999998
2013-05-04,2.25
2013-05-05,1.89
2013-05-06,2.79
2013-05-07,6.12
2013-05-08,2.6999999999999997
2013-05-09,3.42
2013-05-10,2.52
2013-05-11,0.0
2013-05-12,0.0
2013-05-13,2.07
2013-05-14,3.33
2013-05-15,5.49
2013-05-16,3.06
2013-05-17,3.8699999999999997
2013-05-18,3.42
2013-05-19,2.88
2013-05-20,2.25
2013-05-21,4.32
2013-05-22,3.2399999999999998
2013-05-23,5.31
2013-05-24,9.0
2013-05-25,0.0
2013-05-26,3.5999999999999996
2013-05-27,0.0
2013-05-28,5.67
2013-05-29,0.0
2013-05-30,5.58
2013-05-31,1.53
2013-06-01,1.6199999999999999
2013-06-02,0.0
2013-06-03,1.26
2013-06-04,4.5
2013-06-05,2.34
2013-06-06,6.12
2013-06-07,4.68
2013-06-08,0.0
2013-06-09,0.0
2013-06-10,0.0
2013-06-11,3.8699999999999997
2013-06-12,1.3499999999999999
2013-06-13,0.0
2013-06-14,0.0
2013-06-15,2.61
2013-06-16,1.17
2013-06-17,9.0
2013-06-18,1.89
2013-06-19,2.16
2013-06-20,0.0
2013-06-21,1.89
2013-06-22,1.44
2013-06-23,1.89
2013-06-24,2.88
2013-06-25,4.95
2013-06-26,3.69
2013-06-27,7.56
2013-06-28,7.38
2013-06-29,2.9699999999999998
2013-06-30,0.0
2013-07-01,3.1500000000000004
2013-07-02,0.0
2013-07-03,2.8000000000000003
2013-07-04,2.0300000000000002
2013-07-05,0.0
2013-07-06,2.87
2013-07-07,0.0
2013-07-08,0.0
2013-07-09,4.0600000000000005
2013-07-10,5.460000000000001
2013-07-11,2.5900000000000003
2013-07-12,1.9600000000000002
2013-07-13,1.9600000000000002
2013-07-14,4.48
2013-07-15,2.1
2013-07-16,5.880000000000001
2013-07-17,1.4000000000000001
2013-07-18,0.0
2013-07-19,5.460000000000001
2013-07-20,2.66
2013-07-21,4.48
2013-07-22,4.48
2013-07-23,4.130000000000001
2013-07-24,2.24
2013-07-25,3.2900000000000005
2013-07-26,3.8500000000000005
2013-07-27,0.0
2013-07-28,0.0
2013-07-29,1.4700000000000002
2013-07-30,4.9
2013-07-31,7.000000000000001
2013-08-01,6.8
2013-08-02,3.52
2013-08-03,0.0
2013-08-04,5.68
2013-08-05,5.2
2013-08-06,5.92
2013-08-07,3.7600000000000002
2013-08-08,4.32
2013-08-09,2.56
2013-08-10,0.0
2013-08-11,0.0
2013-08-12,0.0
2013-08-13,5.44
2013-08-14,2.56
2013-08-15,6.96
2013-08-16,8.0
2013-08-17,4.32
2013-08-18,6.24
2013-08-19,2.4
2013-08-20,1.92
2013-08-21,7.12
2013-08-22,4.0
2013-08-23,5.04
2013-08-24,4.08
2013-08-25,7.6000000000000005
2013-08-26,2.56
2013-08-27,3.7600000000000002
2013-08-28,3.52
2013-08-29,4.4
2013-08-30,3.52
2013-08-31,4.72
2013-09-01,0.0
2013-09-02,2.99
2013-09-03,2.6
2013-09-04,1.69
2013-09-05,1.9500000000000002
2013-09-06,2.73
2013-09-07,1.56
2013-09-08,0.0
2013-09-09,1.82
2013-09-10,3.77
2013-09-11,1.3
2013-09-12,3.12
2013-09-13,2.99
2013-09-14,0.78
2013-09-15,1.3
2013-09-16,2.99
2013-09-17,5.07
2013-09-18,2.47
2013-09-19,4.8100000000000005
2013-09-20,2.8600000000000003
2013-09-21,1.04
2013-09-22,0.0
2013-09-23,4.03
2013-09-24,2.08
2013-09-25,2.8600000000000003
2013-09-26,13.0
2013-09-27,10.66
2013-09-28,4.94
2013-09-29,1.56
2013-09-30,2.99
2013-10-01,11.05
2013-10-02,4.29
2013-10-03,9.36
2013-10-04,9.620000000000001
2013-10-05,2.47
2013-10-06,2.47
2013-10-07,6.37
2013-10-08,7.54
2013-10-09,6.890000000000001
2013-10-10,11.31
2013-10-11,9.49
2013-10-12,0.0
2013-10-13,0.0
2013-10-14,6.63
2013-10-15,4.68
2013-10-16,7.800000000000001
2013-10-17,12.74
2013-10-18,7.15
2013-10-19,9.620000000000001
2013-10-20,4.16
2013-10-21,13.0
2013-10-22,10.27
2013-10-23,11.96
2013-10-24,5.33
2013-10-25,2.8600000000000003
2013-10-26,1.9500000000000002
2013-10-27,0.0
2013-10-28,7.0200000000000005
2013-10-29,5.2
2013-10-30,4.16
2013-10-31,3.5100000000000002
2013-11-01,12.0
2013-11-02,4.8
2013-11-03,0.0
2013-11-04,6.12
2013-11-05,8.4
2013-11-06,8.879999999999999
2013-11-07,7.319999999999999
2013-11-08,6.96
2013-11-09,5.52
2013-11-10,5.3999999999999995
2013-11-11,8.52
2013-11-12,9.6
2013-11-13,6.24
2013-11-14,7.08
2013-11-15,9.719999999999999
2013-11-16,4.4399999999999995
2013-11-17,1.92
2013-11-18,9.6
2013-11-19,2.76
2013-11-20,4.92
2013-11-21,6.4799999999999995
2013-11-22,8.879999999999999
2013-11-23,2.4
2013-11-24,5.76
2013-11-25,6.84
2013-11-26,7.319999999999999
2013-11-27,3.48
2013-11-28,11.4
2013-11-29,8.879999999999999
2013-11-30,4.56
2013-12-01,4.2
2013-12-02,3.5999999999999996
2013-12-03,5.279999999999999
2013-12-04,1.56
2013-12-05,5.52
2013-12-06,5.76
2013-12-07,0.0
2013-12-08,0.0
2013-12-09,8.04
2013-12-10,2.76
2013-12-11,3.0
2013-12-12,0.0
2013-12-13,7.4399999999999995
2013-12-14,2.88
2013-12-15,3.7199999999999998
2013-12-16,3.36
2013-12-17,3.0
2013-12-18,4.4399999999999995
2013-12-19,12.0
2013-12-20,10.799999999999999
2013-12-21,6.24
2013-12-22,5.52
2013-12-23,6.359999999999999
2013-12-24,4.92
2013-12-25,0.0
2013-12-26,6.24
2013-12-27,4.68
2013-12-28,6.0
2013-12-29,1.7999999999999998
2013-12-30,4.4399999999999995
2013-12-31,1.7999999999999998
2014-01-01,2.79
2014-01-02,5.85
2014-01-03,8.549999999999999
2014-01-04,2.25
2014-01-05,2.52
2014-01-06,6.029999999999999
2014-01-07,5.04
2014-01-08,5.04
2014-01-09,6.66
2014-01-10,5.31
2014-01-11,9.0
2014-01-12,0.0
2014-01-13,5.85
2014-01-14,5.3999999999999995
2014-01-15,6.39
2014-01-16,2.88
2014-01-17,4.59
2014-01-18,3.42
2014-01-19,2.79
2014-01-20,3.69
2014-01-21,4.5
2014-01-22,8.37
2014-01-23,5.04
2014-01-24,0.0
2014-01-25,2.9699999999999998
2014-01-26,2.52
2014-01-27,4.2299999999999995
2014-01-28,5.13
2014-01-29,7.83
2014-01-30,2.4299999999999997
2014-01-31,3.51
2014-02-01,4.2
2014-02-02,6.12
2014-02-03,6.6
2014-02-04,5.64
2014-02-05,8.52
2014-02-06,6.6
2014-02-07,9.719999999999999
2014-02-08,0.0
2014-02-09,5.279999999999999
2014-02-10,4.56
2014-02-11,2.76
2014-02-12,5.16
2014-02-13,4.32
2014-02-14,7.68
2014-02-15,7.08
2014-02-16,4.32
2014-02-17,5.3999999999999995
2014-02-18,7.199999999999999
2014-02-19,6.0
2014-02-20,2.04
2014-02-21,12.0
2014-02-22,2.6399999999999997
2014-02-23,4.2
2014-02-24,8.04
2014-02-25,6.359999999999999
2014-02-26,7.56
2014-02-27,6.96
2014-02-28,7.56
2014-03-01,3.5999999999999996
2014-03-02,4.05
2014-03-03,4.05
2014-03-04,7.05
2014-03-05,4.2
2014-03-06,5.55
2014-03-07,6.75
2014-03-08,5.55
2014-03-09,9.45
2014-03-10,5.25
2014-03-11,3.4499999999999997
2014-03-12,4.35
2014-03-13,7.5
2014-03-14,5.7
2014-03-15,5.85
2014-03-16,0.0
2014-03-17,4.95
2014-03-18,2.4
2014-03-19,6.3
2014-03-20,15.0
2014-03-21,14.549999999999999
2014-03-22,0.0
2014-03-23,3.3
2014-03-24,6.45
2014-03-25,11.25
2014-03-26,7.35
2014-03-27,5.25
2014-03-28,7.199999999999999
2014-03-29,0.0
2014-03-30,2.55
2014-03-31,8.7
2014-04-01,4.8
2014-04-02,12.0
2014-04-03,9.48
2014-04-04,3.96
2014-04-05,0.0
2014-04-06,5.52
2014-04-07,6.72
2014-04-08,8.52
2014-04-09,5.64
2014-04-10,11.52
2014-04-11,9.84
2014-04-12,2.88
2014-04-13,3.48
2014-04-14,8.4
2014-04-15,10.799999999999999
2014-04-16,8.16
2014-04-17,11.639999999999999
2014-04-18,3.7199999999999998
2014-04-19,0.0
2014-04-20,7.92
2014-04-21,7.56
2014-04-22,5.52
2014-04-23,5.52
2014-04-24,8.76
2014-04-25,5.279999999999999
2014-04-26,3.7199999999999998
2014-04-27,5.04
2014-04-28,7.199999999999999
2014-04-29,8.76
2014-04-30,10.44
2014-05-01,10.559999999999999
2014-05-02,3.7199999999999998
2014-05-03,0.0
2014-05-04,2.88
2014-05-05,10.68
2014-05-06,12.0
2014-05-07,5.279999999999999
2014-05-08,6.4799999999999995
2014-05-09,5.88
2014-05-10,3.12
2014-05-11,4.56
2014-05-12,4.32
2014-05-13,11.16
2014-05-14,10.2
2014-05-15,7.199999999999999
2014-05-16,8.64
2014-05-17,6.72
2014-05-18,0.0
2014-05-19,7.199999999999999
2014-05-20,9.6
2014-05-21,10.44
2014-05-22,10.08
2014-05-23,8.52
2014-05-24,5.04
2014-05-25,4.32
2014-05-26,6.72
2014-05-27,8.76
2014-05-28,5.04
2014-05-29,6.359999999999999
2014-05-30,0.0
2014-05-31,2.52
2014-06-01,2.5
2014-06-02,1.6
2014-06-03,1.7000000000000002
2014-06-04,4.6000000000000005
2014-06-05,3.8000000000000003
2014-06-06,4.2
2014-06-07,0.0
2014-06-08,3.0
2014-06-09,2.6
2014-06-10,2.6
2014-06-11,3.2
2014-06-12,3.7
2014-06-13,4.0
2014-06-14,3.6
2014-06-15,0.0
2014-06-16,0.0
2014-06-17,1.6
2014-06-18,3.9000000000000004
2014-06-19,4.800000000000001
2014-06-20,0.0
2014-06-21,8.200000000000001
2014-06-22,2.8000000000000003
2014-06-23,6.800000000000001
2014-06-24,0.0
2014-06-25,4.2
2014-06-26,9.9
2014-06-27,10.0
2014-06-28,3.1
2014-06-29,0.0
2014-06-30,4.1000000000000005
2014-07-01,6.300000000000001
2014-07-02,1.8
2014-07-03,6.0
2014-07-04,3.3000000000000003
2014-07-05,0.0
2014-07-06,0.0
2014-07-07,2.3000000000000003
2014-07-08,4.5
2014-07-09,2.3000000000000003
2014-07-10,4.6000000000000005
2014-07-11,0.0
2014-07-12,0.0
2014-07-13,3.2
2014-07-14,4.4
2014-07-15,3.5
2014-07-16,4.800000000000001
2014-07-17,6.9
2014-07-18,3.9000000000000004
2014-07-19,2.8000000000000003
2014-07-20,0.0
2014-07-21,1.4000000000000001
2014-07-22,6.2
2014-07-23,4.9
2014-07-24,4.800000000000001
2014-07-25,5.9
2014-07-26,0.0
2014-07-27,5.6000000000000005
2014-07-28,4.5
2014-07-29,3.1
2014-07-30,10.0
2014-07-31,2.2
2014-08-01,0.0
2014-08-02,0.0
2014-08-03,5.67
2014-08-04,0.0
2014-08-05,3.42
2014-08-06,4.2299999999999995
2014-08-07,5.13
2014-08-08,4.2299999999999995
2014-08-09,3.33
2014-08-10,3.33
2014-08-11,0.0
2014-08-12,0.0
2014-08-13,4.2299999999999995
2014-08-14,6.029999999999999
2014-08-15,3.42
2014-08-16,4.2299999999999995
2014-08-17,2.4299999999999997
2014-08-18,0.0
2014-08-19,2.34
2014-08-20,2.79
2014-08-21,0.0
2014-08-22,9.0
2014-08-23,0.0
2014-08-24,1.53
2014-08-25,2.16
2014-08-26,4.95
2014-08-27,4.05
2014-08-28,4.32
2014-08-29,3.8699999999999997
2014-08-30,3.69
2014-08-31,2.4299999999999997
2014-09-01,1.8200000000000003
2014-09-02,0.0
2014-09-03,2.3800000000000003
2014-09-04,1.9600000000000002
2014-09-05,2.5200000000000005
2014-09-06,0.8400000000000001
2014-09-07,0.9800000000000001
2014-09-08,1.54
2014-09-09,2.5200000000000005
2014-09-10,2.66
2014-09-11,3.6400000000000006
2014-09-12,1.9600000000000002
2014-09-13,0.9800000000000001
2014-09-14,1.2600000000000002
2014-09-15,3.5000000000000004
2014-09-16,2.8000000000000003
2014-09-17,3.5000000000000004
2014-09-18,2.24
2014-09-19,1.6800000000000002
2014-09-20,2.8000000000000003
2014-09-21,2.66
2014-09-22,0.56
2014-09-23,1.2600000000000002
2014-09-24,1.8200000000000003
2014-09-25,5.180000000000001
2014-09-26,14.000000000000002
2014-09-27,3.22
2014-09-28,1.6800000000000002
2014-09-29,4.48
2014-09-30,1.8200000000000003
2014-10-01,14.85
2014-10-02,10.5
2014-10-03,8.549999999999999
2014-10-04,0.0
2014-10-05,0.0
2014-10-06,4.2
2014-10-07,6.3
2014-10-08,6.1499999999999995
2014-10-09,8.85
2014-10-10,6.0
2014-10-11,5.7
2014-10-12,5.1
2014-10-13,8.85
2014-10-14,6.8999999999999995
2014-10-15,8.85
2014-10-16,7.949999999999999
2014-10-17,8.549999999999999
2014-10-18,8.25
2014-10-19,9.15
2014-10-20,7.05
2014-10-21,9.299999999999999
2014-10-22,11.7
2014-10-23,8.7
2014-10-24,7.6499999999999995
2014-10-25,0.0
2014-10-26,6.1499999999999995
2014-10-27,4.95
2014-10-28,10.799999999999999
2014-10-29,13.799999999999999
2014-10-30,8.7
2014-10-31,15.0
2014-11-01,0.0
2014-11-02,4.8100000000000005
2014-11-03,7.15
2014-11-04,7.54
2014-11-05,4.55
2014-11-06,10.790000000000001
2014-11-07,1.82
2014-11-08,4.94
2014-11-09,3.12
2014-11-10,8.19
2014-11-11,6.37
2014-11-12,6.63
2014-11-13,8.97
2014-11-14,6.890000000000001
2014-11-15,1.9500000000000002
2014-11-16,0.0
2014-11-17,5.98
2014-11-18,7.41
2014-11-19,13.0
2014-11-20,5.2
2014-11-21,4.8100000000000005
2014-11-22,9.620000000000001
2014-11-23,2.21
2014-11-24,8.06
2014-11-25,5.720000000000001
2014-11-26,9.620000000000001
2014-11-27,7.15
2014-11-28,4.94
2014-11-29,4.03
2014-11-30,8.58
2014-12-01,10.049999999999999
2014-12-02,7.05
2014-12-03,3.75
2014-12-04,4.8
2014-12-05,7.949999999999999
2014-12-06,8.25
2014-12-07,4.35
2014-12-08,6.75
2014-12-09,1.7999999999999998
2014-12-10,8.549999999999999
2014-12-11,8.7
2014-12-12,2.1
2014-12-13,4.95
2014-12-14,0.0
2014-12-15,8.85
2014-12-16,6.75
2014-12-17,8.549999999999999
2014-12-18,13.799999999999999
2014-12-19,15.0
2014-12-20,5.7
2014-12-21,4.5
2014-12-22,7.5
2014-12-23,8.549999999999999
2014-12-24,2.25
2014-12-25,4.5
2014-12-26,6.8999999999999995
2014-12-27,2.85
2014-12-28,4.95
2014-12-29,3.9
2014-12-30,2.85
2014-12-31,5.1
2015-01-01,0.0
2015-01-02,10.0
2015-01-03,0.0
2015-01-04,3.5
2015-01-05,6.9
2015-01-06,4.9
2015-01-07,7.6000000000000005
2015-01-08,3.7
2015-01-09,4.1000000000000005
2015-01-10,3.4000000000000004
2015-01-11,0.0
2015-01-12,4.2
2015-01-13,7.300000000000001
2015-01-14,4.0
2015-01-15,6.1000000000000005
2015-01-16,5.2
2015-01-17,3.4000000000000004
2015-01-18,1.9000000000000001
2015-01-19,0.0
2015-01-20,2.4000000000000004
2015-01-21,4.5
2015-01-22,8.6
2015-01-23,6.5
2015-01-24,5.2
2015-01-25,4.3
2015-01-26,6.4
2015-01-27,8.4
2015-01-28,0.0
2015-01-29,3.3000000000000003
2015-01-30,3.8000000000000003
2015-01-31,2.1
2015-02-01,9.0
2015-02-02,6.12
2015-02-03,8.879999999999999
2015-02-04,2.6399999999999997
2015-02-05,3.0
2015-02-06,9.719999999999999
2015-02-07,3.5999999999999996
2015-02-08,3.12
2015-02-09,0.0
2015-02-10,5.88
2015-02-11,5.88
2015-02-12,5.52
2015-02-13,12.0
2015-02-14,11.879999999999999
2015-02-15,0.0
2015-02-16,3.12
2015-02-17,6.84
2015-02-18,9.84
2015-02-19,4.8
2015-02-20,5.04
2015-02-21,9.12
2015-02-22,5.88
2015-02-23,6.96
2015-02-24,0.0
2015-02-25,10.44
2015-02-26,7.199999999999999
2015-02-27,9.24
2015-02-28,2.16
2015-03-01,2.5200000000000005
2015-03-02,0.0
2015-03-03,5.180000000000001
2015-03-04,7.420000000000001
2015-03-05,4.760000000000001
2015-03-06,6.44
2015-03-07,2.24
2015-03-08,0.0
2015-03-09,8.540000000000001
2015-03-10,3.22
2015-03-11,2.3800000000000003
2015-03-12,2.8000000000000003
2015-03-13,5.040000000000001
2015-03-14,0.0
2015-03-15,1.6800000000000002
2015-03-16,6.0200000000000005
2015-03-17,5.460000000000001
2015-03-18,5.180000000000001
2015-03-19,10.500000000000002
2015-03-20,14.000000000000002
2015-03-21,2.8000000000000003
2015-03-22,2.24
2015-03-23,4.0600000000000005
2015-03-24,8.260000000000002
2015-03-25,8.82
2015-03-26,5.460000000000001
2015-03-27,7.5600000000000005
2015-03-28,3.3600000000000003
2015-03-29,1.6800000000000002
2015-03-30,6.300000000000001
2015-03-31,5.180000000000001
2015-04-01,7.140000000000001
2015-04-02,6.300000000000001
2015-04-03,7.98
2015-04-04,6.16
2015-04-05,1.9600000000000002
2015-04-06,14.000000000000002
2015-04-07,8.96
2015-04-08,6.580000000000001
2015-04-09,5.460000000000001
2015-04-10,7.420000000000001
2015-04-11,5.6000000000000005
2015-04-12,0.0
2015-04-13,7.98
2015-04-14,5.6000000000000005
2015-04-15,6.86
2015-04-16,7.000000000000001
2015-04-17,9.38
2015-04-18,2.1
2015-04-19,4.62
2015-04-20,8.540000000000001
2015-04-21,4.48
2015-04-22,1.9600000000000002
2015-04-23,10.780000000000001
2015-04-24,7.5600000000000005
2015-04-25,6.16
2015-04-26,5.32
2015-04-27,7.700000000000001
2015-04-28,2.3800000000000003
2015-04-29,6.0200000000000005
2015-04-30,4.9
2015-05-01,6.720000000000001
2015-05-02,4.2
2015-05-03,3.3600000000000003
2015-05-04,14.000000000000002
2015-05-05,7.000000000000001
2015-05-06,11.620000000000001
2015-05-07,7.5600000000000005
2015-05-08,7.5600000000000005
2015-05-09,0.0
2015-05-10,2.1
2015-05-11,4.62
2015-05-12,4.62
2015-05-13,7.000000000000001
2015-05-14,13.160000000000002
2015-05-15,8.540000000000001
2015-05-16,0.0
2015-05-17,4.9
2015-05-18,6.720000000000001
2015-05-19,9.100000000000001
2015-05-20,4.760000000000001
2015-05-21,6.720000000000001
2015-05-22,6.0200000000000005
2015-05-23,0.0
2015-05-24,5.180000000000001
2015-05-25,4.48
2015-05-26,5.880000000000001
2015-05-27,6.16
2015-05-28,6.300000000000001
2015-05-29,7.98
2015-05-30,0.0
2015-05-31,5.74
2015-06-01,3.84
2015-06-02,3.68
2015-06-03,3.04
2015-06-04,2.72
2015-06-05,1.76
2015-06-06,1.76
2015-06-07,2.24
2015-06-08,1.92
2015-06-09,5.44
2015-06-10,4.48
2015-06-11,5.12
2015-06-12,1.76
2015-06-13,3.52
2015-06-14,0.0
2015-06-15,3.52
2015-06-16,1.12
2015-06-17,1.92
2015-06-18,3.36
2015-06-19,2.08
2015-06-20,1.92
2015-06-21,0.0
2015-06-22,2.88
2015-06-23,0.96
2015-06-24,4.48
2015-06-25,11.52
2015-06-26,16.0
2015-06-27,4.96
2015-06-28,2.72
2015-06-29,6.4
2015-06-30,6.24
2015-07-01,10.080000000000002
2015-07-02,5.460000000000001
2015-07-03,0.0
2015-07-04,0.0
2015-07-05,6.16
2015-07-06,8.680000000000001
2015-07-07,10.920000000000002
2015-07-08,9.66
2015-07-09,3.5000000000000004
2015-07-10,8.4
2015-07-11,5.460000000000001
2015-07-12,0.0
2015-07-13,9.66
2015-07-14,14.000000000000002
2015-07-15,6.44
2015-07-16,7.420000000000001
2015-07-17,11.48
2015-07-18,4.9
2015-07-19,9.940000000000001
2015-07-20,6.44
2015-07-21,9.38
2015-07-22,10.22
2015-07-23,7.98
2015-07-24,11.48
2015-07-25,7.420000000000001
2015-07-26,2.9400000000000004
2015-07-27,10.360000000000001
2015-07-28,5.6000000000000005
2015-07-29,8.82
2015-07-30,4.0600000000000005
2015-07-31,0.0
2015-08-01,4.35
2015-08-02,3.3
2015-08-03,6.3
2015-08-04,4.2
2015-08-05,1.65
2015-08-06,7.5
2015-08-07,7.05
2015-08-08,4.5
2015-08-09,2.4
2015-08-10,8.7
2015-08-11,5.1
2015-08-12,3.15
2015-08-13,7.199999999999999
2015-08-14,3.9
2015-08-15,7.6499999999999995
2015-08-16,3.75
2015-08-17,3.15
2015-08-18,4.6499999999999995
2015-08-19,4.8
2015-08-20,9.0
2015-08-21,3.5999999999999996
2015-08-22,0.0
2015-08-23,3.0
2015-08-24,9.75
2015-08-25,5.3999999999999995
2015-08-26,15.0
2015-08-27,10.5
2015-08-28,7.5
2015-08-29,6.1499999999999995
2015-08-30,0.0
2015-08-31,7.6499999999999995
2015-09-01,1.87
2015-09-02,2.5500000000000003
2015-09-03,4.25
2015-09-04,4.760000000000001
2015-09-05,0.0
2015-09-06,1.87
2015-09-07,2.04
2015-09-08,3.2300000000000004
2015-09-09,3.06
2015-09-10,2.5500000000000003
2015-09-11,2.3800000000000003
2015-09-12,2.21
2015-09-13,2.89
2015-09-14,4.42
2015-09-15,4.42
2015-09-16,3.4000000000000004
2015-09-17,3.4000000000000004
2015-09-18,3.5700000000000003
2015-09-19,0.0
2015-09-20,0.8500000000000001
2015-09-21,2.89
2015-09-22,3.06
2015-09-23,3.2300000000000004
2015-09-24,12.750000000000002
2015-09-25,17.0
2015-09-26,4.590000000000001
2015-09-27,2.04
2015-09-28,4.930000000000001
2015-09-29,3.4000000000000004
2015-09-30,4.930000000000001
2015-10-01,8.17
2015-10-02,6.46
2015-10-03,5.13
2015-10-04,3.99
2015-10-05,8.36
2015-10-06,11.78
2015-10-07,9.120000000000001
2015-10-08,10.64
2015-10-09,13.49
2015-10-10,4.18
2015-10-11,0.0
2015-10-12,7.79
2015-10-13,5.32
2015-10-14,8.36
2015-10-15,6.65
2015-10-16,10.26
2015-10-17,2.47
2015-10-18,3.23
2015-10-19,19.0
2015-10-20,17.67
2015-10-21,11.78
2015-10-22,15.2
2015-10-23,11.97
2015-10-24,5.7
2015-10-25,0.0
2015-10-26,11.02
2015-10-27,7.41
2015-10-28,11.21
2015-10-29,10.26
2015-10-30,8.55
2015-10-31,5.32
2015-11-01,1.47
2015-11-02,4.83
2015-11-03,7.9799999999999995
2015-11-04,8.61
2015-11-05,5.46
2015-11-06,9.03
2015-11-07,4.41
2015-11-08,1.47
2015-11-09,5.25
2015-11-10,9.45
2015-11-11,6.51
2015-11-12,7.56
2015-11-13,12.809999999999999
2015-11-14,5.46
2015-11-15,3.57
2015-11-16,6.51
2015-11-17,8.61
2015-11-18,8.61
2015-11-19,15.12
2015-11-20,21.0
2015-11-21,1.47
2015-11-22,4.62
2015-11-23,10.08
2015-11-24,8.4
2015-11-25,7.77
2015-11-26,2.1
2015-11-27,6.72
2015-11-28,2.94
2015-11-29,3.9899999999999998
2015-11-30,9.87
2015-12-01,6.0
2015-12-02,8.4
2015-12-03,7.5
2015-12-04,10.799999999999999
2015-12-05,4.2
2015-12-06,3.3
2015-12-07,8.4
2015-12-08,14.1
2015-12-09,5.1
2015-12-10,7.199999999999999
2015-12-11,8.4
2015-12-12,3.9
2015-12-13,0.0
2015-12-14,10.5
2015-12-15,6.3
2015-12-16,5.7
2015-12-17,9.299999999999999
2015-12-18,7.5
2015-12-19,9.0
2015-12-20,3.0
2015-12-21,10.5
2015-12-22,30.0
2015-12-23,24.599999999999998
2015-12-24,28.799999999999997
2015-12-25,6.3
2015-12-26,6.0
2015-12-27,1.7999999999999998
2015-12-28,10.799999999999999
2015-12-29,10.799999999999999
2015-12-30,7.5
2015-12-31,10.799999999999999
2016-01-01,9.36
2016-01-02,9.88
2016-01-03,11.700000000000001
2016-01-04,22.880000000000003
2016-01-05,26.0
2016-01-06,21.060000000000002
2016-01-07,13.780000000000001
2016-01-08,14.82
2016-01-09,8.84
2016-01-10,9.1
2016-01-11,14.3
2016-01-12,13.780000000000001
2016-01-13,15.34
2016-01-14,18.46
2016-01-15,18.2
2016-01-16,9.1
2016-01-17,4.42
2016-01-18,8.32
2016-01-19,19.240000000000002
2016-01-20,21.32
2016-01-21,25.740000000000002
2016-01-22,14.040000000000001
2016-01-23,9.36
2016-01-24,4.16
2016-01-25,8.06
2016-01-26,17.68
2016-01-27,17.16
2016-01-28,19.5
2016-01-29,21.580000000000002
2016-01-30,7.54
2016-01-31,5.98
2016-02-01,7.92
2016-02-02,12.0
2016-02-03,13.44
2016-02-04,16.56
2016-02-05,18.48
2016-02-06,4.56
2016-02-07,7.92
2016-02-08,18.48
2016-02-09,14.639999999999999
2016-02-10,10.799999999999999
2016-02-11,21.36
2016-02-12,18.48
2016-02-13,8.879999999999999
2016-02-14,8.4
2016-02-15,7.92
2016-02-16,14.639999999999999
2016-02-17,22.56
2016-02-18,18.72
2016-02-19,19.919999999999998
2016-02-20,4.32
2016-02-21,0.0
2016-02-22,13.44
2016-02-23,17.52
2016-02-24,12.24
2016-02-25,16.8
2016-02-26,24.0
2016-02-27,8.64
2016-02-28,3.12
2016-02-29,13.2
2016-03-01,9.1
2016-03-02,6.3
2016-03-03,9.1
2016-03-04,6.3
2016-03-05,1.4
2016-03-06,3.8499999999999996
2016-03-07,8.399999999999999
2016-03-08,7.35
2016-03-09,4.8999999999999995
2016-03-10,7.35
2016-03-11,5.6
2016-03-12,5.25
2016-03-13,0.0
2016-03-14,6.3
2016-03-15,7.35
2016-03-16,8.75
2016-03-17,12.25
2016-03-18,10.85
2016-03-19,1.75
2016-03-20,0.0
2016-03-21,13.299999999999999
2016-03-22,32.55
2016-03-23,35.0
2016-03-24,16.45
2016-03-25,5.949999999999999
2016-03-26,2.4499999999999997
2016-03-27,3.8499999999999996
2016-03-28,9.45
2016-03-29,11.549999999999999
2016-03-30,7.699999999999999
2016-03-31,8.399999999999999
2016-04-01,22.62
2016-04-02,5.46
2016-04-03,7.54
2016-04-04,21.32
2016-04-05,16.12
2016-04-06,22.880000000000003
2016-04-07,19.76
2016-04-08,23.66
2016-04-09,5.720000000000001
2016-04-10,5.2
2016-04-11,18.2
2016-04-12,26.0
2016-04-13,20.8
2016-04-14,16.64
2016-04-15,15.08
2016-04-16,7.800000000000001
2016-04-17,0.0
2016-04-18,14.3
2016-04-19,13.26
2016-04-20,17.68
2016-04-21,17.68
2016-04-22,20.54
2016-04-23,5.46
2016-04-24,6.5
2016-04-25,17.94
2016-04-26,18.46
2016-04-27,14.82
2016-04-28,16.38
2016-04-29,20.28
2016-04-30,0.0
2016-05-01,2.52
2016-05-02,11.549999999999999
2016-05-03,14.28
2016-05-04,7.9799999999999995
2016-05-05,15.75
2016-05-06,14.7
2016-05-07,7.77
2016-05-08,6.3
2016-05-09,14.07
2016-05-10,12.6
2016-05-11,18.9
2016-05-12,13.44
2016-05-13,21.0
2016-05-14,2.73
2016-05-15,6.51
2016-05-16,13.44
2016-05-17,11.76
2016-05-18,12.809999999999999
2016-05-19,20.16
2016-05-20,11.76
2016-05-21,5.25
2016-05-22,6.3
2016-05-23,6.93
2016-05-24,12.6
2016-05-25,19.32
2016-05-26,11.969999999999999
2016-05-27,14.07
2016-05-28,1.89
2016-05-29,3.78
2016-05-30,6.72
2016-05-31,20.58
2016-06-01,12.9
2016-06-02,7.199999999999999
2016-06-03,3.9
2016-06-04,5.1
2016-06-05,1.7999999999999998
2016-06-06,6.6
2016-06-07,8.1
2016-06-08,6.0
2016-06-09,5.1
2016-06-10,6.8999999999999995
2016-06-11,4.2
2016-06-12,5.3999999999999995
2016-06-13,4.5
2016-06-14,7.199999999999999
2016-06-15,7.199999999999999
2016-06-16,6.3
2016-06-17,6.0
2016-06-18,2.6999999999999997
2016-06-19,0.0
2016-06-20,7.199999999999999
2016-06-21,5.3999999999999995
2016-06-22,5.3999999999999995
2016-06-23,6.6
2016-06-24,12.6
2016-06-25,2.4
2016-06-26,3.5999999999999996
2016-06-27,9.299999999999999
2016-06-28,30.0
2016-06-29,27.599999999999998
2016-06-30,10.2
2016-07-01,18.0
2016-07-02,2.34
2016-07-03,4.859999999999999
2016-07-04,0.0
2016-07-05,13.32
2016-07-06,11.7
2016-07-07,11.34
2016-07-08,13.68
2016-07-09,2.34
2016-07-10,6.12
2016-07-11,8.459999999999999
2016-07-12,13.32
2016-07-13,9.18
2016-07-14,9.18
2016-07-15,17.28
2016-07-16,0.0
2016-07-17,3.06
2016-07-18,7.739999999999999
2016-07-19,12.959999999999999
2016-07-20,10.98
2016-07-21,9.54
2016-07-22,9.36
2016-07-23,4.859999999999999
2016-07-24,5.04
2016-07-25,4.14
2016-07-26,9.54
2016-07-27,12.6
2016-07-28,14.04
2016-07-29,8.82
2016-07-30,5.76
2016-07-31,3.42
2016-08-01,7.82
2016-08-02,15.64
2016-08-03,11.73
2016-08-04,17.0
2016-08-05,14.96
2016-08-06,9.520000000000001
2016-08-07,3.06
2016-08-08,13.090000000000002
2016-08-09,10.88
2016-08-10,7.140000000000001
2016-08-11,6.630000000000001
2016-08-12,9.350000000000001
2016-08-13,4.42
2016-08-14,7.82
2016-08-15,11.22
2016-08-16,4.760000000000001
2016-08-17,3.5700000000000003
2016-08-18,15.13
2016-08-19,15.64
2016-08-20,5.2700000000000005
2016-08-21,0.0
2016-08-22,11.56
2016-08-23,9.690000000000001
2016-08-24,13.600000000000001
2016-08-25,6.460000000000001
2016-08-26,4.42
2016-08-27,0.0
2016-08-28,3.2300000000000004
2016-08-29,13.430000000000001
2016-08-30,4.590000000000001
2016-08-31,8.5
2016-09-01,2.0700000000000003
2016-09-02,3.68
2016-09-03,2.99
2016-09-04,1.61
2016-09-05,2.7600000000000002
2016-09-06,5.5200000000000005
2016-09-07,6.21
2016-09-08,3.68
2016-09-09,5.0600000000000005
2016-09-10,2.0700000000000003
2016-09-11,1.3800000000000001
2016-09-12,3.91
2016-09-13,5.29
2016-09-14,4.37
2016-09-15,1.84
2016-09-16,3.22
2016-09-17,2.7600000000000002
2016-09-18,3.45
2016-09-19,3.68
2016-09-20,2.99
2016-09-21,5.29
2016-09-22,9.43
2016-09-23,5.5200000000000005
2016-09-24,1.61
2016-09-25,1.84
2016-09-26,6.67
2016-09-27,23.0
2016-09-28,17.02
2016-09-29,10.58
2016-09-30,7.36
2016-10-01,3.5999999999999996
2016-10-02,3.2399999999999998
2016-10-03,9.36
2016-10-04,13.86
2016-10-05,12.24
2016-10-06,10.44
2016-10-07,13.139999999999999
2016-10-08,5.76
2016-10-09,3.5999999999999996
2016-10-10,9.54
2016-10-11,13.68
2016-10-12,12.78
2016-10-13,13.139999999999999
2016-10-14,9.18
2016-10-15,3.2399999999999998
2016-10-16,1.7999999999999998
2016-10-17,14.219999999999999
2016-10-18,12.059999999999999
2016-10-19,9.54
2016-10-20,11.16
2016-10-21,11.7
2016-10-22,4.5
2016-10-23,4.5
2016-10-24,12.6
2016-10-25,18.0
2016-10-26,13.5
2016-10-27,5.3999999999999995
2016-10-28,11.16
2016-10-29,0.0
2016-10-30,2.16
2016-10-31,9.36
2016-11-01,20.0
2016-11-02,13.200000000000001
2016-11-03,10.4
2016-11-04,12.8
2016-11-05,3.6
2016-11-06,2.8000000000000003
2016-11-07,12.4
2016-11-08,11.0
2016-11-09,16.6
2016-11-10,11.8
2016-11-11,7.4
2016-11-12,7.4
2016-11-13,5.800000000000001
2016-11-14,9.8
2016-11-15,10.200000000000001
2016-11-16,12.600000000000001
2016-11-17,16.0
2016-11-18,18.2
2016-11-19,5.2
2016-11-20,9.8
2016-11-21,12.8
2016-11-22,17.6
2016-11-23,13.600000000000001
2016-11-24,8.200000000000001
2016-11-25,11.200000000000001
2016-11-26,10.0
2016-11-27,3.4000000000000004
2016-11-28,14.4
2016-11-29,14.200000000000001
2016-11-30,8.200000000000001
2016-12-01,7.5600000000000005
2016-12-02,6.210000000000001
2016-12-03,3.24
2016-12-04,2.43
2016-12-05,4.86
2016-12-06,7.290000000000001
2016-12-07,7.5600000000000005
2016-12-08,8.370000000000001
2016-12-09,7.0200000000000005
2016-12-10,2.43
2016-12-11,0.0
2016-12-12,4.32
2016-12-13,4.86
2016-12-14,4.86
2016-12-15,5.130000000000001
2016-12-16,6.48
2016-12-17,3.7800000000000002
2016-12-18,2.43
2016-12-19,8.370000000000001
2016-12-20,25.380000000000003
2016-12-21,27.0
2016-12-22,10.260000000000002
2016-12-23,8.100000000000001
2016-12-24,1.08
2016-12-25,1.08
2016-12-26,3.5100000000000002
2016-12-27,5.67
2016-12-28,6.48
2016-12-29,2.97
2016-12-30,5.4
2016-12-31,3.7800000000000002
2017-01-01,2.6999999999999997
2017-01-02,6.84
2017-01-03,16.56
2017-01-04,16.02
2017-01-05,16.02
2017-01-06,14.04
2017-01-07,4.32
2017-01-08,5.58
2017-01-09,14.399999999999999
2017-01-10,12.78
2017-01-11,18.0
2017-01-12,11.34
2017-01-13,8.1
2017-01-14,7.92
2017-01-15,0.0
2017-01-16,9.36
2017-01-17,6.3
2017-01-18,16.38
2017-01-19,13.139999999999999
2017-01-20,15.299999999999999
2017-01-21,6.3
2017-01-22,4.14
2017-01-23,8.28
2017-01-24,12.24
2017-01-25,16.02
2017-01-26,15.479999999999999
2017-01-27,12.24
2017-01-28,6.12
2017-01-29,8.64
2017-01-30,11.16
2017-01-31,16.56
2017-02-01,17.64
2017-02-02,16.59
2017-02-03,8.4
2017-02-04,8.61
2017-02-05,4.62
2017-02-06,18.689999999999998
2017-02-07,17.22
2017-02-08,12.6
2017-02-09,19.11
2017-02-10,15.33
2017-02-11,10.29
2017-02-12,5.25
2017-02-13,12.18
2017-02-14,16.59
2017-02-15,13.02
2017-02-16,19.74
2017-02-17,14.49
2017-02-18,6.3
2017-02-19,3.15
2017-02-20,2.73
2017-02-21,11.129999999999999
2017-02-22,16.59
2017-02-23,14.07
2017-02-24,7.77
2017-02-25,11.34
2017-02-26,7.77
2017-02-27,21.0
2017-02-28,11.969999999999999
2017-03-01,6.75
2017-03-02,5.5
2017-03-03,9.25
2017-03-04,2.5
2017-03-05,1.75
2017-03-06,6.0
2017-03-07,6.0
2017-03-08,5.0
2017-03-09,6.75
2017-03-10,5.5
2017-03-11,3.25
2017-03-12,2.0
2017-03-13,4.5
2017-03-14,7.25
2017-03-15,9.75
2017-03-16,4.0
2017-03-17,7.25
2017-03-18,2.25
2017-03-19,1.0
2017-03-20,7.5
2017-03-21,22.75
2017-03-22,25.0
2017-03-23,14.25
2017-03-24,9.25
2017-03-25,2.0
2017-03-26,3.0
2017-03-27,6.25
2017-03-28,6.5
2017-03-29,3.75
2017-03-30,9.0
2017-03-31,5.25
2017-04-01,0.0
2017-04-02,9.0
2017-04-03,9.9
2017-04-04,11.25
2017-04-05,13.5
2017-04-06,10.95
2017-04-07,9.75
2017-04-08,6.0
2017-04-09,4.35
2017-04-10,15.0
2017-04-11,13.2
2017-04-12,9.15
2017-04-13,7.199999999999999
2017-04-14,6.75
2017-04-15,4.2
2017-04-16,3.3
2017-04-17,10.35
2017-04-18,9.15
2017-04-19,12.6
2017-04-20,13.049999999999999
2017-04-21,9.15
2017-04-22,3.5999999999999996
2017-04-23,7.05
2017-04-24,6.6
2017-04-25,7.5
2017-04-26,13.95
2017-04-27,6.45
2017-04-28,6.8999999999999995
2017-04-29,1.65
2017-04-30,6.8999999999999995
2017-05-01,7.949999999999999
2017-05-02,5.3999999999999995
2017-05-03,9.299999999999999
2017-05-04,7.05
2017-05-05,8.85
2017-05-06,7.949999999999999
2017-05-07,1.65
2017-05-08,10.049999999999999
2017-05-09,10.65
2017-05-10,2.55
2017-05-11,5.55
2017-05-12,6.8999999999999995
2017-05-13,5.55
2017-05-14,0.0
2017-05-15,7.8
2017-05-16,15.0
2017-05-17,8.7
2017-05-18,7.949999999999999
2017-05-19,8.25
2017-05-20,3.5999999999999996
2017-05-21,1.65
2017-05-22,10.049999999999999
2017-05-23,6.45
2017-05-24,7.6499999999999995
2017-05-25,5.1
2017-05-26,5.85
2017-05-27,3.15
2017-05-28,4.5
2017-05-29,4.2
2017-05-30,4.6499999999999995
2017-05-31,9.6
2017-06-01,3.74
2017-06-02,3.08
2017-06-03,0.88
2017-06-04,1.32
2017-06-05,2.86
2017-06-06,1.76
2017-06-07,3.08
2017-06-08,3.3
2017-06-09,3.3
2017-06-10,1.76
2017-06-11,2.42
2017-06-12,3.52
2017-06-13,3.74
2017-06-14,3.74
2017-06-15,6.6
2017-06-16,5.06
2017-06-17,2.42
2017-06-18,1.98
2017-06-19,2.42
2017-06-20,4.4
2017-06-21,4.84
2017-06-22,3.96
2017-06-23,3.74
2017-06-24,2.64
2017-06-25,0.66
2017-06-26,3.52
2017-06-27,3.52
2017-06-28,5.94
2017-06-29,16.06
2017-06-30,22.0
2017-07-01,6.08
2017-07-02,1.6
2017-07-03,16.0
2017-07-04,9.28
2017-07-05,15.040000000000001
2017-07-06,8.32
2017-07-07,8.48
2017-07-08,1.92
2017-07-09,0.0
2017-07-10,9.44
2017-07-11,9.44
2017-07-12,8.0
2017-07-13,6.4
2017-07-14,6.72
2017-07-15,0.0
2017-07-16,9.120000000000001
2017-07-17,7.04
2017-07-18,8.0
2017-07-19,6.08
2017-07-20,11.52
2017-07-21,10.56
2017-07-22,2.24
2017-07-23,2.72
2017-07-24,7.5200000000000005
2017-07-25,5.28
2017-07-26,12.64
2017-07-27,8.0
2017-07-28,6.72
2017-07-29,3.68
2017-07-30,1.6
2017-07-31,4.32
2017-08-01,6.45
2017-08-02,8.549999999999999
2017-08-03,5.3999999999999995
2017-08-04,7.5
2017-08-05,3.3
2017-08-06,0.0
2017-08-07,6.8999999999999995
2017-08-08,5.1
2017-08-09,7.05
2017-08-10,3.75
2017-08-11,2.4
2017-08-12,2.1
2017-08-13,2.1
2017-08-14,7.6499999999999995
2017-08-15,7.35
2017-08-16,4.05
2017-08-17,6.1499999999999995
2017-08-18,14.25
2017-08-19,4.5
2017-08-20,3.9
2017-08-21,15.0
2017-08-22,9.299999999999999
2017-08-23,7.6499999999999995
2017-08-24,7.5
2017-08-25,7.949999999999999
2017-08-26,2.4
2017-08-27,0.0
2017-08-28,3.15
2017-08-29,8.85
2017-08-30,12.6
2017-08-31,8.4
2017-09-01,4.590000000000001
2017-09-02,2.04
2017-09-03,1.02
2017-09-04,1.53
2017-09-05,4.25
2017-09-06,2.5500000000000003
2017-09-07,2.89
2017-09-08,3.06
2017-09-09,1.02
2017-09-10,1.02
2017-09-11,2.89
2017-09-12,2.72
2017-09-13,5.61
2017-09-14,3.06
2017-09-15,3.74
2017-09-16,1.87
2017-09-17,1.53
2017-09-18,3.2300000000000004
2017-09-19,3.4000000000000004
2017-09-20,3.06
2017-09-21,3.74
2017-09-22,3.5700000000000003
2017-09-23,3.2300000000000004
2017-09-24,1.7000000000000002
2017-09-25,2.5500000000000003
2017-09-26,14.790000000000001
2017-09-27,17.0
2017-09-28,8.5
2017-09-29,4.08
2017-09-30,0.8500000000000001
2017-10-01,6.970000000000001
2017-10-02,10.540000000000001
2017-10-03,9.01
2017-10-04,10.88
2017-10-05,8.84
2017-10-06,2.5500000000000003
2017-10-07,3.91
2017-10-08,5.44
2017-10-09,4.760000000000001
2017-10-10,2.89
2017-10-11,9.860000000000001
2017-10-12,10.88
2017-10-13,11.73
2017-10-14,2.3800000000000003
2017-10-15,0.0
2017-10-16,4.930000000000001
2017-10-17,12.07
2017-10-18,9.520000000000001
2017-10-19,8.67
2017-10-20,6.800000000000001
2017-10-21,0.0
2017-10-22,0.0
2017-10-23,11.56
2017-10-24,8.5
2017-10-25,14.110000000000001
2017-10-26,17.0
2017-10-27,8.5
2017-10-28,4.25
2017-10-29,4.930000000000001
2017-10-30,6.460000000000001
2017-10-31,12.58
2017-11-01,12.9
2017-11-02,15.0
2017-11-03,7.5
2017-11-04,5.7
2017-11-05,3.75
2017-11-06,7.8
2017-11-07,8.549999999999999
2017-11-08,14.85
2017-11-09,8.4
2017-11-10,7.949999999999999
2017-11-11,8.7
2017-11-12,2.85
2017-11-13,11.7
2017-11-14,10.049999999999999
2017-11-15,8.1
2017-11-16,11.85
2017-11-17,11.7
2017-11-18,5.1
2017-11-19,5.7
2017-11-20,11.85
2017-11-21,14.549999999999999
2017-11-22,9.45
2017-11-23,6.6
2017-11-24,8.7
2017-11-25,15.0
2017-11-26,8.25
2017-11-27,10.5
2017-11-28,10.2
2017-11-29,6.75
2017-11-30,11.4
2017-12-01,6.12
2017-12-02,1.87
2017-12-03,2.72
2017-12-04,4.25
2017-12-05,4.08
2017-12-06,2.72
2017-12-07,5.2700000000000005
2017-12-08,2.21
2017-12-09,3.74
2017-12-10,1.87
2017-12-11,3.74
2017-12-12,6.29
2017-12-13,5.2700000000000005
2017-12-14,3.06
2017-12-15,5.1000000000000005
2017-12-16,2.21
2017-12-17,2.89
2017-12-18,7.140000000000001
2017-12-19,4.760000000000001
2017-12-20,5.1000000000000005
2017-12-21,17.0
2017-12-22,14.280000000000001
2017-12-23,1.7000000000000002
2017-12-24,1.7000000000000002
2017-12-25,2.04
2017-12-26,3.91
2017-12-27,5.61
2017-12-28,3.74
2017-12-29,5.1000000000000005
2017-12-30,1.53
2017-12-31,3.06
2018-01-01,5.33
2018-01-02,9.23
2018-01-03,8.450000000000001
2018-01-04,7.0200000000000005
2018-01-05,10.790000000000001
2018-01-06,6.37
2018-01-07,1.9500000000000002
2018-01-08,6.5
2018-01-09,4.16
2018-01-10,1.69
2018-01-11,5.720000000000001
2018-01-12,8.58
2018-01-13,4.29
2018-01-14,2.34
2018-01-15,1.69
2018-01-16,3.9000000000000004
2018-01-17,6.63
2018-01-18,8.06
2018-01-19,13.0
2018-01-20,9.75
2018-01-21,3.38
2018-01-22,5.720000000000001
2018-01-23,10.14
2018-01-24,5.2
2018-01-25,6.11
2018-01-26,11.57
2018-01-27,3.5100000000000002
2018-01-28,2.47
2018-01-29,3.9000000000000004
2018-01-30,9.88
2018-01-31,10.530000000000001
2018-02-01,3.9200000000000004
2018-02-02,6.86
2018-02-03,2.5200000000000005
2018-02-04,3.3600000000000003
2018-02-05,6.44
2018-02-06,14.000000000000002
2018-02-07,9.24
2018-02-08,8.680000000000001
2018-02-09,6.720000000000001
2018-02-10,3.3600000000000003
2018-02-11,2.66
2018-02-12,11.340000000000002
2018-02-13,6.86
2018-02-14,4.0600000000000005
2018-02-15,9.24
2018-02-16,9.100000000000001
2018-02-17,5.180000000000001
2018-02-18,1.2600000000000002
2018-02-19,2.24
2018-02-20,7.98
2018-02-21,7.98
2018-02-22,5.6000000000000005
2018-02-23,7.000000000000001
2018-02-24,2.5200000000000005
2018-02-25,6.580000000000001
2018-02-26,8.120000000000001
2018-02-27,10.64
2018-02-28,11.200000000000001
2018-03-01,2.24
2018-03-02,5.12
2018-03-03,3.04
2018-03-04,0.8
2018-03-05,4.8
2018-03-06,1.12
2018-03-07,4.64
2018-03-08,3.04
2018-03-09,5.12
2018-03-10,2.08
2018-03-11,2.88
2018-03-12,4.0
2018-03-13,2.88
2018-03-14,3.2
2018-03-15,5.12
2018-03-16,8.0
2018-03-17,3.52
2018-03-18,0.96
2018-03-19,5.76
2018-03-20,2.88
2018-03-21,6.24
2018-03-22,16.0
2018-03-23,13.44
2018-03-24,2.56
2018-03-25,2.56
2018-03-26,5.76
2018-03-27,6.5600000000000005
2018-03-28,2.88
2018-03-29,6.24
2018-03-30,2.24
2018-03-31,1.28
2018-04-01,2.21
2018-04-02,6.11
2018-04-03,8.450000000000001
2018-04-04,13.0
2018-04-05,9.1
2018-04-06,7.41
2018-04-07,4.55
2018-04-08,1.82
2018-04-09,10.14
2018-04-10,6.63
2018-04-11,3.38
2018-04-12,6.63
2018-04-13,8.06
2018-04-14,2.21
2018-04-15,4.42
2018-04-16,6.11
2018-04-17,3.9000000000000004
2018-04-18,10.66
2018-04-19,4.68
2018-04-20,5.2
2018-04-21,4.03
2018-04-22,4.03
2018-04-23,8.97
2018-04-24,6.37
2018-04-25,5.33
2018-04-26,7.41
2018-04-27,8.58
2018-04-28,2.8600000000000003
2018-04-29,3.64
2018-04-30,8.32
2018-05-01,9.15
2018-05-02,15.0
2018-05-03,9.45
2018-05-04,8.85
2018-05-05,3.0
2018-05-06,5.25
2018-05-07,11.4
2018-05-08,9.299999999999999
2018-05-09,8.25
2018-05-10,10.95
2018-05-11,9.45
2018-05-12,6.45
2018-05-13,3.5999999999999996
2018-05-14,8.549999999999999
2018-05-15,12.299999999999999
2018-05-16,11.549999999999999
2018-05-17,6.45
2018-05-18,8.4
2018-05-19,0.0
2018-05-20,0.0
2018-05-21,6.6
2018-05-22,8.4
2018-05-23,9.299999999999999
2018-05-24,10.2
2018-05-25,8.25
2018-05-26,3.0
2018-05-27,2.4
2018-05-28,5.7
2018-05-29,8.549999999999999
2018-05-30,8.549999999999999
2018-05-31,9.0
2018-06-01,1.08
2018-06-02,1.44
2018-06-03,1.08
2018-06-04,1.7999999999999998
2018-06-05,1.7999999999999998
2018-06-06,2.52
2018-06-07,2.88
2018-06-08,2.52
2018-06-09,1.26
2018-06-10,1.08
2018-06-11,0.8999999999999999
2018-06-12,2.34
2018-06-13,1.6199999999999999
2018-06-14,3.06
2018-06-15,0.0
2018-06-16,0.54
2018-06-17,0.8999999999999999
2018-06-18,1.6199999999999999
2018-06-19,2.88
2018-06-20,2.52
2018-06-21,1.98
2018-06-22,1.08
2018-06-23,1.6199999999999999
2018-06-24,1.08
2018-06-25,2.88
2018-06-26,2.88
2018-06-27,1.98
2018-06-28,13.139999999999999
2018-06-29,18.0
2018-06-30,2.52
2018-07-01,7.41
2018-07-02,13.0
2018-07-03,6.890000000000001
2018-07-04,0.0
2018-07-05,10.92
2018-07-06,5.2
2018-07-07,8.84
2018-07-08,8.450000000000001
2018-07-09,7.54
2018-07-10,11.57
2018-07-11,5.46
2018-07-12,5.8500000000000005
2018-07-13,6.63
2018-07-14,5.720000000000001
2018-07-15,2.21
2018-07-16,7.15
2018-07-17,4.03
2018-07-18,6.890000000000001
2018-07-19,7.930000000000001
2018-07-20,8.19
2018-07-21,1.69
2018-07-22,3.38
2018-07-23,6.24
2018-07-24,9.620000000000001
2018-07-25,3.9000000000000004
2018-07-26,4.68
2018-07-27,5.8500000000000005
2018-07-28,5.720000000000001
2018-07-29,4.94
2018-07-30,8.19
2018-07-31,5.8500000000000005
2018-08-01,7.5600000000000005
2018-08-02,14.000000000000002
2018-08-03,10.500000000000002
2018-08-04,7.700000000000001
2018-08-05,1.54
2018-08-06,9.100000000000001
2018-08-07,11.48
2018-08-08,7.000000000000001
2018-08-09,8.680000000000001
2018-08-10,12.040000000000001
2018-08-11,5.040000000000001
2018-08-12,2.66
2018-08-13,5.180000000000001
2018-08-14,7.840000000000001
2018-08-15,6.720000000000001
2018-08-16,5.180000000000001
2018-08-17,7.000000000000001
2018-08-18,2.24
2018-08-19,4.48
2018-08-20,12.180000000000001
2018-08-21,11.340000000000002
2018-08-22,11.340000000000002
2018-08-23,9.66
2018-08-24,9.100000000000001
2018-08-25,3.6400000000000006
2018-08-26,5.6000000000000005
2018-08-27,7.5600000000000005
2018-08-28,5.74
2018-08-29,11.200000000000001
2018-08-30,8.680000000000001
2018-08-31,9.24
2018-09-01,2.0
2018-09-02,3.0
2018-09-03,3.0
2018-09-04,87.0
2018-09-05,100.0
2018-09-06,52.0
2018-09-07,46.0
2018-09-08,18.0
2018-09-09,9.0
2018-09-10,21.0
2018-09-11,20.0
2018-09-12,14.0
2018-09-13,12.0
2018-09-14,15.0
2018-09-15,5.0
2018-09-16,3.0
2018-09-17,8.0
2018-09-18,12.0
2018-09-19,11.0
2018-09-20,11.0
2018-09-21,8.0
2018-09-22,7.0
2018-09-23,1.0
2018-09-24,12.0
2018-09-25,32.0
2018-09-26,30.0
2018-09-27,11.0
2018-09-28,10.0
2018-09-29,1.0
2018-09-30,3.0
2018-10-01,18.04
2018-10-02,16.72
2018-10-03,22.0
2018-10-04,12.540000000000001
2018-10-05,16.28
2018-10-06,5.94
2018-10-07,6.6
2018-10-08,13.86
2018-10-09,12.540000000000001
2018-10-10,16.94
2018-10-11,20.9
2018-10-12,18.26
2018-10-13,0.0
2018-10-14,0.0
2018-10-15,11.88
2018-10-16,16.94
2018-10-17,12.540000000000001
2018-10-18,9.46
2018-10-19,17.6
2018-10-20,4.18
2018-10-21,0.0
2018-10-22,9.02
2018-10-23,11.0
2018-10-24,10.78
2018-10-25,9.02
2018-10-26,12.98
2018-10-27,0.0
2018-10-28,3.52
2018-10-29,5.06
2018-10-30,11.66
2018-10-31,15.62
2018-11-01,16.0
2018-11-02,4.96
2018-11-03,2.56
2018-11-04,3.2
2018-11-05,9.28
2018-11-06,10.4
2018-11-07,5.6000000000000005
2018-11-08,8.8
2018-11-09,6.24
2018-11-10,3.2
2018-11-11,2.08
2018-11-12,4.64
2018-11-13,8.32
2018-11-14,10.72
2018-11-15,7.36
2018-11-16,10.4
2018-11-17,3.84
2018-11-18,5.28
2018-11-19,6.24
2018-11-20,5.92
2018-11-21,9.76
2018-11-22,4.8
2018-11-23,10.24
2018-11-24,6.08
2018-11-25,1.92
2018-11-26,6.88
2018-11-27,6.24
2018-11-28,9.28
2018-11-29,10.08
2018-11-30,4.96
2018-12-01,0.0
2018-12-02,1.68
2018-12-03,3.36
2018-12-04,3.36
2018-12-05,1.89
2018-12-06,4.83
2018-12-07,6.09
2018-12-08,0.84
2018-12-09,1.68
2018-12-10,3.36
2018-12-11,3.78
2018-12-12,5.04
2018-12-13,3.9899999999999998
2018-12-14,4.62
2018-12-15,2.73
2018-12-16,1.47
2018-12-17,3.78
2018-12-18,5.25
2018-12-19,3.57
2018-12-20,15.12
2018-12-21,21.0
2018-12-22,3.78
2018-12-23,2.1
2018-12-24,4.62
2018-12-25,0.84
2018-12-26,4.41
2018-12-27,3.78
2018-12-28,2.52
2018-12-29,1.68
2018-12-30,1.26
2018-12-31,2.94
2019-01-01,3.7800000000000002
2019-01-02,8.4
2019-01-03,7.280000000000001
2019-01-04,7.98
2019-01-05,4.2
2019-01-06,1.4000000000000001
2019-01-07,8.260000000000002
2019-01-08,5.460000000000001
2019-01-09,8.680000000000001
2019-01-10,11.760000000000002
2019-01-11,5.460000000000001
2019-01-12,3.08
2019-01-13,2.8000000000000003
2019-01-14,4.48
2019-01-15,9.520000000000001
2019-01-16,8.96
2019-01-17,5.880000000000001
2019-01-18,5.880000000000001
2019-01-19,2.3800000000000003
2019-01-20,0.0
2019-01-21,2.3800000000000003
2019-01-22,6.16
2019-01-23,8.260000000000002
2019-01-24,1.54
2019-01-25,7.5600000000000005
2019-01-26,4.760000000000001
2019-01-27,2.1
2019-01-28,14.000000000000002
2019-01-29,5.6000000000000005
2019-01-30,6.0200000000000005
2019-01-31,5.32
2019-02-01,1.98
2019-02-02,0.0
2019-02-03,0.66
2019-02-04,2.86
2019-02-05,2.2
2019-02-06,2.86
2019-02-07,2.86
2019-02-08,2.2
2019-02-09,1.54
2019-02-10,1.54
2019-02-11,2.42
2019-02-12,2.86
2019-02-13,3.08
2019-02-14,2.42
2019-02-15,3.52
2019-02-16,1.76
2019-02-17,0.44
2019-02-18,2.64
2019-02-19,2.42
2019-02-20,2.86
2019-02-21,22.0
2019-02-22,11.66
2019-02-23,3.3
2019-02-24,1.32
2019-02-25,3.74
2019-02-26,3.96
2019-02-27,3.08
2019-02-28,1.98
2019-03-01,5.0600000000000005
2019-03-02,4.140000000000001
2019-03-03,2.99
2019-03-04,4.83
2019-03-05,4.6000000000000005
2019-03-06,4.140000000000001
2019-03-07,5.0600000000000005
2019-03-08,3.68
2019-03-09,1.3800000000000001
2019-03-10,1.3800000000000001
2019-03-11,5.75
2019-03-12,4.6000000000000005
2019-03-13,3.68
2019-03-14,3.68
2019-03-15,6.67
2019-03-16,0.0
2019-03-17,0.0
2019-03-18,4.83
2019-03-19,6.67
2019-03-20,6.44
2019-03-21,23.0
2019-03-22,18.86
2019-03-23,2.7600000000000002
2019-03-24,3.22
2019-03-25,10.58
2019-03-26,11.96
2019-03-27,5.98
2019-03-28,5.5200000000000005
2019-03-29,5.0600000000000005
2019-03-30,1.3800000000000001
2019-03-31,2.3000000000000003
2019-04-01,7.140000000000001
2019-04-02,7.48
2019-04-03,15.81
2019-04-04,6.12
2019-04-05,15.64
2019-04-06,1.1900000000000002
2019-04-07,2.89
2019-04-08,12.750000000000002
2019-04-09,8.16
2019-04-10,8.84
2019-04-11,9.180000000000001
2019-04-12,7.3100000000000005
2019-04-13,4.760000000000001
2019-04-14,3.4000000000000004
2019-04-15,17.0
2019-04-16,10.030000000000001
2019-04-17,10.200000000000001
2019-04-18,8.67
2019-04-19,4.590000000000001
2019-04-20,2.72
2019-04-21,4.42
2019-04-22,6.12
2019-04-23,7.3100000000000005
2019-04-24,10.540000000000001
2019-04-25,6.970000000000001
2019-04-26,8.67
2019-04-27,4.25
2019-04-28,7.3100000000000005
2019-04-29,4.08
2019-04-30,6.12
2019-05-01,5.98
2019-05-02,7.28
2019-05-03,7.800000000000001
2019-05-04,0.0
2019-05-05,0.0
2019-05-06,10.66
2019-05-07,7.67
2019-05-08,8.06
2019-05-09,12.610000000000001
2019-05-10,10.01
2019-05-11,6.11
2019-05-12,1.9500000000000002
2019-05-13,10.14
2019-05-14,9.75
2019-05-15,9.23
2019-05-16,11.440000000000001
2019-05-17,7.28
2019-05-18,5.2
2019-05-19,3.77
2019-05-20,13.0
2019-05-21,8.19
2019-05-22,8.58
2019-05-23,9.1
2019-05-24,5.720000000000001
2019-05-25,4.55
2019-05-26,0.0
2019-05-27,1.69
2019-05-28,8.58
2019-05-29,8.06
2019-05-30,3.38
2019-05-31,7.930000000000001
2019-06-01,0.0
2019-06-02,1.05
2019-06-03,3.0
2019-06-04,3.75
2019-06-05,3.3
2019-06-06,3.4499999999999997
2019-06-07,3.5999999999999996
2019-06-08,1.7999999999999998
2019-06-09,1.2
2019-06-10,4.5
2019-06-11,2.1
2019-06-12,3.5999999999999996
2019-06-13,2.85
2019-06-14,3.15
2019-06-15,0.0
2019-06-16,0.0
2019-06-17,2.4
2019-06-18,2.25
2019-06-19,3.3
2019-06-20,3.3
2019-06-21,1.5
2019-06-22,1.2
2019-06-23,1.65
2019-06-24,4.05
2019-06-25,2.6999999999999997
2019-06-26,4.8
2019-06-27,14.7
2019-06-28,15.0
2019-06-29,2.1
2019-06-30,1.5
2019-07-01,6.5
2019-07-02,13.0
2019-07-03,13.0
2019-07-04,1.82
2019-07-05,3.5100000000000002
2019-07-06,1.04
2019-07-07,4.03
2019-07-08,5.46
2019-07-09,6.11
2019-07-10,5.2
2019-07-11,3.38
2019-07-12,4.8100000000000005
2019-07-13,2.08
2019-07-14,1.69
2019-07-15,6.24
2019-07-16,3.64
2019-07-17,6.11
2019-07-18,2.21
2019-07-19,5.8500000000000005
2019-07-20,3.5100000000000002
2019-07-21,3.5100000000000002
2019-07-22,7.15
2019-07-23,4.03
2019-07-24,3.12
2019-07-25,2.08
2019-07-26,2.99
2019-07-27,5.07
2019-07-28,0.0
2019-07-29,3.38
2019-07-30,3.77
2019-07-31,5.2
2019-08-01,7.0
2019-08-02,6.4
2019-08-03,3.3000000000000003
2019-08-04,0.0
2019-08-05,6.1000000000000005
2019-08-06,7.1000000000000005
2019-08-07,4.0
2019-08-08,7.6000000000000005
2019-08-09,6.1000000000000005
2019-08-10,0.0
2019-08-11,3.4000000000000004
2019-08-12,6.2
2019-08-13,3.9000000000000004
2019-08-14,6.2
2019-08-15,7.4
2019-08-16,6.6000000000000005
2019-08-17,2.1
2019-08-18,4.3
2019-08-19,3.3000000000000003
2019-08-20,6.800000000000001
2019-08-21,5.5
2019-08-22,7.1000000000000005
2019-08-23,10.0
2019-08-24,6.300000000000001
2019-08-25,1.9000000000000001
2019-08-26,5.6000000000000005
2019-08-27,7.0
2019-08-28,6.300000000000001
2019-08-29,5.1000000000000005
2019-08-30,5.1000000000000005
2019-08-31,4.7
2019-09-01,1.6
2019-09-02,0.96
2019-09-03,1.28
2019-09-04,3.36
2019-09-05,2.88
2019-09-06,4.48
2019-09-07,3.84
2019-09-08,0.96
2019-09-09,3.36
2019-09-10,3.52
2019-09-11,2.56
2019-09-12,3.2
2019-09-13,3.2
2019-09-14,0.96
2019-09-15,2.4
2019-09-16,3.04
2019-09-17,1.92
2019-09-18,2.24
2019-09-19,2.4
2019-09-20,5.76
2019-09-21,1.6
2019-09-22,0.64
2019-09-23,2.24
2019-09-24,12.0
2019-09-25,16.0
2019-09-26,4.32
2019-09-27,3.84
2019-09-28,1.92
2019-09-29,0.8
2019-09-30,2.4
2019-10-01,7.5
2019-10-02,12.75
2019-10-03,10.65
2019-10-04,7.6499999999999995
2019-10-05,7.199999999999999
2019-10-06,0.0
2019-10-07,6.45
2019-10-08,8.25
2019-10-09,6.0
2019-10-10,4.95
2019-10-11,9.6
2019-10-12,4.2
2019-10-13,0.0
2019-10-14,11.7
2019-10-15,13.049999999999999
2019-10-16,9.9
2019-10-17,6.8999999999999995
2019-10-18,6.0
2019-10-19,7.6499999999999995
2019-10-20,0.0
2019-10-21,6.6
2019-10-22,12.0
2019-10-23,13.65
2019-10-24,10.799999999999999
2019-10-25,13.799999999999999
2019-10-26,6.3
2019-10-27,1.95
2019-10-28,5.25
2019-10-29,11.85
2019-10-30,15.0
2019-10-31,6.0
2019-11-01,7.700000000000001
2019-11-02,7.700000000000001
2019-11-03,3.3600000000000003
2019-11-04,14.000000000000002
2019-11-05,10.080000000000002
2019-11-06,7.280000000000001
2019-11-07,10.360000000000001
2019-11-08,7.98
2019-11-09,3.3600000000000003
2019-11-10,5.040000000000001
2019-11-11,11.48
2019-11-12,3.5000000000000004
2019-11-13,12.740000000000002
2019-11-14,9.38
2019-11-15,11.9
2019-11-16,4.0600000000000005
2019-11-17,1.54
2019-11-18,10.500000000000002
2019-11-19,3.9200000000000004
2019-11-20,3.08
2019-11-21,6.300000000000001
2019-11-22,5.460000000000001
2019-11-23,1.6800000000000002
2019-11-24,2.8000000000000003
2019-11-25,8.680000000000001
2019-11-26,6.720000000000001
2019-11-27,8.120000000000001
2019-11-28,4.340000000000001
2019-11-29,7.000000000000001
2019-11-30,3.5000000000000004
2019-12-01,1.08
2019-12-02,3.42
2019-12-03,3.96
2019-12-04,2.6999999999999997
2019-12-05,3.06
2019-12-06,3.42
2019-12-07,1.6199999999999999
2019-12-08,1.08
2019-12-09,4.5
2019-12-10,2.6999999999999997
2019-12-11,3.78
2019-12-12,3.42
2019-12-13,3.06
2019-12-14,1.26
2019-12-15,1.08
2019-12-16,3.06
2019-12-17,4.68
2019-12-18,4.32
2019-12-19,18.0
2019-12-20,11.16
2019-12-21,1.44
2019-12-22,1.6199999999999999
2019-12-23,2.34
2019-12-24,2.52
2019-12-25,0.0
2019-12-26,3.5999999999999996
2019-12-27,2.88
2019-12-28,1.44
2019-12-29,1.7999999999999998
2019-12-30,1.6199999999999999
2019-12-31,0.72
2020-01-01,9.75
2020-01-02,9.88
2020-01-03,6.63
2020-01-04,5.33
2020-01-05,3.25
2020-01-06,4.68
2020-01-07,8.32
2020-01-08,6.63
2020-01-09,6.37
2020-01-10,12.610000000000001
2020-01-11,2.6
2020-01-12,1.4300000000000002
2020-01-13,5.2
2020-01-14,10.4
2020-01-15,7.28
2020-01-16,7.28
2020-01-17,6.37
2020-01-18,2.47
2020-01-19,2.34
2020-01-20,4.68
2020-01-21,6.63
2020-01-22,10.4
2020-01-23,6.76
2020-01-24,7.930000000000001
2020-01-25,4.16
2020-01-26,4.8100000000000005
2020-01-27,13.0
2020-01-28,6.76
2020-01-29,6.5
2020-01-30,8.19
2020-01-31,10.92
2020-02-01,7.84
2020-02-02,1.6
2020-02-03,13.120000000000001
2020-02-04,12.0
2020-02-05,14.24
2020-02-06,6.4
2020-02-07,9.28
2020-02-08,4.8
2020-02-09,4.32
2020-02-10,8.0
2020-02-11,8.96
2020-02-12,9.28
2020-02-13,10.4
2020-02-14,11.040000000000001
2020-02-15,5.44
2020-02-16,3.68
2020-02-17,5.44
2020-02-18,8.16
2020-02-19,8.48
2020-02-20,10.08
2020-02-21,5.12
2020-02-22,3.2
2020-02-23,7.36
2020-02-24,7.36
2020-02-25,6.24
2020-02-26,12.16
2020-02-27,11.84
2020-02-28,16.0
2020-02-29,2.72
2020-03-01,1.5
2020-03-02,8.25
2020-03-03,6.75
2020-03-04,5.75
2020-03-05,5.0
2020-03-06,6.5
2020-03-07,1.5
2020-03-08,2.25
2020-03-09,7.5
2020-03-10,7.0
2020-03-11,6.0
2020-03-12,13.0
2020-03-13,8.0
2020-03-14,4.25
2020-03-15,3.25
2020-03-16,8.25
2020-03-17,7.0
2020-03-18,7.75
2020-03-19,7.75
2020-03-20,8.0
2020-03-21,4.5
2020-03-22,3.25
2020-03-23,10.0
2020-03-24,22.75
2020-03-25,25.0
2020-03-26,14.5
2020-03-27,9.5
2020-03-28,2.75
2020-03-29,1.5
2020-03-30,5.0
2020-03-31,5.75
2020-04-01,12.0
2020-04-02,15.200000000000001
2020-04-03,12.64
2020-04-04,4.16
2020-04-05,6.08
2020-04-06,15.36
2020-04-07,11.84
2020-04-08,11.36
2020-04-09,12.96
2020-04-10,5.44
2020-04-11,1.76
2020-04-12,2.24
2020-04-13,9.120000000000001
2020-04-14,10.08
2020-04-15,8.96
2020-04-16,16.0
2020-04-17,11.84
2020-04-18,3.84
2020-04-19,0.0
2020-04-20,9.92
2020-04-21,8.8
2020-04-22,10.08
2020-04-23,6.5600000000000005
2020-04-24,4.96
2020-04-25,0.0
2020-04-26,5.28
2020-04-27,7.2
2020-04-28,7.84
2020-04-29,10.72
2020-04-30,9.76
2020-05-01,8.82
2020-05-02,3.22
2020-05-03,0.0
2020-05-04,10.22
2020-05-05,11.340000000000002
2020-05-06,8.540000000000001
2020-05-07,8.96
2020-05-08,6.0200000000000005
2020-05-09,7.98
2020-05-10,4.340000000000001
2020-05-11,8.120000000000001
2020-05-12,8.680000000000001
2020-05-13,7.840000000000001
2020-05-14,12.88
2020-05-15,10.22
2020-05-16,6.0200000000000005
2020-05-17,5.040000000000001
2020-05-18,13.160000000000002
2020-05-19,6.86
2020-05-20,6.580000000000001
2020-05-21,9.66
2020-05-22,12.88
2020-05-23,7.140000000000001
2020-05-24,3.6400000000000006
2020-05-25,2.3800000000000003
2020-05-26,10.080000000000002
2020-05-27,9.66
2020-05-28,14.000000000000002
2020-05-29,7.98
2020-05-30,1.6800000000000002
2020-05-31,2.3800000000000003
2020-06-01,4.75
2020-06-02,2.5
2020-06-03,5.5
2020-06-04,4.25
2020-06-05,5.0
2020-06-06,1.75
2020-06-07,0.0
2020-06-08,4.25
2020-06-09,4.75
2020-06-10,4.0
2020-06-11,5.75
2020-06-12,5.75
2020-06-13,1.5
2020-06-14,0.0
2020-06-15,3.5
2020-06-16,3.75
2020-06-17,5.5
2020-06-18,3.5
2020-06-19,3.75
2020-06-20,1.75
2020-06-21,2.5
2020-06-22,5.75
2020-06-23,5.75
2020-06-24,7.75
2020-06-25,23.25
2020-06-26,25.0
2020-06-27,4.75
2020-06-28,3.75
2020-06-29,6.75
2020-06-30,7.75
2020-07-01,8.260000000000002
2020-07-02,14.000000000000002
2020-07-03,6.16
2020-07-04,3.3600000000000003
2020-07-05,3.22
2020-07-06,6.580000000000001
2020-07-07,11.200000000000001
2020-07-08,6.580000000000001
2020-07-09,6.580000000000001
2020-07-10,6.300000000000001
2020-07-11,1.2600000000000002
2020-07-12,0.0
2020-07-13,11.200000000000001
2020-07-14,6.86
2020-07-15,7.420000000000001
2020-07-16,6.0200000000000005
2020-07-17,6.300000000000001
2020-07-18,3.9200000000000004
2020-07-19,3.5000000000000004
2020-07-20,7.280000000000001
2020-07-21,6.720000000000001
2020-07-22,11.06
2020-07-23,3.6400000000000006
2020-07-24,6.86
2020-07-25,4.0600000000000005
2020-07-26,2.1
2020-07-27,5.180000000000001
2020-07-28,9.940000000000001
2020-07-29,5.040000000000001
2020-07-30,10.080000000000002
2020-07-31,7.420000000000001
2020-08-01,3.3600000000000003
2020-08-02,1.6800000000000002
2020-08-03,0.0
2020-08-04,4.340000000000001
2020-08-05,6.720000000000001
2020-08-06,8.96
2020-08-07,7.000000000000001
2020-08-08,1.54
2020-08-09,4.340000000000001
2020-08-10,14.000000000000002
2020-08-11,9.38
2020-08-12,7.280000000000001
2020-08-13,6.86
2020-08-14,5.460000000000001
2020-08-15,1.9600000000000002
2020-08-16,2.24
2020-08-17,4.340000000000001
2020-08-18,4.760000000000001
2020-08-19,8.540000000000001
2020-08-20,9.38
2020-08-21,5.180000000000001
2020-08-22,3.9200000000000004
2020-08-23,1.6800000000000002
2020-08-24,7.840000000000001
2020-08-25,8.4
2020-08-26,8.540000000000001
2020-08-27,7.000000000000001
2020-08-28,4.0600000000000005
2020-08-29,2.66
2020-08-30,4.0600000000000005
2020-08-31,10.22
2020-09-01,5.279999999999999
2020-09-02,4.8
2020-09-03,3.5999999999999996
2020-09-04,5.279999999999999
2020-09-05,1.92
2020-09-06,1.92
2020-09-07,2.6399999999999997
2020-09-08,3.5999999999999996
2020-09-09,2.16
2020-09-10,2.6399999999999997
2020-09-11,4.8
2020-09-12,1.92
2020-09-13,1.68
2020-09-14,3.5999999999999996
2020-09-15,4.32
2020-09-16,3.36
2020-09-17,3.12
2020-09-18,3.84
2020-09-19,1.44
2020-09-20,2.6399999999999997
2020-09-21,4.56
2020-09-22,19.68
2020-09-23,24.0
2020-09-24,7.92
2020-09-25,4.8
2020-09-26,1.44
2020-09-27,3.12
2020-09-28,2.4
2020-09-29,6.24
2020-09-30,3.12
2020-10-01,7.68
2020-10-02,10.559999999999999
2020-10-03,0.0
2020-10-04,3.5999999999999996
2020-10-05,6.12
2020-10-06,10.559999999999999
2020-10-07,7.56
2020-10-08,11.28
2020-10-09,8.52
2020-10-10,0.0
2020-10-11,2.6399999999999997
2020-10-12,4.08
2020-10-13,11.639999999999999
2020-10-14,7.8
2020-10-15,7.08
2020-10-16,3.5999999999999996
2020-10-17,6.24
2020-10-18,1.44
2020-10-19,6.0
2020-10-20,8.52
2020-10-21,12.0
2020-10-22,9.12
2020-10-23,8.04
2020-10-24,5.88
2020-10-25,3.7199999999999998
2020-10-26,4.68
2020-10-27,8.16
2020-10-28,5.16
2020-10-29,3.96
2020-10-30,7.68
2020-10-31,1.7999999999999998
2020-11-01,2.04
2020-11-02,4.08
2020-11-03,5.52
2020-11-04,4.2
2020-11-05,4.68
2020-11-06,3.7199999999999998
2020-11-07,2.88
2020-11-08,4.4399999999999995
2020-11-09,9.719999999999999
2020-11-10,3.7199999999999998
2020-11-11,5.64
2020-11-12,7.68
2020-11-13,5.76
2020-11-14,2.6399999999999997
2020-11-15,2.52
2020-11-16,12.0
2020-11-17,5.88
2020-11-18,7.319999999999999
2020-11-19,8.52
2020-11-20,7.92
2020-11-21,3.84
2020-11-22,2.88
2020-11-23,7.08
2020-11-24,8.52
2020-11-25,6.6
2020-11-26,3.48
2020-11-27,6.359999999999999
2020-11-28,3.96
2020-11-29,4.08
2020-11-30,8.64
2020-12-01,2.6999999999999997
2020-12-02,2.6999999999999997
2020-12-03,4.5
2020-12-04,4.32
2020-12-05,1.44
2020-12-06,0.72
2020-12-07,4.5
2020-12-08,5.9399999999999995
2020-12-09,4.32
2020-12-10,2.88
2020-12-11,3.06
2020-12-12,0.8999999999999999
2020-12-13,1.44
2020-12-14,3.5999999999999996
2020-12-15,5.3999999999999995
2020-12-16,4.859999999999999
2020-12-17,6.12
2020-12-18,18.0
2020-12-19,9.18
2020-12-20,4.14
2020-12-21,14.219999999999999
2020-12-22,6.3
2020-12-23,6.4799999999999995
2020-12-24,3.06
2020-12-25,1.98
2020-12-26,0.72
2020-12-27,0.54
2020-12-28,3.5999999999999996
2020-12-29,1.98
2020-12-30,3.06
2020-12-31,3.42
2021-01-01,0.0
2021-01-02,3.84
2021-01-03,6.12
2021-01-04,7.8
2021-01-05,8.879999999999999
2021-01-06,8.04
2021-01-07,7.4399999999999995
2021-01-08,8.64
2021-01-09,4.32
2021-01-10,3.2399999999999998
2021-01-11,5.64
2021-01-12,5.04
2021-01-13,6.24
2021-01-14,8.52
2021-01-15,3.7199999999999998
2021-01-16,1.7999999999999998
2021-01-17,3.0
2021-01-18,3.7199999999999998
2021-01-19,5.279999999999999
2021-01-20,11.04
2021-01-21,8.4
2021-01-22,6.96
2021-01-23,6.359999999999999
2021-01-24,0.0
2021-01-25,10.44
2021-01-26,9.24
2021-01-27,10.92
2021-01-28,10.559999999999999
2021-01-29,12.0
2021-01-30,7.8
2021-01-31,6.359999999999999
2021-02-01,11.05
2021-02-02,12.35
2021-02-03,9.23
2021-02-04,11.05
2021-02-05,8.450000000000001
2021-02-06,7.800000000000001
2021-02-07,2.6
2021-02-08,12.870000000000001
2021-02-09,8.32
2021-02-10,10.92
2021-02-11,7.41
2021-02-12,7.67
2021-02-13,1.4300000000000002
2021-02-14,2.6
2021-02-15,5.8500000000000005
2021-02-16,6.24
2021-02-17,8.58
2021-02-18,10.92
2021-02-19,10.4
2021-02-20,3.5100000000000002
2021-02-21,1.69
2021-02-22,5.98
2021-02-23,9.1
2021-02-24,13.0
2021-02-25,12.48
2021-02-26,10.14
2021-02-27,1.69
2021-02-28,3.9000000000000004
2021-03-01,4.4
2021-03-02,5.0
2021-03-03,6.0
2021-03-04,5.4
2021-03-05,5.800000000000001
2021-03-06,5.4
2021-03-07,4.6000000000000005
2021-03-08,4.6000000000000005
2021-03-09,5.2
2021-03-10,5.800000000000001
2021-03-11,5.6000000000000005
2021-03-12,7.0
2021-03-13,3.6
2021-03-14,3.6
2021-03-15,7.2
2021-03-16,9.600000000000001
2021-03-17,10.8
2021-03-18,20.0
2021-03-19,18.0
2021-03-20,4.4
2021-03-21,4.0
2021-03-22,9.200000000000001
2021-03-23,7.0
2021-03-24,11.600000000000001
2021-03-25,18.2
2021-03-26,17.8
2021-03-27,5.0
2021-03-28,6.2
2021-03-29,13.600000000000001
2021-03-30,7.4
2021-03-31,12.4
2021-04-01,5.74
2021-04-02,3.6400000000000006
2021-04-03,2.24
2021-04-04,1.12
2021-04-05,6.44
2021-04-06,9.100000000000001
2021-04-07,6.720000000000001
2021-04-08,9.520000000000001
2021-04-09,4.62
2021-04-10,0.0
2021-04-11,4.48
2021-04-12,1.4000000000000001
2021-04-13,4.62
2021-04-14,9.38
2021-04-15,9.66
2021-04-16,4.9
2021-04-17,0.0
2021-04-18,1.12
2021-04-19,7.280000000000001
2021-04-20,14.000000000000002
2021-04-21,8.260000000000002
2021-04-22,8.120000000000001
2021-04-23,7.700000000000001
2021-04-24,2.3800000000000003
2021-04-25,0.0
2021-04-26,3.6400000000000006
2021-04-27,5.74
2021-04-28,3.22
2021-04-29,7.5600000000000005
2021-04-30,5.880000000000001
2021-05-01,1.65
2021-05-02,1.98
2021-05-03,5.83
2021-05-04,6.05
2021-05-05,2.2
2021-05-06,5.06
2021-05-07,11.0
2021-05-08,6.49
2021-05-09,4.73
2021-05-10,7.26
2021-05-11,4.73
2021-05-12,4.18
2021-05-13,3.96
2021-05-14,3.63
2021-05-15,2.09
2021-05-16,1.21
2021-05-17,4.07
2021-05-18,4.4
2021-05-19,1.65
2021-05-20,4.95
2021-05-21,3.74
2021-05-22,0.0
2021-05-23,1.1
2021-05-24,5.5
2021-05-25,4.51
2021-05-26,4.51
2021-05-27,4.07
2021-05-28,6.49
2021-05-29,2.97
2021-05-30,5.94
2021-05-31,1.21
2021-06-01,1.05
2021-06-02,0.84
2021-06-03,1.68
2021-06-04,1.47
2021-06-05,1.05
2021-06-06,0.0
2021-06-07,0.42
2021-06-08,1.89
2021-06-09,1.26
2021-06-10,1.05
2021-06-11,0.84
2021-06-12,0.63
2021-06-13,0.63
2021-06-14,1.47
2021-06-15,1.05
2021-06-16,2.1
2021-06-17,2.31
2021-06-18,1.89
2021-06-19,1.26
2021-06-20,0.84
2021-06-21,1.89
2021-06-22,1.68
2021-06-23,2.31
2021-06-24,9.24
2021-06-25,21.0
2021-06-26,2.52
2021-06-27,1.89
2021-06-28,4.2
2021-06-29,3.9899999999999998
2021-06-30,3.9899999999999998
2021-07-01,9.24
2021-07-02,14.000000000000002
2021-07-03,1.8200000000000003
2021-07-04,3.08
2021-07-05,2.9400000000000004
2021-07-06,8.680000000000001
2021-07-07,4.760000000000001
2021-07-08,6.720000000000001
2021-07-09,4.2
2021-07-10,2.24
2021-07-11,3.22
2021-07-12,6.86
2021-07-13,5.040000000000001
2021-07-14,6.300000000000001
2021-07-15,7.000000000000001
2021-07-16,2.1
2021-07-17,2.66
2021-07-18,0.8400000000000001
2021-07-19,5.180000000000001
2021-07-20,8.540000000000001
2021-07-21,4.760000000000001
2021-07-22,4.9
2021-07-23,5.460000000000001
2021-07-24,3.3600000000000003
2021-07-25,2.24
2021-07-26,4.0600000000000005
2021-07-27,5.32
2021-07-28,3.6400000000000006
2021-07-29,3.08
2021-07-30,4.62
2021-07-31,2.3800000000000003
2021-08-01,5.2
2021-08-02,8.58
2021-08-03,13.0
2021-08-04,7.15
2021-08-05,4.94
2021-08-06,9.23
2021-08-07,5.720000000000001
2021-08-08,5.720000000000001
2021-08-09,7.54
2021-08-10,4.16
2021-08-11,7.67
2021-08-12,5.98
2021-08-13,8.71
2021-08-14,4.42
2021-08-15,6.5
2021-08-16,8.58
2021-08-17,7.15
2021-08-18,9.1
2021-08-19,7.800000000000001
2021-08-20,10.790000000000001
2021-08-21,8.06
2021-08-22,0.0
2021-08-23,5.2
2021-08-24,5.33
2021-08-25,6.63
2021-08-26,7.67
2021-08-27,7.0200000000000005
2021-08-28,5.2
2021-08-29,0.0
2021-08-30,7.54
2021-08-31,5.46
2021-09-01,2.88
2021-09-02,2.88
2021-09-03,0.0
2021-09-04,0.0
2021-09-05,2.6999999999999997
2021-09-06,3.42
2021-09-07,3.5999999999999996
2021-09-08,1.98
2021-09-09,5.04
2021-09-10,5.04
2021-09-11,1.98
2021-09-12,1.7999999999999998
2021-09-13,3.96
2021-09-14,3.06
2021-09-15,4.14
2021-09-16,3.2399999999999998
2021-09-17,5.04
2021-09-18,1.26
2021-09-19,0.0
2021-09-20,3.2399999999999998
2021-09-21,5.3999999999999995
2021-09-22,3.5999999999999996
2021-09-23,14.219999999999999
2021-09-24,18.0
2021-09-25,3.78
2021-09-26,1.08
2021-09-27,5.3999999999999995
2021-09-28,4.859999999999999
2021-09-29,6.84
2021-09-30,5.9399999999999995
2021-10-01,7.08
2021-10-02,0.0
2021-10-03,3.2399999999999998
2021-10-04,12.0
2021-10-05,7.4399999999999995
2021-10-06,7.68
2021-10-07,11.16
2021-10-08,6.359999999999999
2021-10-09,0.0
2021-10-10,1.92
2021-10-11,6.359999999999999
2021-10-12,11.4
2021-10-13,9.12
2021-10-14,7.68
2021-10-15,6.96
2021-10-16,0.0
2021-10-17,1.68
2021-10-18,6.84
2021-10-19,6.72
2021-10-20,7.56
2021-10-21,9.0
2021-10-22,5.76
2021-10-23,1.92
2021-10-24,3.36
2021-10-25,2.4
2021-10-26,5.16
2021-10-27,4.4399999999999995
2021-10-28,3.48
2021-10-29,6.359999999999999
2021-10-30,2.4
2021-10-31,9.0
2021-11-01,5.32
2021-11-02,5.32
2021-11-03,9.38
2021-11-04,14.000000000000002
2021-11-05,9.520000000000001
2021-11-06,1.8200000000000003
2021-11-07,2.24
2021-11-08,10.780000000000001
2021-11-09,5.040000000000001
2021-11-10,7.840000000000001
2021-11-11,6.720000000000001
2021-11-12,7.700000000000001
2021-11-13,3.08
2021-11-14,2.8000000000000003
2021-11-15,2.5200000000000005
2021-11-16,8.680000000000001
2021-11-17,3.3600000000000003
2021-11-18,6.300000000000001
2021-11-19,12.88
2021-11-20,2.1
2021-11-21,3.08
2021-11-22,7.98
2021-11-23,6.580000000000001
2021-11-24,4.9
2021-11-25,3.7800000000000002
2021-11-26,5.460000000000001
2021-11-27,6.44
2021-11-28,4.760000000000001
2021-11-29,6.44
2021-11-30,6.720000000000001
2021-12-01,4.2
2021-12-02,2.4
2021-12-03,2.4
2021-12-04,2.25
2021-12-05,2.1
2021-12-06,3.0
2021-12-07,4.6499999999999995
2021-12-08,3.5999999999999996
2021-12-09,5.1
2021-12-10,4.05
2021-12-11,2.1
2021-12-12,0.0
2021-12-13,3.75
2021-12-14,5.3999999999999995
2021-12-15,4.6499999999999995
2021-12-16,3.15
2021-12-17,2.25
2021-12-18,1.65
2021-12-19,3.5999999999999996
2021-12-20,11.85
2021-12-21,15.0
2021-12-22,5.55
2021-12-23,1.65
2021-12-24,1.65
2021-12-25,3.3
2021-12-26,4.6499999999999995
2021-12-27,1.95
2021-12-28,3.15
2021-12-29,3.5999999999999996
2021-12-30,2.4
2021-12-31,2.85
2022-01-01,0.0
2022-01-02,0.0
2022-01-03,8.32
2022-01-04,13.0
2022-01-05,9.49
2022-01-06,4.42
2022-01-07,2.34
2022-01-08,0.0
2022-01-09,0.0
2022-01-10,10.27
2022-01-11,8.84
2022-01-12,8.32
2022-01-13,10.01
2022-01-14,10.01
2022-01-15,5.98
2022-01-16,3.25
2022-01-17,3.12
2022-01-18,7.0200000000000005
2022-01-19,2.8600000000000003
2022-01-20,3.25
2022-01-21,10.530000000000001
2022-01-22,4.42
2022-01-23,4.94
2022-01-24,10.4
2022-01-25,12.09
2022-01-26,10.92
2022-01-27,5.33
2022-01-28,6.24
2022-01-29,0.0
2022-01-30,2.34
2022-01-31,7.41
2022-02-01,3.08
2022-02-02,5.94
2022-02-03,5.72
2022-02-04,5.28
2022-02-05,3.74
2022-02-06,0.0
2022-02-07,7.26
2022-02-08,6.16
2022-02-09,11.0
2022-02-10,6.82
2022-02-11,8.14
2022-02-12,3.96
2022-02-13,2.97
2022-02-14,2.31
2022-02-15,6.05
2022-02-16,6.49
2022-02-17,4.29
2022-02-18,3.85
2022-02-19,1.65
2022-02-20,1.87
2022-02-21,2.2
2022-02-22,5.28
2022-02-23,8.36
2022-02-24,4.4
2022-02-25,6.2700000000000005
2022-02-26,4.07
2022-02-27,3.3
2022-02-28,5.39
2022-03-01,4.14
2022-03-02,3.06
2022-03-03,4.14
2022-03-04,2.6999999999999997
2022-03-05,1.44
2022-03-06,1.44
2022-03-07,4.5
2022-03-08,4.68
2022-03-09,3.42
2022-03-10,3.2399999999999998
2022-03-11,0.72
2022-03-12,0.0
2022-03-13,0.54
2022-03-14,5.58
2022-03-15,3.42
2022-03-16,5.58
2022-03-17,3.06
2022-03-18,4.14
2022-03-19,3.2399999999999998
2022-03-20,1.98
2022-03-21,18.0
2022-03-22,17.82
2022-03-23,4.5
2022-03-24,2.88
2022-03-25,4.14
2022-03-26,1.6199999999999999
2022-03-27,0.36
2022-03-28,3.42
2022-03-29,3.78
2022-03-30,5.22
2022-03-31,4.5
2022-04-01,9.100000000000001
2022-04-02,3.9200000000000004
2022-04-03,3.08
2022-04-04,9.940000000000001
2022-04-05,9.100000000000001
2022-04-06,9.520000000000001
2022-04-07,9.66
2022-04-08,13.3
2022-04-09,6.300000000000001
2022-04-10,5.74
2022-04-11,6.300000000000001
2022-04-12,8.260000000000002
2022-04-13,12.32
2022-04-14,12.88
2022-04-15,7.280000000000001
2022-04-16,5.880000000000001
2022-04-17,2.1
2022-04-18,13.160000000000002
2022-04-19,6.580000000000001
2022-04-20,14.000000000000002
2022-04-21,10.080000000000002
2022-04-22,10.080000000000002
2022-04-23,6.720000000000001
2022-04-24,3.7800000000000002
2022-04-25,11.620000000000001
2022-04-26,12.180000000000001
2022-04-27,8.680000000000001
2022-04-28,10.920000000000002
2022-04-29,9.38
2022-04-30,5.74
2022-05-01,0.0
2022-05-02,10.27
2022-05-03,10.27
2022-05-04,6.11
2022-05-05,10.27
2022-05-06,12.610000000000001
2022-05-07,10.4
2022-05-08,8.58
2022-05-09,12.48
2022-05-10,12.35
2022-05-11,11.31
2022-05-12,11.96
2022-05-13,7.28
2022-05-14,3.9000000000000004
2022-05-15,3.5100000000000002
2022-05-16,8.32
2022-05-17,8.71
2022-05-18,10.530000000000001
2022-05-19,10.27
2022-05-20,13.0
2022-05-21,8.84
2022-05-22,3.64
2022-05-23,10.66
2022-05-24,10.66
2022-05-25,8.84
2022-05-26,13.0
2022-05-27,8.97
2022-05-28,7.28
2022-05-29,12.09
2022-05-30,8.06
2022-05-31,9.1
2022-06-01,2.72
2022-06-02,2.3800000000000003
2022-06-03,2.3800000000000003
2022-06-04,0.8500000000000001
2022-06-05,0.34
2022-06-06,1.7000000000000002
2022-06-07,1.7000000000000002
2022-06-08,2.21
2022-06-09,1.87
2022-06-10,1.7000000000000002
2022-06-11,1.7000000000000002
2022-06-12,0.51
2022-06-13,2.72
2022-06-14,1.7000000000000002
2022-06-15,2.3800000000000003
2022-06-16,2.21
2022-06-17,2.89
2022-06-18,0.0
2022-06-19,0.0
2022-06-20,1.1900000000000002
2022-06-21,2.89
2022-06-22,2.5500000000000003
2022-06-23,2.21
2022-06-24,1.87
2022-06-25,1.36
2022-06-26,1.53
2022-06-27,16.830000000000002
2022-06-28,17.0
2022-06-29,5.78
2022-06-30,2.04
2022-07-01,13.0
2022-07-02,4.42
2022-07-03,0.0
2022-07-04,6.5
2022-07-05,7.930000000000001
2022-07-06,7.67
2022-07-07,5.07
2022-07-08,7.41
2022-07-09,3.38
2022-07-10,5.2
2022-07-11,11.05
2022-07-12,6.5
2022-07-13,6.5
2022-07-14,6.11
2022-07-15,8.19
2022-07-16,3.77
2022-07-17,2.6
2022-07-18,5.720000000000001
2022-07-19,7.15
2022-07-20,8.19
2022-07-21,10.14
2022-07-22,7.800000000000001
2022-07-23,3.12
2022-07-24,5.59
2022-07-25,5.46
2022-07-26,6.11
2022-07-27,7.930000000000001
2022-07-28,7.800000000000001
2022-07-29,10.14
2022-07-30,3.5100000000000002
2022-07-31,4.8100000000000005
2022-08-01,5.72
2022-08-02,7.48
2022-08-03,5.94
2022-08-04,4.18
2022-08-05,5.72
2022-08-06,6.49
2022-08-07,1.21
2022-08-08,6.38
2022-08-09,7.26
2022-08-10,4.84
2022-08-11,4.84
2022-08-12,6.38
2022-08-13,2.53
2022-08-14,3.08
2022-08-15,7.81
2022-08-16,6.71
2022-08-17,6.71
2022-08-18,6.49
2022-08-19,5.17
2022-08-20,0.0
2022-08-21,3.41
2022-08-22,4.73
2022-08-23,4.73
2022-08-24,8.14
2022-08-25,7.04
2022-08-26,11.0
2022-08-27,0.0
2022-08-28,3.85
2022-08-29,6.16
2022-08-30,9.02
2022-08-31,2.64
2022-09-01,1.52
2022-09-02,1.71
2022-09-03,0.38
2022-09-04,1.33
2022-09-05,1.1400000000000001
2022-09-06,1.1400000000000001
2022-09-07,1.71
2022-09-08,2.47
2022-09-09,1.71
2022-09-10,0.76
2022-09-11,0.38
2022-09-12,1.9
2022-09-13,2.2800000000000002
2022-09-14,1.9
2022-09-15,2.2800000000000002
2022-09-16,1.33
2022-09-17,1.33
2022-09-18,0.0
2022-09-19,2.2800000000000002
2022-09-20,2.47
2022-09-21,2.47
2022-09-22,3.8
2022-09-23,2.47
2022-09-24,0.76
2022-09-25,0.95
2022-09-26,2.47
2022-09-27,2.85
2022-09-28,2.66
2022-09-29,13.11
2022-09-30,19.0
2022-10-01,5.3999999999999995
2022-10-02,5.85
2022-10-03,15.0
2022-10-04,14.85
2022-10-05,13.2
2022-10-06,10.049999999999999
2022-10-07,9.15
2022-10-08,9.0
2022-10-09,3.9
2022-10-10,7.8
2022-10-11,11.85
2022-10-12,8.549999999999999
2022-10-13,10.049999999999999
2022-10-14,10.2
2022-10-15,2.4
2022-10-16,0.0
2022-10-17,11.7
2022-10-18,10.799999999999999
2022-10-19,7.949999999999999
2022-10-20,8.1
2022-10-21,9.299999999999999
2022-10-22,3.4499999999999997
2022-10-23,1.3499999999999999
2022-10-24,10.2
2022-10-25,12.45
2022-10-26,12.75
2022-10-27,5.85
2022-10-28,6.1499999999999995
2022-10-29,1.05
2022-10-30,2.4
2022-10-31,6.8999999999999995
2022-11-01,5.98
2022-11-02,8.06
2022-11-03,7.0200000000000005
2022-11-04,13.0
2022-11-05,1.82
2022-11-06,5.07
2022-11-07,7.800000000000001
2022-11-08,7.800000000000001
2022-11-09,5.59
2022-11-10,10.66
2022-11-11,9.75
2022-11-12,3.12
2022-11-13,2.73
2022-11-14,7.930000000000001
2022-11-15,11.700000000000001
2022-11-16,7.930000000000001
2022-11-17,10.92
2022-11-18,10.4
2022-11-19,2.73
2022-11-20,2.34
2022-11-21,4.94
2022-11-22,4.16
2022-11-23,8.84
2022-11-24,4.16
2022-11-25,8.32
2022-11-26,3.77
2022-11-27,3.9000000000000004
2022-11-28,7.0200000000000005
2022-11-29,6.24
2022-11-30,7.41
2022-12-01,3.2
2022-12-02,4.0
2022-12-03,1.6
2022-12-04,1.4000000000000001
2022-12-05,3.0
2022-12-06,3.4000000000000004
2022-12-07,3.4000000000000004
2022-12-08,3.2
2022-12-09,2.8000000000000003
2022-12-10,3.0
2022-12-11,1.4000000000000001
2022-12-12,3.8000000000000003
2022-12-13,2.8000000000000003
2022-12-14,2.0
2022-12-15,3.2
2022-12-16,2.8000000000000003
2022-12-17,2.4000000000000004
2022-12-18,2.6
2022-12-19,3.4000000000000004
2022-12-20,16.8
2022-12-21,20.0
2022-12-22,9.200000000000001
2022-12-23,3.4000000000000004
2022-12-24,3.4000000000000004
2022-12-25,3.4000000000000004
2022-12-26,0.0
2022-12-27,4.2
2022-12-28,3.2
2022-12-29,1.8
2022-12-30,3.6
2022-12-31,1.6
2023-01-01,4.2
2023-01-02,4.340000000000001
2023-01-03,10.920000000000002
2023-01-04,10.22
2023-01-05,8.96
2023-01-06,4.48
2023-01-07,6.0200000000000005
2023-01-08,5.040000000000001
2023-01-09,11.200000000000001
2023-01-10,12.600000000000001
2023-01-11,10.080000000000002
2023-01-12,5.32
2023-01-13,10.22
2023-01-14,6.16
2023-01-15,2.9400000000000004
2023-01-16,4.62
2023-01-17,7.840000000000001
2023-01-18,5.32
2023-01-19,10.360000000000001
2023-01-20,8.82
2023-01-21,5.460000000000001
2023-01-22,0.0
2023-01-23,8.120000000000001
2023-01-24,14.000000000000002
2023-01-25,9.24
2023-01-26,9.8
2023-01-27,5.32
2023-01-28,2.8000000000000003
2023-01-29,5.040000000000001
2023-01-30,7.280000000000001
2023-01-31,8.4
2023-02-01,6.72
2023-02-02,12.0
2023-02-03,11.639999999999999
2023-02-04,4.56
2023-02-05,3.5999999999999996
2023-02-06,9.6
2023-02-07,9.36
2023-02-08,7.68
2023-02-09,7.68
2023-02-10,11.4
2023-02-11,2.88
2023-02-12,0.0
2023-02-13,8.04
2023-02-14,6.84
2023-02-15,6.12
2023-02-16,9.6
2023-02-17,10.44
2023-02-18,6.6
2023-02-19,4.4399999999999995
2023-02-20,3.96
2023-02-21,9.6
2023-02-22,9.0
2023-02-23,6.12
2023-02-24,7.68
2023-02-25,5.52
2023-02-26,4.2
2023-02-27,7.68
2023-02-28,8.28
2023-03-01,3.2300000000000004
2023-03-02,3.5700000000000003
2023-03-03,3.06
2023-03-04,2.89
2023-03-05,2.04
2023-03-06,3.06
2023-03-07,2.04
2023-03-08,3.06
2023-03-09,1.53
2023-03-10,1.7000000000000002
2023-03-11,1.36
2023-03-12,0.0
2023-03-13,2.5500000000000003
2023-03-14,2.21
2023-03-15,3.91
2023-03-16,3.06
2023-03-17,1.7000000000000002
2023-03-18,0.8500000000000001
2023-03-19,1.02
2023-03-20,6.460000000000001
2023-03-21,17.0
2023-03-22,11.9
2023-03-23,4.590000000000001
2023-03-24,3.2300000000000004
2023-03-25,1.1900000000000002
2023-03-26,0.0
2023-03-27,5.61
2023-03-28,2.21
2023-03-29,3.5700000000000003
2023-03-30,4.930000000000001
2023-03-31,1.87
2023-04-01,5.279999999999999
2023-04-02,8.64
2023-04-03,7.92
2023-04-04,8.28
2023-04-05,9.959999999999999
2023-04-06,5.88
2023-04-07,5.16
2023-04-08,1.3199999999999998
2023-04-09,3.36
2023-04-10,4.8
2023-04-11,9.0
2023-04-12,8.879999999999999
2023-04-13,4.8
2023-04-14,7.68
2023-04-15,4.4399999999999995
2023-04-16,2.52
2023-04-17,12.0
2023-04-18,8.76
2023-04-19,5.279999999999999
2023-04-20,10.92
2023-04-21,9.12
2023-04-22,4.4399999999999995
2023-04-23,2.88
2023-04-24,8.16
2023-04-25,9.36
2023-04-26,9.0
2023-04-27,6.24
2023-04-28,11.04
2023-04-29,2.4
2023-04-30,5.76
2023-05-01,6.720000000000001
2023-05-02,5.180000000000001
2023-05-03,7.280000000000001
2023-05-04,6.44
2023-05-05,5.32
2023-05-06,3.22
2023-05-07,3.22
2023-05-08,4.48
2023-05-09,1.6800000000000002
2023-05-10,6.0200000000000005
2023-05-11,6.44
2023-05-12,8.120000000000001
2023-05-13,0.0
2023-05-14,0.9800000000000001
2023-05-15,6.44
2023-05-16,5.040000000000001
2023-05-17,5.880000000000001
2023-05-18,6.44
2023-05-19,14.000000000000002
2023-05-20,4.760000000000001
2023-05-21,4.48
2023-05-22,12.32
2023-05-23,9.520000000000001
2023-05-24,9.100000000000001
2023-05-25,9.8
2023-05-26,6.86
2023-05-27,1.54
2023-05-28,0.0
2023-05-29,4.48
2023-05-30,9.8
2023-05-31,7.98
2023-06-01,3.04
2023-06-02,3.99
2023-06-03,1.33
2023-06-04,2.09
2023-06-05,2.66
2023-06-06,3.42
2023-06-07,2.66
2023-06-08,3.99
2023-06-09,2.2800000000000002
2023-06-10,1.1400000000000001
2023-06-11,3.42
2023-06-12,3.42
2023-06-13,1.71
2023-06-14,5.89
2023-06-15,5.51
2023-06-16,3.42
2023-06-17,2.47
2023-06-18,2.09
2023-06-19,2.85
2023-06-20,2.47
2023-06-21,3.23
2023-06-22,2.66
2023-06-23,2.85
2023-06-24,0.76
2023-06-25,2.47
2023-06-26,3.42
2023-06-27,3.42
2023-06-28,4.18
2023-06-29,19.0
2023-06-30,14.63
2023-07-01,4.29
2023-07-02,2.64
2023-07-03,4.73
2023-07-04,1.98
2023-07-05,5.61
2023-07-06,11.0
2023-07-07,6.38
2023-07-08,2.42
2023-07-09,2.09
2023-07-10,7.92
2023-07-11,7.48
2023-07-12,9.13
2023-07-13,7.04
2023-07-14,3.52
2023-07-15,2.09
2023-07-16,2.09
2023-07-17,6.38
2023-07-18,3.3
2023-07-19,6.05
2023-07-20,5.06
2023-07-21,6.6
2023-07-22,2.42
2023-07-23,3.74
2023-07-24,6.05
2023-07-25,3.63
2023-07-26,6.16
2023-07-27,8.14
2023-07-28,5.94
2023-07-29,0.0
2023-07-30,0.0
2023-07-31,7.48
2023-08-01,1.69
2023-08-02,6.63
2023-08-03,1.9500000000000002
2023-08-04,1.04
2023-08-05,0.0
2023-08-06,2.99
2023-08-07,4.94
2023-08-08,5.46
2023-08-09,4.94
2023-08-10,2.47
2023-08-11,3.25
2023-08-12,1.82
2023-08-13,2.47
2023-08-14,4.29
2023-08-15,4.55
2023-08-16,4.68
2023-08-17,2.99
2023-08-18,3.25
2023-08-19,2.21
2023-08-20,2.47
2023-08-21,3.38
2023-08-22,2.99
2023-08-23,13.0
2023-08-24,8.06
2023-08-25,8.97
2023-08-26,4.8100000000000005
2023-08-27,1.69
2023-08-28,8.84
2023-08-29,2.6
2023-08-30,4.16
2023-08-31,6.37
2023-09-01,3.74
2023-09-02,1.87
2023-09-03,1.36
2023-09-04,1.36
2023-09-05,3.2300000000000004
2023-09-06,3.91
2023-09-07,2.3800000000000003
2023-09-08,3.5700000000000003
2023-09-09,0.8500000000000001
2023-09-10,1.1900000000000002
2023-09-11,3.5700000000000003
2023-09-12,1.7000000000000002
2023-09-13,1.87
2023-09-14,4.08
2023-09-15,3.74
2023-09-16,1.7000000000000002
2023-09-17,0.68
2023-09-18,3.74
2023-09-19,3.74
2023-09-20,3.06
2023-09-21,4.930000000000001
2023-09-22,2.72
2023-09-23,1.87
2023-09-24,3.06
2023-09-25,4.930000000000001
2023-09-26,5.78
2023-09-27,5.1000000000000005
2023-09-28,17.0
2023-09-29,17.0
2023-09-30,2.5500000000000003
2023-10-01,7.28
2023-10-02,10.01
2023-10-03,9.620000000000001
2023-10-04,5.07
2023-10-05,5.98
2023-10-06,10.790000000000001
2023-10-07,2.34
2023-10-08,4.68
2023-10-09,8.06
2023-10-10,11.440000000000001
2023-10-11,6.63
2023-10-12,11.18
2023-10-13,11.18
2023-10-14,5.2
2023-10-15,3.64
2023-10-16,12.09
2023-10-17,13.0
2023-10-18,7.41
2023-10-19,7.15
2023-10-20,9.49
2023-10-21,5.59
2023-10-22,5.46
2023-10-23,4.55
2023-10-24,5.07
2023-10-25,12.22
2023-10-26,9.75
2023-10-27,7.41
2023-10-28,2.99
2023-10-29,5.33
2023-10-30,10.92
2023-10-31,4.03
2023-11-01,13.0
2023-11-02,9.36
2023-11-03,10.92
2023-11-04,1.9500000000000002
2023-11-05,2.8600000000000003
2023-11-06,6.11
2023-11-07,4.29
2023-11-08,11.05
2023-11-09,9.36
2023-11-10,9.1
2023-11-11,4.29
2023-11-12,2.8600000000000003
2023-11-13,8.450000000000001
2023-11-14,7.800000000000001
2023-11-15,11.05
2023-11-16,10.14
2023-11-17,9.49
2023-11-18,4.8100000000000005
2023-11-19,3.25
2023-11-20,4.03
2023-11-21,7.15
2023-11-22,5.98
2023-11-23,2.73
2023-11-24,6.5
2023-11-25,5.59
2023-11-26,5.46
2023-11-27,9.36
2023-11-28,11.440000000000001
2023-11-29,11.18
2023-11-30,9.88
2023-12-01,1.68
2023-12-02,0.72
2023-12-03,0.96
2023-12-04,1.92
2023-12-05,2.6399999999999997
2023-12-06,3.12
2023-12-07,2.88
2023-12-08,1.44
2023-12-09,1.68
2023-12-10,1.2
2023-12-11,2.6399999999999997
2023-12-12,2.4
2023-12-13,2.4
2023-12-14,2.16
2023-12-15,1.92
2023-12-16,0.96
2023-12-17,0.96
2023-12-18,1.92
2023-12-19,3.12
2023-12-20,3.36
2023-12-21,15.12
2023-12-22,24.0
2023-12-23,3.36
2023-12-24,1.92
2023-12-25,2.6399999999999997
2023-12-26,5.04
2023-12-27,3.84
2023-12-28,4.8
2023-12-29,2.6399999999999997
2023-12-30,0.96
2023-12-31,1.44
