date,TSLA
2013-01-01,0.27
2013-01-02,0.85
2013-01-03,0.4
2013-01-04,0.74
2013-01-05,0.1
2013-01-06,0.16
2013-01-07,0.53
2013-01-08,0.78
2013-01-09,0.39
2013-01-10,0.45
2013-01-11,0.39
2013-01-12,0.12
2013-01-13,0.1
2013-01-14,0.2
2013-01-15,0.35000000000000003
2013-01-16,0.21
2013-01-17,0.62
2013-01-18,0.31
2013-01-19,0.18
2013-01-20,0.12
2013-01-21,0.0
2013-01-22,0.29
2013-01-23,0.61
2013-01-24,1.0
2013-01-25,0.53
2013-01-26,0.28
2013-01-27,0.0
2013-01-28,0.52
2013-01-29,0.75
2013-01-30,0.58
2013-01-31,0.46
2013-02-01,1.16
2013-02-02,0.3
2013-02-03,0.0
2013-02-04,0.68
2013-02-05,0.72
2013-02-06,0.86
2013-02-07,1.08
2013-02-08,0.62
2013-02-09,0.38
2013-02-10,0.44
2013-02-11,1.06
2013-02-12,1.26
2013-02-13,1.26
2013-02-14,1.0
2013-02-15,1.2
2013-02-16,0.56
2013-02-17,0.32
2013-02-18,0.52
2013-02-19,1.06
2013-02-20,1.8800000000000001
2013-02-21,2.0
2013-02-22,1.28
2013-02-23,0.16
2013-02-24,0.36
2013-02-25,0.9400000000000001
2013-02-26,1.12
2013-02-27,0.66
2013-02-28,0.62
2013-03-01,0.52
2013-03-02,0.36
2013-03-03,0.37
2013-03-04,0.6
2013-03-05,0.89
2013-03-06,0.61
2013-03-07,0.72
2013-03-08,1.0
2013-03-09,0.17
2013-03-10,0.23
2013-03-11,0.9400000000000001
2013-03-12,0.62
2013-03-13,0.91
2013-03-14,0.92
2013-03-15,0.96
2013-03-16,0.15
2013-03-17,0.28
2013-03-18,0.71
2013-03-19,0.97
2013-03-20,0.6900000000000001
2013-03-21,0.87
2013-03-22,0.9
2013-03-23,0.32
2013-03-24,0.18
2013-03-25,0.78
2013-03-26,0.81
2013-03-27,0.68
2013-03-28,0.72
2013-03-29,0.48
2013-03-30,0.28
2013-03-31,0.27
2013-04-01,3.0
2013-04-02,2.85
2013-04-03,2.07
2013-04-04,1.2
2013-04-05,0.9299999999999999
2013-04-06,0.54
2013-04-07,0.39
2013-04-08,0.84
2013-04-09,0.9299999999999999
2013-04-10,0.84
2013-04-11,0.84
2013-04-12,1.02
2013-04-13,0.27
2013-04-14,0.15
2013-04-15,0.6
2013-04-16,0.87
2013-04-17,1.05
2013-04-18,0.96
2013-04-19,1.02
2013-04-20,0.36
2013-04-21,0.3
2013-04-22,0.8099999999999999
2013-04-23,1.47
2013-04-24,1.44
2013-04-25,1.7999999999999998
2013-04-26,1.6199999999999999
2013-04-27,0.69
2013-04-28,0.32999999999999996
2013-04-29,1.26
2013-04-30,1.8599999999999999
2013-05-01,2.66
2013-05-02,2.3800000000000003
2013-05-03,2.66
2013-05-04,1.12
2013-05-05,0.7000000000000001
2013-05-06,3.08
2013-05-07,4.340000000000001
2013-05-08,7.5600000000000005
2013-05-09,14.000000000000002
2013-05-10,9.8
2013-05-11,3.22
2013-05-12,1.8200000000000003
2013-05-13,9.38
2013-05-14,11.9
2013-05-15,10.080000000000002
2013-05-16,11.760000000000002
2013-05-17,9.66
2013-05-18,2.9400000000000004
2013-05-19,1.8200000000000003
2013-05-20,6.16
2013-05-21,5.880000000000001
2013-05-22,5.460000000000001
2013-05-23,7.700000000000001
2013-05-24,6.0200000000000005
2013-05-25,1.54
2013-05-26,1.2600000000000002
2013-05-27,1.4000000000000001
2013-05-28,8.82
2013-05-29,10.360000000000001
2013-05-30,9.24
2013-05-31,7.840000000000001
2013-06-01,3.5
2013-06-02,2.0
2013-06-03,9.1
2013-06-04,10.0
2013-06-05,8.8
2013-06-06,7.800000000000001
2013-06-07,8.8
2013-06-08,2.7
2013-06-09,1.6
2013-06-10,7.300000000000001
2013-06-11,7.800000000000001
2013-06-12,7.0
2013-06-13,5.800000000000001
2013-06-14,6.300000000000001
2013-06-15,1.4000000000000001
2013-06-16,1.4000000000000001
2013-06-17,6.1000000000000005
2013-06-18,6.7
2013-06-19,8.1
2013-06-20,6.9
2013-06-21,9.3
2013-06-22,3.7
2013-06-23,1.8
2013-06-24,6.5
2013-06-25,5.300000000000001
2013-06-26,5.2
2013-06-27,7.2
2013-06-28,6.5
2013-06-29,1.5
2013-06-30,1.3
2013-07-01,7.04
2013-07-02,7.15
2013-07-03,5.72
2013-07-04,1.76
2013-07-05,4.84
2013-07-06,1.87
2013-07-07,1.54
2013-07-08,4.62
2013-07-09,6.38
2013-07-10,6.49
2013-07-11,6.16
2013-07-12,7.15
2013-07-13,2.42
2013-07-14,1.54
2013-07-15,5.83
2013-07-16,10.56
2013-07-17,11.0
2013-07-18,8.25
2013-07-19,6.2700000000000005
2013-07-20,1.98
2013-07-21,0.99
2013-07-22,6.05
2013-07-23,5.72
2013-07-24,4.84
2013-07-25,4.73
2013-07-26,5.83
2013-07-27,1.87
2013-07-28,1.32
2013-07-29,5.94
2013-07-30,7.37
2013-07-31,5.72
2013-08-01,4.16
2013-08-02,4.0
2013-08-03,1.12
2013-08-04,1.28
2013-08-05,5.92
2013-08-06,5.6000000000000005
2013-08-07,13.44
2013-08-08,16.0
2013-08-09,8.96
2013-08-10,2.88
2013-08-11,1.28
2013-08-12,7.04
2013-08-13,7.2
2013-08-14,6.4
2013-08-15,6.24
2013-08-16,4.96
2013-08-17,1.76
2013-08-18,1.12
2013-08-19,4.96
2013-08-20,7.04
2013-08-21,6.08
2013-08-22,6.72
2013-08-23,7.2
2013-08-24,2.72
2013-08-25,1.76
2013-08-26,8.64
2013-08-27,8.8
2013-08-28,7.04
2013-08-29,6.72
2013-08-30,6.24
2013-08-31,2.08
2013-09-01,2.53
2013-09-02,1.76
2013-09-03,10.34
2013-09-04,10.78
2013-09-05,8.8
2013-09-06,9.57
2013-09-07,2.64
2013-09-08,1.65
2013-09-09,9.24
2013-09-10,8.14
2013-09-11,8.03
2013-09-12,7.59
2013-09-13,7.48
2013-09-14,2.31
2013-09-15,1.21
2013-09-16,6.49
2013-09-17,6.49
2013-09-18,7.59
2013-09-19,10.78
2013-09-20,11.0
2013-09-21,2.97
2013-09-22,2.09
2013-09-23,7.15
2013-09-24,8.58
2013-09-25,7.15
2013-09-26,7.81
2013-09-27,8.14
2013-09-28,2.97
2013-09-29,2.31
2013-09-30,9.46
2013-10-01,7.2
2013-10-02,9.76
2013-10-03,16.0
2013-10-04,11.68
2013-10-05,3.68
2013-10-06,2.08
2013-10-07,6.88
2013-10-08,8.16
2013-10-09,8.96
2013-10-10,8.48
2013-10-11,6.24
2013-10-12,1.92
2013-10-13,1.44
2013-10-14,5.6000000000000005
2013-10-15,6.88
2013-10-16,6.5600000000000005
2013-10-17,6.08
2013-10-18,5.6000000000000005
2013-10-19,1.92
2013-10-20,1.44
2013-10-21,6.5600000000000005
2013-10-22,7.36
2013-10-23,7.5200000000000005
2013-10-24,7.5200000000000005
2013-10-25,6.4
2013-10-26,2.08
2013-10-27,1.28
2013-10-28,6.72
2013-10-29,8.32
2013-10-30,6.72
2013-10-31,6.5600000000000005
2013-11-01,4.760000000000001
2013-11-02,1.53
2013-11-03,1.1900000000000002
2013-11-04,6.630000000000001
2013-11-05,13.260000000000002
2013-11-06,17.0
2013-11-07,14.110000000000001
2013-11-08,12.58
2013-11-09,3.4000000000000004
2013-11-10,2.21
2013-11-11,7.140000000000001
2013-11-12,7.99
2013-11-13,7.140000000000001
2013-11-14,6.29
2013-11-15,4.930000000000001
2013-11-16,2.3800000000000003
2013-11-17,1.02
2013-11-18,8.16
2013-11-19,10.030000000000001
2013-11-20,7.65
2013-11-21,6.970000000000001
2013-11-22,6.630000000000001
2013-11-23,2.21
2013-11-24,1.1900000000000002
2013-11-25,4.42
2013-11-26,5.44
2013-11-27,4.760000000000001
2013-11-28,1.87
2013-11-29,3.74
2013-11-30,1.53
2013-12-01,1.21
2013-12-02,5.06
2013-12-03,10.23
2013-12-04,11.0
2013-12-05,7.59
2013-12-06,6.49
2013-12-07,2.31
2013-12-08,1.1
2013-12-09,5.06
2013-12-10,4.73
2013-12-11,4.84
2013-12-12,4.62
2013-12-13,5.83
2013-12-14,1.87
2013-12-15,1.1
2013-12-16,5.28
2013-12-17,5.39
2013-12-18,5.39
2013-12-19,6.2700000000000005
2013-12-20,5.5
2013-12-21,1.32
2013-12-22,0.44
2013-12-23,4.4
2013-12-24,6.6
2013-12-25,2.2
2013-12-26,5.83
2013-12-27,5.17
2013-12-28,1.76
2013-12-29,0.99
2013-12-30,3.41
2013-12-31,4.18
2014-01-01,1.3
2014-01-02,3.6
2014-01-03,3.9000000000000004
2014-01-04,1.1
2014-01-05,0.6000000000000001
2014-01-06,3.5
2014-01-07,3.3000000000000003
2014-01-08,4.1000000000000005
2014-01-09,3.8000000000000003
2014-01-10,3.5
2014-01-11,1.0
2014-01-12,0.5
2014-01-13,3.3000000000000003
2014-01-14,8.6
2014-01-15,10.0
2014-01-16,7.0
2014-01-17,7.2
2014-01-18,1.7000000000000002
2014-01-19,1.1
2014-01-20,2.4000000000000004
2014-01-21,5.1000000000000005
2014-01-22,5.1000000000000005
2014-01-23,5.7
2014-01-24,5.4
2014-01-25,1.2000000000000002
2014-01-26,1.4000000000000001
2014-01-27,3.9000000000000004
2014-01-28,4.6000000000000005
2014-01-29,4.5
2014-01-30,4.7
2014-01-31,5.0
2014-02-01,1.52
2014-02-02,0.76
2014-02-03,3.61
2014-02-04,4.18
2014-02-05,4.18
2014-02-06,3.42
2014-02-07,3.99
2014-02-08,1.1400000000000001
2014-02-09,1.1400000000000001
2014-02-10,6.08
2014-02-11,6.84
2014-02-12,5.7
2014-02-13,5.51
2014-02-14,6.46
2014-02-15,1.9
2014-02-16,1.1400000000000001
2014-02-17,2.66
2014-02-18,8.36
2014-02-19,15.01
2014-02-20,15.01
2014-02-21,8.55
2014-02-22,2.85
2014-02-23,1.52
2014-02-24,7.03
2014-02-25,18.05
2014-02-26,19.0
2014-02-27,15.96
2014-02-28,11.4
2014-03-01,5.720000000000001
2014-03-02,3.25
2014-03-03,12.74
2014-03-04,13.0
2014-03-05,11.700000000000001
2014-03-06,10.01
2014-03-07,9.75
2014-03-08,2.99
2014-03-09,2.34
2014-03-10,9.1
2014-03-11,11.05
2014-03-12,10.01
2014-03-13,9.75
2014-03-14,9.620000000000001
2014-03-15,2.73
2014-03-16,1.9500000000000002
2014-03-17,7.54
2014-03-18,8.71
2014-03-19,6.24
2014-03-20,7.800000000000001
2014-03-21,7.28
2014-03-22,1.56
2014-03-23,1.4300000000000002
2014-03-24,8.06
2014-03-25,8.32
2014-03-26,7.0200000000000005
2014-03-27,8.450000000000001
2014-03-28,8.97
2014-03-29,2.47
2014-03-30,2.99
2014-03-31,8.58
2014-04-01,10.56
2014-04-02,10.45
2014-04-03,9.46
2014-04-04,9.68
2014-04-05,3.85
2014-04-06,1.98
2014-04-07,9.46
2014-04-08,10.89
2014-04-09,8.47
2014-04-10,10.34
2014-04-11,9.9
2014-04-12,2.64
2014-04-13,2.09
2014-04-14,8.47
2014-04-15,11.0
2014-04-16,10.56
2014-04-17,8.47
2014-04-18,4.73
2014-04-19,1.65
2014-04-20,1.1
2014-04-21,8.47
2014-04-22,9.46
2014-04-23,7.7
2014-04-24,8.47
2014-04-25,9.57
2014-04-26,3.08
2014-04-27,1.43
2014-04-28,8.58
2014-04-29,8.25
2014-04-30,8.8
2014-05-01,4.2
2014-05-02,3.36
2014-05-03,1.44
2014-05-04,0.84
2014-05-05,4.08
2014-05-06,4.2
2014-05-07,9.0
2014-05-08,12.0
2014-05-09,7.199999999999999
2014-05-10,1.56
2014-05-11,0.84
2014-05-12,5.16
2014-05-13,6.24
2014-05-14,5.52
2014-05-15,4.92
2014-05-16,3.96
2014-05-17,1.56
2014-05-18,0.84
2014-05-19,4.2
2014-05-20,5.04
2014-05-21,3.7199999999999998
2014-05-22,4.08
2014-05-23,3.7199999999999998
2014-05-24,1.3199999999999998
2014-05-25,0.96
2014-05-26,0.84
2014-05-27,3.96
2014-05-28,4.92
2014-05-29,3.12
2014-05-30,3.48
2014-05-31,0.72
2014-06-01,0.8099999999999999
2014-06-02,4.59
2014-06-03,4.77
2014-06-04,4.859999999999999
2014-06-05,4.41
2014-06-06,4.95
2014-06-07,2.07
2014-06-08,1.26
2014-06-09,4.5
2014-06-10,4.2299999999999995
2014-06-11,4.77
2014-06-12,6.569999999999999
2014-06-13,6.21
2014-06-14,1.71
2014-06-15,0.8099999999999999
2014-06-16,7.47
2014-06-17,9.0
2014-06-18,7.92
2014-06-19,7.199999999999999
2014-06-20,5.31
2014-06-21,2.4299999999999997
2014-06-22,1.71
2014-06-23,6.21
2014-06-24,7.109999999999999
2014-06-25,5.31
2014-06-26,5.13
2014-06-27,5.49
2014-06-28,1.44
2014-06-29,0.63
2014-06-30,4.77
2014-07-01,3.5999999999999996
2014-07-02,3.8699999999999997
2014-07-03,4.5
2014-07-04,1.08
2014-07-05,0.72
2014-07-06,0.8999999999999999
2014-07-07,4.68
2014-07-08,4.05
2014-07-09,3.2399999999999998
2014-07-10,4.05
2014-07-11,3.51
2014-07-12,0.72
2014-07-13,0.99
2014-07-14,3.51
2014-07-15,3.69
2014-07-16,4.77
2014-07-17,3.96
2014-07-18,2.88
2014-07-19,1.26
2014-07-20,0.72
2014-07-21,3.06
2014-07-22,3.69
2014-07-23,3.15
2014-07-24,3.06
2014-07-25,3.5999999999999996
2014-07-26,1.26
2014-07-27,0.8099999999999999
2014-07-28,3.69
2014-07-29,3.8699999999999997
2014-07-30,4.2299999999999995
2014-07-31,9.0
2014-08-01,9.0
2014-08-02,2.4299999999999997
2014-08-03,1.17
2014-08-04,4.2299999999999995
2014-08-05,4.32
2014-08-06,5.58
2014-08-07,6.4799999999999995
2014-08-08,4.77
2014-08-09,1.3499999999999999
2014-08-10,0.99
2014-08-11,6.12
2014-08-12,6.21
2014-08-13,4.95
2014-08-14,5.31
2014-08-15,5.3999999999999995
2014-08-16,2.34
2014-08-17,1.08
2014-08-18,4.68
2014-08-19,4.859999999999999
2014-08-20,4.2299999999999995
2014-08-21,4.14
2014-08-22,4.2299999999999995
2014-08-23,1.44
2014-08-24,1.26
2014-08-25,4.2299999999999995
2014-08-26,4.2299999999999995
2014-08-27,4.05
2014-08-28,3.69
2014-08-29,5.22
2014-08-30,2.07
2014-08-31,1.17
2014-09-01,1.08
2014-09-02,7.199999999999999
2014-09-03,7.6499999999999995
2014-09-04,8.37
2014-09-05,9.0
2014-09-06,1.71
2014-09-07,0.8999999999999999
2014-09-08,6.21
2014-09-09,5.76
2014-09-10,5.04
2014-09-11,5.04
2014-09-12,4.41
2014-09-13,1.08
2014-09-14,0.8999999999999999
2014-09-15,8.82
2014-09-16,8.28
2014-09-17,7.109999999999999
2014-09-18,5.13
2014-09-19,5.76
2014-09-20,0.99
2014-09-21,0.8099999999999999
2014-09-22,5.3999999999999995
2014-09-23,5.76
2014-09-24,5.13
2014-09-25,4.14
2014-09-26,4.05
2014-09-27,0.8099999999999999
2014-09-28,0.44999999999999996
2014-09-29,4.41
2014-09-30,3.42
2014-10-01,3.6
2014-10-02,5.0
2014-10-03,4.3
2014-10-04,1.1
2014-10-05,0.8
2014-10-06,3.5
2014-10-07,3.8000000000000003
2014-10-08,3.7
2014-10-09,5.6000000000000005
2014-10-10,10.0
2014-10-11,1.9000000000000001
2014-10-12,1.2000000000000002
2014-10-13,4.9
2014-10-14,4.800000000000001
2014-10-15,4.2
2014-10-16,4.0
2014-10-17,4.2
2014-10-18,1.0
2014-10-19,0.6000000000000001
2014-10-20,3.5
2014-10-21,3.4000000000000004
2014-10-22,3.1
2014-10-23,3.5
2014-10-24,3.3000000000000003
2014-10-25,0.8
2014-10-26,0.4
2014-10-27,4.7
2014-10-28,5.2
2014-10-29,4.1000000000000005
2014-10-30,3.3000000000000003
2014-10-31,3.1
2014-11-01,1.12
2014-11-02,0.77
2014-11-03,2.9400000000000004
2014-11-04,2.7300000000000004
2014-11-05,6.0200000000000005
2014-11-06,7.000000000000001
2014-11-07,4.340000000000001
2014-11-08,1.2600000000000002
2014-11-09,0.77
2014-11-10,3.08
2014-11-11,3.22
2014-11-12,3.5700000000000003
2014-11-13,3.2900000000000005
2014-11-14,3.3600000000000003
2014-11-15,1.1900000000000002
2014-11-16,0.56
2014-11-17,2.87
2014-11-18,2.9400000000000004
2014-11-19,3.5000000000000004
2014-11-20,2.7300000000000004
2014-11-21,2.5200000000000005
2014-11-22,0.77
2014-11-23,0.49000000000000005
2014-11-24,2.8000000000000003
2014-11-25,2.66
2014-11-26,2.0300000000000002
2014-11-27,0.6300000000000001
2014-11-28,1.54
2014-11-29,0.56
2014-11-30,0.49000000000000005
2014-12-01,3.1799999999999997
2014-12-02,2.88
2014-12-03,3.36
2014-12-04,2.88
2014-12-05,3.54
2014-12-06,1.44
2014-12-07,0.78
2014-12-08,3.2399999999999998
2014-12-09,3.9
2014-12-10,4.5
2014-12-11,4.14
2014-12-12,4.32
2014-12-13,1.26
2014-12-14,0.8999999999999999
2014-12-15,3.0
2014-12-16,3.96
2014-12-17,6.0
2014-12-18,4.38
2014-12-19,5.3999999999999995
2014-12-20,1.44
2014-12-21,0.54
2014-12-22,3.48
2014-12-23,4.32
2014-12-24,3.0
2014-12-25,0.84
2014-12-26,3.12
2014-12-27,1.6199999999999999
2014-12-28,1.08
2014-12-29,2.6399999999999997
2014-12-30,3.12
2014-12-31,2.88
2015-01-01,1.08
2015-01-02,1.92
2015-01-03,0.6
2015-01-04,0.72
2015-01-05,2.34
2015-01-06,2.6999999999999997
2015-01-07,2.1
2015-01-08,2.46
2015-01-09,2.2199999999999998
2015-01-10,1.02
2015-01-11,0.54
2015-01-12,2.88
2015-01-13,3.7199999999999998
2015-01-14,6.0
2015-01-15,3.42
2015-01-16,3.84
2015-01-17,1.14
2015-01-18,0.8999999999999999
2015-01-19,1.44
2015-01-20,3.06
2015-01-21,2.52
2015-01-22,2.52
2015-01-23,2.34
2015-01-24,0.84
2015-01-25,0.6
2015-01-26,2.52
2015-01-27,2.58
2015-01-28,2.58
2015-01-29,2.46
2015-01-30,2.46
2015-01-31,0.72
2015-02-01,0.63
2015-02-02,1.89
2015-02-03,3.2399999999999998
2015-02-04,2.16
2015-02-05,2.25
2015-02-06,2.79
2015-02-07,0.99
2015-02-08,0.72
2015-02-09,2.88
2015-02-10,3.33
2015-02-11,6.4799999999999995
2015-02-12,9.0
2015-02-13,4.859999999999999
2015-02-14,1.6199999999999999
2015-02-15,0.99
2015-02-16,1.71
2015-02-17,3.5999999999999996
2015-02-18,3.33
2015-02-19,3.15
2015-02-20,3.69
2015-02-21,1.3499999999999999
2015-02-22,0.72
2015-02-23,2.79
2015-02-24,3.15
2015-02-25,3.15
2015-02-26,3.06
2015-02-27,2.4299999999999997
2015-02-28,0.8099999999999999
2015-03-01,0.8400000000000001
2015-03-02,5.53
2015-03-03,4.550000000000001
2015-03-04,4.41
2015-03-05,3.9200000000000004
2015-03-06,3.5000000000000004
2015-03-07,1.7500000000000002
2015-03-08,1.33
2015-03-09,4.69
2015-03-10,5.390000000000001
2015-03-11,5.11
2015-03-12,3.99
2015-03-13,4.83
2015-03-14,1.4700000000000002
2015-03-15,1.12
2015-03-16,4.2700000000000005
2015-03-17,5.11
2015-03-18,4.130000000000001
2015-03-19,6.790000000000001
2015-03-20,5.53
2015-03-21,1.33
2015-03-22,1.2600000000000002
2015-03-23,3.3600000000000003
2015-03-24,5.040000000000001
2015-03-25,4.2700000000000005
2015-03-26,4.69
2015-03-27,5.670000000000001
2015-03-28,2.31
2015-03-29,1.4000000000000001
2015-03-30,7.000000000000001
2015-03-31,6.0200000000000005
2015-04-01,4.68
2015-04-02,4.32
2015-04-03,4.05
2015-04-04,2.16
2015-04-05,1.71
2015-04-06,7.56
2015-04-07,5.49
2015-04-08,5.76
2015-04-09,5.67
2015-04-10,4.68
2015-04-11,1.3499999999999999
2015-04-12,1.3499999999999999
2015-04-13,4.2299999999999995
2015-04-14,3.69
2015-04-15,4.05
2015-04-16,4.32
2015-04-17,3.51
2015-04-18,1.53
2015-04-19,0.8999999999999999
2015-04-20,3.69
2015-04-21,3.5999999999999996
2015-04-22,6.39
2015-04-23,6.39
2015-04-24,4.32
2015-04-25,1.71
2015-04-26,1.17
2015-04-27,9.0
2015-04-28,6.93
2015-04-29,4.68
2015-04-30,6.3
2015-05-01,10.0
2015-05-02,2.3000000000000003
2015-05-03,1.4000000000000001
2015-05-04,3.5
2015-05-05,4.4
2015-05-06,7.6000000000000005
2015-05-07,7.300000000000001
2015-05-08,4.4
2015-05-09,1.6
2015-05-10,1.2000000000000002
2015-05-11,3.9000000000000004
2015-05-12,4.2
2015-05-13,3.8000000000000003
2015-05-14,3.5
2015-05-15,3.1
2015-05-16,1.0
2015-05-17,0.7000000000000001
2015-05-18,3.5
2015-05-19,3.4000000000000004
2015-05-20,2.8000000000000003
2015-05-21,2.4000000000000004
2015-05-22,2.4000000000000004
2015-05-23,0.8
2015-05-24,0.7000000000000001
2015-05-25,0.7000000000000001
2015-05-26,2.5
2015-05-27,2.9000000000000004
2015-05-28,2.7
2015-05-29,2.5
2015-05-30,0.6000000000000001
2015-05-31,0.7000000000000001
2015-06-01,4.69
2015-06-02,3.9200000000000004
2015-06-03,4.760000000000001
2015-06-04,3.7800000000000002
2015-06-05,4.62
2015-06-06,0.7000000000000001
2015-06-07,0.49000000000000005
2015-06-08,5.8100000000000005
2015-06-09,7.000000000000001
2015-06-10,6.16
2015-06-11,4.550000000000001
2015-06-12,3.8500000000000005
2015-06-13,1.9600000000000002
2015-06-14,1.2600000000000002
2015-06-15,4.970000000000001
2015-06-16,4.69
2015-06-17,5.670000000000001
2015-06-18,5.390000000000001
2015-06-19,5.250000000000001
2015-06-20,1.6800000000000002
2015-06-21,1.6800000000000002
2015-06-22,5.880000000000001
2015-06-23,4.970000000000001
2015-06-24,5.390000000000001
2015-06-25,4.970000000000001
2015-06-26,5.11
2015-06-27,1.33
2015-06-28,1.2600000000000002
2015-06-29,5.390000000000001
2015-06-30,5.95
2015-07-01,4.48
2015-07-02,6.16
2015-07-03,4.0
2015-07-04,1.12
2015-07-05,1.36
2015-07-06,5.28
2015-07-07,5.12
2015-07-08,6.32
2015-07-09,5.68
2015-07-10,4.88
2015-07-11,1.28
2015-07-12,0.4
2015-07-13,3.92
2015-07-14,3.84
2015-07-15,4.64
2015-07-16,4.64
2015-07-17,7.68
2015-07-18,3.12
2015-07-19,1.28
2015-07-20,6.88
2015-07-21,8.0
2015-07-22,6.24
2015-07-23,4.8
2015-07-24,4.32
2015-07-25,1.12
2015-07-26,1.92
2015-07-27,4.88
2015-07-28,5.12
2015-07-29,4.96
2015-07-30,5.44
2015-07-31,4.48
2015-08-01,1.0
2015-08-02,0.5
2015-08-03,2.7
2015-08-04,3.0
2015-08-05,7.800000000000001
2015-08-06,10.0
2015-08-07,4.5
2015-08-08,1.5
2015-08-09,1.4000000000000001
2015-08-10,4.2
2015-08-11,3.0
2015-08-12,2.8000000000000003
2015-08-13,5.1000000000000005
2015-08-14,3.3000000000000003
2015-08-15,1.4000000000000001
2015-08-16,0.8
2015-08-17,4.3
2015-08-18,3.8000000000000003
2015-08-19,3.0
2015-08-20,4.0
2015-08-21,5.0
2015-08-22,1.5
2015-08-23,1.0
2015-08-24,6.9
2015-08-25,5.9
2015-08-26,4.3
2015-08-27,5.1000000000000005
2015-08-28,4.4
2015-08-29,1.3
2015-08-30,0.8
2015-08-31,3.2
2015-09-01,5.11
2015-09-02,5.74
2015-09-03,6.65
2015-09-04,5.040000000000001
2015-09-05,1.61
2015-09-06,1.2600000000000002
2015-09-07,1.2600000000000002
2015-09-08,4.130000000000001
2015-09-09,3.5700000000000003
2015-09-10,4.0600000000000005
2015-09-11,3.6400000000000006
2015-09-12,0.9800000000000001
2015-09-13,0.9100000000000001
2015-09-14,3.7800000000000002
2015-09-15,4.550000000000001
2015-09-16,4.48
2015-09-17,4.550000000000001
2015-09-18,3.9200000000000004
2015-09-19,2.0300000000000002
2015-09-20,0.7000000000000001
2015-09-21,4.41
2015-09-22,4.550000000000001
2015-09-23,4.0600000000000005
2015-09-24,3.7800000000000002
2015-09-25,3.8500000000000005
2015-09-26,0.9800000000000001
2015-09-27,0.42000000000000004
2015-09-28,3.6400000000000006
2015-09-29,4.83
2015-09-30,7.000000000000001
2015-10-01,4.16
2015-10-02,3.36
2015-10-03,1.28
2015-10-04,0.96
2015-10-05,3.6
2015-10-06,2.96
2015-10-07,3.2800000000000002
2015-10-08,3.12
2015-10-09,4.4
2015-10-10,1.2
2015-10-11,0.64
2015-10-12,3.6
2015-10-13,3.92
2015-10-14,3.04
2015-10-15,3.2
2015-10-16,2.88
2015-10-17,0.8
2015-10-18,0.48
2015-10-19,2.56
2015-10-20,8.0
2015-10-21,5.68
2015-10-22,4.48
2015-10-23,4.08
2015-10-24,1.12
2015-10-25,0.72
2015-10-26,3.12
2015-10-27,3.44
2015-10-28,3.04
2015-10-29,2.48
2015-10-30,2.88
2015-10-31,0.96
2015-11-01,0.6
2015-11-02,2.4
2015-11-03,5.64
2015-11-04,6.0
2015-11-05,3.48
2015-11-06,2.34
2015-11-07,0.54
2015-11-08,0.3
2015-11-09,1.8599999999999999
2015-11-10,2.28
2015-11-11,1.7999999999999998
2015-11-12,1.74
2015-11-13,1.8599999999999999
2015-11-14,0.54
2015-11-15,0.42
2015-11-16,1.5
2015-11-17,1.44
2015-11-18,1.74
2015-11-19,1.68
2015-11-20,3.0
2015-11-21,0.72
2015-11-22,0.48
2015-11-23,1.92
2015-11-24,1.74
2015-11-25,1.56
2015-11-26,0.78
2015-11-27,1.08
2015-11-28,0.18
2015-11-29,0.36
2015-11-30,1.44
2015-12-01,2.72
2015-12-02,2.2800000000000002
2015-12-03,3.2
2015-12-04,2.84
2015-12-05,1.28
2015-12-06,1.0
2015-12-07,2.64
2015-12-08,2.4
2015-12-09,2.96
2015-12-10,3.12
2015-12-11,3.12
2015-12-12,0.76
2015-12-13,0.52
2015-12-14,2.4
2015-12-15,2.56
2015-12-16,3.0
2015-12-17,3.2
2015-12-18,2.32
2015-12-19,0.2
2015-12-20,0.48
2015-12-21,2.52
2015-12-22,4.0
2015-12-23,2.44
2015-12-24,2.24
2015-12-25,0.72
2015-12-26,0.92
2015-12-27,0.64
2015-12-28,2.36
2015-12-29,2.48
2015-12-30,3.12
2015-12-31,2.56
2016-01-01,0.9
2016-01-02,0.9500000000000001
2016-01-03,0.6000000000000001
2016-01-04,5.0
2016-01-05,3.75
2016-01-06,3.6500000000000004
2016-01-07,3.6
2016-01-08,3.3000000000000003
2016-01-09,1.2000000000000002
2016-01-10,0.8
2016-01-11,3.1500000000000004
2016-01-12,3.35
2016-01-13,3.95
2016-01-14,3.5
2016-01-15,3.9000000000000004
2016-01-16,0.9
2016-01-17,0.75
2016-01-18,0.9
2016-01-19,3.4000000000000004
2016-01-20,4.05
2016-01-21,3.35
2016-01-22,2.45
2016-01-23,0.35000000000000003
2016-01-24,0.5
2016-01-25,2.5
2016-01-26,3.85
2016-01-27,3.45
2016-01-28,3.35
2016-01-29,3.5
2016-01-30,1.5
2016-01-31,1.1500000000000001
2016-02-01,2.6
2016-02-02,3.1
2016-02-03,3.6
2016-02-04,3.8000000000000003
2016-02-05,5.300000000000001
2016-02-06,1.3
2016-02-07,0.9
2016-02-08,4.6000000000000005
2016-02-09,5.7
2016-02-10,10.0
2016-02-11,9.5
2016-02-12,4.800000000000001
2016-02-13,1.5
2016-02-14,0.7000000000000001
2016-02-15,1.2000000000000002
2016-02-16,3.6
2016-02-17,3.8000000000000003
2016-02-18,3.4000000000000004
2016-02-19,2.5
2016-02-20,0.7000000000000001
2016-02-21,0.6000000000000001
2016-02-22,2.8000000000000003
2016-02-23,3.3000000000000003
2016-02-24,3.2
2016-02-25,3.6
2016-02-26,3.9000000000000004
2016-02-27,1.1
2016-02-28,0.6000000000000001
2016-02-29,3.0
2016-03-01,4.41
2016-03-02,3.78
2016-03-03,3.2399999999999998
2016-03-04,3.8699999999999997
2016-03-05,1.08
2016-03-06,0.63
2016-03-07,3.5999999999999996
2016-03-08,3.15
2016-03-09,3.2399999999999998
2016-03-10,3.8699999999999997
2016-03-11,2.6999999999999997
2016-03-12,0.99
2016-03-13,0.54
2016-03-14,3.96
2016-03-15,3.51
2016-03-16,3.51
2016-03-17,4.05
2016-03-18,3.78
2016-03-19,1.3499999999999999
2016-03-20,0.72
2016-03-21,4.77
2016-03-22,4.59
2016-03-23,3.69
2016-03-24,3.8699999999999997
2016-03-25,1.7999999999999998
2016-03-26,0.72
2016-03-27,0.8099999999999999
2016-03-28,3.69
2016-03-29,4.32
2016-03-30,4.2299999999999995
2016-03-31,9.0
2016-04-01,13.0
2016-04-02,2.8600000000000003
2016-04-03,1.69
2016-04-04,7.41
2016-04-05,5.98
2016-04-06,6.37
2016-04-07,5.720000000000001
2016-04-08,4.55
2016-04-09,1.3
2016-04-10,0.78
2016-04-11,3.77
2016-04-12,3.5100000000000002
2016-04-13,2.99
2016-04-14,2.6
2016-04-15,2.34
2016-04-16,1.17
2016-04-17,0.65
2016-04-18,2.73
2016-04-19,2.8600000000000003
2016-04-20,2.34
2016-04-21,2.34
2016-04-22,2.21
2016-04-23,0.65
2016-04-24,0.52
2016-04-25,2.08
2016-04-26,1.9500000000000002
2016-04-27,1.82
2016-04-28,2.08
2016-04-29,1.9500000000000002
2016-04-30,0.52
2016-05-01,0.7000000000000001
2016-05-02,3.0
2016-05-03,3.8000000000000003
2016-05-04,10.0
2016-05-05,9.3
2016-05-06,4.9
2016-05-07,1.0
2016-05-08,0.6000000000000001
2016-05-09,3.5
2016-05-10,4.0
2016-05-11,3.5
2016-05-12,3.2
2016-05-13,2.6
2016-05-14,0.9
2016-05-15,0.5
2016-05-16,2.8000000000000003
2016-05-17,3.0
2016-05-18,4.6000000000000005
2016-05-19,5.300000000000001
2016-05-20,3.5
2016-05-21,1.2000000000000002
2016-05-22,0.9
2016-05-23,3.0
2016-05-24,2.9000000000000004
2016-05-25,3.0
2016-05-26,2.9000000000000004
2016-05-27,2.6
2016-05-28,0.8
2016-05-29,0.6000000000000001
2016-05-30,0.4
2016-05-31,2.7
2016-06-01,2.53
2016-06-02,2.2
2016-06-03,2.2
2016-06-04,0.55
2016-06-05,0.66
2016-06-06,2.09
2016-06-07,3.41
2016-06-08,3.74
2016-06-09,3.41
2016-06-10,3.41
2016-06-11,0.99
2016-06-12,0.77
2016-06-13,2.75
2016-06-14,2.2
2016-06-15,2.2
2016-06-16,2.42
2016-06-17,2.09
2016-06-18,0.77
2016-06-19,0.55
2016-06-20,2.42
2016-06-21,4.73
2016-06-22,11.0
2016-06-23,7.26
2016-06-24,7.15
2016-06-25,1.65
2016-06-26,0.55
2016-06-27,4.07
2016-06-28,4.4
2016-06-29,4.07
2016-06-30,5.83
2016-07-01,10.0
2016-07-02,1.9000000000000001
2016-07-03,1.1
2016-07-04,2.1
2016-07-05,7.7
2016-07-06,6.6000000000000005
2016-07-07,5.300000000000001
2016-07-08,4.2
2016-07-09,1.2000000000000002
2016-07-10,1.3
2016-07-11,6.800000000000001
2016-07-12,7.1000000000000005
2016-07-13,6.2
2016-07-14,5.0
2016-07-15,4.5
2016-07-16,0.9
2016-07-17,0.8
2016-07-18,4.6000000000000005
2016-07-19,4.2
2016-07-20,5.2
2016-07-21,9.5
2016-07-22,5.6000000000000005
2016-07-23,0.9
2016-07-24,1.0
2016-07-25,4.9
2016-07-26,5.4
2016-07-27,5.2
2016-07-28,4.4
2016-07-29,4.7
2016-07-30,1.5
2016-07-31,0.8
2016-08-01,4.5600000000000005
2016-08-02,3.7600000000000002
2016-08-03,8.0
2016-08-04,6.88
2016-08-05,2.88
2016-08-06,0.8
2016-08-07,0.48
2016-08-08,2.64
2016-08-09,2.32
2016-08-10,2.64
2016-08-11,2.72
2016-08-12,1.84
2016-08-13,0.48
2016-08-14,0.24
2016-08-15,2.8000000000000003
2016-08-16,2.0
2016-08-17,1.6
2016-08-18,1.68
2016-08-19,1.6
2016-08-20,0.4
2016-08-21,0.48
2016-08-22,1.6
2016-08-23,4.24
2016-08-24,3.04
2016-08-25,2.08
2016-08-26,1.76
2016-08-27,0.48
2016-08-28,0.24
2016-08-29,1.84
2016-08-30,2.64
2016-08-31,2.24
2016-09-01,7.000000000000001
2016-09-02,6.930000000000001
2016-09-03,1.4000000000000001
2016-09-04,0.8400000000000001
2016-09-05,0.8400000000000001
2016-09-06,5.390000000000001
2016-09-07,4.41
2016-09-08,4.48
2016-09-09,4.0600000000000005
2016-09-10,0.8400000000000001
2016-09-11,0.77
2016-09-12,4.2700000000000005
2016-09-13,4.130000000000001
2016-09-14,3.9200000000000004
2016-09-15,4.2
2016-09-16,3.99
2016-09-17,1.05
2016-09-18,0.9100000000000001
2016-09-19,3.22
2016-09-20,3.6400000000000006
2016-09-21,3.3600000000000003
2016-09-22,4.2
2016-09-23,3.7100000000000004
2016-09-24,1.61
2016-09-25,1.05
2016-09-26,3.43
2016-09-27,3.5000000000000004
2016-09-28,2.7300000000000004
2016-09-29,3.6400000000000006
2016-09-30,2.8000000000000003
2016-10-01,0.72
2016-10-02,0.72
2016-10-03,5.13
2016-10-04,2.61
2016-10-05,2.34
2016-10-06,2.88
2016-10-07,2.6999999999999997
2016-10-08,0.54
2016-10-09,0.63
2016-10-10,2.52
2016-10-11,2.25
2016-10-12,2.9699999999999998
2016-10-13,2.25
2016-10-14,2.25
2016-10-15,0.8999999999999999
2016-10-16,0.44999999999999996
2016-10-17,3.15
2016-10-18,3.42
2016-10-19,4.32
2016-10-20,5.31
2016-10-21,3.06
2016-10-22,0.8099999999999999
2016-10-23,0.44999999999999996
2016-10-24,3.2399999999999998
2016-10-25,3.42
2016-10-26,8.28
2016-10-27,9.0
2016-10-28,4.32
2016-10-29,2.25
2016-10-30,0.8099999999999999
2016-10-31,3.33
2016-11-01,7.38
2016-11-02,7.29
2016-11-03,5.3999999999999995
2016-11-04,5.3999999999999995
2016-11-05,1.7999999999999998
2016-11-06,1.44
2016-11-07,6.029999999999999
2016-11-08,5.22
2016-11-09,9.0
2016-11-10,7.83
2016-11-11,5.58
2016-11-12,0.99
2016-11-13,1.08
2016-11-14,5.9399999999999995
2016-11-15,5.67
2016-11-16,5.49
2016-11-17,7.739999999999999
2016-11-18,8.01
2016-11-19,1.6199999999999999
2016-11-20,1.6199999999999999
2016-11-21,5.67
2016-11-22,6.4799999999999995
2016-11-23,7.199999999999999
2016-11-24,1.53
2016-11-25,3.51
2016-11-26,1.89
2016-11-27,0.72
2016-11-28,4.77
2016-11-29,5.04
2016-11-30,5.13
2016-12-01,6.510000000000001
2016-12-02,6.23
2016-12-03,2.0300000000000002
2016-12-04,1.1900000000000002
2016-12-05,5.250000000000001
2016-12-06,5.74
2016-12-07,5.6000000000000005
2016-12-08,5.180000000000001
2016-12-09,3.8500000000000005
2016-12-10,1.9600000000000002
2016-12-11,0.49000000000000005
2016-12-12,3.6400000000000006
2016-12-13,5.95
2016-12-14,7.000000000000001
2016-12-15,5.390000000000001
2016-12-16,4.41
2016-12-17,1.8900000000000001
2016-12-18,0.9100000000000001
2016-12-19,4.41
2016-12-20,5.74
2016-12-21,6.300000000000001
2016-12-22,4.760000000000001
2016-12-23,3.9200000000000004
2016-12-24,1.54
2016-12-25,0.9100000000000001
2016-12-26,1.7500000000000002
2016-12-27,6.86
2016-12-28,6.090000000000001
2016-12-29,5.11
2016-12-30,4.62
2016-12-31,1.05
2017-01-01,0.72
2017-01-02,1.2
2017-01-03,5.68
2017-01-04,8.0
2017-01-05,5.92
2017-01-06,5.12
2017-01-07,1.44
2017-01-08,1.04
2017-01-09,4.48
2017-01-10,4.96
2017-01-11,4.72
2017-01-12,3.68
2017-01-13,4.8
2017-01-14,1.84
2017-01-15,1.12
2017-01-16,1.76
2017-01-17,4.16
2017-01-18,4.48
2017-01-19,6.640000000000001
2017-01-20,5.6000000000000005
2017-01-21,1.76
2017-01-22,1.04
2017-01-23,4.96
2017-01-24,6.16
2017-01-25,6.48
2017-01-26,5.84
2017-01-27,4.88
2017-01-28,1.52
2017-01-29,1.2
2017-01-30,4.88
2017-01-31,5.12
2017-02-01,4.16
2017-02-02,3.38
2017-02-03,2.99
2017-02-04,0.91
2017-02-05,0.65
2017-02-06,2.73
2017-02-07,3.77
2017-02-08,3.9000000000000004
2017-02-09,5.59
2017-02-10,4.8100000000000005
2017-02-11,1.69
2017-02-12,0.91
2017-02-13,5.46
2017-02-14,6.37
2017-02-15,5.720000000000001
2017-02-16,5.59
2017-02-17,5.46
2017-02-18,1.3
2017-02-19,0.91
2017-02-20,2.08
2017-02-21,5.46
2017-02-22,13.0
2017-02-23,12.870000000000001
2017-02-24,7.28
2017-02-25,1.4300000000000002
2017-02-26,1.17
2017-02-27,7.67
2017-02-28,6.76
2017-03-01,8.549999999999999
2017-03-02,6.75
2017-03-03,6.569999999999999
2017-03-04,1.98
2017-03-05,0.99
2017-03-06,5.22
2017-03-07,5.3999999999999995
2017-03-08,5.49
2017-03-09,5.3999999999999995
2017-03-10,5.22
2017-03-11,1.17
2017-03-12,0.8999999999999999
2017-03-13,3.8699999999999997
2017-03-14,6.569999999999999
2017-03-15,7.6499999999999995
2017-03-16,8.64
2017-03-17,6.39
2017-03-18,1.53
2017-03-19,1.08
2017-03-20,4.859999999999999
2017-03-21,5.9399999999999995
2017-03-22,4.859999999999999
2017-03-23,4.41
2017-03-24,5.49
2017-03-25,1.6199999999999999
2017-03-26,1.3499999999999999
2017-03-27,5.85
2017-03-28,9.0
2017-03-29,7.02
2017-03-30,6.21
2017-03-31,6.39
2017-04-01,0.9800000000000001
2017-04-02,1.2600000000000002
2017-04-03,12.740000000000002
2017-04-04,14.000000000000002
2017-04-05,9.38
2017-04-06,7.700000000000001
2017-04-07,6.16
2017-04-08,1.9600000000000002
2017-04-09,1.2600000000000002
2017-04-10,10.64
2017-04-11,9.24
2017-04-12,8.120000000000001
2017-04-13,8.82
2017-04-14,4.48
2017-04-15,1.8200000000000003
2017-04-16,1.2600000000000002
2017-04-17,5.040000000000001
2017-04-18,5.880000000000001
2017-04-19,5.32
2017-04-20,6.86
2017-04-21,5.32
2017-04-22,1.2600000000000002
2017-04-23,0.9800000000000001
2017-04-24,5.880000000000001
2017-04-25,6.44
2017-04-26,5.880000000000001
2017-04-27,5.6000000000000005
2017-04-28,5.040000000000001
2017-04-29,1.54
2017-04-30,1.9600000000000002
2017-05-01,7.840000000000001
2017-05-02,6.86
2017-05-03,12.040000000000001
2017-05-04,14.000000000000002
2017-05-05,8.120000000000001
2017-05-06,2.1
2017-05-07,1.4000000000000001
2017-05-08,6.16
2017-05-09,7.280000000000001
2017-05-10,7.98
2017-05-11,7.280000000000001
2017-05-12,5.6000000000000005
2017-05-13,2.24
2017-05-14,0.9800000000000001
2017-05-15,6.16
2017-05-16,5.460000000000001
2017-05-17,6.44
2017-05-18,6.0200000000000005
2017-05-19,4.9
2017-05-20,1.2600000000000002
2017-05-21,0.7000000000000001
2017-05-22,4.760000000000001
2017-05-23,4.9
2017-05-24,4.48
2017-05-25,4.9
2017-05-26,4.760000000000001
2017-05-27,1.4000000000000001
2017-05-28,0.9800000000000001
2017-05-29,1.12
2017-05-30,6.16
2017-05-31,7.280000000000001
2017-06-01,10.5
2017-06-02,9.0
2017-06-03,1.7999999999999998
2017-06-04,1.5
2017-06-05,8.549999999999999
2017-06-06,11.4
2017-06-07,10.95
2017-06-08,11.4
2017-06-09,15.0
2017-06-10,3.5999999999999996
2017-06-11,1.7999999999999998
2017-06-12,10.2
2017-06-13,11.85
2017-06-14,12.6
2017-06-15,12.75
2017-06-16,10.35
2017-06-17,2.55
2017-06-18,1.7999999999999998
2017-06-19,10.049999999999999
2017-06-20,10.95
2017-06-21,8.4
2017-06-22,9.75
2017-06-23,9.299999999999999
2017-06-24,2.25
2017-06-25,1.3499999999999999
2017-06-26,8.25
2017-06-27,8.25
2017-06-28,8.85
2017-06-29,9.0
2017-06-30,7.35
2017-07-01,1.1900000000000002
2017-07-02,1.53
2017-07-03,9.350000000000001
2017-07-04,2.72
2017-07-05,11.56
2017-07-06,17.0
2017-07-07,12.41
2017-07-08,3.06
2017-07-09,2.3800000000000003
2017-07-10,9.690000000000001
2017-07-11,8.5
2017-07-12,7.82
2017-07-13,6.460000000000001
2017-07-14,6.29
2017-07-15,2.21
2017-07-16,1.87
2017-07-17,7.48
2017-07-18,6.970000000000001
2017-07-19,5.78
2017-07-20,5.95
2017-07-21,4.42
2017-07-22,1.1900000000000002
2017-07-23,0.8500000000000001
2017-07-24,6.29
2017-07-25,6.12
2017-07-26,5.44
2017-07-27,6.12
2017-07-28,6.29
2017-07-29,3.91
2017-07-30,2.04
2017-07-31,7.48
2017-08-01,6.86
2017-08-02,13.72
2017-08-03,14.000000000000002
2017-08-04,7.140000000000001
2017-08-05,1.6800000000000002
2017-08-06,0.9800000000000001
2017-08-07,6.0200000000000005
2017-08-08,5.880000000000001
2017-08-09,6.0200000000000005
2017-08-10,5.460000000000001
2017-08-11,4.760000000000001
2017-08-12,1.2600000000000002
2017-08-13,0.7000000000000001
2017-08-14,4.48
2017-08-15,4.48
2017-08-16,4.48
2017-08-17,3.7800000000000002
2017-08-18,3.7800000000000002
2017-08-19,1.2600000000000002
2017-08-20,0.8400000000000001
2017-08-21,3.5000000000000004
2017-08-22,4.2
2017-08-23,4.2
2017-08-24,3.5000000000000004
2017-08-25,3.6400000000000006
2017-08-26,0.56
2017-08-27,0.7000000000000001
2017-08-28,3.22
2017-08-29,3.5000000000000004
2017-08-30,2.66
2017-08-31,3.08
2017-09-01,5.44
2017-09-02,1.04
2017-09-03,1.36
2017-09-04,1.28
2017-09-05,5.76
2017-09-06,5.5200000000000005
2017-09-07,5.12
2017-09-08,5.04
2017-09-09,1.2
2017-09-10,0.96
2017-09-11,7.84
2017-09-12,7.76
2017-09-13,6.72
2017-09-14,8.0
2017-09-15,6.640000000000001
2017-09-16,2.48
2017-09-17,1.12
2017-09-18,7.6000000000000005
2017-09-19,7.44
2017-09-20,6.8
2017-09-21,6.96
2017-09-22,7.2
2017-09-23,2.32
2017-09-24,1.2
2017-09-25,7.2
2017-09-26,5.84
2017-09-27,6.4
2017-09-28,6.32
2017-09-29,6.24
2017-09-30,1.52
2017-10-01,0.8
2017-10-02,7.4
2017-10-03,10.0
2017-10-04,6.4
2017-10-05,5.5
2017-10-06,5.9
2017-10-07,1.7000000000000002
2017-10-08,1.5
2017-10-09,6.2
2017-10-10,6.300000000000001
2017-10-11,5.7
2017-10-12,5.4
2017-10-13,4.2
2017-10-14,2.1
2017-10-15,1.0
2017-10-16,4.7
2017-10-17,5.9
2017-10-18,5.800000000000001
2017-10-19,5.800000000000001
2017-10-20,4.800000000000001
2017-10-21,1.3
2017-10-22,1.0
2017-10-23,5.300000000000001
2017-10-24,5.7
2017-10-25,6.4
2017-10-26,6.2
2017-10-27,7.6000000000000005
2017-10-28,1.9000000000000001
2017-10-29,1.5
2017-10-30,6.4
2017-10-31,6.300000000000001
2017-11-01,13.35
2017-11-02,14.399999999999999
2017-11-03,9.0
2017-11-04,2.4
2017-11-05,1.05
2017-11-06,5.3999999999999995
2017-11-07,5.25
2017-11-08,4.6499999999999995
2017-11-09,4.35
2017-11-10,3.9
2017-11-11,1.3499999999999999
2017-11-12,1.05
2017-11-13,4.5
2017-11-14,4.95
2017-11-15,4.2
2017-11-16,5.3999999999999995
2017-11-17,15.0
2017-11-18,2.85
2017-11-19,1.2
2017-11-20,4.5
2017-11-21,5.55
2017-11-22,4.6499999999999995
2017-11-23,1.5
2017-11-24,2.85
2017-11-25,1.5
2017-11-26,0.75
2017-11-27,3.75
2017-11-28,4.2
2017-11-29,4.95
2017-11-30,4.35
2017-12-01,5.6000000000000005
2017-12-02,1.92
2017-12-03,0.96
2017-12-04,4.5600000000000005
2017-12-05,4.8
2017-12-06,5.12
2017-12-07,6.0
2017-12-08,4.48
2017-12-09,1.68
2017-12-10,0.96
2017-12-11,5.76
2017-12-12,8.0
2017-12-13,6.32
2017-12-14,5.84
2017-12-15,6.16
2017-12-16,1.6
2017-12-17,1.04
2017-12-18,4.88
2017-12-19,5.92
2017-12-20,5.04
2017-12-21,4.88
2017-12-22,4.48
2017-12-23,1.68
2017-12-24,0.88
2017-12-25,1.2
2017-12-26,3.92
2017-12-27,5.28
2017-12-28,5.12
2017-12-29,3.92
2017-12-30,1.28
2017-12-31,0.8
2018-01-01,0.99
2018-01-02,4.32
2018-01-03,7.199999999999999
2018-01-04,9.0
2018-01-05,4.77
2018-01-06,1.6199999999999999
2018-01-07,0.99
2018-01-08,6.75
2018-01-09,5.85
2018-01-10,4.5
2018-01-11,4.95
2018-01-12,4.859999999999999
2018-01-13,1.26
2018-01-14,0.72
2018-01-15,1.7999999999999998
2018-01-16,4.95
2018-01-17,4.41
2018-01-18,4.95
2018-01-19,3.96
2018-01-20,1.17
2018-01-21,0.8999999999999999
2018-01-22,4.41
2018-01-23,6.66
2018-01-24,4.95
2018-01-25,5.3999999999999995
2018-01-26,4.859999999999999
2018-01-27,2.07
2018-01-28,0.99
2018-01-29,4.32
2018-01-30,3.8699999999999997
2018-01-31,4.41
2018-02-01,3.6
2018-02-02,3.9000000000000004
2018-02-03,1.3
2018-02-04,0.6000000000000001
2018-02-05,4.3
2018-02-06,5.6000000000000005
2018-02-07,8.1
2018-02-08,10.0
2018-02-09,7.300000000000001
2018-02-10,1.9000000000000001
2018-02-11,0.8
2018-02-12,4.0
2018-02-13,3.8000000000000003
2018-02-14,3.7
2018-02-15,3.7
2018-02-16,3.5
2018-02-17,0.9
2018-02-18,0.8
2018-02-19,1.2000000000000002
2018-02-20,3.2
2018-02-21,2.9000000000000004
2018-02-22,3.4000000000000004
2018-02-23,3.5
2018-02-24,1.0
2018-02-25,0.8
2018-02-26,3.4000000000000004
2018-02-27,3.1
2018-02-28,3.2
2018-03-01,2.31
2018-03-02,2.42
2018-03-03,0.77
2018-03-04,0.22
2018-03-05,1.98
2018-03-06,2.42
2018-03-07,2.2
2018-03-08,2.2
2018-03-09,2.53
2018-03-10,0.66
2018-03-11,0.44
2018-03-12,2.97
2018-03-13,2.53
2018-03-14,2.86
2018-03-15,2.86
2018-03-16,2.53
2018-03-17,0.77
2018-03-18,0.33
2018-03-19,2.53
2018-03-20,3.08
2018-03-21,3.08
2018-03-22,2.97
2018-03-23,2.75
2018-03-24,0.88
2018-03-25,0.33
2018-03-26,4.29
2018-03-27,6.05
2018-03-28,11.0
2018-03-29,10.45
2018-03-30,5.94
2018-03-31,2.53
2018-04-01,2.21
2018-04-02,17.0
2018-04-03,14.450000000000001
2018-04-04,10.88
2018-04-05,9.860000000000001
2018-04-06,9.01
2018-04-07,1.87
2018-04-08,1.36
2018-04-09,6.630000000000001
2018-04-10,7.48
2018-04-11,6.12
2018-04-12,6.12
2018-04-13,6.630000000000001
2018-04-14,1.36
2018-04-15,1.1900000000000002
2018-04-16,6.12
2018-04-17,8.16
2018-04-18,7.140000000000001
2018-04-19,5.78
2018-04-20,4.760000000000001
2018-04-21,1.1900000000000002
2018-04-22,1.1900000000000002
2018-04-23,4.760000000000001
2018-04-24,5.44
2018-04-25,5.2700000000000005
2018-04-26,4.930000000000001
2018-04-27,5.1000000000000005
2018-04-28,1.87
2018-04-29,1.1900000000000002
2018-04-30,5.1000000000000005
2018-05-01,5.22
2018-05-02,12.24
2018-05-03,18.0
2018-05-04,8.459999999999999
2018-05-05,2.34
2018-05-06,1.44
2018-05-07,6.12
2018-05-08,6.3
2018-05-09,5.58
2018-05-10,5.22
2018-05-11,5.22
2018-05-12,1.6199999999999999
2018-05-13,1.08
2018-05-14,5.76
2018-05-15,6.4799999999999995
2018-05-16,4.859999999999999
2018-05-17,5.22
2018-05-18,4.859999999999999
2018-05-19,1.6199999999999999
2018-05-20,1.26
2018-05-21,7.02
2018-05-22,5.9399999999999995
2018-05-23,5.9399999999999995
2018-05-24,5.76
2018-05-25,5.04
2018-05-26,1.44
2018-05-27,0.72
2018-05-28,1.26
2018-05-29,5.04
2018-05-30,5.3999999999999995
2018-05-31,4.68
2018-06-01,5.76
2018-06-02,1.7999999999999998
2018-06-03,1.08
2018-06-04,5.9399999999999995
2018-06-05,7.56
2018-06-06,14.399999999999999
2018-06-07,12.24
2018-06-08,9.0
2018-06-09,2.52
2018-06-10,1.08
2018-06-11,8.82
2018-06-12,18.0
2018-06-13,12.42
2018-06-14,11.879999999999999
2018-06-15,10.08
2018-06-16,2.6999999999999997
2018-06-17,1.98
2018-06-18,12.42
2018-06-19,13.86
2018-06-20,11.16
2018-06-21,10.44
2018-06-22,8.459999999999999
2018-06-23,2.34
2018-06-24,1.98
2018-06-25,9.18
2018-06-26,8.64
2018-06-27,8.64
2018-06-28,9.18
2018-06-29,8.82
2018-06-30,2.16
2018-07-01,3.8
2018-07-02,19.0
2018-07-03,13.870000000000001
2018-07-04,3.61
2018-07-05,13.11
2018-07-06,9.69
2018-07-07,2.2800000000000002
2018-07-08,1.71
2018-07-09,8.74
2018-07-10,9.88
2018-07-11,7.98
2018-07-12,8.36
2018-07-13,7.03
2018-07-14,2.09
2018-07-15,1.71
2018-07-16,10.26
2018-07-17,9.88
2018-07-18,8.36
2018-07-19,8.55
2018-07-20,8.17
2018-07-21,3.04
2018-07-22,2.09
2018-07-23,13.49
2018-07-24,11.4
2018-07-25,10.26
2018-07-26,9.5
2018-07-27,9.5
2018-07-28,2.85
2018-07-29,2.09
2018-07-30,9.5
2018-07-31,9.88
2018-08-01,25.41
2018-08-02,26.400000000000002
2018-08-03,13.200000000000001
2018-08-04,2.97
2018-08-05,1.6500000000000001
2018-08-06,8.91
2018-08-07,33.0
2018-08-08,27.060000000000002
2018-08-09,19.14
2018-08-10,15.84
2018-08-11,3.6300000000000003
2018-08-12,2.64
2018-08-13,14.850000000000001
2018-08-14,11.22
2018-08-15,12.540000000000001
2018-08-16,10.23
2018-08-17,19.470000000000002
2018-08-18,6.2700000000000005
2018-08-19,2.97
2018-08-20,19.470000000000002
2018-08-21,13.860000000000001
2018-08-22,11.88
2018-08-23,9.57
2018-08-24,7.92
2018-08-25,5.94
2018-08-26,2.64
2018-08-27,14.190000000000001
2018-08-28,9.24
2018-08-29,8.58
2018-08-30,7.92
2018-08-31,6.930000000000001
2018-09-01,1.35
2018-09-02,0.81
2018-09-03,1.35
2018-09-04,7.0200000000000005
2018-09-05,8.370000000000001
2018-09-06,8.100000000000001
2018-09-07,21.330000000000002
2018-09-08,6.48
2018-09-09,2.7
2018-09-10,12.15
2018-09-11,11.07
2018-09-12,8.370000000000001
2018-09-13,7.5600000000000005
2018-09-14,6.75
2018-09-15,1.8900000000000001
2018-09-16,1.35
2018-09-17,7.0200000000000005
2018-09-18,10.530000000000001
2018-09-19,7.83
2018-09-20,6.75
2018-09-21,5.67
2018-09-22,1.62
2018-09-23,1.08
2018-09-24,5.130000000000001
2018-09-25,4.86
2018-09-26,5.67
2018-09-27,14.850000000000001
2018-09-28,27.0
2018-09-29,8.100000000000001
2018-09-30,7.5600000000000005
2018-10-01,34.0
2018-10-02,24.48
2018-10-03,14.96
2018-10-04,16.32
2018-10-05,18.360000000000003
2018-10-06,5.44
2018-10-07,2.72
2018-10-08,17.34
2018-10-09,18.360000000000003
2018-10-10,18.360000000000003
2018-10-11,14.620000000000001
2018-10-12,13.600000000000001
2018-10-13,3.4000000000000004
2018-10-14,2.3800000000000003
2018-10-15,9.520000000000001
2018-10-16,12.920000000000002
2018-10-17,13.600000000000001
2018-10-18,11.22
2018-10-19,11.9
2018-10-20,2.3800000000000003
2018-10-21,2.04
2018-10-22,8.84
2018-10-23,20.400000000000002
2018-10-24,34.0
2018-10-25,31.62
2018-10-26,21.76
2018-10-27,6.12
2018-10-28,3.06
2018-10-29,14.96
2018-10-30,13.260000000000002
2018-10-31,11.22
2018-11-01,14.000000000000002
2018-11-02,13.160000000000002
2018-11-03,3.9200000000000004
2018-11-04,1.9600000000000002
2018-11-05,9.8
2018-11-06,10.64
2018-11-07,9.520000000000001
2018-11-08,13.020000000000001
2018-11-09,10.780000000000001
2018-11-10,2.5200000000000005
2018-11-11,1.9600000000000002
2018-11-12,8.4
2018-11-13,9.940000000000001
2018-11-14,9.100000000000001
2018-11-15,8.680000000000001
2018-11-16,8.82
2018-11-17,2.5200000000000005
2018-11-18,1.4000000000000001
2018-11-19,9.520000000000001
2018-11-20,10.360000000000001
2018-11-21,8.96
2018-11-22,2.1
2018-11-23,5.460000000000001
2018-11-24,2.5200000000000005
2018-11-25,1.4000000000000001
2018-11-26,8.540000000000001
2018-11-27,9.100000000000001
2018-11-28,7.420000000000001
2018-11-29,7.98
2018-11-30,8.120000000000001
2018-12-01,2.73
2018-12-02,1.9500000000000002
2018-12-03,11.05
2018-12-04,11.700000000000001
2018-12-05,7.54
2018-12-06,10.14
2018-12-07,13.0
2018-12-08,3.5100000000000002
2018-12-09,1.9500000000000002
2018-12-10,11.05
2018-12-11,9.88
2018-12-12,10.01
2018-12-13,11.440000000000001
2018-12-14,10.14
2018-12-15,3.38
2018-12-16,1.56
2018-12-17,8.450000000000001
2018-12-18,9.36
2018-12-19,10.27
2018-12-20,10.66
2018-12-21,9.88
2018-12-22,3.5100000000000002
2018-12-23,1.69
2018-12-24,9.49
2018-12-25,3.77
2018-12-26,11.96
2018-12-27,10.92
2018-12-28,9.88
2018-12-29,3.9000000000000004
2018-12-30,1.69
2018-12-31,7.54
2019-01-01,1.87
2019-01-02,13.090000000000002
2019-01-03,10.71
2019-01-04,8.67
2019-01-05,2.04
2019-01-06,1.36
2019-01-07,6.800000000000001
2019-01-08,7.48
2019-01-09,6.630000000000001
2019-01-10,6.630000000000001
2019-01-11,6.460000000000001
2019-01-12,1.87
2019-01-13,1.36
2019-01-14,6.12
2019-01-15,5.78
2019-01-16,6.29
2019-01-17,4.930000000000001
2019-01-18,14.790000000000001
2019-01-19,5.2700000000000005
2019-01-20,2.3800000000000003
2019-01-21,3.74
2019-01-22,9.01
2019-01-23,11.39
2019-01-24,9.520000000000001
2019-01-25,8.33
2019-01-26,2.72
2019-01-27,1.36
2019-01-28,7.65
2019-01-29,7.99
2019-01-30,16.66
2019-01-31,17.0
2019-02-01,8.32
2019-02-02,2.08
2019-02-03,1.28
2019-02-04,6.5600000000000005
2019-02-05,5.92
2019-02-06,6.4
2019-02-07,5.92
2019-02-08,5.12
2019-02-09,1.92
2019-02-10,1.12
2019-02-11,7.36
2019-02-12,5.92
2019-02-13,5.12
2019-02-14,5.92
2019-02-15,5.28
2019-02-16,1.6
2019-02-17,1.12
2019-02-18,2.56
2019-02-19,6.08
2019-02-20,7.84
2019-02-21,8.64
2019-02-22,8.32
2019-02-23,3.2
2019-02-24,3.04
2019-02-25,6.88
2019-02-26,14.08
2019-02-27,9.6
2019-02-28,16.0
2019-03-01,24.0
2019-03-02,7.92
2019-03-03,4.32
2019-03-04,14.879999999999999
2019-03-05,18.0
2019-03-06,14.639999999999999
2019-03-07,14.879999999999999
2019-03-08,13.68
2019-03-09,5.76
2019-03-10,4.32
2019-03-11,12.719999999999999
2019-03-12,11.28
2019-03-13,12.48
2019-03-14,12.24
2019-03-15,20.64
2019-03-16,6.24
2019-03-17,4.08
2019-03-18,12.719999999999999
2019-03-19,13.68
2019-03-20,12.48
2019-03-21,12.0
2019-03-22,12.48
2019-03-23,5.52
2019-03-24,3.84
2019-03-25,12.24
2019-03-26,11.76
2019-03-27,11.28
2019-03-28,10.32
2019-03-29,9.84
2019-03-30,4.56
2019-03-31,3.12
2019-04-01,10.149999999999999
2019-04-02,12.469999999999999
2019-04-03,14.499999999999998
2019-04-04,28.999999999999996
2019-04-05,15.95
2019-04-06,5.22
2019-04-07,4.06
2019-04-08,11.6
2019-04-09,11.309999999999999
2019-04-10,11.309999999999999
2019-04-11,13.34
2019-04-12,13.049999999999999
2019-04-13,4.93
2019-04-14,3.7699999999999996
2019-04-15,11.02
2019-04-16,10.729999999999999
2019-04-17,10.44
2019-04-18,8.41
2019-04-19,6.67
2019-04-20,4.64
2019-04-21,4.64
2019-04-22,15.659999999999998
2019-04-23,17.689999999999998
2019-04-24,26.68
2019-04-25,28.709999999999997
2019-04-26,21.75
2019-04-27,8.41
2019-04-28,5.51
2019-04-29,16.529999999999998
2019-04-30,13.049999999999999
2019-05-01,18.549999999999997
2019-05-02,22.4
2019-05-03,20.65
2019-05-04,8.75
2019-05-05,5.25
2019-05-06,16.099999999999998
2019-05-07,15.399999999999999
2019-05-08,13.649999999999999
2019-05-09,13.649999999999999
2019-05-10,13.299999999999999
2019-05-11,6.6499999999999995
2019-05-12,6.3
2019-05-13,17.15
2019-05-14,15.749999999999998
2019-05-15,14.7
2019-05-16,15.749999999999998
2019-05-17,22.049999999999997
2019-05-18,9.45
2019-05-19,7.35
2019-05-20,29.4
2019-05-21,29.049999999999997
2019-05-22,31.499999999999996
2019-05-23,35.0
2019-05-24,26.599999999999998
2019-05-25,8.75
2019-05-26,7.699999999999999
2019-05-27,7.0
2019-05-28,21.0
2019-05-29,22.75
2019-05-30,21.7
2019-05-31,19.599999999999998
2019-06-01,8.58
2019-06-02,6.5
2019-06-03,21.060000000000002
2019-06-04,23.14
2019-06-05,22.62
2019-06-06,23.400000000000002
2019-06-07,19.76
2019-06-08,7.800000000000001
2019-06-09,4.42
2019-06-10,18.2
2019-06-11,22.36
2019-06-12,26.0
2019-06-13,17.16
2019-06-14,14.56
2019-06-15,6.5
2019-06-16,4.42
2019-06-17,16.64
2019-06-18,17.68
2019-06-19,14.82
2019-06-20,14.82
2019-06-21,12.22
2019-06-22,3.12
2019-06-23,2.6
2019-06-24,11.700000000000001
2019-06-25,11.18
2019-06-26,13.0
2019-06-27,10.92
2019-06-28,11.18
2019-06-29,3.12
2019-06-30,1.82
2019-07-01,6.82
2019-07-02,14.3
2019-07-03,16.72
2019-07-04,3.08
2019-07-05,6.38
2019-07-06,1.98
2019-07-07,1.54
2019-07-08,6.82
2019-07-09,6.16
2019-07-10,7.48
2019-07-11,7.26
2019-07-12,6.82
2019-07-13,2.42
2019-07-14,1.32
2019-07-15,7.7
2019-07-16,8.8
2019-07-17,7.7
2019-07-18,6.82
2019-07-19,6.38
2019-07-20,2.2
2019-07-21,1.32
2019-07-22,7.48
2019-07-23,7.7
2019-07-24,20.68
2019-07-25,22.0
2019-07-26,9.68
2019-07-27,2.42
2019-07-28,1.54
2019-07-29,7.7
2019-07-30,8.58
2019-07-31,6.82
2019-08-01,12.0
2019-08-02,9.48
2019-08-03,2.52
2019-08-04,1.68
2019-08-05,11.4
2019-08-06,10.559999999999999
2019-08-07,9.959999999999999
2019-08-08,9.12
2019-08-09,9.24
2019-08-10,2.6399999999999997
2019-08-11,1.7999999999999998
2019-08-12,8.28
2019-08-13,9.24
2019-08-14,11.16
2019-08-15,11.16
2019-08-16,8.16
2019-08-17,2.4
2019-08-18,1.68
2019-08-19,9.48
2019-08-20,9.6
2019-08-21,10.44
2019-08-22,10.799999999999999
2019-08-23,11.28
2019-08-24,3.2399999999999998
2019-08-25,2.04
2019-08-26,9.12
2019-08-27,8.879999999999999
2019-08-28,7.4399999999999995
2019-08-29,8.04
2019-08-30,11.04
2019-08-31,2.28
2019-09-01,1.1
2019-09-02,1.76
2019-09-03,8.03
2019-09-04,8.47
2019-09-05,9.9
2019-09-06,6.82
2019-09-07,2.64
2019-09-08,1.87
2019-09-09,7.37
2019-09-10,7.37
2019-09-11,11.0
2019-09-12,10.12
2019-09-13,7.92
2019-09-14,2.09
2019-09-15,1.54
2019-09-16,8.47
2019-09-17,8.14
2019-09-18,7.37
2019-09-19,8.25
2019-09-20,7.15
2019-09-21,1.54
2019-09-22,0.99
2019-09-23,7.48
2019-09-24,9.790000000000001
2019-09-25,8.36
2019-09-26,10.12
2019-09-27,9.13
2019-09-28,2.86
2019-09-29,1.87
2019-09-30,8.03
2019-10-01,3.74
2019-10-02,5.78
2019-10-03,6.460000000000001
2019-10-04,3.91
2019-10-05,0.8500000000000001
2019-10-06,0.68
2019-10-07,3.74
2019-10-08,3.74
2019-10-09,3.4000000000000004
2019-10-10,3.4000000000000004
2019-10-11,3.2300000000000004
2019-10-12,0.8500000000000001
2019-10-13,0.51
2019-10-14,4.25
2019-10-15,4.25
2019-10-16,3.5700000000000003
2019-10-17,4.42
2019-10-18,3.5700000000000003
2019-10-19,0.68
2019-10-20,0.68
2019-10-21,3.5700000000000003
2019-10-22,4.25
2019-10-23,13.090000000000002
2019-10-24,17.0
2019-10-25,13.260000000000002
2019-10-26,3.2300000000000004
2019-10-27,1.36
2019-10-28,7.65
2019-10-29,6.29
2019-10-30,5.2700000000000005
2019-10-31,4.25
2019-11-01,4.590000000000001
2019-11-02,1.1900000000000002
2019-11-03,1.02
2019-11-04,4.590000000000001
2019-11-05,4.42
2019-11-06,4.42
2019-11-07,5.61
2019-11-08,5.1000000000000005
2019-11-09,1.1900000000000002
2019-11-10,0.8500000000000001
2019-11-11,4.590000000000001
2019-11-12,5.61
2019-11-13,6.12
2019-11-14,5.44
2019-11-15,4.590000000000001
2019-11-16,1.36
2019-11-17,1.02
2019-11-18,4.590000000000001
2019-11-19,5.1000000000000005
2019-11-20,5.2700000000000005
2019-11-21,5.95
2019-11-22,17.0
2019-11-23,4.08
2019-11-24,2.5500000000000003
2019-11-25,8.16
2019-11-26,5.95
2019-11-27,5.2700000000000005
2019-11-28,1.7000000000000002
2019-11-29,2.5500000000000003
2019-11-30,1.02
2019-12-01,1.1400000000000001
2019-12-02,5.51
2019-12-03,7.22
2019-12-04,6.2700000000000005
2019-12-05,5.51
2019-12-06,6.2700000000000005
2019-12-07,2.47
2019-12-08,0.95
2019-12-09,5.7
2019-12-10,5.13
2019-12-11,7.03
2019-12-12,7.41
2019-12-13,7.79
2019-12-14,1.9
2019-12-15,1.33
2019-12-16,10.45
2019-12-17,10.07
2019-12-18,11.59
2019-12-19,15.77
2019-12-20,12.92
2019-12-21,4.18
2019-12-22,2.66
2019-12-23,19.0
2019-12-24,13.11
2019-12-25,3.8
2019-12-26,11.78
2019-12-27,11.4
2019-12-28,3.61
2019-12-29,2.47
2019-12-30,11.97
2019-12-31,9.88
2020-01-01,2.1
2020-01-02,7.9799999999999995
2020-01-03,13.86
2020-01-04,3.36
2020-01-05,1.68
2020-01-06,7.9799999999999995
2020-01-07,12.18
2020-01-08,15.959999999999999
2020-01-09,15.54
2020-01-10,11.76
2020-01-11,3.36
2020-01-12,1.68
2020-01-13,16.38
2020-01-14,18.48
2020-01-15,15.54
2020-01-16,15.959999999999999
2020-01-17,13.02
2020-01-18,3.36
2020-01-19,1.68
2020-01-20,3.78
2020-01-21,13.86
2020-01-22,20.16
2020-01-23,16.38
2020-01-24,12.6
2020-01-25,3.78
2020-01-26,2.1
2020-01-27,11.34
2020-01-28,10.92
2020-01-29,26.04
2020-01-30,42.0
2020-01-31,19.74
2020-02-01,5.6
2020-02-02,2.8
2020-02-03,33.599999999999994
2020-02-04,70.0
2020-02-05,68.6
2020-02-06,43.4
2020-02-07,23.799999999999997
2020-02-08,6.3
2020-02-09,4.199999999999999
2020-02-10,19.599999999999998
2020-02-11,17.5
2020-02-12,16.099999999999998
2020-02-13,21.0
2020-02-14,16.799999999999997
2020-02-15,4.199999999999999
2020-02-16,2.8
2020-02-17,5.6
2020-02-18,16.099999999999998
2020-02-19,23.799999999999997
2020-02-20,20.299999999999997
2020-02-21,16.799999999999997
2020-02-22,4.199999999999999
2020-02-23,2.8
2020-02-24,17.5
2020-02-25,17.5
2020-02-26,15.399999999999999
2020-02-27,20.299999999999997
2020-02-28,22.4
2020-02-29,6.3
2020-03-01,7.31
2020-03-02,36.98
2020-03-03,36.55
2020-03-04,31.39
2020-03-05,30.099999999999998
2020-03-06,28.38
2020-03-07,7.74
2020-03-08,6.02
2020-03-09,37.41
2020-03-10,35.26
2020-03-11,30.96
2020-03-12,38.269999999999996
2020-03-13,37.839999999999996
2020-03-14,10.32
2020-03-15,7.31
2020-03-16,33.97
2020-03-17,33.97
2020-03-18,43.0
2020-03-19,41.71
2020-03-20,38.269999999999996
2020-03-21,11.61
2020-03-22,6.45
2020-03-23,28.81
2020-03-24,30.53
2020-03-25,30.96
2020-03-26,28.81
2020-03-27,25.37
2020-03-28,8.17
2020-03-29,5.59
2020-03-30,19.78
2020-03-31,21.5
2020-04-01,19.38
2020-04-02,25.84
2020-04-03,26.98
2020-04-04,6.46
2020-04-05,4.18
2020-04-06,20.52
2020-04-07,19.38
2020-04-08,20.9
2020-04-09,18.240000000000002
2020-04-10,9.5
2020-04-11,3.42
2020-04-12,3.04
2020-04-13,22.04
2020-04-14,30.4
2020-04-15,31.16
2020-04-16,25.46
2020-04-17,23.94
2020-04-18,6.46
2020-04-19,4.5600000000000005
2020-04-20,19.38
2020-04-21,21.28
2020-04-22,22.8
2020-04-23,18.240000000000002
2020-04-24,16.34
2020-04-25,4.5600000000000005
2020-04-26,3.8
2020-04-27,22.04
2020-04-28,24.32
2020-04-29,36.86
2020-04-30,38.0
2020-05-01,30.0
2020-05-02,11.4
2020-05-03,6.0
2020-05-04,17.7
2020-05-05,17.7
2020-05-06,14.1
2020-05-07,14.399999999999999
2020-05-08,15.0
2020-05-09,5.1
2020-05-10,4.5
2020-05-11,17.7
2020-05-12,17.4
2020-05-13,15.0
2020-05-14,12.9
2020-05-15,12.0
2020-05-16,3.3
2020-05-17,2.4
2020-05-18,12.0
2020-05-19,11.1
2020-05-20,9.9
2020-05-21,9.6
2020-05-22,9.0
2020-05-23,3.3
2020-05-24,1.7999999999999998
2020-05-25,2.4
2020-05-26,10.2
2020-05-27,13.5
2020-05-28,9.9
2020-05-29,9.9
2020-05-30,5.1
2020-05-31,3.9
2020-06-01,21.12
2020-06-02,21.44
2020-06-03,18.240000000000002
2020-06-04,13.120000000000001
2020-06-05,15.040000000000001
2020-06-06,4.8
2020-06-07,2.88
2020-06-08,20.16
2020-06-09,23.36
2020-06-10,32.0
2020-06-11,31.68
2020-06-12,25.28
2020-06-13,6.72
2020-06-14,3.52
2020-06-15,20.8
2020-06-16,22.080000000000002
2020-06-17,18.88
2020-06-18,18.88
2020-06-19,18.88
2020-06-20,5.12
2020-06-21,3.52
2020-06-22,15.68
2020-06-23,15.040000000000001
2020-06-24,17.28
2020-06-25,16.32
2020-06-26,15.68
2020-06-27,4.8
2020-06-28,3.2
2020-06-29,14.72
2020-06-30,24.0
2020-07-01,22.5
2020-07-02,32.25
2020-07-03,11.25
2020-07-04,4.5
2020-07-05,4.5
2020-07-06,33.0
2020-07-07,39.0
2020-07-08,27.75
2020-07-09,25.5
2020-07-10,32.25
2020-07-11,12.75
2020-07-12,7.5
2020-07-13,66.75
2020-07-14,54.75
2020-07-15,36.0
2020-07-16,30.75
2020-07-17,25.5
2020-07-18,7.5
2020-07-19,5.25
2020-07-20,32.25
2020-07-21,37.5
2020-07-22,75.0
2020-07-23,70.5
2020-07-24,36.75
2020-07-25,9.75
2020-07-26,5.25
2020-07-27,27.0
2020-07-28,26.25
2020-07-29,24.75
2020-07-30,22.5
2020-07-31,22.5
2020-08-01,4.34
2020-08-02,3.7199999999999998
2020-08-03,14.26
2020-08-04,13.64
2020-08-05,12.4
2020-08-06,11.78
2020-08-07,11.16
2020-08-08,3.1
2020-08-09,1.8599999999999999
2020-08-10,11.16
2020-08-11,17.36
2020-08-12,29.759999999999998
2020-08-13,22.94
2020-08-14,19.84
2020-08-15,5.58
2020-08-16,3.7199999999999998
2020-08-17,24.18
2020-08-18,31.0
2020-08-19,22.94
2020-08-20,30.38
2020-08-21,35.96
2020-08-22,8.68
2020-08-23,4.96
2020-08-24,29.759999999999998
2020-08-25,22.94
2020-08-26,24.18
2020-08-27,26.04
2020-08-28,28.52
2020-08-29,9.3
2020-08-30,7.4399999999999995
2020-08-31,62.0
2020-09-01,100.0
2020-09-02,82.0
2020-09-03,85.0
2020-09-04,91.0
2020-09-05,26.0
2020-09-06,10.0
2020-09-07,15.0
2020-09-08,97.0
2020-09-09,82.0
2020-09-10,62.0
2020-09-11,47.0
2020-09-12,12.0
2020-09-13,7.0
2020-09-14,50.0
2020-09-15,61.0
2020-09-16,48.0
2020-09-17,43.0
2020-09-18,42.0
2020-09-19,12.0
2020-09-20,8.0
2020-09-21,54.0
2020-09-22,79.0
2020-09-23,81.0
2020-09-24,55.0
2020-09-25,41.0
2020-09-26,11.0
2020-09-27,7.0
2020-09-28,35.0
2020-09-29,32.0
2020-09-30,32.0
2020-10-01,33.12
2020-10-02,38.4
2020-10-03,11.04
2020-10-04,6.24
2020-10-05,29.759999999999998
2020-10-06,27.84
2020-10-07,25.919999999999998
2020-10-08,27.36
2020-10-09,26.4
2020-10-10,6.72
2020-10-11,4.8
2020-10-12,26.88
2020-10-13,26.4
2020-10-14,27.84
2020-10-15,29.279999999999998
2020-10-16,24.96
2020-10-17,6.72
2020-10-18,4.8
2020-10-19,24.96
2020-10-20,26.88
2020-10-21,46.559999999999995
2020-10-22,48.0
2020-10-23,30.24
2020-10-24,6.24
2020-10-25,4.32
2020-10-26,23.04
2020-10-27,23.04
2020-10-28,25.439999999999998
2020-10-29,23.04
2020-10-30,26.88
2020-10-31,6.24
2020-11-01,2.7600000000000002
2020-11-02,15.180000000000001
2020-11-03,15.64
2020-11-04,10.58
2020-11-05,11.040000000000001
2020-11-06,11.5
2020-11-07,3.22
2020-11-08,2.3000000000000003
2020-11-09,16.560000000000002
2020-11-10,14.72
2020-11-11,12.42
2020-11-12,11.96
2020-11-13,13.34
2020-11-14,3.22
2020-11-15,2.3000000000000003
2020-11-16,20.240000000000002
2020-11-17,46.0
2020-11-18,29.900000000000002
2020-11-19,30.82
2020-11-20,24.380000000000003
2020-11-21,5.98
2020-11-22,3.22
2020-11-23,21.62
2020-11-24,31.740000000000002
2020-11-25,27.6
2020-11-26,9.66
2020-11-27,20.240000000000002
2020-11-28,5.98
2020-11-29,4.6000000000000005
2020-11-30,23.46
2020-12-01,45.54
2020-12-02,44.849999999999994
2020-12-03,44.849999999999994
2020-12-04,41.4
2020-12-05,11.729999999999999
2020-12-06,7.59
2020-12-07,45.54
2020-12-08,58.65
2020-12-09,54.51
2020-12-10,56.58
2020-12-11,42.779999999999994
2020-12-12,13.11
2020-12-13,7.59
2020-12-14,39.33
2020-12-15,39.33
2020-12-16,40.709999999999994
2020-12-17,40.019999999999996
2020-12-18,69.0
2020-12-19,24.839999999999996
2020-12-20,11.729999999999999
2020-12-21,55.199999999999996
2020-12-22,51.059999999999995
2020-12-23,44.849999999999994
2020-12-24,34.5
2020-12-25,10.35
2020-12-26,6.8999999999999995
2020-12-27,6.8999999999999995
2020-12-28,36.57
2020-12-29,32.43
2020-12-30,33.809999999999995
2020-12-31,41.4
2021-01-01,10.05
2021-01-02,8.040000000000001
2021-01-03,7.37
2021-01-04,31.490000000000002
2021-01-05,30.82
2021-01-06,34.17
2021-01-07,58.96
2021-01-08,67.0
2021-01-09,19.43
2021-01-10,10.72
2021-01-11,48.910000000000004
2021-01-12,44.220000000000006
2021-01-13,38.86
2021-01-14,35.510000000000005
2021-01-15,30.82
2021-01-16,9.38
2021-01-17,6.03
2021-01-18,10.72
2021-01-19,28.14
2021-01-20,28.14
2021-01-21,26.8
2021-01-22,24.790000000000003
2021-01-23,6.7
2021-01-24,5.36
2021-01-25,30.82
2021-01-26,30.82
2021-01-27,47.57
2021-01-28,50.25
2021-01-29,32.160000000000004
2021-01-30,12.06
2021-01-31,6.7
2021-02-01,21.6
2021-02-02,22.68
2021-02-03,21.6
2021-02-04,17.82
2021-02-05,16.200000000000003
2021-02-06,5.4
2021-02-07,3.24
2021-02-08,18.36
2021-02-09,18.900000000000002
2021-02-10,20.520000000000003
2021-02-11,18.900000000000002
2021-02-12,19.44
2021-02-13,5.94
2021-02-14,3.24
2021-02-15,6.48
2021-02-16,16.740000000000002
2021-02-17,20.520000000000003
2021-02-18,19.98
2021-02-19,16.740000000000002
2021-02-20,4.86
2021-02-21,3.24
2021-02-22,22.14
2021-02-23,54.0
2021-02-24,33.480000000000004
2021-02-25,26.46
2021-02-26,26.46
2021-02-27,7.0200000000000005
2021-02-28,4.86
2021-03-01,28.98
2021-03-02,28.35
2021-03-03,29.61
2021-03-04,41.58
2021-03-05,63.0
2021-03-06,16.38
2021-03-07,8.82
2021-03-08,43.47
2021-03-09,59.22
2021-03-10,49.14
2021-03-11,34.65
2021-03-12,32.13
2021-03-13,8.82
2021-03-14,4.41
2021-03-15,27.09
2021-03-16,25.2
2021-03-17,28.35
2021-03-18,27.72
2021-03-19,28.35
2021-03-20,7.5600000000000005
2021-03-21,5.67
2021-03-22,30.240000000000002
2021-03-23,27.72
2021-03-24,27.09
2021-03-25,27.09
2021-03-26,28.35
2021-03-27,6.93
2021-03-28,4.41
2021-03-29,26.46
2021-03-30,28.35
2021-03-31,26.46
2021-04-01,35.5
2021-04-02,22.5
2021-04-03,7.0
2021-04-04,6.5
2021-04-05,47.5
2021-04-06,32.0
2021-04-07,29.0
2021-04-08,28.5
2021-04-09,27.5
2021-04-10,7.0
2021-04-11,4.0
2021-04-12,31.0
2021-04-13,38.5
2021-04-14,40.0
2021-04-15,31.5
2021-04-16,28.0
2021-04-17,7.5
2021-04-18,6.0
2021-04-19,36.0
2021-04-20,31.0
2021-04-21,29.5
2021-04-22,29.0
2021-04-23,27.0
2021-04-24,6.5
2021-04-25,4.5
2021-04-26,49.0
2021-04-27,50.0
2021-04-28,32.5
2021-04-29,30.5
2021-04-30,30.0
2021-05-01,7.56
2021-05-02,5.46
2021-05-03,29.82
2021-05-04,26.88
2021-05-05,25.2
2021-05-06,28.14
2021-05-07,26.459999999999997
2021-05-08,7.56
2021-05-09,6.3
2021-05-10,30.66
2021-05-11,38.22
2021-05-12,36.96
2021-05-13,42.0
2021-05-14,35.699999999999996
2021-05-15,9.66
2021-05-16,6.3
2021-05-17,34.44
2021-05-18,36.96
2021-05-19,38.22
2021-05-20,33.18
2021-05-21,31.5
2021-05-22,7.56
2021-05-23,5.04
2021-05-24,28.56
2021-05-25,28.98
2021-05-26,26.88
2021-05-27,28.14
2021-05-28,24.779999999999998
2021-05-29,5.88
2021-05-30,4.2
2021-05-31,4.62
2021-06-01,21.599999999999998
2021-06-02,22.68
2021-06-03,25.56
2021-06-04,27.72
2021-06-05,6.4799999999999995
2021-06-06,3.96
2021-06-07,22.68
2021-06-08,24.48
2021-06-09,21.24
2021-06-10,21.24
2021-06-11,23.759999999999998
2021-06-12,4.32
2021-06-13,3.96
2021-06-14,18.36
2021-06-15,19.439999999999998
2021-06-16,19.08
2021-06-17,20.52
2021-06-18,20.52
2021-06-19,5.04
2021-06-20,2.52
2021-06-21,18.36
2021-06-22,19.439999999999998
2021-06-23,24.48
2021-06-24,36.0
2021-06-25,26.279999999999998
2021-06-26,5.3999999999999995
2021-06-27,4.32
2021-06-28,24.119999999999997
2021-06-29,20.88
2021-06-30,18.72
2021-07-01,15.19
2021-07-02,17.36
2021-07-03,3.7199999999999998
2021-07-04,2.48
2021-07-05,4.34
2021-07-06,16.12
2021-07-07,15.5
2021-07-08,16.74
2021-07-09,14.26
2021-07-10,3.41
2021-07-11,2.48
2021-07-12,17.05
2021-07-13,18.29
2021-07-14,15.81
2021-07-15,16.12
2021-07-16,12.4
2021-07-17,3.1
2021-07-18,2.17
2021-07-19,14.57
2021-07-20,14.879999999999999
2021-07-21,12.709999999999999
2021-07-22,13.95
2021-07-23,13.33
2021-07-24,3.41
2021-07-25,2.79
2021-07-26,27.28
2021-07-27,31.0
2021-07-28,16.74
2021-07-29,17.98
2021-07-30,17.05
2021-07-31,4.34
2021-08-01,3.4799999999999995
2021-08-02,28.999999999999996
2021-08-03,23.779999999999998
2021-08-04,21.459999999999997
2021-08-05,19.72
2021-08-06,20.59
2021-08-07,4.64
2021-08-08,3.19
2021-08-09,19.43
2021-08-10,20.299999999999997
2021-08-11,17.689999999999998
2021-08-12,20.009999999999998
2021-08-13,18.27
2021-08-14,3.7699999999999996
2021-08-15,3.19
2021-08-16,22.91
2021-08-17,24.65
2021-08-18,24.36
2021-08-19,21.459999999999997
2021-08-20,22.33
2021-08-21,4.93
2021-08-22,2.9
2021-08-23,20.59
2021-08-24,21.169999999999998
2021-08-25,17.98
2021-08-26,16.82
2021-08-27,19.139999999999997
2021-08-28,4.93
2021-08-29,2.9
2021-08-30,18.27
2021-08-31,19.139999999999997
2021-09-01,16.560000000000002
2021-09-02,14.030000000000001
2021-09-03,15.180000000000001
2021-09-04,4.140000000000001
2021-09-05,2.7600000000000002
2021-09-06,4.6000000000000005
2021-09-07,18.17
2021-09-08,18.17
2021-09-09,17.25
2021-09-10,16.79
2021-09-11,3.45
2021-09-12,2.5300000000000002
2021-09-13,16.560000000000002
2021-09-14,15.870000000000001
2021-09-15,15.180000000000001
2021-09-16,14.950000000000001
2021-09-17,13.34
2021-09-18,3.45
2021-09-19,3.68
2021-09-20,17.94
2021-09-21,17.25
2021-09-22,15.180000000000001
2021-09-23,14.26
2021-09-24,17.94
2021-09-25,4.140000000000001
2021-09-26,2.3000000000000003
2021-09-27,18.86
2021-09-28,23.0
2021-09-29,18.400000000000002
2021-09-30,17.71
2021-10-01,10.66
2021-10-02,3.69
2021-10-03,2.8699999999999997
2021-10-04,15.17
2021-10-05,13.12
2021-10-06,11.069999999999999
2021-10-07,11.889999999999999
2021-10-08,12.299999999999999
2021-10-09,2.8699999999999997
2021-10-10,1.64
2021-10-11,10.66
2021-10-12,13.12
2021-10-13,12.299999999999999
2021-10-14,11.889999999999999
2021-10-15,15.579999999999998
2021-10-16,4.51
2021-10-17,2.46
2021-10-18,16.81
2021-10-19,18.04
2021-10-20,22.549999999999997
2021-10-21,22.549999999999997
2021-10-22,17.63
2021-10-23,4.51
2021-10-24,2.46
2021-10-25,40.589999999999996
2021-10-26,41.0
2021-10-27,25.419999999999998
2021-10-28,24.599999999999998
2021-10-29,24.189999999999998
2021-10-30,8.2
2021-10-31,4.51
2021-11-01,50.96000000000001
2021-11-02,54.88
2021-11-03,42.00000000000001
2021-11-04,44.24
2021-11-05,35.84
2021-11-06,9.520000000000001
2021-11-07,11.200000000000001
2021-11-08,55.440000000000005
2021-11-09,56.00000000000001
2021-11-10,51.52
2021-11-11,45.92
2021-11-12,39.2
2021-11-13,11.200000000000001
2021-11-14,8.4
2021-11-15,42.56
2021-11-16,40.88
2021-11-17,35.28
2021-11-18,33.6
2021-11-19,31.360000000000003
2021-11-20,8.4
2021-11-21,5.6000000000000005
2021-11-22,34.160000000000004
2021-11-23,33.040000000000006
2021-11-24,30.240000000000002
2021-11-25,8.4
2021-11-26,24.080000000000002
2021-11-27,6.16
2021-11-28,4.48
2021-11-29,26.880000000000003
2021-11-30,30.800000000000004
2021-12-01,32.800000000000004
2021-12-02,30.8
2021-12-03,33.6
2021-12-04,11.200000000000001
2021-12-05,5.2
2021-12-06,37.6
2021-12-07,36.800000000000004
2021-12-08,32.0
2021-12-09,32.0
2021-12-10,34.0
2021-12-11,6.4
2021-12-12,4.4
2021-12-13,32.4
2021-12-14,35.6
2021-12-15,35.2
2021-12-16,36.4
2021-12-17,33.2
2021-12-18,8.0
2021-12-19,4.0
2021-12-20,30.0
2021-12-21,34.800000000000004
2021-12-22,37.2
2021-12-23,40.0
2021-12-24,15.600000000000001
2021-12-25,5.2
2021-12-26,5.2
2021-12-27,30.8
2021-12-28,33.6
2021-12-29,31.200000000000003
2021-12-30,29.200000000000003
2021-12-31,24.0
2022-01-01,4.6000000000000005
2022-01-02,5.5200000000000005
2022-01-03,34.5
2022-01-04,46.0
2022-01-05,28.98
2022-01-06,23.46
2022-01-07,18.400000000000002
2022-01-08,5.98
2022-01-09,3.22
2022-01-10,21.16
2022-01-11,18.86
2022-01-12,17.48
2022-01-13,25.76
2022-01-14,21.16
2022-01-15,4.6000000000000005
2022-01-16,3.22
2022-01-17,5.5200000000000005
2022-01-18,18.400000000000002
2022-01-19,16.560000000000002
2022-01-20,17.02
2022-01-21,22.540000000000003
2022-01-22,6.44
2022-01-23,3.22
2022-01-24,44.160000000000004
2022-01-25,31.28
2022-01-26,34.96
2022-01-27,38.64
2022-01-28,30.360000000000003
2022-01-29,7.36
2022-01-30,4.140000000000001
2022-01-31,23.92
2022-02-01,24.82
2022-02-02,24.82
2022-02-03,24.48
2022-02-04,21.080000000000002
2022-02-05,5.78
2022-02-06,3.06
2022-02-07,21.080000000000002
2022-02-08,21.42
2022-02-09,17.34
2022-02-10,23.12
2022-02-11,20.740000000000002
2022-02-12,5.1000000000000005
2022-02-13,3.06
2022-02-14,20.740000000000002
2022-02-15,21.76
2022-02-16,22.78
2022-02-17,19.040000000000003
2022-02-18,20.400000000000002
2022-02-19,5.1000000000000005
2022-02-20,3.4000000000000004
2022-02-21,6.460000000000001
2022-02-22,21.76
2022-02-23,25.16
2022-02-24,34.0
2022-02-25,24.48
2022-02-26,5.1000000000000005
2022-02-27,3.74
2022-02-28,24.82
2022-03-01,24.18
2022-03-02,22.23
2022-03-03,21.060000000000002
2022-03-04,21.45
2022-03-05,5.46
2022-03-06,3.5100000000000002
2022-03-07,25.740000000000002
2022-03-08,23.01
2022-03-09,21.84
2022-03-10,23.400000000000002
2022-03-11,21.060000000000002
2022-03-12,5.46
2022-03-13,3.5100000000000002
2022-03-14,25.35
2022-03-15,22.62
2022-03-16,23.01
2022-03-17,21.84
2022-03-18,21.45
2022-03-19,5.07
2022-03-20,3.12
2022-03-21,22.23
2022-03-22,28.080000000000002
2022-03-23,27.3
2022-03-24,24.96
2022-03-25,23.400000000000002
2022-03-26,5.8500000000000005
2022-03-27,3.5100000000000002
2022-03-28,39.0
2022-03-29,31.98
2022-03-30,29.25
2022-03-31,22.62
2022-04-01,17.55
2022-04-02,6.75
2022-04-03,4.95
2022-04-04,24.75
2022-04-05,19.8
2022-04-06,20.25
2022-04-07,17.55
2022-04-08,18.900000000000002
2022-04-09,4.5
2022-04-10,3.15
2022-04-11,20.7
2022-04-12,18.45
2022-04-13,18.45
2022-04-14,17.55
2022-04-15,8.55
2022-04-16,3.15
2022-04-17,2.7
2022-04-18,18.0
2022-04-19,18.45
2022-04-20,42.300000000000004
2022-04-21,45.0
2022-04-22,21.150000000000002
2022-04-23,6.3
2022-04-24,4.05
2022-04-25,22.95
2022-04-26,28.8
2022-04-27,31.95
2022-04-28,28.35
2022-04-29,26.55
2022-04-30,7.65
2022-05-01,4.6000000000000005
2022-05-02,29.44
2022-05-03,25.3
2022-05-04,24.380000000000003
2022-05-05,28.52
2022-05-06,29.44
2022-05-07,6.9
2022-05-08,4.6000000000000005
2022-05-09,34.5
2022-05-10,31.28
2022-05-11,34.96
2022-05-12,37.260000000000005
2022-05-13,34.96
2022-05-14,7.82
2022-05-15,5.0600000000000005
2022-05-16,29.900000000000002
2022-05-17,28.52
2022-05-18,33.120000000000005
2022-05-19,35.42
2022-05-20,46.0
2022-05-21,15.180000000000001
2022-05-22,8.280000000000001
2022-05-23,34.5
2022-05-24,35.88
2022-05-25,31.740000000000002
2022-05-26,34.04
2022-05-27,31.28
2022-05-28,8.74
2022-05-29,4.6000000000000005
2022-05-30,6.9
2022-05-31,31.740000000000002
2022-06-01,28.86
2022-06-02,29.64
2022-06-03,39.0
2022-06-04,9.75
2022-06-05,4.29
2022-06-06,26.130000000000003
2022-06-07,26.130000000000003
2022-06-08,25.35
2022-06-09,24.57
2022-06-10,32.76
2022-06-11,9.36
2022-06-12,5.8500000000000005
2022-06-13,35.1
2022-06-14,29.64
2022-06-15,27.69
2022-06-16,32.370000000000005
2022-06-17,25.740000000000002
2022-06-18,8.19
2022-06-19,4.29
2022-06-20,10.92
2022-06-21,29.64
2022-06-22,28.86
2022-06-23,27.3
2022-06-24,25.740000000000002
2022-06-25,6.24
2022-06-26,3.9000000000000004
2022-06-27,23.79
2022-06-28,22.62
2022-06-29,23.79
2022-06-30,23.79
2022-07-01,17.39
2022-07-02,5.55
2022-07-03,3.7
2022-07-04,3.7
2022-07-05,21.09
2022-07-06,16.65
2022-07-07,18.5
2022-07-08,21.46
2022-07-09,7.77
2022-07-10,4.07
2022-07-11,24.05
2022-07-12,17.759999999999998
2022-07-13,20.35
2022-07-14,19.24
2022-07-15,15.17
2022-07-16,4.4399999999999995
2022-07-17,2.59
2022-07-18,18.13
2022-07-19,19.98
2022-07-20,33.3
2022-07-21,37.0
2022-07-22,27.38
2022-07-23,5.18
2022-07-24,3.33
2022-07-25,19.98
2022-07-26,18.87
2022-07-27,19.98
2022-07-28,21.46
2022-07-29,23.31
2022-07-30,5.18
2022-07-31,3.7
2022-08-01,33.21
2022-08-02,29.93
2022-08-03,31.159999999999997
2022-08-04,37.309999999999995
2022-08-05,38.949999999999996
2022-08-06,7.38
2022-08-07,5.739999999999999
2022-08-08,32.39
2022-08-09,30.34
2022-08-10,40.18
2022-08-11,28.29
2022-08-12,27.47
2022-08-13,8.2
2022-08-14,5.739999999999999
2022-08-15,32.39
2022-08-16,30.749999999999996
2022-08-17,27.88
2022-08-18,25.009999999999998
2022-08-19,24.599999999999998
2022-08-20,5.739999999999999
2022-08-21,4.92
2022-08-22,27.47
2022-08-23,26.65
2022-08-24,33.21
2022-08-25,41.0
2022-08-26,34.03
2022-08-27,9.02
2022-08-28,5.33
2022-08-29,26.65
2022-08-30,27.88
2022-08-31,23.779999999999998
2022-09-01,24.92
2022-09-02,22.680000000000003
2022-09-03,5.32
2022-09-04,3.6400000000000006
2022-09-05,4.760000000000001
2022-09-06,24.080000000000002
2022-09-07,24.080000000000002
2022-09-08,22.12
2022-09-09,25.76
2022-09-10,6.44
2022-09-11,4.2
2022-09-12,24.360000000000003
2022-09-13,28.000000000000004
2022-09-14,26.880000000000003
2022-09-15,26.320000000000004
2022-09-16,22.12
2022-09-17,5.32
2022-09-18,4.2
2022-09-19,22.680000000000003
2022-09-20,24.080000000000002
2022-09-21,25.480000000000004
2022-09-22,26.040000000000003
2022-09-23,27.44
2022-09-24,5.6000000000000005
2022-09-25,2.8000000000000003
2022-09-26,23.520000000000003
2022-09-27,22.96
2022-09-28,24.360000000000003
2022-09-29,25.480000000000004
2022-09-30,23.8
2022-10-01,5.76
2022-10-02,4.32
2022-10-03,26.64
2022-10-04,26.279999999999998
2022-10-05,21.96
2022-10-06,18.0
2022-10-07,20.16
2022-10-08,5.04
2022-10-09,2.88
2022-10-10,16.919999999999998
2022-10-11,17.28
2022-10-12,17.28
2022-10-13,18.36
2022-10-14,19.439999999999998
2022-10-15,5.76
2022-10-16,3.5999999999999996
2022-10-17,18.0
2022-10-18,20.52
2022-10-19,32.76
2022-10-20,36.0
2022-10-21,21.96
2022-10-22,4.68
2022-10-23,2.52
2022-10-24,20.88
2022-10-25,18.72
2022-10-26,19.439999999999998
2022-10-27,19.8
2022-10-28,19.08
2022-10-29,4.68
2022-10-30,2.88
2022-10-31,15.12
2022-11-01,19.95
2022-11-02,20.299999999999997
2022-11-03,18.9
2022-11-04,20.65
2022-11-05,6.3
2022-11-06,3.5
2022-11-07,28.0
2022-11-08,32.55
2022-11-09,33.949999999999996
2022-11-10,35.0
2022-11-11,29.4
2022-11-12,6.3
2022-11-13,4.55
2022-11-14,24.15
2022-11-15,22.75
2022-11-16,21.7
2022-11-17,22.75
2022-11-18,26.599999999999998
2022-11-19,8.049999999999999
2022-11-20,4.55
2022-11-21,29.4
2022-11-22,29.4
2022-11-23,34.65
2022-11-24,10.149999999999999
2022-11-25,18.2
2022-11-26,5.6
2022-11-27,5.25
2022-11-28,21.0
2022-11-29,23.45
2022-11-30,22.049999999999997
2022-12-01,13.68
2022-12-02,13.11
2022-12-03,3.42
2022-12-04,2.28
2022-12-05,12.54
2022-12-06,12.54
2022-12-07,12.54
2022-12-08,13.11
2022-12-09,13.11
2022-12-10,3.42
2022-12-11,2.28
2022-12-12,14.819999999999999
2022-12-13,21.09
2022-12-14,20.52
2022-12-15,24.509999999999998
2022-12-16,22.799999999999997
2022-12-17,7.9799999999999995
2022-12-18,3.9899999999999998
2022-12-19,23.369999999999997
2022-12-20,26.79
2022-12-21,28.499999999999996
2022-12-22,32.489999999999995
2022-12-23,29.639999999999997
2022-12-24,9.12
2022-12-25,4.56
2022-12-26,7.409999999999999
2022-12-27,39.9
2022-12-28,56.99999999999999
2022-12-29,30.209999999999997
2022-12-30,25.08
2022-12-31,7.409999999999999
2023-01-01,5.5
2023-01-02,12.100000000000001
2023-01-03,51.150000000000006
2023-01-04,36.300000000000004
2023-01-05,28.6
2023-01-06,30.800000000000004
2023-01-07,8.25
2023-01-08,4.95
2023-01-09,25.3
2023-01-10,23.650000000000002
2023-01-11,24.200000000000003
2023-01-12,20.900000000000002
2023-01-13,27.500000000000004
2023-01-14,8.25
2023-01-15,3.8500000000000005
2023-01-16,8.25
2023-01-17,23.1
2023-01-18,24.750000000000004
2023-01-19,22.55
2023-01-20,21.450000000000003
2023-01-21,6.6000000000000005
2023-01-22,4.4
2023-01-23,25.3
2023-01-24,24.200000000000003
2023-01-25,41.25
2023-01-26,55.00000000000001
2023-01-27,42.900000000000006
2023-01-28,11.55
2023-01-29,4.95
2023-01-30,27.500000000000004
2023-01-31,25.85
2023-02-01,43.61
2023-02-02,48.019999999999996
2023-02-03,48.019999999999996
2023-02-04,14.209999999999999
2023-02-05,7.84
2023-02-06,38.71
2023-02-07,39.69
2023-02-08,40.67
2023-02-09,45.08
2023-02-10,42.14
2023-02-11,9.8
2023-02-12,6.37
2023-02-13,35.769999999999996
2023-02-14,40.67
2023-02-15,43.12
2023-02-16,49.0
2023-02-17,40.67
2023-02-18,10.78
2023-02-19,6.37
2023-02-20,13.719999999999999
2023-02-21,35.769999999999996
2023-02-22,34.3
2023-02-23,35.769999999999996
2023-02-24,31.849999999999998
2023-02-25,8.33
2023-02-26,4.9
2023-02-27,35.769999999999996
2023-02-28,37.24
2023-03-01,27.299999999999997
2023-03-02,35.0
2023-03-03,23.799999999999997
2023-03-04,6.6499999999999995
2023-03-05,3.15
2023-03-06,21.0
2023-03-07,19.95
2023-03-08,22.75
2023-03-09,21.7
2023-03-10,22.049999999999997
2023-03-11,5.6
2023-03-12,4.199999999999999
2023-03-13,21.7
2023-03-14,19.25
2023-03-15,18.2
2023-03-16,18.2
2023-03-17,16.099999999999998
2023-03-18,4.199999999999999
2023-03-19,2.8
2023-03-20,15.749999999999998
2023-03-21,21.349999999999998
2023-03-22,19.95
2023-03-23,18.9
2023-03-24,16.099999999999998
2023-03-25,3.8499999999999996
2023-03-26,3.15
2023-03-27,15.749999999999998
2023-03-28,15.049999999999999
2023-03-29,16.799999999999997
2023-03-30,16.45
2023-03-31,19.599999999999998
2023-04-01,5.25
2023-04-02,5.6
2023-04-03,22.049999999999997
2023-04-04,17.849999999999998
2023-04-05,16.099999999999998
2023-04-06,16.45
2023-04-07,9.45
2023-04-08,2.8
2023-04-09,3.15
2023-04-10,17.15
2023-04-11,16.45
2023-04-12,15.749999999999998
2023-04-13,15.749999999999998
2023-04-14,14.7
2023-04-15,3.5
2023-04-16,2.4499999999999997
2023-04-17,15.399999999999999
2023-04-18,15.049999999999999
2023-04-19,31.15
2023-04-20,35.0
2023-04-21,25.549999999999997
2023-04-22,5.25
2023-04-23,3.5
2023-04-24,18.549999999999997
2023-04-25,17.849999999999998
2023-04-26,19.599999999999998
2023-04-27,18.549999999999997
2023-04-28,15.049999999999999
2023-04-29,3.8499999999999996
2023-04-30,2.8
2023-05-01,22.72
2023-05-02,22.080000000000002
2023-05-03,21.12
2023-05-04,20.8
2023-05-05,22.400000000000002
2023-05-06,5.12
2023-05-07,3.52
2023-05-08,23.36
2023-05-09,24.0
2023-05-10,22.400000000000002
2023-05-11,23.36
2023-05-12,29.44
2023-05-13,5.76
2023-05-14,4.16
2023-05-15,24.32
2023-05-16,25.28
2023-05-17,28.48
2023-05-18,24.64
2023-05-19,25.92
2023-05-20,6.4
2023-05-21,4.16
2023-05-22,24.96
2023-05-23,28.48
2023-05-24,24.96
2023-05-25,26.88
2023-05-26,29.76
2023-05-27,7.36
2023-05-28,4.8
2023-05-29,7.04
2023-05-30,32.0
2023-05-31,29.44
2023-06-01,29.07
2023-06-02,32.64
2023-06-03,9.18
2023-06-04,6.12
2023-06-05,31.62
2023-06-06,31.62
2023-06-07,34.17
2023-06-08,38.25
2023-06-09,51.0
2023-06-10,11.73
2023-06-11,6.63
2023-06-12,38.25
2023-06-13,40.8
2023-06-14,42.84
2023-06-15,37.230000000000004
2023-06-16,35.19
2023-06-17,8.16
2023-06-18,5.61
2023-06-19,13.26
2023-06-20,39.78
2023-06-21,40.29
2023-06-22,35.7
2023-06-23,33.660000000000004
2023-06-24,8.16
2023-06-25,5.1
2023-06-26,33.15
2023-06-27,34.17
2023-06-28,30.6
2023-06-29,31.11
2023-06-30,30.6
2023-07-01,5.16
2023-07-02,6.45
2023-07-03,30.099999999999998
2023-07-04,6.88
2023-07-05,22.79
2023-07-06,21.5
2023-07-07,18.49
2023-07-08,4.3
2023-07-09,2.58
2023-07-10,18.06
2023-07-11,17.2
2023-07-12,17.2
2023-07-13,18.919999999999998
2023-07-14,17.63
2023-07-15,4.7299999999999995
2023-07-16,3.44
2023-07-17,21.93
2023-07-18,22.79
2023-07-19,43.0
2023-07-20,37.839999999999996
2023-07-21,25.8
2023-07-22,5.59
2023-07-23,4.3
2023-07-24,21.93
2023-07-25,20.21
2023-07-26,18.49
2023-07-27,19.35
2023-07-28,18.49
2023-07-29,4.7299999999999995
2023-07-30,3.44
2023-07-31,15.48
2023-08-01,29.749999999999996
2023-08-02,33.949999999999996
2023-08-03,31.15
2023-08-04,27.65
2023-08-05,7.699999999999999
2023-08-06,4.55
2023-08-07,34.3
2023-08-08,33.25
2023-08-09,29.4
2023-08-10,29.049999999999997
2023-08-11,27.65
2023-08-12,6.3
2023-08-13,4.199999999999999
2023-08-14,31.499999999999996
2023-08-15,26.95
2023-08-16,33.599999999999994
2023-08-17,31.499999999999996
2023-08-18,32.199999999999996
2023-08-19,6.3
2023-08-20,4.55
2023-08-21,33.25
2023-08-22,35.0
2023-08-23,34.3
2023-08-24,29.4
2023-08-25,28.349999999999998
2023-08-26,7.0
2023-08-27,5.25
2023-08-28,29.4
2023-08-29,33.949999999999996
2023-08-30,31.499999999999996
2023-08-31,27.65
2023-09-01,22.72
2023-09-02,6.08
2023-09-03,3.2
2023-09-04,4.8
2023-09-05,22.72
2023-09-06,21.12
2023-09-07,18.56
2023-09-08,16.64
2023-09-09,4.48
2023-09-10,2.88
2023-09-11,32.0
2023-09-12,27.84
2023-09-13,22.72
2023-09-14,23.04
2023-09-15,22.400000000000002
2023-09-16,5.76
2023-09-17,3.84
2023-09-18,20.48
2023-09-19,20.16
2023-09-20,20.48
2023-09-21,19.84
2023-09-22,19.84
2023-09-23,4.8
2023-09-24,3.2
2023-09-25,18.56
2023-09-26,18.56
2023-09-27,16.96
2023-09-28,16.96
2023-09-29,18.56
2023-09-30,4.48
2023-10-01,2.88
2023-10-02,21.24
2023-10-03,16.56
2023-10-04,18.36
2023-10-05,19.08
2023-10-06,18.0
2023-10-07,3.5999999999999996
2023-10-08,2.52
2023-10-09,16.56
2023-10-10,16.56
2023-10-11,16.56
2023-10-12,14.76
2023-10-13,13.68
2023-10-14,3.2399999999999998
2023-10-15,3.2399999999999998
2023-10-16,15.12
2023-10-17,15.12
2023-10-18,29.88
2023-10-19,36.0
2023-10-20,29.52
2023-10-21,6.84
2023-10-22,3.96
2023-10-23,22.68
2023-10-24,20.88
2023-10-25,17.64
2023-10-26,20.52
2023-10-27,18.36
2023-10-28,4.32
2023-10-29,2.88
2023-10-30,23.4
2023-10-31,22.32
2023-11-01,24.49
2023-11-02,25.73
2023-11-03,22.63
2023-11-04,5.58
2023-11-05,4.03
2023-11-06,22.32
2023-11-07,22.94
2023-11-08,21.08
2023-11-09,23.25
2023-11-10,22.94
2023-11-11,5.89
2023-11-12,4.03
2023-11-13,22.32
2023-11-14,27.9
2023-11-15,28.21
2023-11-16,27.28
2023-11-17,29.14
2023-11-18,7.75
2023-11-19,4.65
2023-11-20,23.87
2023-11-21,25.419999999999998
2023-11-22,24.49
2023-11-23,6.51
2023-11-24,14.879999999999999
2023-11-25,4.65
2023-11-26,3.7199999999999998
2023-11-27,20.77
2023-11-28,25.73
2023-11-29,26.35
2023-11-30,31.0
2023-12-01,26.880000000000003
2023-12-02,7.280000000000001
2023-12-03,3.9200000000000004
2023-12-04,19.880000000000003
2023-12-05,21.560000000000002
2023-12-06,21.000000000000004
2023-12-07,21.000000000000004
2023-12-08,20.720000000000002
2023-12-09,5.880000000000001
2023-12-10,3.6400000000000006
2023-12-11,19.040000000000003
2023-12-12,17.92
2023-12-13,26.880000000000003
2023-12-14,28.000000000000004
2023-12-15,23.8
2023-12-16,5.040000000000001
2023-12-17,3.3600000000000003
2023-12-18,21.560000000000002
2023-12-19,21.840000000000003
2023-12-20,22.400000000000002
2023-12-21,21.840000000000003
2023-12-22,19.6
2023-12-23,6.44
2023-12-24,2.5200000000000005
2023-12-25,2.24
2023-12-26,18.76
2023-12-27,23.520000000000003
2023-12-28,25.76
2023-12-29,21.28
2023-12-30,5.6000000000000005
2023-12-31,3.3600000000000003
