date,Chevron Stock Price
2013-01-01,0.0
2013-01-02,2.1700000000000004
2013-01-03,2.03
2013-01-04,3.43
2013-01-05,0.0
2013-01-06,0.0
2013-01-07,0.0
2013-01-08,2.24
2013-01-09,2.5900000000000003
2013-01-10,0.0
2013-01-11,2.3800000000000003
2013-01-12,5.180000000000001
2013-01-13,2.3800000000000003
2013-01-14,0.0
2013-01-15,0.0
2013-01-16,2.31
2013-01-17,2.3800000000000003
2013-01-18,0.0
2013-01-19,0.0
2013-01-20,7.000000000000001
2013-01-21,2.7300000000000004
2013-01-22,0.0
2013-01-23,2.5900000000000003
2013-01-24,0.0
2013-01-25,2.87
2013-01-26,0.0
2013-01-27,3.5700000000000003
2013-01-28,0.0
2013-01-29,0.0
2013-01-30,0.0
2013-01-31,6.090000000000001
2013-02-01,2.94
2013-02-02,0.0
2013-02-03,0.0
2013-02-04,0.0
2013-02-05,0.0
2013-02-06,2.88
2013-02-07,0.0
2013-02-08,4.32
2013-02-09,0.0
2013-02-10,0.0
2013-02-11,3.72
2013-02-12,3.24
2013-02-13,1.7999999999999998
2013-02-14,2.64
2013-02-15,5.58
2013-02-16,0.0
2013-02-17,4.08
2013-02-18,1.98
2013-02-19,1.92
2013-02-20,2.4
2013-02-21,6.0
2013-02-22,0.0
2013-02-23,0.0
2013-02-24,3.0
2013-02-25,0.0
2013-02-26,2.82
2013-02-27,0.0
2013-02-28,0.0
2013-03-01,0.0
2013-03-02,0.0
2013-03-03,5.12
2013-03-04,1.84
2013-03-05,3.76
2013-03-06,0.0
2013-03-07,1.6
2013-03-08,2.16
2013-03-09,0.0
2013-03-10,1.76
2013-03-11,0.0
2013-03-12,0.0
2013-03-13,0.0
2013-03-14,2.16
2013-03-15,3.36
2013-03-16,0.0
2013-03-17,0.0
2013-03-18,0.0
2013-03-19,0.0
2013-03-20,4.5600000000000005
2013-03-21,0.0
2013-03-22,0.0
2013-03-23,0.0
2013-03-24,0.0
2013-03-25,4.64
2013-03-26,0.0
2013-03-27,0.0
2013-03-28,2.16
2013-03-29,8.0
2013-03-30,3.6
2013-03-31,0.0
2013-04-01,0.0
2013-04-02,0.0
2013-04-03,0.0
2013-04-04,5.13
2013-04-05,0.0
2013-04-06,0.0
2013-04-07,0.0
2013-04-08,5.67
2013-04-09,0.0
2013-04-10,5.22
2013-04-11,4.95
2013-04-12,2.97
2013-04-13,3.24
2013-04-14,0.0
2013-04-15,0.0
2013-04-16,2.61
2013-04-17,0.0
2013-04-18,4.05
2013-04-19,3.69
2013-04-20,3.6
2013-04-21,9.0
2013-04-22,5.04
2013-04-23,0.0
2013-04-24,0.0
2013-04-25,6.66
2013-04-26,3.78
2013-04-27,3.51
2013-04-28,0.0
2013-04-29,2.25
2013-04-30,2.79
2013-05-01,0.0
2013-05-02,9.2
2013-05-03,2.3000000000000003
2013-05-04,0.0
2013-05-05,0.0
2013-05-06,0.0
2013-05-07,4.9
2013-05-08,2.4000000000000004
2013-05-09,2.5
2013-05-10,3.8
2013-05-11,0.0
2013-05-12,5.2
2013-05-13,3.1
2013-05-14,10.0
2013-05-15,2.1
2013-05-16,0.0
2013-05-17,2.8000000000000003
2013-05-18,3.8
2013-05-19,0.0
2013-05-20,4.2
2013-05-21,0.0
2013-05-22,0.0
2013-05-23,1.9
2013-05-24,4.7
2013-05-25,0.0
2013-05-26,0.0
2013-05-27,0.0
2013-05-28,2.0
2013-05-29,2.5
2013-05-30,4.5
2013-05-31,3.0
2013-06-01,2.46
2013-06-02,0.0
2013-06-03,0.0
2013-06-04,0.0
2013-06-05,0.0
2013-06-06,0.0
2013-06-07,0.0
2013-06-08,1.98
2013-06-09,1.56
2013-06-10,3.84
2013-06-11,0.0
2013-06-12,5.04
2013-06-13,2.52
2013-06-14,6.0
2013-06-15,4.02
2013-06-16,0.0
2013-06-17,2.16
2013-06-18,2.64
2013-06-19,0.0
2013-06-20,2.46
2013-06-21,3.6
2013-06-22,0.0
2013-06-23,0.0
2013-06-24,0.0
2013-06-25,2.58
2013-06-26,2.4
2013-06-27,0.0
2013-06-28,0.0
2013-06-29,0.0
2013-06-30,0.0
2013-07-01,0.0
2013-07-02,6.2
2013-07-03,3.5
2013-07-04,0.0
2013-07-05,5.9
2013-07-06,3.5
2013-07-07,0.0
2013-07-08,5.800000000000001
2013-07-09,0.0
2013-07-10,4.5
2013-07-11,5.800000000000001
2013-07-12,4.6000000000000005
2013-07-13,0.0
2013-07-14,0.0
2013-07-15,7.4
2013-07-16,0.0
2013-07-17,4.2
2013-07-18,4.4
2013-07-19,6.2
2013-07-20,0.0
2013-07-21,0.0
2013-07-22,0.0
2013-07-23,0.0
2013-07-24,10.0
2013-07-25,0.0
2013-07-26,4.4
2013-07-27,0.0
2013-07-28,0.0
2013-07-29,0.0
2013-07-30,4.3
2013-07-31,2.7
2013-08-01,0.0
2013-08-02,0.0
2013-08-03,0.0
2013-08-04,0.0
2013-08-05,8.0
2013-08-06,1.92
2013-08-07,0.0
2013-08-08,1.92
2013-08-09,3.28
2013-08-10,3.44
2013-08-11,0.0
2013-08-12,1.44
2013-08-13,6.640000000000001
2013-08-14,2.48
2013-08-15,0.0
2013-08-16,0.0
2013-08-17,0.0
2013-08-18,0.0
2013-08-19,0.0
2013-08-20,0.0
2013-08-21,1.68
2013-08-22,0.0
2013-08-23,0.0
2013-08-24,0.0
2013-08-25,0.0
2013-08-26,0.0
2013-08-27,3.92
2013-08-28,0.0
2013-08-29,3.76
2013-08-30,0.0
2013-08-31,1.84
2013-09-01,2.24
2013-09-02,0.0
2013-09-03,2.48
2013-09-04,0.0
2013-09-05,4.5600000000000005
2013-09-06,2.32
2013-09-07,0.0
2013-09-08,0.0
2013-09-09,3.52
2013-09-10,0.0
2013-09-11,0.0
2013-09-12,4.08
2013-09-13,0.0
2013-09-14,0.0
2013-09-15,0.0
2013-09-16,4.08
2013-09-17,2.16
2013-09-18,4.96
2013-09-19,0.0
2013-09-20,8.0
2013-09-21,0.0
2013-09-22,0.0
2013-09-23,1.84
2013-09-24,0.0
2013-09-25,2.72
2013-09-26,7.28
2013-09-27,2.08
2013-09-28,0.0
2013-09-29,0.0
2013-09-30,2.16
2013-10-01,2.16
2013-10-02,3.15
2013-10-03,0.0
2013-10-04,0.0
2013-10-05,0.0
2013-10-06,0.0
2013-10-07,9.0
2013-10-08,2.16
2013-10-09,4.14
2013-10-10,0.0
2013-10-11,0.0
2013-10-12,0.0
2013-10-13,3.69
2013-10-14,4.77
2013-10-15,3.69
2013-10-16,0.0
2013-10-17,0.0
2013-10-18,7.739999999999999
2013-10-19,0.0
2013-10-20,0.0
2013-10-21,5.31
2013-10-22,0.0
2013-10-23,0.0
2013-10-24,0.0
2013-10-25,2.25
2013-10-26,4.859999999999999
2013-10-27,3.33
2013-10-28,2.34
2013-10-29,4.41
2013-10-30,0.0
2013-10-31,0.0
2013-11-01,1.71
2013-11-02,0.0
2013-11-03,0.0
2013-11-04,6.21
2013-11-05,0.0
2013-11-06,5.94
2013-11-07,0.0
2013-11-08,0.0
2013-11-09,0.0
2013-11-10,0.0
2013-11-11,3.15
2013-11-12,3.96
2013-11-13,1.7999999999999998
2013-11-14,2.52
2013-11-15,1.71
2013-11-16,0.0
2013-11-17,2.16
2013-11-18,1.44
2013-11-19,0.0
2013-11-20,1.71
2013-11-21,0.0
2013-11-22,3.87
2013-11-23,0.0
2013-11-24,0.0
2013-11-25,3.15
2013-11-26,0.0
2013-11-27,0.0
2013-11-28,0.0
2013-11-29,9.0
2013-11-30,0.0
2013-12-01,0.0
2013-12-02,0.0
2013-12-03,0.0
2013-12-04,3.92
2013-12-05,0.0
2013-12-06,2.0
2013-12-07,3.44
2013-12-08,0.0
2013-12-09,1.68
2013-12-10,3.44
2013-12-11,0.0
2013-12-12,0.0
2013-12-13,0.0
2013-12-14,0.0
2013-12-15,0.0
2013-12-16,2.8000000000000003
2013-12-17,2.4
2013-12-18,0.0
2013-12-19,4.64
2013-12-20,0.0
2013-12-21,0.0
2013-12-22,0.0
2013-12-23,3.12
2013-12-24,5.92
2013-12-25,8.0
2013-12-26,5.6000000000000005
2013-12-27,2.24
2013-12-28,2.64
2013-12-29,0.0
2013-12-30,0.0
2013-12-31,2.64
2014-01-01,0.0
2014-01-02,0.0
2014-01-03,0.0
2014-01-04,0.0
2014-01-05,1.92
2014-01-06,0.0
2014-01-07,0.0
2014-01-08,0.0
2014-01-09,0.0
2014-01-10,2.52
2014-01-11,0.0
2014-01-12,4.44
2014-01-13,2.1
2014-01-14,1.26
2014-01-15,0.0
2014-01-16,2.22
2014-01-17,0.0
2014-01-18,0.0
2014-01-19,2.16
2014-01-20,0.0
2014-01-21,0.0
2014-01-22,3.42
2014-01-23,3.24
2014-01-24,0.0
2014-01-25,3.12
2014-01-26,1.3199999999999998
2014-01-27,6.0
2014-01-28,1.68
2014-01-29,0.0
2014-01-30,1.26
2014-01-31,2.16
2014-02-01,7.28
2014-02-02,12.09
2014-02-03,8.71
2014-02-04,4.42
2014-02-05,10.92
2014-02-06,7.0200000000000005
2014-02-07,7.800000000000001
2014-02-08,9.1
2014-02-09,0.0
2014-02-10,7.41
2014-02-11,9.62
2014-02-12,7.54
2014-02-13,8.19
2014-02-14,6.5
2014-02-15,0.0
2014-02-16,9.23
2014-02-17,7.930000000000001
2014-02-18,0.0
2014-02-19,5.8500000000000005
2014-02-20,3.51
2014-02-21,4.68
2014-02-22,0.0
2014-02-23,7.0200000000000005
2014-02-24,0.0
2014-02-25,7.930000000000001
2014-02-26,3.51
2014-02-27,13.0
2014-02-28,7.28
2014-03-01,0.0
2014-03-02,5.04
2014-03-03,2.16
2014-03-04,3.33
2014-03-05,0.0
2014-03-06,5.04
2014-03-07,2.34
2014-03-08,0.0
2014-03-09,0.0
2014-03-10,3.15
2014-03-11,5.22
2014-03-12,7.109999999999999
2014-03-13,0.0
2014-03-14,0.0
2014-03-15,0.0
2014-03-16,4.95
2014-03-17,2.34
2014-03-18,2.34
2014-03-19,0.0
2014-03-20,4.32
2014-03-21,0.0
2014-03-22,9.0
2014-03-23,0.0
2014-03-24,8.459999999999999
2014-03-25,2.7
2014-03-26,0.0
2014-03-27,4.859999999999999
2014-03-28,5.67
2014-03-29,8.1
2014-03-30,0.0
2014-03-31,0.0
2014-04-01,4.62
2014-04-02,3.74
2014-04-03,5.17
2014-04-04,0.0
2014-04-05,10.12
2014-04-06,3.3
2014-04-07,4.07
2014-04-08,5.39
2014-04-09,0.0
2014-04-10,2.86
2014-04-11,0.0
2014-04-12,4.51
2014-04-13,5.06
2014-04-14,1.98
2014-04-15,6.16
2014-04-16,5.17
2014-04-17,4.84
2014-04-18,0.0
2014-04-19,0.0
2014-04-20,11.0
2014-04-21,4.84
2014-04-22,0.0
2014-04-23,2.75
2014-04-24,0.0
2014-04-25,8.36
2014-04-26,0.0
2014-04-27,7.92
2014-04-28,0.0
2014-04-29,4.4
2014-04-30,4.07
2014-05-01,1.44
2014-05-02,2.7
2014-05-03,0.0
2014-05-04,0.0
2014-05-05,0.0
2014-05-06,1.53
2014-05-07,0.99
2014-05-08,3.06
2014-05-09,0.0
2014-05-10,1.26
2014-05-11,0.0
2014-05-12,0.0
2014-05-13,0.0
2014-05-14,0.0
2014-05-15,3.78
2014-05-16,2.79
2014-05-17,0.0
2014-05-18,0.0
2014-05-19,0.0
2014-05-20,2.16
2014-05-21,2.97
2014-05-22,2.07
2014-05-23,2.52
2014-05-24,9.0
2014-05-25,0.0
2014-05-26,0.0
2014-05-27,0.0
2014-05-28,4.14
2014-05-29,2.43
2014-05-30,2.16
2014-05-31,4.59
2014-06-01,0.0
2014-06-02,0.0
2014-06-03,0.0
2014-06-04,3.41
2014-06-05,0.0
2014-06-06,9.57
2014-06-07,0.0
2014-06-08,0.0
2014-06-09,4.73
2014-06-10,3.08
2014-06-11,5.17
2014-06-12,5.61
2014-06-13,0.0
2014-06-14,6.82
2014-06-15,0.0
2014-06-16,6.71
2014-06-17,3.3
2014-06-18,6.05
2014-06-19,11.0
2014-06-20,7.7
2014-06-21,0.0
2014-06-22,0.0
2014-06-23,0.0
2014-06-24,0.0
2014-06-25,5.61
2014-06-26,0.0
2014-06-27,0.0
2014-06-28,0.0
2014-06-29,0.0
2014-06-30,8.36
2014-07-01,0.0
2014-07-02,6.5
2014-07-03,0.0
2014-07-04,4.03
2014-07-05,8.32
2014-07-06,0.0
2014-07-07,6.11
2014-07-08,0.0
2014-07-09,5.720000000000001
2014-07-10,0.0
2014-07-11,7.67
2014-07-12,0.0
2014-07-13,0.0
2014-07-14,8.97
2014-07-15,2.99
2014-07-16,0.0
2014-07-17,4.94
2014-07-18,0.0
2014-07-19,0.0
2014-07-20,7.67
2014-07-21,0.0
2014-07-22,0.0
2014-07-23,10.66
2014-07-24,8.97
2014-07-25,0.0
2014-07-26,4.55
2014-07-27,0.0
2014-07-28,0.0
2014-07-29,13.0
2014-07-30,6.37
2014-07-31,9.36
2014-08-01,2.4
2014-08-02,3.0
2014-08-03,11.04
2014-08-04,10.32
2014-08-05,4.8
2014-08-06,3.0
2014-08-07,9.24
2014-08-08,0.0
2014-08-09,0.0
2014-08-10,0.0
2014-08-11,0.0
2014-08-12,4.92
2014-08-13,4.08
2014-08-14,6.84
2014-08-15,4.32
2014-08-16,0.0
2014-08-17,3.24
2014-08-18,5.279999999999999
2014-08-19,4.32
2014-08-20,0.0
2014-08-21,0.0
2014-08-22,12.0
2014-08-23,0.0
2014-08-24,2.88
2014-08-25,4.56
2014-08-26,5.4
2014-08-27,4.68
2014-08-28,6.0
2014-08-29,2.76
2014-08-30,0.0
2014-08-31,0.0
2014-09-01,6.6000000000000005
2014-09-02,6.2
2014-09-03,6.7
2014-09-04,4.9
2014-09-05,0.0
2014-09-06,0.0
2014-09-07,0.0
2014-09-08,5.2
2014-09-09,6.6000000000000005
2014-09-10,9.6
2014-09-11,4.7
2014-09-12,4.1000000000000005
2014-09-13,4.0
2014-09-14,10.0
2014-09-15,4.7
2014-09-16,5.0
2014-09-17,0.0
2014-09-18,0.0
2014-09-19,0.0
2014-09-20,0.0
2014-09-21,0.0
2014-09-22,3.0
2014-09-23,3.8
2014-09-24,5.5
2014-09-25,3.1
2014-09-26,4.0
2014-09-27,0.0
2014-09-28,0.0
2014-09-29,0.0
2014-09-30,0.0
2014-10-01,0.0
2014-10-02,2.99
2014-10-03,1.95
2014-10-04,13.0
2014-10-05,0.0
2014-10-06,1.82
2014-10-07,0.0
2014-10-08,2.34
2014-10-09,0.0
2014-10-10,2.6
2014-10-11,0.0
2014-10-12,0.0
2014-10-13,1.82
2014-10-14,7.15
2014-10-15,4.42
2014-10-16,2.73
2014-10-17,6.24
2014-10-18,0.0
2014-10-19,0.0
2014-10-20,3.64
2014-10-21,0.0
2014-10-22,4.55
2014-10-23,3.12
2014-10-24,7.800000000000001
2014-10-25,0.0
2014-10-26,0.0
2014-10-27,3.9
2014-10-28,0.0
2014-10-29,4.16
2014-10-30,4.03
2014-10-31,1.82
2014-11-01,0.0
2014-11-02,0.0
2014-11-03,8.19
2014-11-04,8.84
2014-11-05,8.84
2014-11-06,4.16
2014-11-07,10.53
2014-11-08,11.44
2014-11-09,4.55
2014-11-10,0.0
2014-11-11,11.83
2014-11-12,8.84
2014-11-13,11.96
2014-11-14,4.8100000000000005
2014-11-15,0.0
2014-11-16,0.0
2014-11-17,3.77
2014-11-18,0.0
2014-11-19,7.41
2014-11-20,0.0
2014-11-21,13.0
2014-11-22,0.0
2014-11-23,0.0
2014-11-24,7.800000000000001
2014-11-25,11.83
2014-11-26,0.0
2014-11-27,0.0
2014-11-28,8.71
2014-11-29,10.27
2014-11-30,6.24
2014-12-01,7.56
2014-12-02,24.840000000000003
2014-12-03,5.130000000000001
2014-12-04,8.370000000000001
2014-12-05,5.94
2014-12-06,7.56
2014-12-07,0.0
2014-12-08,14.04
2014-12-09,7.56
2014-12-10,27.0
2014-12-11,15.12
2014-12-12,24.840000000000003
2014-12-13,0.0
2014-12-14,14.580000000000002
2014-12-15,18.09
2014-12-16,14.85
2014-12-17,16.740000000000002
2014-12-18,19.17
2014-12-19,12.69
2014-12-20,5.4
2014-12-21,0.0
2014-12-22,8.100000000000001
2014-12-23,20.520000000000003
2014-12-24,6.210000000000001
2014-12-25,0.0
2014-12-26,11.34
2014-12-27,8.100000000000001
2014-12-28,0.0
2014-12-29,17.82
2014-12-30,18.630000000000003
2014-12-31,19.71
2015-01-01,0.0
2015-01-02,10.15
2015-01-03,5.22
2015-01-04,0.0
2015-01-05,22.04
2015-01-06,24.07
2015-01-07,29.0
2015-01-08,11.6
2015-01-09,18.56
2015-01-10,9.57
2015-01-11,7.539999999999999
2015-01-12,28.42
2015-01-13,15.079999999999998
2015-01-14,22.33
2015-01-15,14.79
2015-01-16,14.499999999999998
2015-01-17,10.73
2015-01-18,10.73
2015-01-19,9.86
2015-01-20,14.79
2015-01-21,13.919999999999998
2015-01-22,22.04
2015-01-23,10.73
2015-01-24,13.34
2015-01-25,0.0
2015-01-26,7.539999999999999
2015-01-27,15.95
2015-01-28,22.33
2015-01-29,20.59
2015-01-30,19.72
2015-01-31,10.15
2015-02-01,7.54
2015-02-02,6.24
2015-02-03,10.4
2015-02-04,23.92
2015-02-05,20.8
2015-02-06,17.42
2015-02-07,11.96
2015-02-08,0.0
2015-02-09,9.62
2015-02-10,18.72
2015-02-11,10.4
2015-02-12,7.28
2015-02-13,23.14
2015-02-14,6.5
2015-02-15,18.72
2015-02-16,9.1
2015-02-17,14.04
2015-02-18,11.44
2015-02-19,17.94
2015-02-20,15.6
2015-02-21,4.16
2015-02-22,7.800000000000001
2015-02-23,10.4
2015-02-24,9.62
2015-02-25,14.82
2015-02-26,5.46
2015-02-27,9.88
2015-02-28,26.0
2015-03-01,0.0
2015-03-02,16.560000000000002
2015-03-03,20.47
2015-03-04,13.11
2015-03-05,11.04
2015-03-06,11.5
2015-03-07,0.0
2015-03-08,6.67
2015-03-09,0.0
2015-03-10,6.21
2015-03-11,9.89
2015-03-12,4.140000000000001
2015-03-13,11.27
2015-03-14,0.0
2015-03-15,5.75
2015-03-16,14.49
2015-03-17,0.0
2015-03-18,10.58
2015-03-19,11.5
2015-03-20,17.25
2015-03-21,6.67
2015-03-22,0.0
2015-03-23,10.12
2015-03-24,23.0
2015-03-25,14.26
2015-03-26,8.280000000000001
2015-03-27,11.73
2015-03-28,0.0
2015-03-29,0.0
2015-03-30,13.11
2015-03-31,14.03
2015-04-01,0.0
2015-04-02,0.0
2015-04-03,9.03
2015-04-04,0.0
2015-04-05,11.55
2015-04-06,0.0
2015-04-07,11.97
2015-04-08,21.0
2015-04-09,12.81
2015-04-10,12.81
2015-04-11,4.41
2015-04-12,7.35
2015-04-13,0.0
2015-04-14,13.86
2015-04-15,6.72
2015-04-16,10.92
2015-04-17,0.0
2015-04-18,9.66
2015-04-19,0.0
2015-04-20,13.44
2015-04-21,13.65
2015-04-22,19.53
2015-04-23,9.87
2015-04-24,9.66
2015-04-25,11.55
2015-04-26,0.0
2015-04-27,11.97
2015-04-28,12.6
2015-04-29,16.169999999999998
2015-04-30,4.41
2015-05-01,10.8
2015-05-02,5.04
2015-05-03,3.96
2015-05-04,8.82
2015-05-05,18.0
2015-05-06,4.32
2015-05-07,8.1
2015-05-08,16.56
2015-05-09,11.16
2015-05-10,0.0
2015-05-11,0.0
2015-05-12,7.02
2015-05-13,10.62
2015-05-14,9.54
2015-05-15,0.0
2015-05-16,0.0
2015-05-17,0.0
2015-05-18,11.7
2015-05-19,6.12
2015-05-20,0.0
2015-05-21,12.78
2015-05-22,7.199999999999999
2015-05-23,10.26
2015-05-24,4.68
2015-05-25,0.0
2015-05-26,4.859999999999999
2015-05-27,10.98
2015-05-28,0.0
2015-05-29,4.859999999999999
2015-05-30,0.0
2015-05-31,5.58
2015-06-01,8.200000000000001
2015-06-02,8.0
2015-06-03,8.0
2015-06-04,5.6000000000000005
2015-06-05,4.800000000000001
2015-06-06,3.2
2015-06-07,4.6000000000000005
2015-06-08,14.2
2015-06-09,4.2
2015-06-10,8.8
2015-06-11,4.800000000000001
2015-06-12,8.200000000000001
2015-06-13,4.6000000000000005
2015-06-14,0.0
2015-06-15,3.6
2015-06-16,0.0
2015-06-17,12.6
2015-06-18,4.2
2015-06-19,8.8
2015-06-20,14.2
2015-06-21,0.0
2015-06-22,3.2
2015-06-23,9.8
2015-06-24,3.6
2015-06-25,7.0
2015-06-26,5.0
2015-06-27,0.0
2015-06-28,0.0
2015-06-29,6.4
2015-06-30,20.0
2015-07-01,23.0
2015-07-02,7.36
2015-07-03,14.49
2015-07-04,0.0
2015-07-05,0.0
2015-07-06,0.0
2015-07-07,11.04
2015-07-08,5.75
2015-07-09,8.74
2015-07-10,13.34
2015-07-11,0.0
2015-07-12,0.0
2015-07-13,6.21
2015-07-14,8.51
2015-07-15,3.68
2015-07-16,7.590000000000001
2015-07-17,16.79
2015-07-18,0.0
2015-07-19,0.0
2015-07-20,7.36
2015-07-21,7.13
2015-07-22,4.6000000000000005
2015-07-23,9.89
2015-07-24,14.95
2015-07-25,8.97
2015-07-26,0.0
2015-07-27,13.57
2015-07-28,16.1
2015-07-29,8.97
2015-07-30,12.65
2015-07-31,11.04
2015-08-01,14.43
2015-08-02,0.0
2015-08-03,0.0
2015-08-04,17.16
2015-08-05,7.41
2015-08-06,6.63
2015-08-07,0.0
2015-08-08,0.0
2015-08-09,0.0
2015-08-10,7.41
2015-08-11,6.24
2015-08-12,6.24
2015-08-13,9.75
2015-08-14,18.33
2015-08-15,8.97
2015-08-16,3.9
2015-08-17,5.8500000000000005
2015-08-18,7.800000000000001
2015-08-19,9.75
2015-08-20,11.7
2015-08-21,24.18
2015-08-22,11.31
2015-08-23,10.14
2015-08-24,39.0
2015-08-25,32.76
2015-08-26,16.77
2015-08-27,16.38
2015-08-28,20.28
2015-08-29,11.7
2015-08-30,5.07
2015-08-31,14.04
2015-09-01,13.5
2015-09-02,21.6
2015-09-03,22.2
2015-09-04,9.0
2015-09-05,12.6
2015-09-06,7.199999999999999
2015-09-07,0.0
2015-09-08,3.3
2015-09-09,10.5
2015-09-10,30.0
2015-09-11,0.0
2015-09-12,3.3
2015-09-13,0.0
2015-09-14,5.7
2015-09-15,15.6
2015-09-16,8.1
2015-09-17,10.5
2015-09-18,15.9
2015-09-19,12.9
2015-09-20,3.6
2015-09-21,0.0
2015-09-22,10.2
2015-09-23,9.9
2015-09-24,7.199999999999999
2015-09-25,8.4
2015-09-26,0.0
2015-09-27,0.0
2015-09-28,9.3
2015-09-29,15.9
2015-09-30,7.5
2015-10-01,6.0
2015-10-02,10.5
2015-10-03,4.2
2015-10-04,0.0
2015-10-05,12.3
2015-10-06,14.7
2015-10-07,30.0
2015-10-08,17.099999999999998
2015-10-09,16.5
2015-10-10,14.1
2015-10-11,0.0
2015-10-12,16.8
2015-10-13,15.6
2015-10-14,9.3
2015-10-15,5.1
2015-10-16,12.9
2015-10-17,12.3
2015-10-18,8.7
2015-10-19,16.8
2015-10-20,12.0
2015-10-21,17.7
2015-10-22,0.0
2015-10-23,13.8
2015-10-24,9.9
2015-10-25,5.7
2015-10-26,15.6
2015-10-27,9.3
2015-10-28,10.2
2015-10-29,9.0
2015-10-30,5.1
2015-10-31,7.8
2015-11-01,0.0
2015-11-02,12.16
2015-11-03,10.64
2015-11-04,14.44
2015-11-05,15.77
2015-11-06,14.63
2015-11-07,11.02
2015-11-08,5.32
2015-11-09,3.8
2015-11-10,11.78
2015-11-11,13.49
2015-11-12,11.4
2015-11-13,11.21
2015-11-14,6.46
2015-11-15,19.0
2015-11-16,13.68
2015-11-17,10.07
2015-11-18,16.91
2015-11-19,10.07
2015-11-20,8.55
2015-11-21,0.0
2015-11-22,10.64
2015-11-23,0.0
2015-11-24,4.94
2015-11-25,0.0
2015-11-26,6.08
2015-11-27,15.2
2015-11-28,10.26
2015-11-29,5.7
2015-11-30,4.94
2015-12-01,8.75
2015-12-02,0.0
2015-12-03,14.0
2015-12-04,18.25
2015-12-05,0.0
2015-12-06,0.0
2015-12-07,6.0
2015-12-08,12.5
2015-12-09,18.5
2015-12-10,12.0
2015-12-11,17.5
2015-12-12,8.25
2015-12-13,0.0
2015-12-14,9.5
2015-12-15,10.5
2015-12-16,17.0
2015-12-17,13.5
2015-12-18,21.25
2015-12-19,16.75
2015-12-20,0.0
2015-12-21,9.75
2015-12-22,20.0
2015-12-23,6.25
2015-12-24,5.0
2015-12-25,0.0
2015-12-26,8.75
2015-12-27,0.0
2015-12-28,10.75
2015-12-29,25.0
2015-12-30,16.0
2015-12-31,0.0
2016-01-01,13.26
2016-01-02,4.29
2016-01-03,0.0
2016-01-04,9.36
2016-01-05,26.52
2016-01-06,18.33
2016-01-07,26.52
2016-01-08,13.26
2016-01-09,4.68
2016-01-10,4.29
2016-01-11,17.16
2016-01-12,20.28
2016-01-13,22.62
2016-01-14,2.34
2016-01-15,24.96
2016-01-16,10.14
2016-01-17,4.68
2016-01-18,0.0
2016-01-19,17.55
2016-01-20,39.0
2016-01-21,30.03
2016-01-22,23.4
2016-01-23,10.53
2016-01-24,2.34
2016-01-25,11.7
2016-01-26,12.87
2016-01-27,25.35
2016-01-28,24.96
2016-01-29,21.45
2016-01-30,8.97
2016-01-31,4.29
2016-02-01,18.13
2016-02-02,23.68
2016-02-03,37.0
2016-02-04,19.24
2016-02-05,14.06
2016-02-06,14.43
2016-02-07,3.7
2016-02-08,15.17
2016-02-09,21.09
2016-02-10,15.54
2016-02-11,17.39
2016-02-12,24.05
2016-02-13,14.43
2016-02-14,8.879999999999999
2016-02-15,11.84
2016-02-16,21.09
2016-02-17,24.05
2016-02-18,22.57
2016-02-19,19.61
2016-02-20,0.0
2016-02-21,4.07
2016-02-22,15.17
2016-02-23,19.61
2016-02-24,17.759999999999998
2016-02-25,15.54
2016-02-26,15.17
2016-02-27,17.759999999999998
2016-02-28,7.03
2016-02-29,14.8
2016-03-01,11.9
2016-03-02,23.1
2016-03-03,22.05
2016-03-04,10.15
2016-03-05,10.15
2016-03-06,12.6
2016-03-07,19.6
2016-03-08,30.8
2016-03-09,35.0
2016-03-10,21.35
2016-03-11,18.55
2016-03-12,18.9
2016-03-13,7.35
2016-03-14,18.2
2016-03-15,31.5
2016-03-16,18.55
2016-03-17,24.15
2016-03-18,25.9
2016-03-19,10.85
2016-03-20,0.0
2016-03-21,29.4
2016-03-22,15.05
2016-03-23,24.15
2016-03-24,18.2
2016-03-25,13.65
2016-03-26,11.2
2016-03-27,11.2
2016-03-28,7.0
2016-03-29,23.8
2016-03-30,23.1
2016-03-31,11.9
2016-04-01,20.8
2016-04-02,5.76
2016-04-03,0.0
2016-04-04,8.32
2016-04-05,13.76
2016-04-06,10.56
2016-04-07,8.96
2016-04-08,11.84
2016-04-09,4.48
2016-04-10,8.32
2016-04-11,16.32
2016-04-12,23.04
2016-04-13,12.16
2016-04-14,14.4
2016-04-15,10.24
2016-04-16,9.6
2016-04-17,6.08
2016-04-18,6.08
2016-04-19,24.32
2016-04-20,19.2
2016-04-21,23.68
2016-04-22,19.2
2016-04-23,4.16
2016-04-24,4.8
2016-04-25,13.76
2016-04-26,17.6
2016-04-27,32.0
2016-04-28,18.88
2016-04-29,23.04
2016-04-30,13.76
2016-05-01,6.9
2016-05-02,24.9
2016-05-03,22.8
2016-05-04,21.0
2016-05-05,8.7
2016-05-06,18.9
2016-05-07,19.5
2016-05-08,6.0
2016-05-09,21.0
2016-05-10,14.7
2016-05-11,18.6
2016-05-12,22.5
2016-05-13,13.2
2016-05-14,0.0
2016-05-15,0.0
2016-05-16,27.0
2016-05-17,12.3
2016-05-18,13.8
2016-05-19,16.2
2016-05-20,14.7
2016-05-21,6.3
2016-05-22,0.0
2016-05-23,8.7
2016-05-24,20.1
2016-05-25,17.099999999999998
2016-05-26,30.0
2016-05-27,12.0
2016-05-28,9.0
2016-05-29,0.0
2016-05-30,0.0
2016-05-31,15.3
2016-06-01,7.0200000000000005
2016-06-02,9.62
2016-06-03,10.4
2016-06-04,13.52
2016-06-05,0.0
2016-06-06,12.74
2016-06-07,16.38
2016-06-08,12.22
2016-06-09,26.0
2016-06-10,7.54
2016-06-11,0.0
2016-06-12,7.0200000000000005
2016-06-13,9.62
2016-06-14,8.32
2016-06-15,0.0
2016-06-16,10.4
2016-06-17,10.4
2016-06-18,3.38
2016-06-19,13.26
2016-06-20,14.3
2016-06-21,14.82
2016-06-22,9.88
2016-06-23,15.34
2016-06-24,20.8
2016-06-25,9.62
2016-06-26,2.8600000000000003
2016-06-27,10.4
2016-06-28,17.42
2016-06-29,5.46
2016-06-30,0.0
2016-07-01,24.0
2016-07-02,4.25
2016-07-03,10.0
2016-07-04,4.5
2016-07-05,11.5
2016-07-06,13.75
2016-07-07,18.0
2016-07-08,20.25
2016-07-09,4.0
2016-07-10,0.0
2016-07-11,22.25
2016-07-12,16.75
2016-07-13,25.0
2016-07-14,17.0
2016-07-15,0.0
2016-07-16,9.0
2016-07-17,0.0
2016-07-18,21.75
2016-07-19,22.5
2016-07-20,12.75
2016-07-21,22.75
2016-07-22,8.75
2016-07-23,0.0
2016-07-24,0.0
2016-07-25,18.0
2016-07-26,16.25
2016-07-27,15.75
2016-07-28,11.0
2016-07-29,14.75
2016-07-30,6.75
2016-07-31,4.25
2016-08-01,13.65
2016-08-02,18.27
2016-08-03,8.4
2016-08-04,14.49
2016-08-05,10.08
2016-08-06,10.92
2016-08-07,4.83
2016-08-08,14.28
2016-08-09,12.18
2016-08-10,10.29
2016-08-11,14.07
2016-08-12,12.18
2016-08-13,7.56
2016-08-14,4.62
2016-08-15,15.12
2016-08-16,21.0
2016-08-17,12.6
2016-08-18,17.64
2016-08-19,9.24
2016-08-20,0.0
2016-08-21,8.4
2016-08-22,9.45
2016-08-23,14.7
2016-08-24,10.92
2016-08-25,10.08
2016-08-26,9.87
2016-08-27,6.09
2016-08-28,0.0
2016-08-29,15.96
2016-08-30,5.46
2016-08-31,13.44
2016-09-01,9.31
2016-09-02,3.42
2016-09-03,4.5600000000000005
2016-09-04,0.0
2016-09-05,0.0
2016-09-06,15.39
2016-09-07,18.43
2016-09-08,9.69
2016-09-09,12.73
2016-09-10,0.0
2016-09-11,8.17
2016-09-12,19.0
2016-09-13,12.54
2016-09-14,10.64
2016-09-15,9.12
2016-09-16,12.35
2016-09-17,5.7
2016-09-18,0.0
2016-09-19,7.41
2016-09-20,11.78
2016-09-21,14.25
2016-09-22,17.1
2016-09-23,5.89
2016-09-24,0.0
2016-09-25,6.84
2016-09-26,0.0
2016-09-27,4.37
2016-09-28,16.53
2016-09-29,10.07
2016-09-30,6.2700000000000005
2016-10-01,0.0
2016-10-02,0.0
2016-10-03,0.0
2016-10-04,6.0200000000000005
2016-10-05,14.000000000000002
2016-10-06,5.180000000000001
2016-10-07,7.700000000000001
2016-10-08,0.0
2016-10-09,0.0
2016-10-10,4.340000000000001
2016-10-11,5.180000000000001
2016-10-12,9.52
2016-10-13,5.74
2016-10-14,10.36
2016-10-15,0.0
2016-10-16,0.0
2016-10-17,5.6000000000000005
2016-10-18,7.700000000000001
2016-10-19,6.300000000000001
2016-10-20,4.340000000000001
2016-10-21,8.260000000000002
2016-10-22,0.0
2016-10-23,0.0
2016-10-24,6.44
2016-10-25,4.48
2016-10-26,3.08
2016-10-27,6.16
2016-10-28,5.460000000000001
2016-10-29,0.0
2016-10-30,0.0
2016-10-31,2.5200000000000005
2016-11-01,0.0
2016-11-02,17.71
2016-11-03,8.280000000000001
2016-11-04,0.0
2016-11-05,0.0
2016-11-06,6.21
2016-11-07,6.21
2016-11-08,15.18
2016-11-09,13.34
2016-11-10,6.44
2016-11-11,11.73
2016-11-12,9.43
2016-11-13,0.0
2016-11-14,8.05
2016-11-15,23.0
2016-11-16,11.96
2016-11-17,10.12
2016-11-18,13.11
2016-11-19,8.97
2016-11-20,0.0
2016-11-21,12.42
2016-11-22,6.44
2016-11-23,15.41
2016-11-24,0.0
2016-11-25,3.22
2016-11-26,4.140000000000001
2016-11-27,0.0
2016-11-28,11.27
2016-11-29,5.98
2016-11-30,17.25
2016-12-01,23.28
2016-12-02,12.0
2016-12-03,0.0
2016-12-04,0.0
2016-12-05,6.96
2016-12-06,22.8
2016-12-07,7.92
2016-12-08,11.28
2016-12-09,13.44
2016-12-10,8.16
2016-12-11,14.4
2016-12-12,18.96
2016-12-13,24.0
2016-12-14,22.56
2016-12-15,21.36
2016-12-16,20.64
2016-12-17,0.0
2016-12-18,6.24
2016-12-19,11.52
2016-12-20,14.4
2016-12-21,11.76
2016-12-22,15.84
2016-12-23,8.879999999999999
2016-12-24,0.0
2016-12-25,12.24
2016-12-26,0.0
2016-12-27,14.88
2016-12-28,9.84
2016-12-29,11.76
2016-12-30,10.32
2016-12-31,0.0
2017-01-01,14.74
2017-01-02,0.0
2017-01-03,8.58
2017-01-04,15.18
2017-01-05,15.84
2017-01-06,10.56
2017-01-07,3.96
2017-01-08,3.08
2017-01-09,6.16
2017-01-10,9.68
2017-01-11,16.72
2017-01-12,13.2
2017-01-13,15.62
2017-01-14,0.0
2017-01-15,7.48
2017-01-16,0.0
2017-01-17,15.4
2017-01-18,22.0
2017-01-19,14.3
2017-01-20,10.12
2017-01-21,7.04
2017-01-22,4.18
2017-01-23,14.3
2017-01-24,17.6
2017-01-25,13.64
2017-01-26,15.4
2017-01-27,15.84
2017-01-28,10.34
2017-01-29,3.08
2017-01-30,16.06
2017-01-31,5.72
2017-02-01,4.83
2017-02-02,6.72
2017-02-03,16.38
2017-02-04,5.04
2017-02-05,0.0
2017-02-06,4.83
2017-02-07,7.35
2017-02-08,10.29
2017-02-09,8.4
2017-02-10,7.35
2017-02-11,5.25
2017-02-12,4.2
2017-02-13,5.88
2017-02-14,10.92
2017-02-15,3.15
2017-02-16,21.0
2017-02-17,8.82
2017-02-18,4.62
2017-02-19,0.0
2017-02-20,5.25
2017-02-21,10.5
2017-02-22,8.4
2017-02-23,6.72
2017-02-24,13.44
2017-02-25,6.51
2017-02-26,0.0
2017-02-27,6.93
2017-02-28,9.24
2017-03-01,22.0
2017-03-02,16.28
2017-03-03,16.5
2017-03-04,4.62
2017-03-05,0.0
2017-03-06,11.66
2017-03-07,19.14
2017-03-08,13.86
2017-03-09,12.76
2017-03-10,9.24
2017-03-11,4.18
2017-03-12,0.0
2017-03-13,9.68
2017-03-14,11.66
2017-03-15,20.02
2017-03-16,15.18
2017-03-17,10.12
2017-03-18,0.0
2017-03-19,6.16
2017-03-20,15.18
2017-03-21,12.54
2017-03-22,13.64
2017-03-23,18.04
2017-03-24,18.04
2017-03-25,0.0
2017-03-26,0.0
2017-03-27,16.06
2017-03-28,10.56
2017-03-29,7.92
2017-03-30,16.28
2017-03-31,14.96
2017-04-01,0.0
2017-04-02,0.0
2017-04-03,10.62
2017-04-04,12.6
2017-04-05,9.54
2017-04-06,7.56
2017-04-07,6.12
2017-04-08,5.58
2017-04-09,0.0
2017-04-10,8.64
2017-04-11,5.22
2017-04-12,6.12
2017-04-13,18.0
2017-04-14,4.859999999999999
2017-04-15,0.0
2017-04-16,5.58
2017-04-17,9.9
2017-04-18,7.739999999999999
2017-04-19,6.12
2017-04-20,10.26
2017-04-21,12.06
2017-04-22,0.0
2017-04-23,0.0
2017-04-24,5.04
2017-04-25,10.08
2017-04-26,12.42
2017-04-27,6.12
2017-04-28,11.34
2017-04-29,0.0
2017-04-30,0.0
2017-05-01,16.400000000000002
2017-05-02,0.0
2017-05-03,8.0
2017-05-04,9.4
2017-05-05,14.4
2017-05-06,4.800000000000001
2017-05-07,3.8
2017-05-08,0.0
2017-05-09,6.4
2017-05-10,15.2
2017-05-11,13.8
2017-05-12,7.2
2017-05-13,0.0
2017-05-14,5.6000000000000005
2017-05-15,9.2
2017-05-16,17.8
2017-05-17,20.0
2017-05-18,18.6
2017-05-19,19.8
2017-05-20,0.0
2017-05-21,4.2
2017-05-22,18.2
2017-05-23,7.0
2017-05-24,16.6
2017-05-25,12.6
2017-05-26,14.6
2017-05-27,0.0
2017-05-28,0.0
2017-05-29,0.0
2017-05-30,6.6000000000000005
2017-05-31,0.0
2017-06-01,9.72
2017-06-02,10.8
2017-06-03,14.04
2017-06-04,0.0
2017-06-05,8.28
2017-06-06,14.58
2017-06-07,0.0
2017-06-08,9.36
2017-06-09,10.98
2017-06-10,0.0
2017-06-11,0.0
2017-06-12,14.22
2017-06-13,7.739999999999999
2017-06-14,11.16
2017-06-15,18.0
2017-06-16,8.82
2017-06-17,7.02
2017-06-18,0.0
2017-06-19,11.16
2017-06-20,16.38
2017-06-21,11.34
2017-06-22,3.24
2017-06-23,14.58
2017-06-24,0.0
2017-06-25,4.32
2017-06-26,0.0
2017-06-27,8.459999999999999
2017-06-28,16.38
2017-06-29,10.62
2017-06-30,10.08
2017-07-01,3.6
2017-07-02,0.0
2017-07-03,5.04
2017-07-04,0.0
2017-07-05,5.58
2017-07-06,18.0
2017-07-07,8.459999999999999
2017-07-08,3.06
2017-07-09,0.0
2017-07-10,3.78
2017-07-11,6.12
2017-07-12,11.7
2017-07-13,14.22
2017-07-14,5.94
2017-07-15,6.12
2017-07-16,0.0
2017-07-17,14.04
2017-07-18,7.199999999999999
2017-07-19,6.84
2017-07-20,7.199999999999999
2017-07-21,13.32
2017-07-22,7.92
2017-07-23,0.0
2017-07-24,14.04
2017-07-25,6.3
2017-07-26,10.98
2017-07-27,10.44
2017-07-28,11.7
2017-07-29,7.199999999999999
2017-07-30,0.0
2017-07-31,14.76
2017-08-01,16.2
2017-08-02,14.6
2017-08-03,6.800000000000001
2017-08-04,20.0
2017-08-05,0.0
2017-08-06,4.2
2017-08-07,11.6
2017-08-08,6.6000000000000005
2017-08-09,14.6
2017-08-10,8.6
2017-08-11,11.6
2017-08-12,0.0
2017-08-13,0.0
2017-08-14,12.4
2017-08-15,5.4
2017-08-16,9.8
2017-08-17,12.6
2017-08-18,2.4000000000000004
2017-08-19,0.0
2017-08-20,3.6
2017-08-21,3.2
2017-08-22,8.4
2017-08-23,14.8
2017-08-24,13.8
2017-08-25,5.800000000000001
2017-08-26,4.6000000000000005
2017-08-27,0.0
2017-08-28,7.4
2017-08-29,8.4
2017-08-30,5.2
2017-08-31,13.8
2017-09-01,12.16
2017-09-02,0.0
2017-09-03,0.0
2017-09-04,0.0
2017-09-05,3.23
2017-09-06,0.0
2017-09-07,10.45
2017-09-08,7.03
2017-09-09,0.0
2017-09-10,0.0
2017-09-11,14.44
2017-09-12,10.07
2017-09-13,10.83
2017-09-14,7.79
2017-09-15,6.46
2017-09-16,4.5600000000000005
2017-09-17,0.0
2017-09-18,13.49
2017-09-19,15.39
2017-09-20,19.0
2017-09-21,7.22
2017-09-22,9.12
2017-09-23,5.7
2017-09-24,4.18
2017-09-25,9.12
2017-09-26,2.09
2017-09-27,18.24
2017-09-28,10.64
2017-09-29,3.42
2017-09-30,6.84
2017-10-01,0.0
2017-10-02,7.35
2017-10-03,10.92
2017-10-04,9.24
2017-10-05,9.87
2017-10-06,7.14
2017-10-07,4.41
2017-10-08,0.0
2017-10-09,7.56
2017-10-10,13.65
2017-10-11,5.46
2017-10-12,5.25
2017-10-13,6.3
2017-10-14,4.2
2017-10-15,0.0
2017-10-16,7.56
2017-10-17,6.93
2017-10-18,15.54
2017-10-19,5.46
2017-10-20,9.66
2017-10-21,7.35
2017-10-22,8.4
2017-10-23,7.56
2017-10-24,7.14
2017-10-25,5.04
2017-10-26,9.03
2017-10-27,21.0
2017-10-28,0.0
2017-10-29,5.88
2017-10-30,8.82
2017-10-31,7.35
2017-11-01,12.6
2017-11-02,10.6
2017-11-03,7.4
2017-11-04,0.0
2017-11-05,9.2
2017-11-06,15.2
2017-11-07,10.4
2017-11-08,7.800000000000001
2017-11-09,12.4
2017-11-10,12.2
2017-11-11,3.6
2017-11-12,6.2
2017-11-13,9.6
2017-11-14,9.4
2017-11-15,16.6
2017-11-16,11.2
2017-11-17,0.0
2017-11-18,0.0
2017-11-19,0.0
2017-11-20,13.6
2017-11-21,11.2
2017-11-22,10.8
2017-11-23,0.0
2017-11-24,7.0
2017-11-25,0.0
2017-11-26,3.0
2017-11-27,8.6
2017-11-28,12.6
2017-11-29,20.0
2017-11-30,18.4
2017-12-01,17.16
2017-12-02,0.0
2017-12-03,3.96
2017-12-04,13.86
2017-12-05,12.32
2017-12-06,10.56
2017-12-07,8.14
2017-12-08,0.0
2017-12-09,7.26
2017-12-10,0.0
2017-12-11,8.58
2017-12-12,12.54
2017-12-13,9.46
2017-12-14,4.18
2017-12-15,18.92
2017-12-16,5.5
2017-12-17,0.0
2017-12-18,10.34
2017-12-19,14.52
2017-12-20,17.38
2017-12-21,17.38
2017-12-22,13.64
2017-12-23,9.68
2017-12-24,10.34
2017-12-25,3.96
2017-12-26,19.14
2017-12-27,10.78
2017-12-28,18.26
2017-12-29,22.0
2017-12-30,0.0
2017-12-31,8.36
2018-01-01,3.4799999999999995
2018-01-02,13.63
2018-01-03,12.18
2018-01-04,21.75
2018-01-05,14.21
2018-01-06,6.67
2018-01-07,0.0
2018-01-08,13.05
2018-01-09,15.95
2018-01-10,14.21
2018-01-11,29.0
2018-01-12,12.76
2018-01-13,18.56
2018-01-14,12.47
2018-01-15,7.539999999999999
2018-01-16,19.72
2018-01-17,15.659999999999998
2018-01-18,13.63
2018-01-19,18.56
2018-01-20,14.499999999999998
2018-01-21,0.0
2018-01-22,23.49
2018-01-23,16.82
2018-01-24,12.47
2018-01-25,15.659999999999998
2018-01-26,18.85
2018-01-27,8.41
2018-01-28,0.0
2018-01-29,14.21
2018-01-30,16.24
2018-01-31,10.15
2018-02-01,15.5
2018-02-02,22.94
2018-02-03,4.65
2018-02-04,0.0
2018-02-05,19.22
2018-02-06,31.0
2018-02-07,16.43
2018-02-08,13.64
2018-02-09,12.09
2018-02-10,4.65
2018-02-11,4.03
2018-02-12,12.09
2018-02-13,6.51
2018-02-14,11.78
2018-02-15,11.47
2018-02-16,16.74
2018-02-17,9.3
2018-02-18,0.0
2018-02-19,3.1
2018-02-20,4.65
2018-02-21,8.68
2018-02-22,11.78
2018-02-23,16.74
2018-02-24,4.96
2018-02-25,3.1
2018-02-26,10.23
2018-02-27,8.06
2018-02-28,9.61
2018-03-01,2.76
2018-03-02,3.45
2018-03-03,0.0
2018-03-04,0.0
2018-03-05,11.27
2018-03-06,15.18
2018-03-07,12.19
2018-03-08,15.64
2018-03-09,14.26
2018-03-10,9.43
2018-03-11,5.5200000000000005
2018-03-12,13.34
2018-03-13,19.09
2018-03-14,15.41
2018-03-15,23.0
2018-03-16,7.590000000000001
2018-03-17,5.29
2018-03-18,4.37
2018-03-19,13.8
2018-03-20,10.35
2018-03-21,22.540000000000003
2018-03-22,21.39
2018-03-23,17.02
2018-03-24,5.0600000000000005
2018-03-25,3.22
2018-03-26,15.64
2018-03-27,19.78
2018-03-28,13.11
2018-03-29,13.57
2018-03-30,7.590000000000001
2018-03-31,0.0
2018-04-01,0.0
2018-04-02,14.31
2018-04-03,12.96
2018-04-04,13.77
2018-04-05,5.130000000000001
2018-04-06,10.260000000000002
2018-04-07,2.97
2018-04-08,0.0
2018-04-09,18.36
2018-04-10,18.630000000000003
2018-04-11,3.51
2018-04-12,21.06
2018-04-13,9.45
2018-04-14,8.370000000000001
2018-04-15,10.8
2018-04-16,13.77
2018-04-17,27.0
2018-04-18,18.630000000000003
2018-04-19,21.33
2018-04-20,11.61
2018-04-21,0.0
2018-04-22,3.51
2018-04-23,7.290000000000001
2018-04-24,14.85
2018-04-25,8.91
2018-04-26,12.69
2018-04-27,11.61
2018-04-28,8.370000000000001
2018-04-29,3.51
2018-04-30,7.0200000000000005
2018-05-01,6.76
2018-05-02,16.12
2018-05-03,17.94
2018-05-04,14.82
2018-05-05,8.06
2018-05-06,2.8600000000000003
2018-05-07,7.800000000000001
2018-05-08,13.78
2018-05-09,17.16
2018-05-10,18.46
2018-05-11,13.26
2018-05-12,13.78
2018-05-13,8.84
2018-05-14,13.78
2018-05-15,3.12
2018-05-16,14.04
2018-05-17,6.76
2018-05-18,8.06
2018-05-19,3.12
2018-05-20,0.0
2018-05-21,2.6
2018-05-22,26.0
2018-05-23,13.52
2018-05-24,22.62
2018-05-25,16.64
2018-05-26,8.06
2018-05-27,0.0
2018-05-28,0.0
2018-05-29,7.28
2018-05-30,10.92
2018-05-31,10.14
2018-06-01,13.8
2018-06-02,3.68
2018-06-03,0.0
2018-06-04,7.13
2018-06-05,23.0
2018-06-06,13.11
2018-06-07,19.32
2018-06-08,16.330000000000002
2018-06-09,2.99
2018-06-10,0.0
2018-06-11,16.330000000000002
2018-06-12,21.62
2018-06-13,10.35
2018-06-14,5.75
2018-06-15,22.31
2018-06-16,0.0
2018-06-17,0.0
2018-06-18,8.74
2018-06-19,17.25
2018-06-20,13.57
2018-06-21,0.0
2018-06-22,14.26
2018-06-23,0.0
2018-06-24,0.0
2018-06-25,0.0
2018-06-26,14.03
2018-06-27,14.26
2018-06-28,13.8
2018-06-29,3.68
2018-06-30,5.75
2018-07-01,10.4
2018-07-02,8.0
2018-07-03,12.8
2018-07-04,0.0
2018-07-05,11.0
2018-07-06,11.8
2018-07-07,0.0
2018-07-08,0.0
2018-07-09,8.200000000000001
2018-07-10,8.8
2018-07-11,11.6
2018-07-12,20.0
2018-07-13,12.2
2018-07-14,5.4
2018-07-15,11.4
2018-07-16,14.2
2018-07-17,6.6000000000000005
2018-07-18,11.8
2018-07-19,19.8
2018-07-20,7.2
2018-07-21,6.800000000000001
2018-07-22,0.0
2018-07-23,10.2
2018-07-24,9.4
2018-07-25,5.800000000000001
2018-07-26,15.0
2018-07-27,15.0
2018-07-28,0.0
2018-07-29,0.0
2018-07-30,5.2
2018-07-31,14.6
2018-08-01,7.31
2018-08-02,7.140000000000001
2018-08-03,13.6
2018-08-04,0.0
2018-08-05,0.0
2018-08-06,4.42
2018-08-07,11.22
2018-08-08,15.13
2018-08-09,6.460000000000001
2018-08-10,9.18
2018-08-11,4.42
2018-08-12,0.0
2018-08-13,17.0
2018-08-14,5.78
2018-08-15,7.82
2018-08-16,12.41
2018-08-17,16.32
2018-08-18,0.0
2018-08-19,4.930000000000001
2018-08-20,7.31
2018-08-21,0.0
2018-08-22,6.29
2018-08-23,13.6
2018-08-24,10.71
2018-08-25,0.0
2018-08-26,5.95
2018-08-27,11.22
2018-08-28,14.45
2018-08-29,10.37
2018-08-30,8.16
2018-08-31,0.0
2018-09-01,4.2
2018-09-02,5.7
2018-09-03,2.4
2018-09-04,6.0
2018-09-05,4.05
2018-09-06,9.9
2018-09-07,7.35
2018-09-08,0.0
2018-09-09,0.0
2018-09-10,2.25
2018-09-11,8.549999999999999
2018-09-12,6.45
2018-09-13,9.0
2018-09-14,0.0
2018-09-15,0.0
2018-09-16,0.0
2018-09-17,2.55
2018-09-18,6.3
2018-09-19,7.8
2018-09-20,7.5
2018-09-21,12.15
2018-09-22,8.85
2018-09-23,0.0
2018-09-24,0.0
2018-09-25,15.0
2018-09-26,3.45
2018-09-27,3.15
2018-09-28,6.6
2018-09-29,6.45
2018-09-30,0.0
2018-10-01,7.77
2018-10-02,11.97
2018-10-03,9.87
2018-10-04,9.87
2018-10-05,5.88
2018-10-06,4.62
2018-10-07,5.67
2018-10-08,2.52
2018-10-09,21.0
2018-10-10,5.04
2018-10-11,15.54
2018-10-12,8.19
2018-10-13,0.0
2018-10-14,0.0
2018-10-15,15.12
2018-10-16,9.24
2018-10-17,9.24
2018-10-18,5.67
2018-10-19,5.04
2018-10-20,4.2
2018-10-21,5.04
2018-10-22,9.66
2018-10-23,4.2
2018-10-24,13.65
2018-10-25,10.5
2018-10-26,10.92
2018-10-27,2.73
2018-10-28,11.76
2018-10-29,6.51
2018-10-30,7.35
2018-10-31,12.6
2018-11-01,15.75
2018-11-02,11.13
2018-11-03,14.28
2018-11-04,5.04
2018-11-05,15.12
2018-11-06,14.91
2018-11-07,9.66
2018-11-08,15.96
2018-11-09,16.169999999999998
2018-11-10,5.88
2018-11-11,0.0
2018-11-12,21.0
2018-11-13,11.76
2018-11-14,3.99
2018-11-15,19.95
2018-11-16,10.08
2018-11-17,7.35
2018-11-18,0.0
2018-11-19,9.24
2018-11-20,7.979999999999999
2018-11-21,7.35
2018-11-22,9.24
2018-11-23,4.2
2018-11-24,8.4
2018-11-25,0.0
2018-11-26,13.23
2018-11-27,5.46
2018-11-28,13.02
2018-11-29,7.14
2018-11-30,12.81
2018-12-01,0.0
2018-12-02,0.0
2018-12-03,6.88
2018-12-04,5.12
2018-12-05,2.24
2018-12-06,5.28
2018-12-07,2.56
2018-12-08,3.04
2018-12-09,0.0
2018-12-10,0.0
2018-12-11,11.68
2018-12-12,4.64
2018-12-13,6.72
2018-12-14,6.88
2018-12-15,0.0
2018-12-16,4.8
2018-12-17,8.48
2018-12-18,4.96
2018-12-19,8.8
2018-12-20,9.44
2018-12-21,8.8
2018-12-22,0.0
2018-12-23,2.88
2018-12-24,5.6000000000000005
2018-12-25,9.28
2018-12-26,14.72
2018-12-27,16.0
2018-12-28,8.8
2018-12-29,0.0
2018-12-30,3.36
2018-12-31,6.72
2019-01-01,0.0
2019-01-02,14.94
2019-01-03,7.02
2019-01-04,4.14
2019-01-05,0.0
2019-01-06,0.0
2019-01-07,9.54
2019-01-08,2.88
2019-01-09,10.26
2019-01-10,9.54
2019-01-11,5.4
2019-01-12,5.58
2019-01-13,5.94
2019-01-14,10.26
2019-01-15,5.04
2019-01-16,9.36
2019-01-17,9.72
2019-01-18,7.56
2019-01-19,3.06
2019-01-20,0.0
2019-01-21,0.0
2019-01-22,2.52
2019-01-23,15.84
2019-01-24,10.08
2019-01-25,13.32
2019-01-26,7.56
2019-01-27,7.199999999999999
2019-01-28,10.8
2019-01-29,18.0
2019-01-30,8.64
2019-01-31,16.56
2019-02-01,15.3
2019-02-02,0.0
2019-02-03,0.0
2019-02-04,7.65
2019-02-05,5.1000000000000005
2019-02-06,6.460000000000001
2019-02-07,14.96
2019-02-08,11.05
2019-02-09,0.0
2019-02-10,3.91
2019-02-11,3.06
2019-02-12,3.2300000000000004
2019-02-13,5.2700000000000005
2019-02-14,10.54
2019-02-15,8.16
2019-02-16,8.84
2019-02-17,4.760000000000001
2019-02-18,0.0
2019-02-19,3.74
2019-02-20,9.86
2019-02-21,3.91
2019-02-22,8.67
2019-02-23,4.590000000000001
2019-02-24,4.25
2019-02-25,10.54
2019-02-26,8.67
2019-02-27,17.0
2019-02-28,8.16
2019-03-01,11.4
2019-03-02,0.0
2019-03-03,0.0
2019-03-04,5.0
2019-03-05,9.0
2019-03-06,8.200000000000001
2019-03-07,13.0
2019-03-08,6.0
2019-03-09,0.0
2019-03-10,0.0
2019-03-11,15.0
2019-03-12,16.6
2019-03-13,3.4000000000000004
2019-03-14,14.8
2019-03-15,17.2
2019-03-16,10.6
2019-03-17,0.0
2019-03-18,8.200000000000001
2019-03-19,4.800000000000001
2019-03-20,20.0
2019-03-21,14.6
2019-03-22,9.8
2019-03-23,6.0
2019-03-24,0.0
2019-03-25,0.0
2019-03-26,17.6
2019-03-27,5.6000000000000005
2019-03-28,5.800000000000001
2019-03-29,9.8
2019-03-30,0.0
2019-03-31,0.0
2019-04-01,3.5
2019-04-02,12.25
2019-04-03,5.0
2019-04-04,6.5
2019-04-05,15.25
2019-04-06,7.25
2019-04-07,5.5
2019-04-08,11.5
2019-04-09,9.5
2019-04-10,9.0
2019-04-11,8.25
2019-04-12,25.0
2019-04-13,4.25
2019-04-14,12.5
2019-04-15,10.5
2019-04-16,13.25
2019-04-17,14.75
2019-04-18,8.0
2019-04-19,3.5
2019-04-20,3.5
2019-04-21,0.0
2019-04-22,8.5
2019-04-23,17.5
2019-04-24,14.0
2019-04-25,9.0
2019-04-26,12.5
2019-04-27,0.0
2019-04-28,3.25
2019-04-29,14.0
2019-04-30,11.0
2019-05-01,16.400000000000002
2019-05-02,8.8
2019-05-03,4.4
2019-05-04,10.4
2019-05-05,5.2
2019-05-06,11.0
2019-05-07,13.2
2019-05-08,13.2
2019-05-09,20.0
2019-05-10,14.4
2019-05-11,0.0
2019-05-12,0.0
2019-05-13,7.6
2019-05-14,9.4
2019-05-15,9.6
2019-05-16,19.200000000000003
2019-05-17,19.6
2019-05-18,0.0
2019-05-19,0.0
2019-05-20,9.6
2019-05-21,7.2
2019-05-22,0.0
2019-05-23,18.2
2019-05-24,16.2
2019-05-25,0.0
2019-05-26,3.8
2019-05-27,0.0
2019-05-28,5.800000000000001
2019-05-29,12.8
2019-05-30,10.8
2019-05-31,0.0
2019-06-01,0.0
2019-06-02,0.0
2019-06-03,2.8000000000000003
2019-06-04,5.800000000000001
2019-06-05,20.0
2019-06-06,17.0
2019-06-07,14.4
2019-06-08,0.0
2019-06-09,0.0
2019-06-10,12.4
2019-06-11,12.4
2019-06-12,12.6
2019-06-13,9.2
2019-06-14,6.0
2019-06-15,0.0
2019-06-16,3.4000000000000004
2019-06-17,8.8
2019-06-18,0.0
2019-06-19,14.4
2019-06-20,11.8
2019-06-21,13.6
2019-06-22,6.2
2019-06-23,0.0
2019-06-24,12.2
2019-06-25,12.4
2019-06-26,11.8
2019-06-27,13.0
2019-06-28,10.4
2019-06-29,0.0
2019-06-30,0.0
2019-07-01,5.2700000000000005
2019-07-02,0.0
2019-07-03,5.95
2019-07-04,2.3800000000000003
2019-07-05,3.2300000000000004
2019-07-06,1.7000000000000002
2019-07-07,2.3800000000000003
2019-07-08,2.72
2019-07-09,10.2
2019-07-10,4.760000000000001
2019-07-11,8.84
2019-07-12,17.0
2019-07-13,2.21
2019-07-14,0.0
2019-07-15,11.39
2019-07-16,5.78
2019-07-17,9.01
2019-07-18,5.2700000000000005
2019-07-19,4.25
2019-07-20,3.74
2019-07-21,1.87
2019-07-22,2.72
2019-07-23,8.84
2019-07-24,6.800000000000001
2019-07-25,5.1000000000000005
2019-07-26,4.42
2019-07-27,0.0
2019-07-28,0.0
2019-07-29,6.970000000000001
2019-07-30,9.18
2019-07-31,0.0
2019-08-01,13.86
2019-08-02,9.72
2019-08-03,0.0
2019-08-04,0.0
2019-08-05,10.98
2019-08-06,16.38
2019-08-07,10.08
2019-08-08,12.96
2019-08-09,6.12
2019-08-10,6.12
2019-08-11,0.0
2019-08-12,7.02
2019-08-13,15.3
2019-08-14,15.48
2019-08-15,13.5
2019-08-16,10.26
2019-08-17,13.32
2019-08-18,5.94
2019-08-19,12.78
2019-08-20,4.859999999999999
2019-08-21,9.36
2019-08-22,6.3
2019-08-23,16.919999999999998
2019-08-24,11.34
2019-08-25,3.24
2019-08-26,11.16
2019-08-27,12.42
2019-08-28,9.9
2019-08-29,18.0
2019-08-30,3.24
2019-08-31,0.0
2019-09-01,7.0
2019-09-02,0.0
2019-09-03,8.8
2019-09-04,2.2
2019-09-05,14.0
2019-09-06,4.6000000000000005
2019-09-07,0.0
2019-09-08,0.0
2019-09-09,7.2
2019-09-10,8.200000000000001
2019-09-11,2.0
2019-09-12,10.4
2019-09-13,5.6000000000000005
2019-09-14,0.0
2019-09-15,3.4000000000000004
2019-09-16,20.0
2019-09-17,16.0
2019-09-18,9.6
2019-09-19,5.6000000000000005
2019-09-20,7.2
2019-09-21,3.6
2019-09-22,3.2
2019-09-23,10.4
2019-09-24,6.0
2019-09-25,10.0
2019-09-26,0.0
2019-09-27,5.6000000000000005
2019-09-28,4.2
2019-09-29,4.800000000000001
2019-09-30,5.0
2019-10-01,10.78
2019-10-02,2.3800000000000003
2019-10-03,7.98
2019-10-04,10.36
2019-10-05,0.0
2019-10-06,0.0
2019-10-07,6.0200000000000005
2019-10-08,8.540000000000001
2019-10-09,4.340000000000001
2019-10-10,12.740000000000002
2019-10-11,0.0
2019-10-12,4.340000000000001
2019-10-13,0.0
2019-10-14,0.0
2019-10-15,7.56
2019-10-16,10.500000000000002
2019-10-17,11.9
2019-10-18,14.000000000000002
2019-10-19,0.0
2019-10-20,0.0
2019-10-21,6.16
2019-10-22,4.340000000000001
2019-10-23,7.280000000000001
2019-10-24,5.460000000000001
2019-10-25,9.94
2019-10-26,0.0
2019-10-27,5.040000000000001
2019-10-28,10.78
2019-10-29,4.48
2019-10-30,7.840000000000001
2019-10-31,6.720000000000001
2019-11-01,9.6
2019-11-02,7.5
2019-11-03,6.0
2019-11-04,13.65
2019-11-05,10.5
2019-11-06,15.0
2019-11-07,8.549999999999999
2019-11-08,9.0
2019-11-09,0.0
2019-11-10,0.0
2019-11-11,8.4
2019-11-12,9.0
2019-11-13,5.25
2019-11-14,14.7
2019-11-15,8.85
2019-11-16,4.05
2019-11-17,7.199999999999999
2019-11-18,4.2
2019-11-19,4.5
2019-11-20,7.5
2019-11-21,6.3
2019-11-22,6.0
2019-11-23,3.6
2019-11-24,0.0
2019-11-25,11.25
2019-11-26,5.55
2019-11-27,7.199999999999999
2019-11-28,6.9
2019-11-29,4.35
2019-11-30,0.0
2019-12-01,0.0
2019-12-02,2.55
2019-12-03,7.5
2019-12-04,4.8
2019-12-05,15.0
2019-12-06,8.7
2019-12-07,4.2
2019-12-08,4.8
2019-12-09,4.95
2019-12-10,4.95
2019-12-11,5.85
2019-12-12,9.45
2019-12-13,9.3
2019-12-14,2.7
2019-12-15,2.4
2019-12-16,12.6
2019-12-17,9.0
2019-12-18,8.1
2019-12-19,7.5
2019-12-20,8.1
2019-12-21,0.0
2019-12-22,0.0
2019-12-23,9.6
2019-12-24,4.95
2019-12-25,8.1
2019-12-26,6.6
2019-12-27,6.6
2019-12-28,6.0
2019-12-29,3.9
2019-12-30,0.0
2019-12-31,5.55
2020-01-01,6.84
2020-01-02,13.3
2020-01-03,14.44
2020-01-04,6.08
2020-01-05,4.75
2020-01-06,11.21
2020-01-07,10.07
2020-01-08,11.59
2020-01-09,11.78
2020-01-10,12.54
2020-01-11,4.75
2020-01-12,0.0
2020-01-13,8.74
2020-01-14,8.93
2020-01-15,6.08
2020-01-16,14.82
2020-01-17,8.74
2020-01-18,3.8
2020-01-19,3.42
2020-01-20,4.94
2020-01-21,7.41
2020-01-22,17.86
2020-01-23,8.74
2020-01-24,13.68
2020-01-25,4.5600000000000005
2020-01-26,2.66
2020-01-27,12.16
2020-01-28,5.7
2020-01-29,6.65
2020-01-30,12.73
2020-01-31,19.0
2020-02-01,6.5
2020-02-02,5.720000000000001
2020-02-03,10.4
2020-02-04,12.74
2020-02-05,17.42
2020-02-06,11.44
2020-02-07,17.16
2020-02-08,0.0
2020-02-09,0.0
2020-02-10,9.1
2020-02-11,10.4
2020-02-12,7.28
2020-02-13,4.42
2020-02-14,7.28
2020-02-15,3.9
2020-02-16,0.0
2020-02-17,4.42
2020-02-18,5.98
2020-02-19,9.88
2020-02-20,5.46
2020-02-21,7.800000000000001
2020-02-22,6.24
2020-02-23,2.34
2020-02-24,11.7
2020-02-25,13.52
2020-02-26,16.64
2020-02-27,19.24
2020-02-28,26.0
2020-02-29,9.1
2020-03-01,3.72
2020-03-02,18.6
2020-03-03,18.6
2020-03-04,21.39
2020-03-05,17.67
2020-03-06,28.83
2020-03-07,13.02
2020-03-08,9.3
2020-03-09,93.0
2020-03-10,61.38
2020-03-11,44.64
2020-03-12,66.96000000000001
2020-03-13,60.45
2020-03-14,24.18
2020-03-15,8.370000000000001
2020-03-16,54.870000000000005
2020-03-17,50.220000000000006
2020-03-18,64.17
2020-03-19,77.19
2020-03-20,59.52
2020-03-21,32.550000000000004
2020-03-22,22.32
2020-03-23,79.05
2020-03-24,81.84
2020-03-25,93.0
2020-03-26,74.4
2020-03-27,72.54
2020-03-28,17.67
2020-03-29,24.18
2020-03-30,59.52
2020-03-31,64.17
2020-04-01,45.0
2020-04-02,61.0
2020-04-03,45.0
2020-04-04,24.0
2020-04-05,14.0
2020-04-06,45.0
2020-04-07,39.0
2020-04-08,38.0
2020-04-09,47.0
2020-04-10,29.0
2020-04-11,9.0
2020-04-12,13.0
2020-04-13,31.0
2020-04-14,39.0
2020-04-15,31.0
2020-04-16,32.0
2020-04-17,29.0
2020-04-18,13.0
2020-04-19,9.0
2020-04-20,100.0
2020-04-21,93.0
2020-04-22,61.0
2020-04-23,41.0
2020-04-24,31.0
2020-04-25,22.0
2020-04-26,10.0
2020-04-27,28.0
2020-04-28,33.0
2020-04-29,35.0
2020-04-30,32.0
2020-05-01,55.2
2020-05-02,21.0
2020-05-03,15.0
2020-05-04,49.8
2020-05-05,60.0
2020-05-06,54.0
2020-05-07,52.2
2020-05-08,40.8
2020-05-09,10.2
2020-05-10,15.0
2020-05-11,43.2
2020-05-12,41.4
2020-05-13,42.0
2020-05-14,21.6
2020-05-15,46.8
2020-05-16,6.6
2020-05-17,7.8
2020-05-18,46.8
2020-05-19,40.2
2020-05-20,36.6
2020-05-21,40.8
2020-05-22,27.6
2020-05-23,13.8
2020-05-24,0.0
2020-05-25,9.6
2020-05-26,37.2
2020-05-27,40.2
2020-05-28,33.6
2020-05-29,35.4
2020-05-30,14.4
2020-05-31,2.4
2020-06-01,25.97
2020-06-02,24.380000000000003
2020-06-03,41.34
2020-06-04,42.400000000000006
2020-06-05,53.0
2020-06-06,14.84
2020-06-07,10.07
2020-06-08,32.86
2020-06-09,32.33
2020-06-10,39.22
2020-06-11,36.04
2020-06-12,34.45
2020-06-13,6.890000000000001
2020-06-14,6.36
2020-06-15,27.03
2020-06-16,36.04
2020-06-17,21.200000000000003
2020-06-18,26.5
2020-06-19,26.5
2020-06-20,12.19
2020-06-21,10.07
2020-06-22,21.200000000000003
2020-06-23,25.44
2020-06-24,19.61
2020-06-25,24.91
2020-06-26,30.74
2020-06-27,15.37
2020-06-28,0.0
2020-06-29,28.62
2020-06-30,27.56
2020-07-01,31.200000000000003
2020-07-02,17.16
2020-07-03,11.7
2020-07-04,3.51
2020-07-05,3.9
2020-07-06,31.200000000000003
2020-07-07,20.28
2020-07-08,32.370000000000005
2020-07-09,13.26
2020-07-10,18.72
2020-07-11,4.29
2020-07-12,9.75
2020-07-13,25.74
2020-07-14,24.57
2020-07-15,23.4
2020-07-16,15.6
2020-07-17,13.65
2020-07-18,0.0
2020-07-19,0.0
2020-07-20,39.0
2020-07-21,28.47
2020-07-22,23.01
2020-07-23,20.67
2020-07-24,16.77
2020-07-25,6.24
2020-07-26,7.41
2020-07-27,27.3
2020-07-28,19.11
2020-07-29,25.35
2020-07-30,19.11
2020-07-31,25.35
2020-08-01,16.099999999999998
2020-08-02,0.0
2020-08-03,18.2
2020-08-04,29.75
2020-08-05,31.5
2020-08-06,28.35
2020-08-07,20.3
2020-08-08,23.1
2020-08-09,0.0
2020-08-10,22.75
2020-08-11,27.65
2020-08-12,29.05
2020-08-13,19.6
2020-08-14,15.4
2020-08-15,6.65
2020-08-16,0.0
2020-08-17,15.4
2020-08-18,16.099999999999998
2020-08-19,35.0
2020-08-20,20.65
2020-08-21,21.7
2020-08-22,9.8
2020-08-23,0.0
2020-08-24,22.4
2020-08-25,22.05
2020-08-26,19.6
2020-08-27,35.0
2020-08-28,28.0
2020-08-29,0.0
2020-08-30,6.65
2020-08-31,22.05
2020-09-01,26.24
2020-09-02,32.0
2020-09-03,18.24
2020-09-04,23.04
2020-09-05,4.8
2020-09-06,12.8
2020-09-07,8.96
2020-09-08,24.32
2020-09-09,25.6
2020-09-10,23.36
2020-09-11,22.4
2020-09-12,3.2
2020-09-13,0.0
2020-09-14,19.84
2020-09-15,23.68
2020-09-16,23.68
2020-09-17,23.36
2020-09-18,15.68
2020-09-19,3.2
2020-09-20,3.84
2020-09-21,17.6
2020-09-22,11.84
2020-09-23,17.6
2020-09-24,25.6
2020-09-25,23.68
2020-09-26,8.32
2020-09-27,8.64
2020-09-28,17.6
2020-09-29,27.2
2020-09-30,20.48
2020-10-01,30.1
2020-10-02,23.45
2020-10-03,8.049999999999999
2020-10-04,10.85
2020-10-05,32.55
2020-10-06,22.75
2020-10-07,29.4
2020-10-08,16.45
2020-10-09,32.55
2020-10-10,0.0
2020-10-11,17.849999999999998
2020-10-12,23.45
2020-10-13,7.35
2020-10-14,11.2
2020-10-15,28.0
2020-10-16,20.65
2020-10-17,0.0
2020-10-18,0.0
2020-10-19,20.3
2020-10-20,24.15
2020-10-21,26.6
2020-10-22,23.8
2020-10-23,31.15
2020-10-24,12.95
2020-10-25,7.699999999999999
2020-10-26,26.95
2020-10-27,24.85
2020-10-28,35.0
2020-10-29,33.95
2020-10-30,29.75
2020-10-31,0.0
2020-11-01,0.0
2020-11-02,13.68
2020-11-03,14.76
2020-11-04,8.28
2020-11-05,10.08
2020-11-06,8.64
2020-11-07,3.96
2020-11-08,9.72
2020-11-09,23.76
2020-11-10,20.16
2020-11-11,36.0
2020-11-12,18.72
2020-11-13,14.4
2020-11-14,6.84
2020-11-15,0.0
2020-11-16,20.52
2020-11-17,19.8
2020-11-18,23.04
2020-11-19,18.72
2020-11-20,19.8
2020-11-21,6.84
2020-11-22,2.88
2020-11-23,18.36
2020-11-24,18.72
2020-11-25,22.32
2020-11-26,2.88
2020-11-27,16.2
2020-11-28,3.96
2020-11-29,9.72
2020-11-30,12.6
2020-12-01,19.08
2020-12-02,16.919999999999998
2020-12-03,25.2
2020-12-04,36.0
2020-12-05,14.04
2020-12-06,7.56
2020-12-07,26.64
2020-12-08,31.32
2020-12-09,36.0
2020-12-10,30.6
2020-12-11,31.32
2020-12-12,13.32
2020-12-13,0.0
2020-12-14,27.0
2020-12-15,16.2
2020-12-16,22.32
2020-12-17,27.72
2020-12-18,25.92
2020-12-19,9.0
2020-12-20,5.76
2020-12-21,19.08
2020-12-22,33.84
2020-12-23,25.2
2020-12-24,23.4
2020-12-25,0.0
2020-12-26,11.16
2020-12-27,8.64
2020-12-28,22.68
2020-12-29,21.6
2020-12-30,30.6
2020-12-31,30.24
2021-01-01,7.92
2021-01-02,3.24
2021-01-03,6.12
2021-01-04,23.76
2021-01-05,23.4
2021-01-06,33.48
2021-01-07,23.4
2021-01-08,25.92
2021-01-09,15.48
2021-01-10,6.12
2021-01-11,18.0
2021-01-12,28.08
2021-01-13,26.64
2021-01-14,30.24
2021-01-15,36.0
2021-01-16,16.56
2021-01-17,0.0
2021-01-18,14.4
2021-01-19,32.76
2021-01-20,35.28
2021-01-21,30.96
2021-01-22,30.96
2021-01-23,10.8
2021-01-24,4.68
2021-01-25,14.4
2021-01-26,21.6
2021-01-27,25.92
2021-01-28,23.4
2021-01-29,21.24
2021-01-30,8.64
2021-01-31,11.52
2021-02-01,26.22
2021-02-02,29.07
2021-02-03,29.07
2021-02-04,23.37
2021-02-05,30.21
2021-02-06,13.68
2021-02-07,7.979999999999999
2021-02-08,34.2
2021-02-09,16.529999999999998
2021-02-10,27.36
2021-02-11,31.35
2021-02-12,25.65
2021-02-13,12.54
2021-02-14,6.84
2021-02-15,18.81
2021-02-16,24.51
2021-02-17,56.99999999999999
2021-02-18,44.46
2021-02-19,37.62
2021-02-20,3.42
2021-02-21,0.0
2021-02-22,30.21
2021-02-23,41.04
2021-02-24,33.629999999999995
2021-02-25,32.489999999999995
2021-02-26,34.2
2021-02-27,9.69
2021-02-28,9.12
2021-03-01,38.86
2021-03-02,40.02
2021-03-03,30.74
2021-03-04,57.99999999999999
2021-03-05,42.92
2021-03-06,23.78
2021-03-07,7.539999999999999
2021-03-08,45.82
2021-03-09,56.26
2021-03-10,38.28
2021-03-11,37.12
2021-03-12,44.66
2021-03-13,9.86
2021-03-14,6.959999999999999
2021-03-15,33.059999999999995
2021-03-16,37.12
2021-03-17,34.22
2021-03-18,38.28
2021-03-19,34.8
2021-03-20,13.919999999999998
2021-03-21,4.64
2021-03-22,27.26
2021-03-23,27.26
2021-03-24,34.22
2021-03-25,39.44
2021-03-26,29.58
2021-03-27,11.6
2021-03-28,0.0
2021-03-29,22.04
2021-03-30,23.78
2021-03-31,27.26
2021-04-01,18.24
2021-04-02,10.64
2021-04-03,0.0
2021-04-04,6.84
2021-04-05,7.6
2021-04-06,20.14
2021-04-07,15.2
2021-04-08,19.38
2021-04-09,21.28
2021-04-10,10.26
2021-04-11,0.0
2021-04-12,16.72
2021-04-13,15.58
2021-04-14,16.72
2021-04-15,28.88
2021-04-16,24.7
2021-04-17,3.42
2021-04-18,5.7
2021-04-19,10.64
2021-04-20,24.7
2021-04-21,14.82
2021-04-22,20.14
2021-04-23,19.76
2021-04-24,3.8
2021-04-25,6.08
2021-04-26,19.0
2021-04-27,28.5
2021-04-28,22.42
2021-04-29,25.46
2021-04-30,38.0
2021-05-01,2.94
2021-05-02,0.0
2021-05-03,29.82
2021-05-04,42.0
2021-05-05,24.78
2021-05-06,30.66
2021-05-07,23.1
2021-05-08,10.5
2021-05-09,4.62
2021-05-10,30.24
2021-05-11,24.36
2021-05-12,32.76
2021-05-13,23.1
2021-05-14,26.04
2021-05-15,5.88
2021-05-16,7.979999999999999
2021-05-17,14.7
2021-05-18,35.28
2021-05-19,20.58
2021-05-20,36.12
2021-05-21,18.06
2021-05-22,9.66
2021-05-23,7.14
2021-05-24,24.78
2021-05-25,25.62
2021-05-26,28.98
2021-05-27,17.22
2021-05-28,16.8
2021-05-29,4.62
2021-05-30,0.0
2021-05-31,0.0
2021-06-01,21.6
2021-06-02,28.08
2021-06-03,30.6
2021-06-04,28.8
2021-06-05,24.48
2021-06-06,0.0
2021-06-07,18.72
2021-06-08,34.56
2021-06-09,30.6
2021-06-10,14.04
2021-06-11,21.24
2021-06-12,0.0
2021-06-13,3.6
2021-06-14,17.28
2021-06-15,19.8
2021-06-16,21.24
2021-06-17,27.36
2021-06-18,19.44
2021-06-19,15.84
2021-06-20,11.16
2021-06-21,29.88
2021-06-22,29.16
2021-06-23,25.2
2021-06-24,25.2
2021-06-25,23.4
2021-06-26,4.32
2021-06-27,7.56
2021-06-28,22.32
2021-06-29,36.0
2021-06-30,27.36
2021-07-01,21.08
2021-07-02,24.8
2021-07-03,12.09
2021-07-04,0.0
2021-07-05,0.0
2021-07-06,16.74
2021-07-07,15.5
2021-07-08,31.0
2021-07-09,12.4
2021-07-10,18.29
2021-07-11,4.03
2021-07-12,17.98
2021-07-13,22.32
2021-07-14,19.53
2021-07-15,14.57
2021-07-16,17.98
2021-07-17,0.0
2021-07-18,0.0
2021-07-19,28.52
2021-07-20,30.07
2021-07-21,22.32
2021-07-22,16.43
2021-07-23,17.98
2021-07-24,4.34
2021-07-25,0.0
2021-07-26,24.49
2021-07-27,23.56
2021-07-28,12.71
2021-07-29,20.15
2021-07-30,26.66
2021-07-31,4.65
2021-08-01,8.32
2021-08-02,21.44
2021-08-03,18.88
2021-08-04,21.12
2021-08-05,32.0
2021-08-06,13.44
2021-08-07,7.36
2021-08-08,3.2
2021-08-09,15.36
2021-08-10,15.36
2021-08-11,27.2
2021-08-12,20.16
2021-08-13,15.68
2021-08-14,8.32
2021-08-15,0.0
2021-08-16,17.6
2021-08-17,13.76
2021-08-18,21.12
2021-08-19,18.56
2021-08-20,15.36
2021-08-21,0.0
2021-08-22,3.2
2021-08-23,17.92
2021-08-24,28.8
2021-08-25,16.96
2021-08-26,21.44
2021-08-27,8.96
2021-08-28,0.0
2021-08-29,6.72
2021-08-30,17.28
2021-08-31,24.0
2021-09-01,18.15
2021-09-02,24.42
2021-09-03,17.82
2021-09-04,0.0
2021-09-05,8.58
2021-09-06,0.0
2021-09-07,8.91
2021-09-08,16.17
2021-09-09,15.18
2021-09-10,22.77
2021-09-11,3.3000000000000003
2021-09-12,0.0
2021-09-13,33.0
2021-09-14,15.18
2021-09-15,22.77
2021-09-16,16.830000000000002
2021-09-17,21.45
2021-09-18,6.2700000000000005
2021-09-19,0.0
2021-09-20,21.12
2021-09-21,19.8
2021-09-22,19.47
2021-09-23,31.68
2021-09-24,24.75
2021-09-25,8.25
2021-09-26,0.0
2021-09-27,24.42
2021-09-28,30.360000000000003
2021-09-29,19.8
2021-09-30,22.11
2021-10-01,10.64
2021-10-02,6.84
2021-10-03,0.0
2021-10-04,20.14
2021-10-05,24.7
2021-10-06,13.3
2021-10-07,22.04
2021-10-08,16.34
2021-10-09,10.26
2021-10-10,13.68
2021-10-11,20.14
2021-10-12,14.44
2021-10-13,23.94
2021-10-14,21.28
2021-10-15,25.08
2021-10-16,0.0
2021-10-17,3.42
2021-10-18,12.54
2021-10-19,26.22
2021-10-20,38.0
2021-10-21,12.16
2021-10-22,16.34
2021-10-23,3.04
2021-10-24,4.5600000000000005
2021-10-25,31.16
2021-10-26,24.7
2021-10-27,23.56
2021-10-28,15.96
2021-10-29,32.68
2021-10-30,13.3
2021-10-31,0.0
2021-11-01,18.4
2021-11-02,35.6
2021-11-03,23.6
2021-11-04,34.800000000000004
2021-11-05,40.0
2021-11-06,6.800000000000001
2021-11-07,12.4
2021-11-08,20.4
2021-11-09,26.4
2021-11-10,32.0
2021-11-11,24.0
2021-11-12,23.200000000000003
2021-11-13,5.6000000000000005
2021-11-14,0.0
2021-11-15,20.4
2021-11-16,21.6
2021-11-17,20.8
2021-11-18,36.8
2021-11-19,22.4
2021-11-20,9.6
2021-11-21,9.6
2021-11-22,26.4
2021-11-23,33.6
2021-11-24,18.8
2021-11-25,9.2
2021-11-26,22.4
2021-11-27,7.6
2021-11-28,4.800000000000001
2021-11-29,25.200000000000003
2021-11-30,22.8
2021-12-01,29.6
2021-12-02,26.4
2021-12-03,24.8
2021-12-04,4.800000000000001
2021-12-05,5.6000000000000005
2021-12-06,13.2
2021-12-07,32.800000000000004
2021-12-08,31.200000000000003
2021-12-09,29.6
2021-12-10,16.8
2021-12-11,6.0
2021-12-12,0.0
2021-12-13,16.8
2021-12-14,22.4
2021-12-15,21.6
2021-12-16,24.8
2021-12-17,40.0
2021-12-18,15.2
2021-12-19,8.4
2021-12-20,27.200000000000003
2021-12-21,13.2
2021-12-22,39.2
2021-12-23,27.6
2021-12-24,10.0
2021-12-25,4.800000000000001
2021-12-26,11.2
2021-12-27,29.6
2021-12-28,34.0
2021-12-29,20.4
2021-12-30,14.4
2021-12-31,7.6
2022-01-01,0.0
2022-01-02,11.7
2022-01-03,14.4
2022-01-04,29.25
2022-01-05,40.05
2022-01-06,21.15
2022-01-07,40.05
2022-01-08,10.8
2022-01-09,3.6
2022-01-10,26.1
2022-01-11,17.55
2022-01-12,30.6
2022-01-13,30.6
2022-01-14,19.8
2022-01-15,4.95
2022-01-16,18.0
2022-01-17,11.7
2022-01-18,19.35
2022-01-19,30.6
2022-01-20,18.0
2022-01-21,21.6
2022-01-22,0.0
2022-01-23,3.6
2022-01-24,45.0
2022-01-25,31.5
2022-01-26,33.300000000000004
2022-01-27,31.95
2022-01-28,40.05
2022-01-29,7.65
2022-01-30,7.2
2022-01-31,24.75
2022-02-01,31.8
2022-02-02,29.4
2022-02-03,30.0
2022-02-04,24.6
2022-02-05,6.0
2022-02-06,4.2
2022-02-07,30.6
2022-02-08,43.8
2022-02-09,19.2
2022-02-10,33.6
2022-02-11,10.2
2022-02-12,9.6
2022-02-13,4.8
2022-02-14,22.8
2022-02-15,31.8
2022-02-16,20.4
2022-02-17,28.2
2022-02-18,31.2
2022-02-19,9.0
2022-02-20,4.8
2022-02-21,16.8
2022-02-22,35.4
2022-02-23,36.0
2022-02-24,60.0
2022-02-25,40.8
2022-02-26,17.4
2022-02-27,6.0
2022-02-28,51.6
2022-03-01,51.3
2022-03-02,50.4
2022-03-03,54.9
2022-03-04,51.3
2022-03-05,16.2
2022-03-06,16.2
2022-03-07,79.2
2022-03-08,90.0
2022-03-09,84.60000000000001
2022-03-10,65.7
2022-03-11,51.3
2022-03-12,27.0
2022-03-13,9.9
2022-03-14,47.7
2022-03-15,48.6
2022-03-16,48.6
2022-03-17,29.7
2022-03-18,44.1
2022-03-19,4.5
2022-03-20,10.8
2022-03-21,38.7
2022-03-22,44.1
2022-03-23,32.4
2022-03-24,31.5
2022-03-25,32.4
2022-03-26,13.5
2022-03-27,9.9
2022-03-28,31.5
2022-03-29,28.8
2022-03-30,36.9
2022-03-31,22.5
2022-04-01,43.68
2022-04-02,13.52
2022-04-03,14.56
2022-04-04,32.24
2022-04-05,36.4
2022-04-06,44.72
2022-04-07,35.88
2022-04-08,47.32
2022-04-09,18.72
2022-04-10,7.28
2022-04-11,32.24
2022-04-12,45.24
2022-04-13,41.6
2022-04-14,49.92
2022-04-15,23.92
2022-04-16,10.4
2022-04-17,13.52
2022-04-18,41.08
2022-04-19,31.72
2022-04-20,46.8
2022-04-21,36.4
2022-04-22,33.800000000000004
2022-04-23,21.32
2022-04-24,5.2
2022-04-25,44.2
2022-04-26,37.96
2022-04-27,50.440000000000005
2022-04-28,41.08
2022-04-29,52.0
2022-04-30,18.72
2022-05-01,22.68
2022-05-02,46.62
2022-05-03,40.95
2022-05-04,42.84
2022-05-05,52.29
2022-05-06,63.0
2022-05-07,23.31
2022-05-08,17.01
2022-05-09,58.59
2022-05-10,53.55
2022-05-11,63.0
2022-05-12,44.1
2022-05-13,31.5
2022-05-14,6.93
2022-05-15,9.45
2022-05-16,48.51
2022-05-17,51.66
2022-05-18,43.47
2022-05-19,47.88
2022-05-20,40.32
2022-05-21,20.16
2022-05-22,9.45
2022-05-23,55.44
2022-05-24,35.28
2022-05-25,40.95
2022-05-26,49.77
2022-05-27,58.59
2022-05-28,13.86
2022-05-29,8.19
2022-05-30,3.78
2022-05-31,56.7
2022-06-01,41.54
2022-06-02,43.55
2022-06-03,46.900000000000006
2022-06-04,15.41
2022-06-05,5.36
2022-06-06,48.91
2022-06-07,46.900000000000006
2022-06-08,59.63
2022-06-09,50.92
2022-06-10,53.6
2022-06-11,28.14
2022-06-12,10.72
2022-06-13,51.59
2022-06-14,49.580000000000005
2022-06-15,46.900000000000006
2022-06-16,54.940000000000005
2022-06-17,61.64
2022-06-18,8.040000000000001
2022-06-19,10.05
2022-06-20,17.42
2022-06-21,67.0
2022-06-22,40.2
2022-06-23,63.650000000000006
2022-06-24,29.48
2022-06-25,9.38
2022-06-26,13.4
2022-06-27,36.85
2022-06-28,32.160000000000004
2022-06-29,37.52
2022-06-30,35.510000000000005
2022-07-01,25.38
2022-07-02,7.989999999999999
2022-07-03,0.0
2022-07-04,10.81
2022-07-05,46.06
2022-07-06,47.0
2022-07-07,37.13
2022-07-08,28.67
2022-07-09,16.919999999999998
2022-07-10,7.52
2022-07-11,37.13
2022-07-12,35.25
2022-07-13,29.61
2022-07-14,35.72
2022-07-15,32.43
2022-07-16,7.52
2022-07-17,8.93
2022-07-18,29.14
2022-07-19,30.55
2022-07-20,36.19
2022-07-21,27.73
2022-07-22,37.13
2022-07-23,7.989999999999999
2022-07-24,0.0
2022-07-25,37.13
2022-07-26,41.36
2022-07-27,13.63
2022-07-28,33.37
2022-07-29,47.0
2022-07-30,20.21
2022-07-31,12.22
2022-08-01,36.96
2022-08-02,30.72
2022-08-03,28.8
2022-08-04,29.76
2022-08-05,28.32
2022-08-06,12.48
2022-08-07,6.24
2022-08-08,20.16
2022-08-09,42.24
2022-08-10,48.0
2022-08-11,25.44
2022-08-12,40.32
2022-08-13,15.36
2022-08-14,15.84
2022-08-15,35.04
2022-08-16,38.4
2022-08-17,27.84
2022-08-18,25.44
2022-08-19,32.64
2022-08-20,2.88
2022-08-21,3.84
2022-08-22,27.36
2022-08-23,23.04
2022-08-24,33.6
2022-08-25,37.92
2022-08-26,15.84
2022-08-27,7.68
2022-08-28,3.84
2022-08-29,19.68
2022-08-30,27.84
2022-08-31,20.16
2022-09-01,33.84
2022-09-02,30.6
2022-09-03,8.64
2022-09-04,5.76
2022-09-05,3.96
2022-09-06,27.0
2022-09-07,24.12
2022-09-08,21.6
2022-09-09,27.0
2022-09-10,16.56
2022-09-11,0.0
2022-09-12,28.44
2022-09-13,31.68
2022-09-14,34.56
2022-09-15,26.64
2022-09-16,15.48
2022-09-17,7.56
2022-09-18,3.6
2022-09-19,33.12
2022-09-20,20.16
2022-09-21,25.56
2022-09-22,15.48
2022-09-23,36.0
2022-09-24,0.0
2022-09-25,6.48
2022-09-26,34.92
2022-09-27,32.76
2022-09-28,15.12
2022-09-29,34.92
2022-09-30,25.2
2022-10-01,12.15
2022-10-02,0.0
2022-10-03,22.95
2022-10-04,19.35
2022-10-05,31.05
2022-10-06,31.05
2022-10-07,24.75
2022-10-08,13.05
2022-10-09,7.2
2022-10-10,23.4
2022-10-11,19.8
2022-10-12,22.05
2022-10-13,27.9
2022-10-14,21.6
2022-10-15,6.3
2022-10-16,12.15
2022-10-17,22.95
2022-10-18,31.05
2022-10-19,33.300000000000004
2022-10-20,29.25
2022-10-21,25.65
2022-10-22,9.45
2022-10-23,7.65
2022-10-24,26.55
2022-10-25,26.55
2022-10-26,26.55
2022-10-27,45.0
2022-10-28,40.5
2022-10-29,5.8500000000000005
2022-10-30,0.0
2022-10-31,19.8
2022-11-01,48.0
2022-11-02,35.04
2022-11-03,37.92
2022-11-04,37.44
2022-11-05,0.0
2022-11-06,11.52
2022-11-07,34.08
2022-11-08,34.08
2022-11-09,26.4
2022-11-10,34.56
2022-11-11,34.56
2022-11-12,13.44
2022-11-13,4.32
2022-11-14,30.24
2022-11-15,33.6
2022-11-16,31.68
2022-11-17,35.04
2022-11-18,38.4
2022-11-19,6.72
2022-11-20,0.0
2022-11-21,22.56
2022-11-22,37.92
2022-11-23,26.4
2022-11-24,16.32
2022-11-25,20.16
2022-11-26,0.0
2022-11-27,17.28
2022-11-28,24.0
2022-11-29,29.28
2022-11-30,45.6
2022-12-01,24.14
2022-12-02,18.360000000000003
2022-12-03,7.140000000000001
2022-12-04,2.3800000000000003
2022-12-05,19.040000000000003
2022-12-06,13.94
2022-12-07,12.58
2022-12-08,25.16
2022-12-09,17.68
2022-12-10,4.08
2022-12-11,0.0
2022-12-12,20.4
2022-12-13,34.0
2022-12-14,12.24
2022-12-15,24.48
2022-12-16,13.94
2022-12-17,11.56
2022-12-18,3.4000000000000004
2022-12-19,20.74
2022-12-20,14.28
2022-12-21,27.200000000000003
2022-12-22,22.44
2022-12-23,21.08
2022-12-24,8.84
2022-12-25,4.42
2022-12-26,8.5
2022-12-27,27.540000000000003
2022-12-28,23.46
2022-12-29,14.62
2022-12-30,21.76
2022-12-31,7.82
2023-01-01,7.22
2023-01-02,3.04
2023-01-03,15.58
2023-01-04,15.2
2023-01-05,16.72
2023-01-06,17.48
2023-01-07,9.88
2023-01-08,0.0
2023-01-09,7.22
2023-01-10,17.1
2023-01-11,12.16
2023-01-12,15.96
2023-01-13,11.02
2023-01-14,7.98
2023-01-15,4.18
2023-01-16,5.32
2023-01-17,16.72
2023-01-18,19.0
2023-01-19,14.06
2023-01-20,15.96
2023-01-21,8.74
2023-01-22,3.42
2023-01-23,22.04
2023-01-24,14.06
2023-01-25,11.78
2023-01-26,27.36
2023-01-27,38.0
2023-01-28,14.82
2023-01-29,7.22
2023-01-30,15.96
2023-01-31,25.08
2023-02-01,26.98
2023-02-02,29.64
2023-02-03,30.02
2023-02-04,8.74
2023-02-05,4.18
2023-02-06,20.9
2023-02-07,21.28
2023-02-08,15.58
2023-02-09,31.16
2023-02-10,38.0
2023-02-11,3.8
2023-02-12,6.84
2023-02-13,27.36
2023-02-14,31.16
2023-02-15,22.04
2023-02-16,19.38
2023-02-17,21.28
2023-02-18,9.88
2023-02-19,0.0
2023-02-20,9.88
2023-02-21,20.14
2023-02-22,25.46
2023-02-23,20.52
2023-02-24,19.76
2023-02-25,3.04
2023-02-26,3.8
2023-02-27,26.6
2023-02-28,18.62
2023-03-01,23.18
2023-03-02,19.76
2023-03-03,16.34
2023-03-04,9.12
2023-03-05,0.0
2023-03-06,18.62
2023-03-07,22.8
2023-03-08,30.4
2023-03-09,20.9
2023-03-10,27.36
2023-03-11,0.0
2023-03-12,0.0
2023-03-13,38.0
2023-03-14,23.56
2023-03-15,32.68
2023-03-16,30.02
2023-03-17,18.62
2023-03-18,5.7
2023-03-19,7.6
2023-03-20,27.36
2023-03-21,23.94
2023-03-22,28.5
2023-03-23,26.98
2023-03-24,25.84
2023-03-25,4.5600000000000005
2023-03-26,8.36
2023-03-27,19.38
2023-03-28,17.1
2023-03-29,35.34
2023-03-30,28.12
2023-03-31,25.08
2023-04-01,7.77
2023-04-02,4.07
2023-04-03,37.0
2023-04-04,26.64
2023-04-05,17.759999999999998
2023-04-06,17.39
2023-04-07,6.29
2023-04-08,6.29
2023-04-09,4.44
2023-04-10,21.09
2023-04-11,22.57
2023-04-12,19.24
2023-04-13,25.9
2023-04-14,17.39
2023-04-15,9.99
2023-04-16,8.51
2023-04-17,22.57
2023-04-18,22.2
2023-04-19,23.31
2023-04-20,23.68
2023-04-21,18.5
2023-04-22,11.84
2023-04-23,2.59
2023-04-24,23.31
2023-04-25,20.72
2023-04-26,21.83
2023-04-27,25.9
2023-04-28,25.9
2023-04-29,13.32
2023-04-30,2.22
2023-05-01,16.799999999999997
2023-05-02,24.5
2023-05-03,24.15
2023-05-04,28.0
2023-05-05,29.75
2023-05-06,7.0
2023-05-07,12.6
2023-05-08,24.85
2023-05-09,21.35
2023-05-10,32.9
2023-05-11,35.0
2023-05-12,15.4
2023-05-13,11.2
2023-05-14,0.0
2023-05-15,30.45
2023-05-16,26.6
2023-05-17,33.95
2023-05-18,25.9
2023-05-19,31.15
2023-05-20,7.699999999999999
2023-05-21,20.65
2023-05-22,24.85
2023-05-23,34.65
2023-05-24,30.45
2023-05-25,25.9
2023-05-26,21.7
2023-05-27,8.399999999999999
2023-05-28,4.9
2023-05-29,3.85
2023-05-30,22.4
2023-05-31,24.15
2023-06-01,21.6
2023-06-02,22.32
2023-06-03,23.04
2023-06-04,17.28
2023-06-05,26.64
2023-06-06,28.44
2023-06-07,26.64
2023-06-08,27.0
2023-06-09,16.919999999999998
2023-06-10,5.4
2023-06-11,2.88
2023-06-12,19.08
2023-06-13,27.0
2023-06-14,36.0
2023-06-15,20.52
2023-06-16,25.56
2023-06-17,9.0
2023-06-18,17.28
2023-06-19,5.04
2023-06-20,26.28
2023-06-21,16.2
2023-06-22,12.96
2023-06-23,19.8
2023-06-24,5.04
2023-06-25,3.24
2023-06-26,16.2
2023-06-27,17.64
2023-06-28,16.919999999999998
2023-06-29,22.68
2023-06-30,21.96
2023-07-01,4.18
2023-07-02,6.08
2023-07-03,9.88
2023-07-04,10.26
2023-07-05,22.8
2023-07-06,20.9
2023-07-07,24.32
2023-07-08,6.84
2023-07-09,5.32
2023-07-10,20.52
2023-07-11,17.1
2023-07-12,16.34
2023-07-13,34.96
2023-07-14,20.52
2023-07-15,3.42
2023-07-16,4.94
2023-07-17,22.04
2023-07-18,24.32
2023-07-19,22.42
2023-07-20,27.36
2023-07-21,22.8
2023-07-22,6.46
2023-07-23,14.06
2023-07-24,28.88
2023-07-25,22.42
2023-07-26,25.84
2023-07-27,30.02
2023-07-28,38.0
2023-07-29,0.0
2023-07-30,6.08
2023-07-31,22.04
2023-08-01,15.81
2023-08-02,31.0
2023-08-03,18.6
2023-08-04,18.6
2023-08-05,4.34
2023-08-06,5.27
2023-08-07,13.95
2023-08-08,19.53
2023-08-09,20.46
2023-08-10,23.25
2023-08-11,15.81
2023-08-12,27.9
2023-08-13,5.58
2023-08-14,24.18
2023-08-15,14.57
2023-08-16,22.63
2023-08-17,28.52
2023-08-18,10.85
2023-08-19,4.65
2023-08-20,0.0
2023-08-21,14.88
2023-08-22,20.46
2023-08-23,26.04
2023-08-24,22.32
2023-08-25,22.01
2023-08-26,8.68
2023-08-27,4.65
2023-08-28,23.56
2023-08-29,20.46
2023-08-30,17.98
2023-08-31,21.39
2023-09-01,26.35
2023-09-02,0.0
2023-09-03,4.34
2023-09-04,10.85
2023-09-05,16.74
2023-09-06,17.36
2023-09-07,18.6
2023-09-08,6.2
2023-09-09,10.23
2023-09-10,0.0
2023-09-11,20.46
2023-09-12,26.35
2023-09-13,18.91
2023-09-14,22.01
2023-09-15,22.94
2023-09-16,3.1
2023-09-17,0.0
2023-09-18,14.88
2023-09-19,26.35
2023-09-20,20.15
2023-09-21,16.74
2023-09-22,22.94
2023-09-23,0.0
2023-09-24,3.1
2023-09-25,23.25
2023-09-26,10.54
2023-09-27,27.59
2023-09-28,29.14
2023-09-29,31.0
2023-09-30,9.61
2023-10-01,4.5600000000000005
2023-10-02,20.9
2023-10-03,17.48
2023-10-04,17.86
2023-10-05,18.62
2023-10-06,20.14
2023-10-07,0.0
2023-10-08,0.0
2023-10-09,30.02
2023-10-10,23.56
2023-10-11,26.6
2023-10-12,19.38
2023-10-13,15.96
2023-10-14,0.0
2023-10-15,4.94
2023-10-16,15.2
2023-10-17,24.7
2023-10-18,28.5
2023-10-19,22.04
2023-10-20,23.18
2023-10-21,7.6
2023-10-22,0.0
2023-10-23,38.0
2023-10-24,24.32
2023-10-25,22.04
2023-10-26,22.8
2023-10-27,24.32
2023-10-28,4.5600000000000005
2023-10-29,6.46
2023-10-30,35.72
2023-10-31,21.28
2023-11-01,25.16
2023-11-02,29.58
2023-11-03,18.360000000000003
2023-11-04,0.0
2023-11-05,7.82
2023-11-06,20.06
2023-11-07,28.56
2023-11-08,21.08
2023-11-09,13.260000000000002
2023-11-10,23.12
2023-11-11,9.52
2023-11-12,6.12
2023-11-13,22.1
2023-11-14,25.840000000000003
2023-11-15,21.42
2023-11-16,21.76
2023-11-17,21.08
2023-11-18,7.48
2023-11-19,0.0
2023-11-20,24.48
2023-11-21,7.140000000000001
2023-11-22,34.0
2023-11-23,15.3
2023-11-24,15.64
2023-11-25,6.12
2023-11-26,6.800000000000001
2023-11-27,10.88
2023-11-28,25.16
2023-11-29,18.360000000000003
2023-11-30,29.24
2023-12-01,23.56
2023-12-02,9.3
2023-12-03,8.68
2023-12-04,8.06
2023-12-05,11.78
2023-12-06,11.78
2023-12-07,11.78
2023-12-08,26.04
2023-12-09,4.65
2023-12-10,6.82
2023-12-11,19.22
2023-12-12,19.53
2023-12-13,13.64
2023-12-14,22.32
2023-12-15,23.87
2023-12-16,4.65
2023-12-17,0.0
2023-12-18,24.18
2023-12-19,25.42
2023-12-20,22.32
2023-12-21,12.71
2023-12-22,20.15
2023-12-23,3.72
2023-12-24,0.0
2023-12-25,6.2
2023-12-26,7.75
2023-12-27,31.0
2023-12-28,22.01
2023-12-29,30.07
2023-12-30,8.06
2023-12-31,6.51
