date,Walmart Stock Price
2013-01-01,1.5
2013-01-02,5.46
2013-01-03,4.32
2013-01-04,0.0
2013-01-05,2.22
2013-01-06,0.0
2013-01-07,0.0
2013-01-08,3.54
2013-01-09,6.0
2013-01-10,2.28
2013-01-11,4.02
2013-01-12,1.98
2013-01-13,2.16
2013-01-14,1.92
2013-01-15,3.3
2013-01-16,2.64
2013-01-17,3.24
2013-01-18,4.44
2013-01-19,3.36
2013-01-20,2.94
2013-01-21,1.62
2013-01-22,1.68
2013-01-23,0.0
2013-01-24,1.3199999999999998
2013-01-25,2.04
2013-01-26,0.0
2013-01-27,1.98
2013-01-28,4.14
2013-01-29,4.08
2013-01-30,2.34
2013-01-31,3.84
2013-02-01,8.0
2013-02-02,0.0
2013-02-03,0.0
2013-02-04,2.32
2013-02-05,2.32
2013-02-06,2.8000000000000003
2013-02-07,2.56
2013-02-08,4.8
2013-02-09,3.28
2013-02-10,0.0
2013-02-11,3.76
2013-02-12,0.0
2013-02-13,1.12
2013-02-14,1.28
2013-02-15,2.24
2013-02-16,6.0
2013-02-17,2.56
2013-02-18,4.32
2013-02-19,3.84
2013-02-20,3.52
2013-02-21,2.72
2013-02-22,5.04
2013-02-23,3.84
2013-02-24,1.36
2013-02-25,0.0
2013-02-26,4.32
2013-02-27,3.44
2013-02-28,2.4
2013-03-01,5.58
2013-03-02,3.78
2013-03-03,3.69
2013-03-04,6.39
2013-03-05,4.23
2013-03-06,7.109999999999999
2013-03-07,9.0
2013-03-08,5.76
2013-03-09,0.0
2013-03-10,3.69
2013-03-11,7.199999999999999
2013-03-12,6.66
2013-03-13,5.31
2013-03-14,8.1
2013-03-15,6.93
2013-03-16,0.0
2013-03-17,0.0
2013-03-18,7.02
2013-03-19,6.029999999999999
2013-03-20,8.459999999999999
2013-03-21,4.95
2013-03-22,6.3
2013-03-23,0.0
2013-03-24,1.7999999999999998
2013-03-25,6.12
2013-03-26,2.79
2013-03-27,2.34
2013-03-28,4.41
2013-03-29,2.16
2013-03-30,3.42
2013-03-31,2.52
2013-04-01,8.8
2013-04-02,9.79
2013-04-03,7.37
2013-04-04,11.0
2013-04-05,6.05
2013-04-06,5.72
2013-04-07,0.0
2013-04-08,5.39
2013-04-09,8.25
2013-04-10,6.38
2013-04-11,8.8
2013-04-12,9.79
2013-04-13,4.29
2013-04-14,4.84
2013-04-15,4.4
2013-04-16,9.79
2013-04-17,10.34
2013-04-18,7.92
2013-04-19,5.61
2013-04-20,5.5
2013-04-21,0.0
2013-04-22,6.16
2013-04-23,4.4
2013-04-24,3.63
2013-04-25,0.0
2013-04-26,9.46
2013-04-27,0.0
2013-04-28,5.39
2013-04-29,5.28
2013-04-30,9.24
2013-05-01,8.01
2013-05-02,0.0
2013-05-03,0.0
2013-05-04,7.109999999999999
2013-05-05,4.41
2013-05-06,4.5
2013-05-07,4.14
2013-05-08,8.19
2013-05-09,5.4
2013-05-10,3.78
2013-05-11,0.0
2013-05-12,4.14
2013-05-13,2.52
2013-05-14,6.569999999999999
2013-05-15,3.69
2013-05-16,6.84
2013-05-17,5.4
2013-05-18,2.07
2013-05-19,0.0
2013-05-20,9.0
2013-05-21,2.16
2013-05-22,2.25
2013-05-23,6.3
2013-05-24,5.58
2013-05-25,5.4
2013-05-26,5.22
2013-05-27,0.0
2013-05-28,2.79
2013-05-29,5.85
2013-05-30,3.42
2013-05-31,7.199999999999999
2013-06-01,2.72
2013-06-02,4.64
2013-06-03,2.4
2013-06-04,6.32
2013-06-05,6.32
2013-06-06,4.88
2013-06-07,6.72
2013-06-08,7.04
2013-06-09,6.5600000000000005
2013-06-10,5.04
2013-06-11,3.12
2013-06-12,5.28
2013-06-13,3.04
2013-06-14,8.0
2013-06-15,0.0
2013-06-16,0.0
2013-06-17,2.0
2013-06-18,4.24
2013-06-19,3.52
2013-06-20,5.76
2013-06-21,5.68
2013-06-22,3.68
2013-06-23,0.0
2013-06-24,5.12
2013-06-25,5.6000000000000005
2013-06-26,4.16
2013-06-27,1.52
2013-06-28,3.84
2013-06-29,5.5200000000000005
2013-06-30,7.92
2013-07-01,3.71
2013-07-02,3.1500000000000004
2013-07-03,3.01
2013-07-04,2.66
2013-07-05,0.0
2013-07-06,3.3600000000000003
2013-07-07,0.0
2013-07-08,3.92
2013-07-09,0.0
2013-07-10,5.670000000000001
2013-07-11,2.66
2013-07-12,3.640000000000001
2013-07-13,3.22
2013-07-14,3.22
2013-07-15,0.0
2013-07-16,2.5900000000000003
2013-07-17,6.790000000000001
2013-07-18,3.2900000000000005
2013-07-19,4.0600000000000005
2013-07-20,3.5700000000000003
2013-07-21,1.61
2013-07-22,0.0
2013-07-23,3.850000000000001
2013-07-24,3.71
2013-07-25,4.550000000000001
2013-07-26,3.2900000000000005
2013-07-27,7.000000000000001
2013-07-28,0.0
2013-07-29,1.96
2013-07-30,2.5900000000000003
2013-07-31,3.850000000000001
2013-08-01,6.16
2013-08-02,4.48
2013-08-03,4.88
2013-08-04,1.52
2013-08-05,2.0
2013-08-06,3.28
2013-08-07,3.2
2013-08-08,0.0
2013-08-09,3.12
2013-08-10,0.0
2013-08-11,0.0
2013-08-12,7.84
2013-08-13,2.8000000000000003
2013-08-14,6.24
2013-08-15,8.0
2013-08-16,7.2
2013-08-17,0.0
2013-08-18,0.0
2013-08-19,0.0
2013-08-20,0.0
2013-08-21,5.5200000000000005
2013-08-22,2.08
2013-08-23,3.2
2013-08-24,0.0
2013-08-25,0.0
2013-08-26,0.0
2013-08-27,6.4
2013-08-28,2.96
2013-08-29,2.32
2013-08-30,2.24
2013-08-31,0.0
2013-09-01,1.89
2013-09-02,1.53
2013-09-03,3.96
2013-09-04,3.24
2013-09-05,3.87
2013-09-06,7.38
2013-09-07,2.43
2013-09-08,1.62
2013-09-09,3.24
2013-09-10,0.0
2013-09-11,3.06
2013-09-12,5.4
2013-09-13,3.33
2013-09-14,3.06
2013-09-15,0.0
2013-09-16,0.0
2013-09-17,4.14
2013-09-18,4.05
2013-09-19,9.0
2013-09-20,3.6
2013-09-21,1.44
2013-09-22,0.0
2013-09-23,2.25
2013-09-24,4.32
2013-09-25,7.02
2013-09-26,3.69
2013-09-27,0.0
2013-09-28,1.35
2013-09-29,0.0
2013-09-30,6.3
2013-10-01,2.79
2013-10-02,3.42
2013-10-03,2.88
2013-10-04,3.33
2013-10-05,3.06
2013-10-06,0.0
2013-10-07,2.7
2013-10-08,4.68
2013-10-09,4.859999999999999
2013-10-10,1.98
2013-10-11,5.4
2013-10-12,2.61
2013-10-13,1.7999999999999998
2013-10-14,1.7999999999999998
2013-10-15,6.93
2013-10-16,6.84
2013-10-17,2.25
2013-10-18,6.48
2013-10-19,3.24
2013-10-20,3.06
2013-10-21,5.4
2013-10-22,2.61
2013-10-23,4.14
2013-10-24,3.96
2013-10-25,5.85
2013-10-26,5.67
2013-10-27,1.44
2013-10-28,2.52
2013-10-29,9.0
2013-10-30,0.0
2013-10-31,1.53
2013-11-01,3.8
2013-11-02,6.2
2013-11-03,1.7000000000000002
2013-11-04,4.0
2013-11-05,8.1
2013-11-06,6.300000000000001
2013-11-07,4.4
2013-11-08,6.0
2013-11-09,2.9000000000000004
2013-11-10,1.7000000000000002
2013-11-11,5.4
2013-11-12,5.7
2013-11-13,4.4
2013-11-14,3.0
2013-11-15,6.1000000000000005
2013-11-16,5.800000000000001
2013-11-17,5.2
2013-11-18,5.5
2013-11-19,4.5
2013-11-20,6.5
2013-11-21,5.2
2013-11-22,8.5
2013-11-23,3.5
2013-11-24,0.0
2013-11-25,5.6000000000000005
2013-11-26,3.4000000000000004
2013-11-27,4.4
2013-11-28,5.7
2013-11-29,6.0
2013-11-30,10.0
2013-12-01,0.0
2013-12-02,4.14
2013-12-03,7.649999999999999
2013-12-04,9.0
2013-12-05,3.78
2013-12-06,0.0
2013-12-07,4.859999999999999
2013-12-08,1.7999999999999998
2013-12-09,3.24
2013-12-10,1.53
2013-12-11,5.31
2013-12-12,3.96
2013-12-13,2.16
2013-12-14,3.96
2013-12-15,0.0
2013-12-16,3.96
2013-12-17,2.97
2013-12-18,4.14
2013-12-19,2.16
2013-12-20,8.01
2013-12-21,3.6
2013-12-22,2.7
2013-12-23,4.41
2013-12-24,2.79
2013-12-25,1.7999999999999998
2013-12-26,0.0
2013-12-27,3.51
2013-12-28,2.88
2013-12-29,3.69
2013-12-30,2.34
2013-12-31,3.42
2014-01-01,1.6
2014-01-02,2.32
2014-01-03,3.36
2014-01-04,1.84
2014-01-05,0.0
2014-01-06,1.84
2014-01-07,2.16
2014-01-08,1.84
2014-01-09,2.56
2014-01-10,2.0
2014-01-11,1.28
2014-01-12,1.12
2014-01-13,0.0
2014-01-14,2.0
2014-01-15,1.44
2014-01-16,3.6
2014-01-17,2.0
2014-01-18,0.0
2014-01-19,3.28
2014-01-20,0.0
2014-01-21,2.24
2014-01-22,1.84
2014-01-23,0.0
2014-01-24,2.16
2014-01-25,0.8
2014-01-26,2.48
2014-01-27,1.84
2014-01-28,1.68
2014-01-29,2.16
2014-01-30,8.0
2014-01-31,4.0
2014-02-01,0.0
2014-02-02,2.4000000000000004
2014-02-03,3.4000000000000004
2014-02-04,4.7
2014-02-05,4.800000000000001
2014-02-06,9.1
2014-02-07,4.7
2014-02-08,2.4000000000000004
2014-02-09,2.2
2014-02-10,8.8
2014-02-11,7.7
2014-02-12,5.0
2014-02-13,5.6000000000000005
2014-02-14,4.7
2014-02-15,2.1
2014-02-16,2.4000000000000004
2014-02-17,4.800000000000001
2014-02-18,5.2
2014-02-19,3.8
2014-02-20,2.5
2014-02-21,9.0
2014-02-22,4.3
2014-02-23,0.0
2014-02-24,4.6000000000000005
2014-02-25,5.1000000000000005
2014-02-26,9.7
2014-02-27,10.0
2014-02-28,5.7
2014-03-01,2.4
2014-03-02,5.28
2014-03-03,5.04
2014-03-04,6.32
2014-03-05,1.84
2014-03-06,8.0
2014-03-07,4.5600000000000005
2014-03-08,6.08
2014-03-09,6.8
2014-03-10,4.48
2014-03-11,4.48
2014-03-12,4.4
2014-03-13,4.32
2014-03-14,4.72
2014-03-15,0.0
2014-03-16,0.0
2014-03-17,6.08
2014-03-18,4.32
2014-03-19,4.0
2014-03-20,3.84
2014-03-21,7.52
2014-03-22,0.0
2014-03-23,1.92
2014-03-24,4.24
2014-03-25,4.48
2014-03-26,2.32
2014-03-27,5.68
2014-03-28,4.96
2014-03-29,3.76
2014-03-30,0.0
2014-03-31,1.44
2014-04-01,4.8
2014-04-02,3.44
2014-04-03,2.96
2014-04-04,0.0
2014-04-05,3.44
2014-04-06,2.32
2014-04-07,5.84
2014-04-08,0.0
2014-04-09,2.0
2014-04-10,5.04
2014-04-11,5.68
2014-04-12,0.0
2014-04-13,0.0
2014-04-14,4.8
2014-04-15,2.0
2014-04-16,4.08
2014-04-17,3.92
2014-04-18,3.76
2014-04-19,4.64
2014-04-20,0.0
2014-04-21,3.28
2014-04-22,1.52
2014-04-23,2.16
2014-04-24,8.0
2014-04-25,4.08
2014-04-26,3.04
2014-04-27,2.56
2014-04-28,2.24
2014-04-29,3.2
2014-04-30,5.92
2014-05-01,1.3
2014-05-02,3.4000000000000004
2014-05-03,1.3
2014-05-04,2.2
2014-05-05,3.8
2014-05-06,3.3000000000000003
2014-05-07,0.0
2014-05-08,3.3000000000000003
2014-05-09,4.1000000000000005
2014-05-10,2.9000000000000004
2014-05-11,0.0
2014-05-12,2.3000000000000003
2014-05-13,5.1000000000000005
2014-05-14,7.5
2014-05-15,10.0
2014-05-16,0.0
2014-05-17,6.9
2014-05-18,1.6
2014-05-19,5.800000000000001
2014-05-20,6.4
2014-05-21,4.9
2014-05-22,1.9
2014-05-23,0.0
2014-05-24,3.2
2014-05-25,0.0
2014-05-26,0.0
2014-05-27,1.3
2014-05-28,1.3
2014-05-29,3.8
2014-05-30,3.3000000000000003
2014-05-31,0.0
2014-06-01,4.08
2014-06-02,3.04
2014-06-03,3.36
2014-06-04,3.76
2014-06-05,3.92
2014-06-06,2.32
2014-06-07,2.56
2014-06-08,0.0
2014-06-09,4.08
2014-06-10,2.8000000000000003
2014-06-11,4.16
2014-06-12,2.64
2014-06-13,3.6
2014-06-14,0.0
2014-06-15,0.0
2014-06-16,1.28
2014-06-17,2.72
2014-06-18,1.44
2014-06-19,2.56
2014-06-20,3.44
2014-06-21,2.32
2014-06-22,0.0
2014-06-23,0.0
2014-06-24,1.68
2014-06-25,0.0
2014-06-26,0.0
2014-06-27,2.0
2014-06-28,0.0
2014-06-29,8.0
2014-06-30,5.04
2014-07-01,4.5600000000000005
2014-07-02,0.0
2014-07-03,5.12
2014-07-04,4.64
2014-07-05,3.04
2014-07-06,0.0
2014-07-07,3.76
2014-07-08,7.12
2014-07-09,1.76
2014-07-10,5.44
2014-07-11,4.32
2014-07-12,0.0
2014-07-13,0.0
2014-07-14,4.24
2014-07-15,3.84
2014-07-16,2.48
2014-07-17,4.5600000000000005
2014-07-18,5.44
2014-07-19,3.68
2014-07-20,2.16
2014-07-21,2.4
2014-07-22,8.0
2014-07-23,7.28
2014-07-24,6.5600000000000005
2014-07-25,5.76
2014-07-26,0.0
2014-07-27,5.2
2014-07-28,5.04
2014-07-29,2.08
2014-07-30,8.0
2014-07-31,1.52
2014-08-01,0.0
2014-08-02,3.87
2014-08-03,0.0
2014-08-04,1.89
2014-08-05,1.44
2014-08-06,2.7
2014-08-07,3.78
2014-08-08,5.94
2014-08-09,3.69
2014-08-10,0.0
2014-08-11,4.41
2014-08-12,5.49
2014-08-13,5.4
2014-08-14,6.39
2014-08-15,4.5
2014-08-16,0.0
2014-08-17,4.32
2014-08-18,3.78
2014-08-19,2.52
2014-08-20,7.47
2014-08-21,2.43
2014-08-22,9.0
2014-08-23,1.98
2014-08-24,2.7
2014-08-25,6.48
2014-08-26,5.94
2014-08-27,4.14
2014-08-28,1.71
2014-08-29,3.33
2014-08-30,4.32
2014-08-31,2.43
2014-09-01,0.0
2014-09-02,1.76
2014-09-03,4.08
2014-09-04,8.0
2014-09-05,0.0
2014-09-06,0.0
2014-09-07,2.72
2014-09-08,3.04
2014-09-09,6.0
2014-09-10,1.84
2014-09-11,4.96
2014-09-12,2.32
2014-09-13,4.88
2014-09-14,0.0
2014-09-15,1.76
2014-09-16,3.36
2014-09-17,1.6
2014-09-18,3.84
2014-09-19,2.56
2014-09-20,5.36
2014-09-21,0.0
2014-09-22,5.2
2014-09-23,4.0
2014-09-24,4.64
2014-09-25,5.76
2014-09-26,2.08
2014-09-27,2.32
2014-09-28,3.84
2014-09-29,2.64
2014-09-30,1.84
2014-10-01,1.44
2014-10-02,0.0
2014-10-03,3.6
2014-10-04,3.06
2014-10-05,1.89
2014-10-06,5.13
2014-10-07,3.51
2014-10-08,3.42
2014-10-09,4.23
2014-10-10,4.05
2014-10-11,0.0
2014-10-12,2.79
2014-10-13,0.0
2014-10-14,4.95
2014-10-15,4.32
2014-10-16,3.06
2014-10-17,5.76
2014-10-18,2.34
2014-10-19,0.0
2014-10-20,3.51
2014-10-21,3.33
2014-10-22,4.14
2014-10-23,5.4
2014-10-24,3.87
2014-10-25,2.07
2014-10-26,0.0
2014-10-27,5.13
2014-10-28,9.0
2014-10-29,6.48
2014-10-30,3.96
2014-10-31,4.5
2014-11-01,3.12
2014-11-02,3.12
2014-11-03,8.06
2014-11-04,3.38
2014-11-05,2.21
2014-11-06,4.94
2014-11-07,5.2
2014-11-08,2.73
2014-11-09,2.73
2014-11-10,8.71
2014-11-11,13.0
2014-11-12,4.94
2014-11-13,11.31
2014-11-14,7.15
2014-11-15,3.9
2014-11-16,3.64
2014-11-17,3.38
2014-11-18,9.75
2014-11-19,6.76
2014-11-20,8.58
2014-11-21,8.84
2014-11-22,4.68
2014-11-23,3.25
2014-11-24,6.890000000000001
2014-11-25,5.98
2014-11-26,5.59
2014-11-27,5.07
2014-11-28,4.16
2014-11-29,5.98
2014-11-30,0.0
2014-12-01,7.000000000000001
2014-12-02,14.000000000000002
2014-12-03,6.86
2014-12-04,7.56
2014-12-05,5.6000000000000005
2014-12-06,9.66
2014-12-07,1.6800000000000002
2014-12-08,8.680000000000001
2014-12-09,1.96
2014-12-10,6.300000000000001
2014-12-11,6.86
2014-12-12,4.62
2014-12-13,6.580000000000001
2014-12-14,4.9
2014-12-15,6.44
2014-12-16,7.000000000000001
2014-12-17,4.0600000000000005
2014-12-18,9.1
2014-12-19,8.680000000000001
2014-12-20,6.580000000000001
2014-12-21,3.3600000000000003
2014-12-22,5.040000000000001
2014-12-23,4.62
2014-12-24,9.94
2014-12-25,4.48
2014-12-26,7.840000000000001
2014-12-27,2.24
2014-12-28,0.0
2014-12-29,4.62
2014-12-30,5.32
2014-12-31,7.56
2015-01-01,5.46
2015-01-02,0.0
2015-01-03,3.38
2015-01-04,5.07
2015-01-05,3.77
2015-01-06,10.66
2015-01-07,7.15
2015-01-08,9.62
2015-01-09,10.53
2015-01-10,5.46
2015-01-11,0.0
2015-01-12,10.92
2015-01-13,11.57
2015-01-14,11.96
2015-01-15,10.14
2015-01-16,13.0
2015-01-17,6.63
2015-01-18,0.0
2015-01-19,0.0
2015-01-20,6.5
2015-01-21,9.36
2015-01-22,8.97
2015-01-23,6.5
2015-01-24,9.23
2015-01-25,5.8500000000000005
2015-01-26,11.31
2015-01-27,12.87
2015-01-28,10.27
2015-01-29,10.14
2015-01-30,5.8500000000000005
2015-01-31,2.21
2015-02-01,3.48
2015-02-02,0.0
2015-02-03,6.0
2015-02-04,5.4
2015-02-05,6.72
2015-02-06,4.56
2015-02-07,3.0
2015-02-08,0.0
2015-02-09,4.56
2015-02-10,5.04
2015-02-11,4.8
2015-02-12,3.24
2015-02-13,12.0
2015-02-14,1.44
2015-02-15,1.92
2015-02-16,3.12
2015-02-17,4.56
2015-02-18,4.56
2015-02-19,8.28
2015-02-20,4.8
2015-02-21,5.04
2015-02-22,3.36
2015-02-23,6.72
2015-02-24,4.32
2015-02-25,4.44
2015-02-26,8.16
2015-02-27,4.92
2015-02-28,1.2
2015-03-01,1.87
2015-03-02,5.83
2015-03-03,6.16
2015-03-04,6.16
2015-03-05,4.84
2015-03-06,5.5
2015-03-07,2.42
2015-03-08,2.2
2015-03-09,5.94
2015-03-10,6.49
2015-03-11,2.86
2015-03-12,7.04
2015-03-13,9.79
2015-03-14,3.63
2015-03-15,0.0
2015-03-16,4.95
2015-03-17,7.15
2015-03-18,7.37
2015-03-19,7.04
2015-03-20,6.05
2015-03-21,6.49
2015-03-22,3.08
2015-03-23,11.0
2015-03-24,7.59
2015-03-25,4.73
2015-03-26,3.52
2015-03-27,3.85
2015-03-28,7.48
2015-03-29,0.0
2015-03-30,4.07
2015-03-31,1.65
2015-04-01,7.54
2015-04-02,0.0
2015-04-03,11.05
2015-04-04,0.0
2015-04-05,0.0
2015-04-06,0.0
2015-04-07,10.01
2015-04-08,8.84
2015-04-09,7.67
2015-04-10,8.97
2015-04-11,8.58
2015-04-12,6.24
2015-04-13,4.8100000000000005
2015-04-14,13.0
2015-04-15,5.2
2015-04-16,5.2
2015-04-17,11.31
2015-04-18,0.0
2015-04-19,7.67
2015-04-20,6.76
2015-04-21,8.32
2015-04-22,12.09
2015-04-23,6.76
2015-04-24,11.05
2015-04-25,0.0
2015-04-26,5.98
2015-04-27,10.14
2015-04-28,8.58
2015-04-29,8.06
2015-04-30,5.98
2015-05-01,6.63
2015-05-02,2.73
2015-05-03,4.8100000000000005
2015-05-04,6.890000000000001
2015-05-05,8.71
2015-05-06,9.49
2015-05-07,3.9
2015-05-08,7.0200000000000005
2015-05-09,6.63
2015-05-10,4.8100000000000005
2015-05-11,8.06
2015-05-12,5.07
2015-05-13,6.11
2015-05-14,2.8600000000000003
2015-05-15,11.96
2015-05-16,4.8100000000000005
2015-05-17,0.0
2015-05-18,7.930000000000001
2015-05-19,5.07
2015-05-20,11.57
2015-05-21,13.0
2015-05-22,8.450000000000001
2015-05-23,4.68
2015-05-24,0.0
2015-05-25,2.21
2015-05-26,5.8500000000000005
2015-05-27,4.8100000000000005
2015-05-28,6.5
2015-05-29,10.4
2015-05-30,0.0
2015-05-31,2.99
2015-06-01,2.64
2015-06-02,11.0
2015-06-03,10.45
2015-06-04,5.94
2015-06-05,8.03
2015-06-06,4.51
2015-06-07,7.59
2015-06-08,4.95
2015-06-09,4.4
2015-06-10,6.2700000000000005
2015-06-11,9.02
2015-06-12,6.82
2015-06-13,0.0
2015-06-14,0.0
2015-06-15,6.38
2015-06-16,7.15
2015-06-17,9.13
2015-06-18,4.95
2015-06-19,2.75
2015-06-20,0.0
2015-06-21,3.3
2015-06-22,5.61
2015-06-23,10.89
2015-06-24,7.15
2015-06-25,6.6
2015-06-26,3.19
2015-06-27,10.89
2015-06-28,3.63
2015-06-29,6.38
2015-06-30,0.0
2015-07-01,6.49
2015-07-02,5.94
2015-07-03,0.0
2015-07-04,0.0
2015-07-05,6.38
2015-07-06,7.15
2015-07-07,8.58
2015-07-08,5.61
2015-07-09,7.48
2015-07-10,1.65
2015-07-11,2.97
2015-07-12,0.0
2015-07-13,3.85
2015-07-14,8.58
2015-07-15,9.46
2015-07-16,8.03
2015-07-17,5.39
2015-07-18,4.07
2015-07-19,0.0
2015-07-20,11.0
2015-07-21,7.59
2015-07-22,3.19
2015-07-23,2.09
2015-07-24,4.73
2015-07-25,0.0
2015-07-26,3.96
2015-07-27,5.5
2015-07-28,4.18
2015-07-29,6.38
2015-07-30,7.48
2015-07-31,7.04
2015-08-01,1.35
2015-08-02,5.4
2015-08-03,0.0
2015-08-04,0.0
2015-08-05,3.15
2015-08-06,2.85
2015-08-07,4.05
2015-08-08,4.95
2015-08-09,0.0
2015-08-10,3.3
2015-08-11,4.35
2015-08-12,2.7
2015-08-13,1.2
2015-08-14,5.4
2015-08-15,2.1
2015-08-16,3.15
2015-08-17,5.25
2015-08-18,6.75
2015-08-19,4.5
2015-08-20,7.949999999999999
2015-08-21,6.6
2015-08-22,6.45
2015-08-23,4.65
2015-08-24,15.0
2015-08-25,12.45
2015-08-26,9.45
2015-08-27,9.45
2015-08-28,6.9
2015-08-29,3.75
2015-08-30,1.95
2015-08-31,3.0
2015-09-01,12.48
2015-09-02,7.28
2015-09-03,11.05
2015-09-04,10.14
2015-09-05,0.0
2015-09-06,0.0
2015-09-07,6.5
2015-09-08,12.22
2015-09-09,7.0200000000000005
2015-09-10,7.67
2015-09-11,6.24
2015-09-12,7.54
2015-09-13,2.34
2015-09-14,6.76
2015-09-15,6.5
2015-09-16,7.930000000000001
2015-09-17,7.67
2015-09-18,8.71
2015-09-19,4.16
2015-09-20,10.14
2015-09-21,9.23
2015-09-22,7.930000000000001
2015-09-23,13.0
2015-09-24,7.0200000000000005
2015-09-25,6.76
2015-09-26,3.51
2015-09-27,2.8600000000000003
2015-09-28,5.98
2015-09-29,3.25
2015-09-30,6.5
2015-10-01,3.96
2015-10-02,4.62
2015-10-03,2.2
2015-10-04,4.62
2015-10-05,4.62
2015-10-06,4.4
2015-10-07,3.52
2015-10-08,4.62
2015-10-09,2.64
2015-10-10,1.32
2015-10-11,2.42
2015-10-12,5.94
2015-10-13,3.3
2015-10-14,9.9
2015-10-15,22.0
2015-10-16,17.6
2015-10-17,6.82
2015-10-18,4.84
2015-10-19,6.82
2015-10-20,8.8
2015-10-21,4.84
2015-10-22,11.0
2015-10-23,3.3
2015-10-24,5.06
2015-10-25,3.08
2015-10-26,9.02
2015-10-27,9.02
2015-10-28,7.26
2015-10-29,8.36
2015-10-30,5.06
2015-10-31,3.08
2015-11-01,10.2
2015-11-02,11.56
2015-11-03,12.41
2015-11-04,16.830000000000002
2015-11-05,13.260000000000002
2015-11-06,10.37
2015-11-07,0.0
2015-11-08,6.29
2015-11-09,8.5
2015-11-10,14.96
2015-11-11,15.3
2015-11-12,12.58
2015-11-13,15.3
2015-11-14,4.590000000000001
2015-11-15,3.2300000000000004
2015-11-16,15.98
2015-11-17,9.18
2015-11-18,13.6
2015-11-19,17.0
2015-11-20,14.11
2015-11-21,6.29
2015-11-22,0.0
2015-11-23,9.52
2015-11-24,8.16
2015-11-25,12.920000000000002
2015-11-26,9.01
2015-11-27,6.970000000000001
2015-11-28,3.91
2015-11-29,2.3800000000000003
2015-11-30,13.77
2015-12-01,7.36
2015-12-02,7.52
2015-12-03,15.2
2015-12-04,11.84
2015-12-05,4.32
2015-12-06,6.72
2015-12-07,11.52
2015-12-08,12.16
2015-12-09,9.76
2015-12-10,2.4
2015-12-11,16.0
2015-12-12,4.8
2015-12-13,3.36
2015-12-14,9.6
2015-12-15,12.16
2015-12-16,13.12
2015-12-17,14.56
2015-12-18,9.28
2015-12-19,7.04
2015-12-20,5.6000000000000005
2015-12-21,10.08
2015-12-22,12.96
2015-12-23,11.36
2015-12-24,10.88
2015-12-25,5.12
2015-12-26,6.4
2015-12-27,3.84
2015-12-28,8.48
2015-12-29,6.88
2015-12-30,10.56
2015-12-31,0.0
2016-01-01,3.99
2016-01-02,0.0
2016-01-03,3.42
2016-01-04,5.32
2016-01-05,7.22
2016-01-06,7.22
2016-01-07,10.07
2016-01-08,9.88
2016-01-09,2.09
2016-01-10,1.14
2016-01-11,7.6
2016-01-12,6.2700000000000005
2016-01-13,6.2700000000000005
2016-01-14,7.98
2016-01-15,19.0
2016-01-16,11.97
2016-01-17,3.99
2016-01-18,5.32
2016-01-19,7.98
2016-01-20,8.36
2016-01-21,7.98
2016-01-22,8.36
2016-01-23,4.18
2016-01-24,4.94
2016-01-25,5.13
2016-01-26,9.69
2016-01-27,6.84
2016-01-28,8.36
2016-01-29,7.98
2016-01-30,5.13
2016-01-31,2.09
2016-02-01,8.8
2016-02-02,5.76
2016-02-03,7.2
2016-02-04,6.72
2016-02-05,4.8
2016-02-06,3.84
2016-02-07,3.36
2016-02-08,9.28
2016-02-09,9.6
2016-02-10,7.84
2016-02-11,16.0
2016-02-12,8.96
2016-02-13,6.5600000000000005
2016-02-14,6.4
2016-02-15,4.0
2016-02-16,5.12
2016-02-17,5.12
2016-02-18,6.72
2016-02-19,8.64
2016-02-20,4.96
2016-02-21,2.72
2016-02-22,6.72
2016-02-23,7.2
2016-02-24,8.64
2016-02-25,8.48
2016-02-26,6.72
2016-02-27,4.0
2016-02-28,0.0
2016-02-29,6.88
2016-03-01,15.0
2016-03-02,14.1
2016-03-03,12.0
2016-03-04,6.6
2016-03-05,4.65
2016-03-06,4.65
2016-03-07,10.95
2016-03-08,10.8
2016-03-09,10.05
2016-03-10,13.2
2016-03-11,7.949999999999999
2016-03-12,1.7999999999999998
2016-03-13,1.65
2016-03-14,6.6
2016-03-15,12.0
2016-03-16,11.1
2016-03-17,8.25
2016-03-18,9.6
2016-03-19,6.45
2016-03-20,6.45
2016-03-21,7.35
2016-03-22,6.0
2016-03-23,7.05
2016-03-24,12.9
2016-03-25,9.0
2016-03-26,4.8
2016-03-27,2.85
2016-03-28,10.2
2016-03-29,11.1
2016-03-30,9.6
2016-03-31,12.6
2016-04-01,6.88
2016-04-02,5.12
2016-04-03,2.72
2016-04-04,2.24
2016-04-05,7.04
2016-04-06,12.0
2016-04-07,9.6
2016-04-08,8.48
2016-04-09,4.32
2016-04-10,4.16
2016-04-11,8.48
2016-04-12,13.12
2016-04-13,12.32
2016-04-14,16.0
2016-04-15,7.52
2016-04-16,2.72
2016-04-17,3.52
2016-04-18,7.68
2016-04-19,10.56
2016-04-20,12.16
2016-04-21,10.72
2016-04-22,9.6
2016-04-23,4.48
2016-04-24,0.0
2016-04-25,9.28
2016-04-26,11.04
2016-04-27,10.72
2016-04-28,10.24
2016-04-29,11.04
2016-04-30,4.48
2016-05-01,4.48
2016-05-02,6.4
2016-05-03,4.8
2016-05-04,9.6
2016-05-05,9.28
2016-05-06,8.8
2016-05-07,3.68
2016-05-08,5.28
2016-05-09,9.76
2016-05-10,7.36
2016-05-11,7.36
2016-05-12,9.28
2016-05-13,9.76
2016-05-14,5.44
2016-05-15,0.0
2016-05-16,7.2
2016-05-17,8.64
2016-05-18,8.64
2016-05-19,15.36
2016-05-20,16.0
2016-05-21,4.32
2016-05-22,0.0
2016-05-23,7.2
2016-05-24,8.32
2016-05-25,9.76
2016-05-26,8.32
2016-05-27,7.2
2016-05-28,5.6000000000000005
2016-05-29,2.24
2016-05-30,2.88
2016-05-31,10.56
2016-06-01,8.96
2016-06-02,4.48
2016-06-03,5.28
2016-06-04,5.6000000000000005
2016-06-05,1.44
2016-06-06,8.32
2016-06-07,4.0
2016-06-08,7.2
2016-06-09,6.4
2016-06-10,5.6000000000000005
2016-06-11,3.04
2016-06-12,0.0
2016-06-13,5.44
2016-06-14,3.84
2016-06-15,6.24
2016-06-16,6.08
2016-06-17,5.92
2016-06-18,4.16
2016-06-19,1.6
2016-06-20,6.08
2016-06-21,7.36
2016-06-22,8.32
2016-06-23,5.12
2016-06-24,16.0
2016-06-25,7.84
2016-06-26,3.04
2016-06-27,10.88
2016-06-28,9.12
2016-06-29,8.64
2016-06-30,7.04
2016-07-01,16.0
2016-07-02,8.0
2016-07-03,2.4
2016-07-04,7.04
2016-07-05,11.52
2016-07-06,8.48
2016-07-07,9.12
2016-07-08,11.52
2016-07-09,8.48
2016-07-10,5.76
2016-07-11,12.8
2016-07-12,8.96
2016-07-13,12.16
2016-07-14,15.04
2016-07-15,6.5600000000000005
2016-07-16,6.5600000000000005
2016-07-17,0.0
2016-07-18,9.92
2016-07-19,9.92
2016-07-20,10.24
2016-07-21,10.24
2016-07-22,10.88
2016-07-23,3.36
2016-07-24,3.04
2016-07-25,8.32
2016-07-26,12.64
2016-07-27,7.2
2016-07-28,10.88
2016-07-29,13.12
2016-07-30,0.0
2016-07-31,3.04
2016-08-01,7.700000000000001
2016-08-02,7.140000000000001
2016-08-03,12.04
2016-08-04,10.500000000000002
2016-08-05,9.94
2016-08-06,3.3600000000000003
2016-08-07,1.8200000000000005
2016-08-08,10.36
2016-08-09,11.760000000000002
2016-08-10,7.140000000000001
2016-08-11,9.66
2016-08-12,14.000000000000002
2016-08-13,7.280000000000001
2016-08-14,3.92
2016-08-15,9.38
2016-08-16,8.120000000000001
2016-08-17,8.260000000000002
2016-08-18,10.78
2016-08-19,7.840000000000001
2016-08-20,4.48
2016-08-21,0.0
2016-08-22,7.280000000000001
2016-08-23,8.4
2016-08-24,8.120000000000001
2016-08-25,10.78
2016-08-26,4.340000000000001
2016-08-27,0.0
2016-08-28,3.640000000000001
2016-08-29,4.340000000000001
2016-08-30,5.74
2016-08-31,11.06
2016-09-01,8.71
2016-09-02,10.53
2016-09-03,6.24
2016-09-04,4.03
2016-09-05,3.51
2016-09-06,5.98
2016-09-07,4.55
2016-09-08,8.84
2016-09-09,11.83
2016-09-10,6.76
2016-09-11,3.51
2016-09-12,6.5
2016-09-13,6.890000000000001
2016-09-14,8.06
2016-09-15,13.0
2016-09-16,9.49
2016-09-17,5.33
2016-09-18,2.99
2016-09-19,7.67
2016-09-20,6.63
2016-09-21,7.28
2016-09-22,7.67
2016-09-23,9.62
2016-09-24,2.8600000000000003
2016-09-25,0.0
2016-09-26,5.33
2016-09-27,1.3
2016-09-28,9.49
2016-09-29,5.720000000000001
2016-09-30,12.22
2016-10-01,4.51
2016-10-02,1.98
2016-10-03,5.72
2016-10-04,7.59
2016-10-05,4.73
2016-10-06,3.63
2016-10-07,9.68
2016-10-08,6.71
2016-10-09,2.2
2016-10-10,4.29
2016-10-11,6.2700000000000005
2016-10-12,9.02
2016-10-13,6.93
2016-10-14,8.47
2016-10-15,0.0
2016-10-16,0.0
2016-10-17,1.21
2016-10-18,11.0
2016-10-19,5.94
2016-10-20,6.82
2016-10-21,3.19
2016-10-22,0.0
2016-10-23,0.0
2016-10-24,4.95
2016-10-25,5.83
2016-10-26,8.14
2016-10-27,5.61
2016-10-28,8.58
2016-10-29,3.96
2016-10-30,2.2
2016-10-31,6.38
2016-11-01,6.6
2016-11-02,9.45
2016-11-03,1.65
2016-11-04,6.6
2016-11-05,0.0
2016-11-06,4.35
2016-11-07,9.45
2016-11-08,11.85
2016-11-09,14.85
2016-11-10,10.65
2016-11-11,10.95
2016-11-12,1.5
2016-11-13,3.3
2016-11-14,8.25
2016-11-15,10.05
2016-11-16,9.75
2016-11-17,11.4
2016-11-18,9.45
2016-11-19,5.55
2016-11-20,6.15
2016-11-21,7.949999999999999
2016-11-22,15.0
2016-11-23,9.3
2016-11-24,9.3
2016-11-25,8.4
2016-11-26,0.0
2016-11-27,4.5
2016-11-28,10.05
2016-11-29,10.05
2016-11-30,3.45
2016-12-01,9.24
2016-12-02,10.78
2016-12-03,5.460000000000001
2016-12-04,5.32
2016-12-05,6.86
2016-12-06,11.62
2016-12-07,10.36
2016-12-08,8.260000000000002
2016-12-09,12.6
2016-12-10,6.580000000000001
2016-12-11,3.78
2016-12-12,9.8
2016-12-13,14.000000000000002
2016-12-14,13.72
2016-12-15,7.140000000000001
2016-12-16,7.420000000000001
2016-12-17,9.52
2016-12-18,2.3800000000000003
2016-12-19,7.280000000000001
2016-12-20,6.720000000000001
2016-12-21,10.500000000000002
2016-12-22,6.86
2016-12-23,12.18
2016-12-24,4.760000000000001
2016-12-25,8.260000000000002
2016-12-26,5.180000000000001
2016-12-27,5.32
2016-12-28,7.700000000000001
2016-12-29,8.120000000000001
2016-12-30,9.24
2016-12-31,0.0
2017-01-01,6.37
2017-01-02,3.64
2017-01-03,9.23
2017-01-04,13.0
2017-01-05,6.5
2017-01-06,8.97
2017-01-07,2.99
2017-01-08,7.0200000000000005
2017-01-09,5.720000000000001
2017-01-10,11.18
2017-01-11,8.84
2017-01-12,9.88
2017-01-13,11.44
2017-01-14,4.68
2017-01-15,0.0
2017-01-16,7.0200000000000005
2017-01-17,11.05
2017-01-18,12.87
2017-01-19,7.41
2017-01-20,3.38
2017-01-21,4.29
2017-01-22,1.56
2017-01-23,10.4
2017-01-24,6.24
2017-01-25,11.31
2017-01-26,10.01
2017-01-27,11.96
2017-01-28,3.77
2017-01-29,3.51
2017-01-30,9.62
2017-01-31,11.18
2017-02-01,9.72
2017-02-02,4.68
2017-02-03,14.22
2017-02-04,6.12
2017-02-05,9.54
2017-02-06,9.9
2017-02-07,11.16
2017-02-08,13.68
2017-02-09,12.6
2017-02-10,10.62
2017-02-11,3.06
2017-02-12,4.859999999999999
2017-02-13,8.64
2017-02-14,10.08
2017-02-15,17.46
2017-02-16,12.96
2017-02-17,10.8
2017-02-18,9.18
2017-02-19,9.0
2017-02-20,6.66
2017-02-21,17.099999999999998
2017-02-22,18.0
2017-02-23,16.2
2017-02-24,15.12
2017-02-25,5.94
2017-02-26,6.3
2017-02-27,18.0
2017-02-28,17.28
2017-03-01,16.0
2017-03-02,15.52
2017-03-03,13.12
2017-03-04,5.12
2017-03-05,5.44
2017-03-06,13.76
2017-03-07,12.8
2017-03-08,9.76
2017-03-09,10.88
2017-03-10,10.24
2017-03-11,5.28
2017-03-12,2.72
2017-03-13,12.0
2017-03-14,6.5600000000000005
2017-03-15,13.76
2017-03-16,13.12
2017-03-17,9.76
2017-03-18,5.92
2017-03-19,5.76
2017-03-20,6.88
2017-03-21,6.4
2017-03-22,8.96
2017-03-23,14.4
2017-03-24,12.48
2017-03-25,4.16
2017-03-26,5.44
2017-03-27,12.32
2017-03-28,9.44
2017-03-29,9.44
2017-03-30,9.44
2017-03-31,1.6
2017-04-01,6.48
2017-04-02,5.58
2017-04-03,13.68
2017-04-04,8.459999999999999
2017-04-05,16.38
2017-04-06,9.36
2017-04-07,14.94
2017-04-08,9.9
2017-04-09,9.0
2017-04-10,9.9
2017-04-11,12.24
2017-04-12,15.66
2017-04-13,12.6
2017-04-14,11.52
2017-04-15,5.04
2017-04-16,0.0
2017-04-17,14.22
2017-04-18,12.6
2017-04-19,12.6
2017-04-20,9.18
2017-04-21,13.86
2017-04-22,9.0
2017-04-23,2.88
2017-04-24,18.0
2017-04-25,17.46
2017-04-26,14.58
2017-04-27,2.34
2017-04-28,14.04
2017-04-29,5.58
2017-04-30,3.96
2017-05-01,15.12
2017-05-02,15.33
2017-05-03,15.33
2017-05-04,13.86
2017-05-05,11.34
2017-05-06,14.91
2017-05-07,7.35
2017-05-08,9.87
2017-05-09,11.76
2017-05-10,17.849999999999998
2017-05-11,9.66
2017-05-12,13.23
2017-05-13,8.4
2017-05-14,9.24
2017-05-15,16.38
2017-05-16,18.27
2017-05-17,17.22
2017-05-18,15.75
2017-05-19,21.0
2017-05-20,4.2
2017-05-21,3.36
2017-05-22,10.71
2017-05-23,11.76
2017-05-24,18.06
2017-05-25,12.18
2017-05-26,10.08
2017-05-27,7.35
2017-05-28,7.14
2017-05-29,9.87
2017-05-30,12.39
2017-05-31,14.7
2017-06-01,12.74
2017-06-02,11.96
2017-06-03,7.28
2017-06-04,4.94
2017-06-05,8.84
2017-06-06,18.2
2017-06-07,10.4
2017-06-08,15.86
2017-06-09,11.44
2017-06-10,1.56
2017-06-11,5.2
2017-06-12,13.26
2017-06-13,9.88
2017-06-14,12.74
2017-06-15,13.0
2017-06-16,26.0
2017-06-17,17.68
2017-06-18,10.14
2017-06-19,17.68
2017-06-20,11.18
2017-06-21,15.08
2017-06-22,16.38
2017-06-23,11.96
2017-06-24,8.06
2017-06-25,4.42
2017-06-26,15.34
2017-06-27,11.44
2017-06-28,13.0
2017-06-29,13.26
2017-06-30,15.6
2017-07-01,3.4000000000000004
2017-07-02,4.2
2017-07-03,14.4
2017-07-04,5.4
2017-07-05,13.2
2017-07-06,12.2
2017-07-07,12.4
2017-07-08,4.2
2017-07-09,6.2
2017-07-10,7.0
2017-07-11,12.4
2017-07-12,16.6
2017-07-13,16.400000000000002
2017-07-14,13.8
2017-07-15,6.6000000000000005
2017-07-16,0.0
2017-07-17,8.0
2017-07-18,18.2
2017-07-19,20.0
2017-07-20,13.4
2017-07-21,11.8
2017-07-22,9.0
2017-07-23,3.4000000000000004
2017-07-24,9.0
2017-07-25,17.2
2017-07-26,15.6
2017-07-27,11.8
2017-07-28,16.400000000000002
2017-07-29,8.200000000000001
2017-07-30,8.4
2017-07-31,13.2
2017-08-01,24.08
2017-08-02,22.12
2017-08-03,16.520000000000003
2017-08-04,23.520000000000003
2017-08-05,9.8
2017-08-06,5.880000000000001
2017-08-07,17.080000000000002
2017-08-08,21.56
2017-08-09,15.96
2017-08-10,22.680000000000003
2017-08-11,15.96
2017-08-12,9.24
2017-08-13,7.000000000000001
2017-08-14,12.88
2017-08-15,17.360000000000003
2017-08-16,16.520000000000003
2017-08-17,23.520000000000003
2017-08-18,28.000000000000004
2017-08-19,5.880000000000001
2017-08-20,2.8000000000000003
2017-08-21,15.12
2017-08-22,14.28
2017-08-23,25.200000000000003
2017-08-24,20.72
2017-08-25,20.44
2017-08-26,8.96
2017-08-27,2.5200000000000005
2017-08-28,13.160000000000002
2017-08-29,16.8
2017-08-30,18.200000000000003
2017-08-31,13.160000000000002
2017-09-01,9.0
2017-09-02,6.4
2017-09-03,6.2
2017-09-04,4.4
2017-09-05,12.2
2017-09-06,20.0
2017-09-07,16.0
2017-09-08,17.6
2017-09-09,11.0
2017-09-10,4.4
2017-09-11,10.0
2017-09-12,12.6
2017-09-13,10.8
2017-09-14,11.8
2017-09-15,11.0
2017-09-16,9.6
2017-09-17,4.6000000000000005
2017-09-18,11.8
2017-09-19,17.8
2017-09-20,14.6
2017-09-21,12.8
2017-09-22,13.6
2017-09-23,5.800000000000001
2017-09-24,0.0
2017-09-25,10.8
2017-09-26,10.6
2017-09-27,9.6
2017-09-28,8.6
2017-09-29,7.6
2017-09-30,8.200000000000001
2017-10-01,3.92
2017-10-02,10.920000000000002
2017-10-03,13.44
2017-10-04,10.920000000000002
2017-10-05,6.16
2017-10-06,9.52
2017-10-07,0.0
2017-10-08,3.92
2017-10-09,10.080000000000002
2017-10-10,25.480000000000004
2017-10-11,24.360000000000003
2017-10-12,24.64
2017-10-13,19.040000000000003
2017-10-14,7.000000000000001
2017-10-15,3.92
2017-10-16,18.48
2017-10-17,19.040000000000003
2017-10-18,15.96
2017-10-19,17.360000000000003
2017-10-20,13.72
2017-10-21,10.080000000000002
2017-10-22,7.840000000000001
2017-10-23,20.160000000000004
2017-10-24,28.000000000000004
2017-10-25,20.160000000000004
2017-10-26,27.44
2017-10-27,25.76
2017-10-28,10.080000000000002
2017-10-29,2.5200000000000005
2017-10-30,15.12
2017-10-31,18.76
2017-11-01,12.25
2017-11-02,11.9
2017-11-03,13.65
2017-11-04,5.6
2017-11-05,4.199999999999999
2017-11-06,14.35
2017-11-07,20.65
2017-11-08,15.05
2017-11-09,17.849999999999998
2017-11-10,14.7
2017-11-11,10.15
2017-11-12,5.6
2017-11-13,18.9
2017-11-14,16.799999999999997
2017-11-15,12.95
2017-11-16,35.0
2017-11-17,31.15
2017-11-18,14.0
2017-11-19,10.5
2017-11-20,21.35
2017-11-21,21.0
2017-11-22,17.5
2017-11-23,8.049999999999999
2017-11-24,19.25
2017-11-25,10.85
2017-11-26,8.049999999999999
2017-11-27,19.95
2017-11-28,19.95
2017-11-29,22.4
2017-11-30,22.05
2017-12-01,30.4
2017-12-02,16.32
2017-12-03,13.12
2017-12-04,25.92
2017-12-05,31.04
2017-12-06,16.64
2017-12-07,32.0
2017-12-08,22.72
2017-12-09,16.64
2017-12-10,13.44
2017-12-11,21.12
2017-12-12,30.4
2017-12-13,29.76
2017-12-14,24.32
2017-12-15,21.44
2017-12-16,10.88
2017-12-17,15.36
2017-12-18,27.2
2017-12-19,31.04
2017-12-20,30.4
2017-12-21,27.84
2017-12-22,22.72
2017-12-23,29.76
2017-12-24,11.52
2017-12-25,8.32
2017-12-26,19.52
2017-12-27,31.04
2017-12-28,25.6
2017-12-29,31.36
2017-12-30,11.84
2017-12-31,8.32
2018-01-01,6.3
2018-01-02,17.1
2018-01-03,22.95
2018-01-04,25.65
2018-01-05,23.85
2018-01-06,11.25
2018-01-07,4.5
2018-01-08,22.05
2018-01-09,32.85
2018-01-10,27.9
2018-01-11,38.7
2018-01-12,45.0
2018-01-13,19.35
2018-01-14,14.4
2018-01-15,14.4
2018-01-16,16.650000000000002
2018-01-17,27.0
2018-01-18,36.45
2018-01-19,27.0
2018-01-20,17.55
2018-01-21,4.5
2018-01-22,24.3
2018-01-23,32.85
2018-01-24,30.15
2018-01-25,31.95
2018-01-26,37.8
2018-01-27,18.9
2018-01-28,10.8
2018-01-29,31.95
2018-01-30,35.1
2018-01-31,36.0
2018-02-01,24.91
2018-02-02,27.03
2018-02-03,12.19
2018-02-04,7.95
2018-02-05,27.03
2018-02-06,46.11
2018-02-07,20.67
2018-02-08,29.15
2018-02-09,28.62
2018-02-10,14.84
2018-02-11,6.890000000000001
2018-02-12,18.55
2018-02-13,24.91
2018-02-14,20.14
2018-02-15,23.85
2018-02-16,21.200000000000003
2018-02-17,14.31
2018-02-18,7.95
2018-02-19,11.13
2018-02-20,53.0
2018-02-21,52.470000000000006
2018-02-22,28.62
2018-02-23,27.03
2018-02-24,11.66
2018-02-25,9.01
2018-02-26,25.97
2018-02-27,25.97
2018-02-28,25.44
2018-03-01,31.54
2018-03-02,38.0
2018-03-03,14.44
2018-03-04,6.84
2018-03-05,29.64
2018-03-06,26.6
2018-03-07,32.68
2018-03-08,24.7
2018-03-09,27.36
2018-03-10,14.44
2018-03-11,7.6
2018-03-12,28.5
2018-03-13,19.38
2018-03-14,25.08
2018-03-15,27.36
2018-03-16,24.32
2018-03-17,12.16
2018-03-18,8.36
2018-03-19,23.56
2018-03-20,20.9
2018-03-21,22.8
2018-03-22,28.12
2018-03-23,19.0
2018-03-24,15.2
2018-03-25,6.84
2018-03-26,30.78
2018-03-27,25.08
2018-03-28,25.46
2018-03-29,31.54
2018-03-30,25.08
2018-03-31,9.88
2018-04-01,10.24
2018-04-02,24.32
2018-04-03,26.24
2018-04-04,32.0
2018-04-05,29.76
2018-04-06,22.08
2018-04-07,17.28
2018-04-08,5.44
2018-04-09,22.4
2018-04-10,25.28
2018-04-11,23.36
2018-04-12,25.92
2018-04-13,22.4
2018-04-14,8.64
2018-04-15,5.76
2018-04-16,21.76
2018-04-17,25.28
2018-04-18,22.08
2018-04-19,15.36
2018-04-20,19.52
2018-04-21,9.92
2018-04-22,8.0
2018-04-23,16.96
2018-04-24,26.56
2018-04-25,25.28
2018-04-26,21.44
2018-04-27,17.92
2018-04-28,10.88
2018-04-29,5.12
2018-04-30,21.12
2018-05-01,19.8
2018-05-02,25.5
2018-05-03,24.0
2018-05-04,18.0
2018-05-05,11.7
2018-05-06,8.7
2018-05-07,24.0
2018-05-08,15.0
2018-05-09,30.0
2018-05-10,24.9
2018-05-11,20.1
2018-05-12,6.9
2018-05-13,5.7
2018-05-14,21.3
2018-05-15,20.1
2018-05-16,21.6
2018-05-17,26.1
2018-05-18,18.6
2018-05-19,6.3
2018-05-20,5.4
2018-05-21,23.7
2018-05-22,16.8
2018-05-23,23.4
2018-05-24,18.0
2018-05-25,16.2
2018-05-26,11.1
2018-05-27,6.3
2018-05-28,5.1
2018-05-29,15.9
2018-05-30,20.7
2018-05-31,23.7
2018-06-01,18.9
2018-06-02,6.48
2018-06-03,2.97
2018-06-04,14.580000000000002
2018-06-05,14.85
2018-06-06,16.740000000000002
2018-06-07,20.790000000000003
2018-06-08,21.06
2018-06-09,4.050000000000001
2018-06-10,4.59
2018-06-11,10.260000000000002
2018-06-12,15.93
2018-06-13,18.630000000000003
2018-06-14,18.09
2018-06-15,14.580000000000002
2018-06-16,11.88
2018-06-17,6.48
2018-06-18,12.96
2018-06-19,12.69
2018-06-20,15.66
2018-06-21,20.790000000000003
2018-06-22,18.09
2018-06-23,6.210000000000001
2018-06-24,0.0
2018-06-25,14.85
2018-06-26,16.200000000000003
2018-06-27,27.0
2018-06-28,22.68
2018-06-29,21.6
2018-06-30,2.7
2018-07-01,6.72
2018-07-02,16.08
2018-07-03,15.84
2018-07-04,4.8
2018-07-05,19.2
2018-07-06,10.32
2018-07-07,5.76
2018-07-08,2.4
2018-07-09,17.28
2018-07-10,17.52
2018-07-11,17.52
2018-07-12,23.28
2018-07-13,24.0
2018-07-14,8.16
2018-07-15,6.0
2018-07-16,13.2
2018-07-17,20.88
2018-07-18,18.0
2018-07-19,14.16
2018-07-20,16.32
2018-07-21,6.72
2018-07-22,2.16
2018-07-23,13.44
2018-07-24,13.44
2018-07-25,15.12
2018-07-26,22.32
2018-07-27,12.96
2018-07-28,7.199999999999999
2018-07-29,5.76
2018-07-30,17.52
2018-07-31,18.72
2018-08-01,15.04
2018-08-02,15.04
2018-08-03,10.56
2018-08-04,9.28
2018-08-05,6.72
2018-08-06,10.88
2018-08-07,14.72
2018-08-08,13.12
2018-08-09,11.2
2018-08-10,11.84
2018-08-11,2.24
2018-08-12,4.16
2018-08-13,8.0
2018-08-14,12.8
2018-08-15,12.48
2018-08-16,32.0
2018-08-17,30.4
2018-08-18,9.92
2018-08-19,6.4
2018-08-20,13.44
2018-08-21,21.44
2018-08-22,20.8
2018-08-23,17.6
2018-08-24,16.0
2018-08-25,7.68
2018-08-26,4.8
2018-08-27,17.92
2018-08-28,12.16
2018-08-29,12.16
2018-08-30,15.04
2018-08-31,17.28
2018-09-01,7.000000000000001
2018-09-02,5.880000000000001
2018-09-03,9.52
2018-09-04,28.000000000000004
2018-09-05,23.8
2018-09-06,20.44
2018-09-07,14.840000000000002
2018-09-08,12.6
2018-09-09,6.16
2018-09-10,15.68
2018-09-11,21.56
2018-09-12,23.24
2018-09-13,20.72
2018-09-14,18.76
2018-09-15,7.56
2018-09-16,6.44
2018-09-17,16.520000000000003
2018-09-18,16.520000000000003
2018-09-19,22.12
2018-09-20,18.48
2018-09-21,24.08
2018-09-22,11.48
2018-09-23,0.0
2018-09-24,11.760000000000002
2018-09-25,17.92
2018-09-26,24.64
2018-09-27,19.32
2018-09-28,16.8
2018-09-29,10.080000000000002
2018-09-30,8.4
2018-10-01,15.9
2018-10-02,14.1
2018-10-03,15.3
2018-10-04,9.6
2018-10-05,12.6
2018-10-06,7.8
2018-10-07,5.7
2018-10-08,7.8
2018-10-09,14.4
2018-10-10,15.9
2018-10-11,17.7
2018-10-12,21.6
2018-10-13,2.7
2018-10-14,4.8
2018-10-15,15.0
2018-10-16,14.7
2018-10-17,16.2
2018-10-18,19.5
2018-10-19,17.4
2018-10-20,8.4
2018-10-21,6.6
2018-10-22,11.7
2018-10-23,12.6
2018-10-24,24.6
2018-10-25,16.8
2018-10-26,14.4
2018-10-27,6.6
2018-10-28,3.6
2018-10-29,13.8
2018-10-30,22.5
2018-10-31,30.0
2018-11-01,33.0
2018-11-02,23.43
2018-11-03,7.92
2018-11-04,7.590000000000001
2018-11-05,18.48
2018-11-06,23.76
2018-11-07,27.06
2018-11-08,28.71
2018-11-09,26.07
2018-11-10,6.2700000000000005
2018-11-11,6.930000000000001
2018-11-12,25.08
2018-11-13,27.39
2018-11-14,28.05
2018-11-15,31.35
2018-11-16,24.42
2018-11-17,12.54
2018-11-18,7.260000000000001
2018-11-19,24.09
2018-11-20,22.44
2018-11-21,18.81
2018-11-22,11.88
2018-11-23,17.16
2018-11-24,17.16
2018-11-25,0.0
2018-11-26,20.790000000000003
2018-11-27,23.1
2018-11-28,27.72
2018-11-29,23.1
2018-11-30,27.39
2018-12-01,11.1
2018-12-02,7.5
2018-12-03,22.5
2018-12-04,21.0
2018-12-05,17.099999999999998
2018-12-06,23.1
2018-12-07,24.3
2018-12-08,11.7
2018-12-09,7.199999999999999
2018-12-10,13.8
2018-12-11,22.5
2018-12-12,21.6
2018-12-13,20.1
2018-12-14,17.7
2018-12-15,12.9
2018-12-16,6.9
2018-12-17,16.5
2018-12-18,22.5
2018-12-19,17.099999999999998
2018-12-20,12.3
2018-12-21,25.2
2018-12-22,10.5
2018-12-23,5.7
2018-12-24,12.3
2018-12-25,9.9
2018-12-26,24.9
2018-12-27,30.0
2018-12-28,28.8
2018-12-29,8.7
2018-12-30,6.6
2018-12-31,20.4
2019-01-01,5.67
2019-01-02,21.87
2019-01-03,19.44
2019-01-04,18.09
2019-01-05,11.88
2019-01-06,2.7
2019-01-07,12.15
2019-01-08,27.0
2019-01-09,22.68
2019-01-10,19.71
2019-01-11,24.3
2019-01-12,5.94
2019-01-13,4.86
2019-01-14,14.31
2019-01-15,16.470000000000002
2019-01-16,16.200000000000003
2019-01-17,21.33
2019-01-18,17.28
2019-01-19,12.420000000000002
2019-01-20,7.56
2019-01-21,7.290000000000001
2019-01-22,17.01
2019-01-23,23.76
2019-01-24,23.49
2019-01-25,14.580000000000002
2019-01-26,5.67
2019-01-27,9.99
2019-01-28,16.200000000000003
2019-01-29,18.9
2019-01-30,20.25
2019-01-31,16.740000000000002
2019-02-01,14.1
2019-02-02,2.7
2019-02-03,3.0
2019-02-04,12.3
2019-02-05,17.099999999999998
2019-02-06,17.099999999999998
2019-02-07,12.9
2019-02-08,12.6
2019-02-09,3.9
2019-02-10,5.7
2019-02-11,10.8
2019-02-12,12.3
2019-02-13,14.1
2019-02-14,17.7
2019-02-15,18.3
2019-02-16,8.1
2019-02-17,4.5
2019-02-18,8.4
2019-02-19,30.0
2019-02-20,28.8
2019-02-21,19.8
2019-02-22,19.2
2019-02-23,9.0
2019-02-24,3.6
2019-02-25,17.7
2019-02-26,19.8
2019-02-27,12.9
2019-02-28,15.3
2019-03-01,22.36
2019-03-02,8.84
2019-03-03,9.88
2019-03-04,14.04
2019-03-05,24.96
2019-03-06,20.8
2019-03-07,23.66
2019-03-08,26.0
2019-03-09,7.800000000000001
2019-03-10,7.800000000000001
2019-03-11,20.28
2019-03-12,22.1
2019-03-13,22.62
2019-03-14,22.880000000000003
2019-03-15,15.6
2019-03-16,9.36
2019-03-17,4.68
2019-03-18,21.32
2019-03-19,24.7
2019-03-20,23.66
2019-03-21,24.96
2019-03-22,19.24
2019-03-23,13.0
2019-03-24,5.720000000000001
2019-03-25,17.94
2019-03-26,24.7
2019-03-27,20.02
2019-03-28,14.04
2019-03-29,24.96
2019-03-30,5.2
2019-03-31,7.800000000000001
2019-04-01,17.98
2019-04-02,18.85
2019-04-03,17.689999999999998
2019-04-04,17.11
2019-04-05,16.529999999999998
2019-04-06,5.51
2019-04-07,6.959999999999999
2019-04-08,16.24
2019-04-09,19.72
2019-04-10,15.37
2019-04-11,21.17
2019-04-12,21.75
2019-04-13,6.959999999999999
2019-04-14,8.7
2019-04-15,20.59
2019-04-16,20.59
2019-04-17,23.49
2019-04-18,28.71
2019-04-19,12.76
2019-04-20,4.64
2019-04-21,2.61
2019-04-22,21.75
2019-04-23,17.11
2019-04-24,23.78
2019-04-25,17.689999999999998
2019-04-26,20.59
2019-04-27,13.34
2019-04-28,10.15
2019-04-29,15.079999999999998
2019-04-30,29.0
2019-05-01,18.56
2019-05-02,17.689999999999998
2019-05-03,18.27
2019-05-04,7.249999999999999
2019-05-05,3.19
2019-05-06,15.659999999999998
2019-05-07,15.079999999999998
2019-05-08,17.11
2019-05-09,20.59
2019-05-10,20.01
2019-05-11,9.28
2019-05-12,2.03
2019-05-13,20.88
2019-05-14,20.3
2019-05-15,20.01
2019-05-16,29.0
2019-05-17,19.14
2019-05-18,7.539999999999999
2019-05-19,4.06
2019-05-20,10.73
2019-05-21,17.98
2019-05-22,17.11
2019-05-23,13.34
2019-05-24,15.659999999999998
2019-05-25,5.22
2019-05-26,2.9
2019-05-27,4.35
2019-05-28,17.98
2019-05-29,19.43
2019-05-30,15.95
2019-05-31,13.05
2019-06-01,7.699999999999999
2019-06-02,3.5
2019-06-03,19.25
2019-06-04,31.5
2019-06-05,20.3
2019-06-06,19.25
2019-06-07,26.95
2019-06-08,6.3
2019-06-09,5.6
2019-06-10,20.65
2019-06-11,33.599999999999994
2019-06-12,33.95
2019-06-13,24.85
2019-06-14,30.1
2019-06-15,9.8
2019-06-16,2.8
2019-06-17,20.65
2019-06-18,31.5
2019-06-19,27.3
2019-06-20,28.0
2019-06-21,35.0
2019-06-22,9.45
2019-06-23,3.85
2019-06-24,26.6
2019-06-25,28.7
2019-06-26,26.95
2019-06-27,33.25
2019-06-28,35.0
2019-06-29,8.049999999999999
2019-06-30,6.65
2019-07-01,24.75
2019-07-02,25.41
2019-07-03,31.35
2019-07-04,12.87
2019-07-05,24.42
2019-07-06,8.25
2019-07-07,10.23
2019-07-08,21.45
2019-07-09,31.35
2019-07-10,26.73
2019-07-11,27.72
2019-07-12,28.380000000000003
2019-07-13,12.87
2019-07-14,10.23
2019-07-15,25.08
2019-07-16,24.75
2019-07-17,25.08
2019-07-18,26.73
2019-07-19,27.06
2019-07-20,12.87
2019-07-21,5.94
2019-07-22,20.790000000000003
2019-07-23,28.05
2019-07-24,27.72
2019-07-25,33.0
2019-07-26,24.09
2019-07-27,9.9
2019-07-28,8.91
2019-07-29,15.84
2019-07-30,20.790000000000003
2019-07-31,23.1
2019-08-01,21.42
2019-08-02,20.4
2019-08-03,8.5
2019-08-04,4.42
2019-08-05,17.0
2019-08-06,26.860000000000003
2019-08-07,23.46
2019-08-08,19.040000000000003
2019-08-09,19.380000000000003
2019-08-10,6.460000000000001
2019-08-11,5.78
2019-08-12,15.98
2019-08-13,17.68
2019-08-14,22.78
2019-08-15,32.980000000000004
2019-08-16,34.0
2019-08-17,10.88
2019-08-18,8.84
2019-08-19,19.72
2019-08-20,18.700000000000003
2019-08-21,26.180000000000003
2019-08-22,19.040000000000003
2019-08-23,16.66
2019-08-24,6.460000000000001
2019-08-25,8.16
2019-08-26,19.040000000000003
2019-08-27,15.98
2019-08-28,19.72
2019-08-29,26.860000000000003
2019-08-30,18.360000000000003
2019-08-31,5.44
2019-09-01,3.9
2019-09-02,11.1
2019-09-03,22.8
2019-09-04,30.0
2019-09-05,29.1
2019-09-06,21.9
2019-09-07,8.4
2019-09-08,4.5
2019-09-09,20.7
2019-09-10,28.8
2019-09-11,24.6
2019-09-12,28.5
2019-09-13,26.1
2019-09-14,14.1
2019-09-15,9.3
2019-09-16,23.1
2019-09-17,21.9
2019-09-18,22.5
2019-09-19,29.7
2019-09-20,25.5
2019-09-21,5.4
2019-09-22,7.5
2019-09-23,25.8
2019-09-24,24.3
2019-09-25,20.7
2019-09-26,27.9
2019-09-27,21.9
2019-09-28,9.9
2019-09-29,7.5
2019-09-30,23.1
2019-10-01,26.880000000000003
2019-10-02,19.040000000000003
2019-10-03,27.160000000000004
2019-10-04,18.200000000000003
2019-10-05,10.080000000000002
2019-10-06,3.640000000000001
2019-10-07,16.8
2019-10-08,18.76
2019-10-09,18.200000000000003
2019-10-10,23.520000000000003
2019-10-11,28.000000000000004
2019-10-12,11.2
2019-10-13,11.760000000000002
2019-10-14,18.48
2019-10-15,20.44
2019-10-16,21.28
2019-10-17,23.8
2019-10-18,17.360000000000003
2019-10-19,4.2
2019-10-20,0.0
2019-10-21,16.8
2019-10-22,24.64
2019-10-23,21.56
2019-10-24,21.28
2019-10-25,16.240000000000002
2019-10-26,5.040000000000001
2019-10-27,4.2
2019-10-28,20.160000000000004
2019-10-29,22.680000000000003
2019-10-30,22.680000000000003
2019-10-31,19.880000000000003
2019-11-01,15.079999999999998
2019-11-02,5.8
2019-11-03,3.77
2019-11-04,19.43
2019-11-05,20.88
2019-11-06,15.95
2019-11-07,21.17
2019-11-08,19.43
2019-11-09,11.89
2019-11-10,5.51
2019-11-11,11.89
2019-11-12,19.14
2019-11-13,20.01
2019-11-14,29.0
2019-11-15,23.78
2019-11-16,8.12
2019-11-17,4.06
2019-11-18,11.89
2019-11-19,19.43
2019-11-20,20.01
2019-11-21,18.85
2019-11-22,17.98
2019-11-23,5.8
2019-11-24,3.77
2019-11-25,17.11
2019-11-26,20.01
2019-11-27,17.11
2019-11-28,8.7
2019-11-29,14.21
2019-11-30,7.249999999999999
2019-12-01,4.760000000000001
2019-12-02,13.160000000000002
2019-12-03,27.72
2019-12-04,28.000000000000004
2019-12-05,21.28
2019-12-06,27.44
2019-12-07,8.4
2019-12-08,9.52
2019-12-09,24.360000000000003
2019-12-10,20.160000000000004
2019-12-11,20.160000000000004
2019-12-12,15.400000000000002
2019-12-13,20.160000000000004
2019-12-14,7.280000000000001
2019-12-15,0.0
2019-12-16,15.96
2019-12-17,19.6
2019-12-18,23.8
2019-12-19,22.680000000000003
2019-12-20,19.040000000000003
2019-12-21,13.160000000000002
2019-12-22,6.44
2019-12-23,15.400000000000002
2019-12-24,15.400000000000002
2019-12-25,8.4
2019-12-26,17.360000000000003
2019-12-27,21.56
2019-12-28,10.36
2019-12-29,0.0
2019-12-30,16.240000000000002
2019-12-31,16.8
2020-01-01,8.84
2020-01-02,21.84
2020-01-03,21.06
2020-01-04,11.18
2020-01-05,4.16
2020-01-06,11.96
2020-01-07,18.72
2020-01-08,22.36
2020-01-09,22.1
2020-01-10,21.84
2020-01-11,7.28
2020-01-12,4.68
2020-01-13,19.76
2020-01-14,24.96
2020-01-15,24.44
2020-01-16,26.0
2020-01-17,20.28
2020-01-18,10.92
2020-01-19,9.1
2020-01-20,8.32
2020-01-21,14.04
2020-01-22,20.28
2020-01-23,14.3
2020-01-24,13.52
2020-01-25,7.800000000000001
2020-01-26,0.0
2020-01-27,16.900000000000002
2020-01-28,18.2
2020-01-29,18.2
2020-01-30,18.2
2020-01-31,22.880000000000003
2020-02-01,10.54
2020-02-02,3.4000000000000004
2020-02-03,10.54
2020-02-04,14.62
2020-02-05,14.96
2020-02-06,14.28
2020-02-07,15.98
2020-02-08,2.72
2020-02-09,7.48
2020-02-10,12.920000000000002
2020-02-11,15.98
2020-02-12,19.380000000000003
2020-02-13,14.96
2020-02-14,13.94
2020-02-15,6.460000000000001
2020-02-16,5.78
2020-02-17,10.54
2020-02-18,20.74
2020-02-19,18.02
2020-02-20,15.3
2020-02-21,13.6
2020-02-22,7.140000000000001
2020-02-23,4.42
2020-02-24,17.0
2020-02-25,23.8
2020-02-26,24.14
2020-02-27,25.500000000000004
2020-02-28,34.0
2020-02-29,15.64
2020-03-01,12.0
2020-03-02,42.0
2020-03-03,31.0
2020-03-04,28.0
2020-03-05,26.0
2020-03-06,29.0
2020-03-07,14.0
2020-03-08,8.0
2020-03-09,53.0
2020-03-10,43.0
2020-03-11,40.0
2020-03-12,73.0
2020-03-13,70.0
2020-03-14,41.0
2020-03-15,32.0
2020-03-16,80.0
2020-03-17,76.0
2020-03-18,100.0
2020-03-19,95.0
2020-03-20,75.0
2020-03-21,53.0
2020-03-22,41.0
2020-03-23,60.0
2020-03-24,69.0
2020-03-25,57.0
2020-03-26,62.0
2020-03-27,56.0
2020-03-28,29.0
2020-03-29,16.0
2020-03-30,40.0
2020-03-31,49.0
2020-04-01,52.92
2020-04-02,45.99
2020-04-03,44.1
2020-04-04,32.13
2020-04-05,19.53
2020-04-06,57.96
2020-04-07,63.0
2020-04-08,61.11
2020-04-09,49.14
2020-04-10,31.5
2020-04-11,21.42
2020-04-12,18.27
2020-04-13,42.84
2020-04-14,52.92
2020-04-15,52.92
2020-04-16,53.55
2020-04-17,56.07
2020-04-18,26.46
2020-04-19,17.64
2020-04-20,47.88
2020-04-21,55.44
2020-04-22,40.32
2020-04-23,42.84
2020-04-24,42.84
2020-04-25,25.2
2020-04-26,11.97
2020-04-27,42.84
2020-04-28,42.21
2020-04-29,43.47
2020-04-30,38.43
2020-05-01,33.18
2020-05-02,12.18
2020-05-03,11.76
2020-05-04,22.26
2020-05-05,26.88
2020-05-06,29.82
2020-05-07,28.56
2020-05-08,34.86
2020-05-09,10.08
2020-05-10,9.24
2020-05-11,22.68
2020-05-12,23.94
2020-05-13,23.52
2020-05-14,29.82
2020-05-15,25.62
2020-05-16,18.06
2020-05-17,8.4
2020-05-18,34.02
2020-05-19,42.0
2020-05-20,31.08
2020-05-21,28.98
2020-05-22,23.52
2020-05-23,9.66
2020-05-24,5.46
2020-05-25,8.4
2020-05-26,25.2
2020-05-27,21.84
2020-05-28,22.68
2020-05-29,28.98
2020-05-30,10.92
2020-05-31,9.24
2020-06-01,24.82
2020-06-02,31.62
2020-06-03,29.58
2020-06-04,25.500000000000004
2020-06-05,34.0
2020-06-06,15.3
2020-06-07,6.12
2020-06-08,29.92
2020-06-09,30.26
2020-06-10,27.200000000000003
2020-06-11,30.6
2020-06-12,29.58
2020-06-13,11.56
2020-06-14,11.56
2020-06-15,28.9
2020-06-16,32.980000000000004
2020-06-17,20.4
2020-06-18,25.840000000000003
2020-06-19,22.78
2020-06-20,14.28
2020-06-21,8.84
2020-06-22,29.58
2020-06-23,27.540000000000003
2020-06-24,23.46
2020-06-25,26.520000000000003
2020-06-26,21.08
2020-06-27,10.2
2020-06-28,8.5
2020-06-29,28.56
2020-06-30,33.32
2020-07-01,21.07
2020-07-02,20.64
2020-07-03,15.91
2020-07-04,7.74
2020-07-05,6.02
2020-07-06,23.22
2020-07-07,26.23
2020-07-08,43.0
2020-07-09,39.56
2020-07-10,36.12
2020-07-11,17.63
2020-07-12,12.47
2020-07-13,36.98
2020-07-14,33.97
2020-07-15,34.83
2020-07-16,33.11
2020-07-17,35.26
2020-07-18,6.88
2020-07-19,11.18
2020-07-20,27.09
2020-07-21,29.24
2020-07-22,25.8
2020-07-23,22.36
2020-07-24,21.07
2020-07-25,10.32
2020-07-26,6.02
2020-07-27,29.24
2020-07-28,27.09
2020-07-29,24.51
2020-07-30,25.37
2020-07-31,26.23
2020-08-01,7.38
2020-08-02,6.56
2020-08-03,16.4
2020-08-04,18.86
2020-08-05,20.5
2020-08-06,23.78
2020-08-07,20.09
2020-08-08,7.789999999999999
2020-08-09,6.15
2020-08-10,19.27
2020-08-11,20.09
2020-08-12,26.24
2020-08-13,14.76
2020-08-14,15.989999999999998
2020-08-15,11.07
2020-08-16,10.25
2020-08-17,24.6
2020-08-18,37.31
2020-08-19,22.55
2020-08-20,24.6
2020-08-21,27.06
2020-08-22,9.43
2020-08-23,5.739999999999999
2020-08-24,20.09
2020-08-25,23.78
2020-08-26,18.45
2020-08-27,30.75
2020-08-28,41.0
2020-08-29,17.22
2020-08-30,12.71
2020-08-31,29.11
2020-09-01,45.650000000000006
2020-09-02,55.00000000000001
2020-09-03,41.25
2020-09-04,39.6
2020-09-05,12.65
2020-09-06,8.8
2020-09-07,15.400000000000002
2020-09-08,25.85
2020-09-09,34.650000000000006
2020-09-10,25.85
2020-09-11,25.85
2020-09-12,7.700000000000001
2020-09-13,6.6000000000000005
2020-09-14,26.4
2020-09-15,24.750000000000004
2020-09-16,23.1
2020-09-17,22.55
2020-09-18,19.8
2020-09-19,7.700000000000001
2020-09-20,8.25
2020-09-21,25.85
2020-09-22,18.15
2020-09-23,17.6
2020-09-24,22.55
2020-09-25,22.55
2020-09-26,11.55
2020-09-27,7.15
2020-09-28,17.6
2020-09-29,20.9
2020-09-30,23.1
2020-10-01,32.800000000000004
2020-10-02,33.2
2020-10-03,11.2
2020-10-04,9.6
2020-10-05,34.0
2020-10-06,28.8
2020-10-07,28.4
2020-10-08,28.8
2020-10-09,35.2
2020-10-10,14.8
2020-10-11,10.4
2020-10-12,37.6
2020-10-13,40.0
2020-10-14,37.2
2020-10-15,39.2
2020-10-16,36.4
2020-10-17,12.0
2020-10-18,8.8
2020-10-19,30.8
2020-10-20,37.6
2020-10-21,38.0
2020-10-22,30.0
2020-10-23,36.8
2020-10-24,10.8
2020-10-25,7.6
2020-10-26,21.6
2020-10-27,27.6
2020-10-28,28.4
2020-10-29,27.6
2020-10-30,29.200000000000003
2020-10-31,7.2
2020-11-01,9.6
2020-11-02,24.96
2020-11-03,30.24
2020-11-04,19.2
2020-11-05,23.52
2020-11-06,24.48
2020-11-07,15.36
2020-11-08,8.64
2020-11-09,42.24
2020-11-10,35.04
2020-11-11,37.44
2020-11-12,28.32
2020-11-13,44.64
2020-11-14,18.24
2020-11-15,13.44
2020-11-16,43.2
2020-11-17,47.52
2020-11-18,48.0
2020-11-19,40.8
2020-11-20,34.56
2020-11-21,14.4
2020-11-22,12.96
2020-11-23,42.72
2020-11-24,48.0
2020-11-25,32.16
2020-11-26,14.88
2020-11-27,37.44
2020-11-28,14.4
2020-11-29,7.68
2020-11-30,31.2
2020-12-01,40.48
2020-12-02,44.0
2020-12-03,38.72
2020-12-04,43.56
2020-12-05,15.84
2020-12-06,9.68
2020-12-07,33.88
2020-12-08,39.6
2020-12-09,32.56
2020-12-10,30.36
2020-12-11,33.44
2020-12-12,12.76
2020-12-13,7.48
2020-12-14,27.72
2020-12-15,30.8
2020-12-16,40.92
2020-12-17,33.88
2020-12-18,29.04
2020-12-19,15.84
2020-12-20,6.6
2020-12-21,32.12
2020-12-22,34.76
2020-12-23,35.2
2020-12-24,34.76
2020-12-25,15.84
2020-12-26,16.28
2020-12-27,11.44
2020-12-28,37.4
2020-12-29,30.8
2020-12-30,42.68
2020-12-31,29.92
2021-01-01,12.4
2021-01-02,13.2
2021-01-03,13.6
2021-01-04,24.0
2021-01-05,20.4
2021-01-06,28.4
2021-01-07,30.8
2021-01-08,22.8
2021-01-09,14.4
2021-01-10,4.800000000000001
2021-01-11,23.6
2021-01-12,27.200000000000003
2021-01-13,31.6
2021-01-14,29.200000000000003
2021-01-15,24.8
2021-01-16,9.2
2021-01-17,10.0
2021-01-18,12.0
2021-01-19,29.6
2021-01-20,24.4
2021-01-21,28.0
2021-01-22,27.6
2021-01-23,8.8
2021-01-24,7.2
2021-01-25,20.8
2021-01-26,24.8
2021-01-27,25.200000000000003
2021-01-28,40.0
2021-01-29,38.0
2021-01-30,16.8
2021-01-31,11.6
2021-02-01,35.550000000000004
2021-02-02,37.35
2021-02-03,33.300000000000004
2021-02-04,34.2
2021-02-05,29.7
2021-02-06,14.4
2021-02-07,6.3
2021-02-08,29.7
2021-02-09,27.45
2021-02-10,25.65
2021-02-11,31.5
2021-02-12,25.65
2021-02-13,15.3
2021-02-14,13.05
2021-02-15,20.25
2021-02-16,24.75
2021-02-17,32.85
2021-02-18,45.0
2021-02-19,39.6
2021-02-20,9.9
2021-02-21,9.0
2021-02-22,30.6
2021-02-23,37.8
2021-02-24,39.15
2021-02-25,31.5
2021-02-26,30.6
2021-02-27,15.75
2021-02-28,12.6
2021-03-01,39.16
2021-03-02,36.08
2021-03-03,31.68
2021-03-04,35.64
2021-03-05,44.0
2021-03-06,8.36
2021-03-07,14.08
2021-03-08,29.48
2021-03-09,31.24
2021-03-10,40.04
2021-03-11,31.68
2021-03-12,37.84
2021-03-13,17.6
2021-03-14,9.24
2021-03-15,25.96
2021-03-16,30.8
2021-03-17,33.44
2021-03-18,37.4
2021-03-19,36.96
2021-03-20,11.0
2021-03-21,6.6
2021-03-22,27.28
2021-03-23,25.52
2021-03-24,29.48
2021-03-25,29.92
2021-03-26,23.32
2021-03-27,7.48
2021-03-28,7.92
2021-03-29,26.4
2021-03-30,25.52
2021-03-31,27.28
2021-04-01,27.01
2021-04-02,26.27
2021-04-03,6.29
2021-04-04,6.29
2021-04-05,24.05
2021-04-06,31.08
2021-04-07,30.34
2021-04-08,34.41
2021-04-09,25.16
2021-04-10,10.73
2021-04-11,12.21
2021-04-12,30.71
2021-04-13,34.04
2021-04-14,24.42
2021-04-15,22.57
2021-04-16,33.3
2021-04-17,8.14
2021-04-18,10.36
2021-04-19,24.42
2021-04-20,27.01
2021-04-21,27.75
2021-04-22,26.64
2021-04-23,20.35
2021-04-24,5.55
2021-04-25,5.18
2021-04-26,21.09
2021-04-27,37.0
2021-04-28,26.27
2021-04-29,30.34
2021-04-30,29.6
2021-05-01,6.930000000000001
2021-05-02,4.62
2021-05-03,23.43
2021-05-04,33.0
2021-05-05,26.73
2021-05-06,24.75
2021-05-07,26.07
2021-05-08,13.53
2021-05-09,3.96
2021-05-10,28.05
2021-05-11,26.07
2021-05-12,28.05
2021-05-13,25.08
2021-05-14,32.01
2021-05-15,9.9
2021-05-16,3.3000000000000003
2021-05-17,21.78
2021-05-18,33.0
2021-05-19,25.74
2021-05-20,29.37
2021-05-21,25.74
2021-05-22,6.930000000000001
2021-05-23,9.24
2021-05-24,27.39
2021-05-25,20.46
2021-05-26,21.78
2021-05-27,21.45
2021-05-28,25.41
2021-05-29,11.22
2021-05-30,4.29
2021-05-31,7.92
2021-06-01,21.39
2021-06-02,31.0
2021-06-03,26.97
2021-06-04,28.52
2021-06-05,16.43
2021-06-06,11.47
2021-06-07,21.08
2021-06-08,28.52
2021-06-09,20.15
2021-06-10,23.56
2021-06-11,25.11
2021-06-12,12.71
2021-06-13,5.89
2021-06-14,19.84
2021-06-15,24.8
2021-06-16,19.84
2021-06-17,23.87
2021-06-18,20.77
2021-06-19,9.92
2021-06-20,6.51
2021-06-21,27.28
2021-06-22,24.49
2021-06-23,22.01
2021-06-24,19.84
2021-06-25,21.7
2021-06-26,9.92
2021-06-27,6.2
2021-06-28,20.15
2021-06-29,21.08
2021-06-30,17.98
2021-07-01,25.5
2021-07-02,24.6
2021-07-03,6.3
2021-07-04,3.9
2021-07-05,15.6
2021-07-06,22.2
2021-07-07,25.5
2021-07-08,26.4
2021-07-09,25.5
2021-07-10,7.5
2021-07-11,9.0
2021-07-12,26.1
2021-07-13,22.2
2021-07-14,24.6
2021-07-15,26.4
2021-07-16,30.0
2021-07-17,10.5
2021-07-18,7.8
2021-07-19,24.3
2021-07-20,26.4
2021-07-21,24.3
2021-07-22,17.099999999999998
2021-07-23,25.8
2021-07-24,7.199999999999999
2021-07-25,6.3
2021-07-26,24.6
2021-07-27,24.6
2021-07-28,25.5
2021-07-29,20.4
2021-07-30,22.2
2021-07-31,8.1
2021-08-01,3.5
2021-08-02,25.55
2021-08-03,22.75
2021-08-04,24.5
2021-08-05,24.85
2021-08-06,25.9
2021-08-07,8.75
2021-08-08,4.199999999999999
2021-08-09,21.7
2021-08-10,24.15
2021-08-11,24.15
2021-08-12,25.2
2021-08-13,25.9
2021-08-14,13.3
2021-08-15,2.1
2021-08-16,21.0
2021-08-17,35.0
2021-08-18,31.15
2021-08-19,23.45
2021-08-20,29.4
2021-08-21,9.8
2021-08-22,5.25
2021-08-23,23.1
2021-08-24,27.65
2021-08-25,25.55
2021-08-26,24.15
2021-08-27,23.1
2021-08-28,11.9
2021-08-29,6.3
2021-08-30,22.05
2021-08-31,22.75
2021-09-01,28.000000000000004
2021-09-02,20.72
2021-09-03,19.32
2021-09-04,10.920000000000002
2021-09-05,2.5200000000000005
2021-09-06,3.640000000000001
2021-09-07,17.080000000000002
2021-09-08,18.200000000000003
2021-09-09,15.68
2021-09-10,21.28
2021-09-11,10.36
2021-09-12,5.32
2021-09-13,24.08
2021-09-14,14.840000000000002
2021-09-15,21.28
2021-09-16,17.080000000000002
2021-09-17,23.520000000000003
2021-09-18,5.040000000000001
2021-09-19,5.040000000000001
2021-09-20,14.840000000000002
2021-09-21,19.880000000000003
2021-09-22,17.64
2021-09-23,21.000000000000004
2021-09-24,12.6
2021-09-25,11.760000000000002
2021-09-26,2.24
2021-09-27,13.72
2021-09-28,15.12
2021-09-29,24.64
2021-09-30,22.680000000000003
2021-10-01,18.76
2021-10-02,10.36
2021-10-03,2.5200000000000005
2021-10-04,19.32
2021-10-05,16.8
2021-10-06,15.68
2021-10-07,21.840000000000003
2021-10-08,13.44
2021-10-09,2.8000000000000003
2021-10-10,6.16
2021-10-11,16.8
2021-10-12,20.44
2021-10-13,20.44
2021-10-14,18.48
2021-10-15,17.64
2021-10-16,2.5200000000000005
2021-10-17,5.32
2021-10-18,18.48
2021-10-19,22.96
2021-10-20,25.200000000000003
2021-10-21,24.08
2021-10-22,22.4
2021-10-23,6.44
2021-10-24,8.680000000000001
2021-10-25,22.96
2021-10-26,28.000000000000004
2021-10-27,19.6
2021-10-28,20.72
2021-10-29,20.44
2021-10-30,10.64
2021-10-31,4.2
2021-11-01,14.62
2021-11-02,16.66
2021-11-03,26.180000000000003
2021-11-04,26.520000000000003
2021-11-05,32.980000000000004
2021-11-06,9.52
2021-11-07,5.1000000000000005
2021-11-08,17.68
2021-11-09,18.02
2021-11-10,14.62
2021-11-11,14.62
2021-11-12,15.98
2021-11-13,6.460000000000001
2021-11-14,8.16
2021-11-15,17.68
2021-11-16,34.0
2021-11-17,29.92
2021-11-18,17.68
2021-11-19,24.14
2021-11-20,3.4000000000000004
2021-11-21,7.48
2021-11-22,16.32
2021-11-23,26.860000000000003
2021-11-24,17.68
2021-11-25,8.84
2021-11-26,17.68
2021-11-27,11.56
2021-11-28,3.4000000000000004
2021-11-29,20.74
2021-11-30,20.74
2021-12-01,20.46
2021-12-02,26.07
2021-12-03,22.11
2021-12-04,13.86
2021-12-05,4.29
2021-12-06,20.46
2021-12-07,33.0
2021-12-08,23.43
2021-12-09,25.08
2021-12-10,28.71
2021-12-11,10.56
2021-12-12,5.28
2021-12-13,20.46
2021-12-14,25.08
2021-12-15,21.78
2021-12-16,22.44
2021-12-17,20.790000000000003
2021-12-18,8.58
2021-12-19,6.6000000000000005
2021-12-20,18.48
2021-12-21,21.12
2021-12-22,23.76
2021-12-23,27.39
2021-12-24,22.77
2021-12-25,8.25
2021-12-26,3.63
2021-12-27,19.47
2021-12-28,21.78
2021-12-29,19.8
2021-12-30,23.76
2021-12-31,18.48
2022-01-01,2.7
2022-01-02,7.5
2022-01-03,11.7
2022-01-04,25.2
2022-01-05,16.5
2022-01-06,17.7
2022-01-07,15.9
2022-01-08,8.7
2022-01-09,2.7
2022-01-10,13.2
2022-01-11,16.5
2022-01-12,11.4
2022-01-13,14.1
2022-01-14,11.4
2022-01-15,6.6
2022-01-16,7.5
2022-01-17,10.2
2022-01-18,15.6
2022-01-19,7.199999999999999
2022-01-20,17.099999999999998
2022-01-21,12.9
2022-01-22,6.9
2022-01-23,5.1
2022-01-24,30.0
2022-01-25,24.6
2022-01-26,17.099999999999998
2022-01-27,23.4
2022-01-28,16.5
2022-01-29,10.5
2022-01-30,3.6
2022-01-31,14.1
2022-02-01,26.97
2022-02-02,22.04
2022-02-03,20.01
2022-02-04,15.37
2022-02-05,6.38
2022-02-06,4.35
2022-02-07,15.95
2022-02-08,21.46
2022-02-09,23.2
2022-02-10,26.1
2022-02-11,22.33
2022-02-12,10.15
2022-02-13,6.38
2022-02-14,17.98
2022-02-15,24.36
2022-02-16,18.85
2022-02-17,25.23
2022-02-18,29.0
2022-02-19,8.41
2022-02-20,10.15
2022-02-21,11.02
2022-02-22,23.49
2022-02-23,24.94
2022-02-24,25.81
2022-02-25,21.17
2022-02-26,8.41
2022-02-27,5.22
2022-02-28,17.98
2022-03-01,10.8
2022-03-02,18.09
2022-03-03,23.76
2022-03-04,25.110000000000003
2022-03-05,9.99
2022-03-06,7.56
2022-03-07,15.93
2022-03-08,17.82
2022-03-09,18.9
2022-03-10,27.0
2022-03-11,18.9
2022-03-12,8.370000000000001
2022-03-13,5.4
2022-03-14,17.28
2022-03-15,18.9
2022-03-16,17.28
2022-03-17,20.520000000000003
2022-03-18,19.98
2022-03-19,17.82
2022-03-20,9.18
2022-03-21,15.93
2022-03-22,18.630000000000003
2022-03-23,18.630000000000003
2022-03-24,15.66
2022-03-25,14.31
2022-03-26,6.48
2022-03-27,4.86
2022-03-28,10.260000000000002
2022-03-29,19.98
2022-03-30,14.31
2022-03-31,18.36
2022-04-01,26.39
2022-04-02,9.57
2022-04-03,6.38
2022-04-04,24.07
2022-04-05,22.04
2022-04-06,26.39
2022-04-07,27.55
2022-04-08,25.81
2022-04-09,11.89
2022-04-10,6.67
2022-04-11,25.81
2022-04-12,17.98
2022-04-13,20.88
2022-04-14,23.49
2022-04-15,13.34
2022-04-16,9.57
2022-04-17,10.73
2022-04-18,20.59
2022-04-19,27.55
2022-04-20,26.1
2022-04-21,19.14
2022-04-22,22.91
2022-04-23,11.6
2022-04-24,9.28
2022-04-25,24.65
2022-04-26,26.1
2022-04-27,19.72
2022-04-28,19.14
2022-04-29,29.0
2022-04-30,9.28
2022-05-01,3.44
2022-05-02,9.03
2022-05-03,9.46
2022-05-04,9.03
2022-05-05,11.18
2022-05-06,16.77
2022-05-07,4.73
2022-05-08,2.58
2022-05-09,14.62
2022-05-10,12.04
2022-05-11,9.89
2022-05-12,13.76
2022-05-13,13.76
2022-05-14,7.31
2022-05-15,4.73
2022-05-16,11.18
2022-05-17,27.95
2022-05-18,43.0
2022-05-19,38.7
2022-05-20,28.38
2022-05-21,12.04
2022-05-22,7.31
2022-05-23,17.63
2022-05-24,20.64
2022-05-25,15.05
2022-05-26,18.06
2022-05-27,14.19
2022-05-28,7.31
2022-05-29,3.44
2022-05-30,2.15
2022-05-31,12.47
2022-06-01,32.93
2022-06-02,24.42
2022-06-03,27.38
2022-06-04,17.39
2022-06-05,9.25
2022-06-06,28.86
2022-06-07,32.19
2022-06-08,28.12
2022-06-09,34.41
2022-06-10,30.34
2022-06-11,15.54
2022-06-12,11.1
2022-06-13,32.56
2022-06-14,37.0
2022-06-15,33.67
2022-06-16,24.42
2022-06-17,30.34
2022-06-18,17.759999999999998
2022-06-19,13.32
2022-06-20,20.35
2022-06-21,22.94
2022-06-22,34.41
2022-06-23,27.01
2022-06-24,33.67
2022-06-25,15.91
2022-06-26,4.07
2022-06-27,24.79
2022-06-28,22.94
2022-06-29,28.12
2022-06-30,23.31
2022-07-01,10.88
2022-07-02,7.140000000000001
2022-07-03,5.44
2022-07-04,3.74
2022-07-05,11.56
2022-07-06,9.52
2022-07-07,12.24
2022-07-08,11.56
2022-07-09,3.74
2022-07-10,2.3800000000000003
2022-07-11,9.86
2022-07-12,11.56
2022-07-13,9.86
2022-07-14,12.920000000000002
2022-07-15,12.920000000000002
2022-07-16,5.78
2022-07-17,4.08
2022-07-18,10.88
2022-07-19,9.86
2022-07-20,13.260000000000002
2022-07-21,14.28
2022-07-22,10.88
2022-07-23,4.08
2022-07-24,5.44
2022-07-25,10.2
2022-07-26,34.0
2022-07-27,22.78
2022-07-28,14.62
2022-07-29,17.68
2022-07-30,3.74
2022-07-31,3.74
2022-08-01,16.32
2022-08-02,17.34
2022-08-03,20.4
2022-08-04,20.4
2022-08-05,20.74
2022-08-06,10.2
2022-08-07,6.12
2022-08-08,18.700000000000003
2022-08-09,20.06
2022-08-10,19.380000000000003
2022-08-11,20.06
2022-08-12,22.1
2022-08-13,9.18
2022-08-14,7.48
2022-08-15,20.4
2022-08-16,34.0
2022-08-17,19.380000000000003
2022-08-18,24.82
2022-08-19,18.700000000000003
2022-08-20,8.16
2022-08-21,5.44
2022-08-22,17.68
2022-08-23,18.02
2022-08-24,16.66
2022-08-25,16.32
2022-08-26,15.98
2022-08-27,6.12
2022-08-28,6.800000000000001
2022-08-29,20.74
2022-08-30,15.98
2022-08-31,13.260000000000002
2022-09-01,20.02
2022-09-02,18.72
2022-09-03,7.800000000000001
2022-09-04,6.76
2022-09-05,1.82
2022-09-06,18.2
2022-09-07,18.46
2022-09-08,17.68
2022-09-09,17.42
2022-09-10,9.1
2022-09-11,2.08
2022-09-12,20.02
2022-09-13,22.36
2022-09-14,26.0
2022-09-15,21.06
2022-09-16,20.28
2022-09-17,8.84
2022-09-18,5.720000000000001
2022-09-19,14.04
2022-09-20,16.38
2022-09-21,15.6
2022-09-22,20.8
2022-09-23,25.74
2022-09-24,6.5
2022-09-25,9.88
2022-09-26,22.62
2022-09-27,20.28
2022-09-28,16.38
2022-09-29,20.02
2022-09-30,17.94
2022-10-01,4.16
2022-10-02,6.24
2022-10-03,17.42
2022-10-04,24.7
2022-10-05,21.84
2022-10-06,16.12
2022-10-07,15.86
2022-10-08,9.1
2022-10-09,3.9
2022-10-10,16.12
2022-10-11,21.84
2022-10-12,23.66
2022-10-13,26.0
2022-10-14,22.1
2022-10-15,8.58
2022-10-16,9.36
2022-10-17,20.28
2022-10-18,17.68
2022-10-19,22.1
2022-10-20,16.12
2022-10-21,22.62
2022-10-22,9.62
2022-10-23,4.68
2022-10-24,19.5
2022-10-25,24.18
2022-10-26,21.84
2022-10-27,24.7
2022-10-28,20.28
2022-10-29,11.18
2022-10-30,9.88
2022-10-31,17.94
2022-11-01,15.95
2022-11-02,16.82
2022-11-03,21.46
2022-11-04,17.98
2022-11-05,8.41
2022-11-06,0.0
2022-11-07,15.659999999999998
2022-11-08,16.529999999999998
2022-11-09,11.6
2022-11-10,16.82
2022-11-11,14.499999999999998
2022-11-12,5.22
2022-11-13,7.249999999999999
2022-11-14,17.4
2022-11-15,29.0
2022-11-16,27.55
2022-11-17,19.43
2022-11-18,25.23
2022-11-19,6.67
2022-11-20,5.51
2022-11-21,17.98
2022-11-22,17.689999999999998
2022-11-23,21.17
2022-11-24,9.86
2022-11-25,13.34
2022-11-26,6.09
2022-11-27,5.8
2022-11-28,15.37
2022-11-29,16.82
2022-11-30,18.27
2022-12-01,27.0
2022-12-02,25.92
2022-12-03,8.91
2022-12-04,4.59
2022-12-05,18.36
2022-12-06,21.87
2022-12-07,15.39
2022-12-08,25.65
2022-12-09,19.44
2022-12-10,8.64
2022-12-11,5.67
2022-12-12,15.12
2022-12-13,22.41
2022-12-14,19.44
2022-12-15,21.87
2022-12-16,25.92
2022-12-17,8.91
2022-12-18,3.51
2022-12-19,24.3
2022-12-20,19.71
2022-12-21,18.36
2022-12-22,21.06
2022-12-23,23.76
2022-12-24,12.15
2022-12-25,3.51
2022-12-26,10.53
2022-12-27,15.66
2022-12-28,21.87
2022-12-29,17.28
2022-12-30,20.520000000000003
2022-12-31,8.100000000000001
2023-01-01,0.0
2023-01-02,8.84
2023-01-03,21.32
2023-01-04,19.5
2023-01-05,17.16
2023-01-06,17.68
2023-01-07,3.12
2023-01-08,5.98
2023-01-09,16.38
2023-01-10,16.38
2023-01-11,25.22
2023-01-12,26.0
2023-01-13,23.14
2023-01-14,8.58
2023-01-15,7.28
2023-01-16,7.54
2023-01-17,17.68
2023-01-18,19.5
2023-01-19,22.880000000000003
2023-01-20,19.24
2023-01-21,9.62
2023-01-22,2.6
2023-01-23,20.28
2023-01-24,21.84
2023-01-25,21.58
2023-01-26,22.880000000000003
2023-01-27,22.62
2023-01-28,4.68
2023-01-29,3.64
2023-01-30,16.64
2023-01-31,18.46
2023-02-01,21.0
2023-02-02,19.25
2023-02-03,21.0
2023-02-04,14.0
2023-02-05,7.0
2023-02-06,11.5
2023-02-07,19.5
2023-02-08,11.75
2023-02-09,12.0
2023-02-10,14.75
2023-02-11,12.0
2023-02-12,8.0
2023-02-13,9.5
2023-02-14,17.25
2023-02-15,14.75
2023-02-16,11.5
2023-02-17,12.5
2023-02-18,4.5
2023-02-19,2.75
2023-02-20,10.25
2023-02-21,25.0
2023-02-22,16.75
2023-02-23,16.25
2023-02-24,19.25
2023-02-25,4.5
2023-02-26,5.75
2023-02-27,11.75
2023-02-28,16.75
2023-03-01,13.92
2023-03-02,19.44
2023-03-03,20.4
2023-03-04,6.72
2023-03-05,5.76
2023-03-06,16.32
2023-03-07,17.52
2023-03-08,13.2
2023-03-09,15.84
2023-03-10,15.36
2023-03-11,6.0
2023-03-12,4.56
2023-03-13,19.44
2023-03-14,17.759999999999998
2023-03-15,16.32
2023-03-16,24.0
2023-03-17,19.68
2023-03-18,4.8
2023-03-19,2.64
2023-03-20,18.72
2023-03-21,16.8
2023-03-22,18.0
2023-03-23,16.56
2023-03-24,18.0
2023-03-25,4.8
2023-03-26,3.84
2023-03-27,18.72
2023-03-28,21.6
2023-03-29,16.56
2023-03-30,18.48
2023-03-31,17.52
2023-04-01,5.5
2023-04-02,5.25
2023-04-03,20.5
2023-04-04,14.5
2023-04-05,25.0
2023-04-06,19.5
2023-04-07,14.5
2023-04-08,3.0
2023-04-09,3.25
2023-04-10,18.0
2023-04-11,18.75
2023-04-12,21.5
2023-04-13,13.5
2023-04-14,19.75
2023-04-15,6.25
2023-04-16,6.25
2023-04-17,15.5
2023-04-18,19.5
2023-04-19,18.0
2023-04-20,23.25
2023-04-21,19.75
2023-04-22,8.0
2023-04-23,5.5
2023-04-24,20.25
2023-04-25,19.5
2023-04-26,18.5
2023-04-27,14.0
2023-04-28,17.0
2023-04-29,9.5
2023-04-30,4.0
2023-05-01,15.25
2023-05-02,11.75
2023-05-03,18.5
2023-05-04,17.25
2023-05-05,14.5
2023-05-06,6.75
2023-05-07,5.5
2023-05-08,16.75
2023-05-09,16.25
2023-05-10,16.5
2023-05-11,17.5
2023-05-12,19.75
2023-05-13,5.0
2023-05-14,3.75
2023-05-15,17.0
2023-05-16,15.5
2023-05-17,19.5
2023-05-18,25.0
2023-05-19,19.75
2023-05-20,8.0
2023-05-21,2.25
2023-05-22,14.75
2023-05-23,13.5
2023-05-24,14.75
2023-05-25,21.0
2023-05-26,20.0
2023-05-27,6.25
2023-05-28,6.0
2023-05-29,9.25
2023-05-30,12.5
2023-05-31,13.75
2023-06-01,17.55
2023-06-02,19.71
2023-06-03,8.91
2023-06-04,8.100000000000001
2023-06-05,20.520000000000003
2023-06-06,17.01
2023-06-07,22.950000000000003
2023-06-08,24.840000000000003
2023-06-09,17.82
2023-06-10,10.260000000000002
2023-06-11,4.32
2023-06-12,23.49
2023-06-13,18.9
2023-06-14,27.0
2023-06-15,24.57
2023-06-16,22.950000000000003
2023-06-17,11.88
2023-06-18,5.67
2023-06-19,9.99
2023-06-20,19.71
2023-06-21,22.14
2023-06-22,16.740000000000002
2023-06-23,19.44
2023-06-24,5.130000000000001
2023-06-25,4.86
2023-06-26,18.9
2023-06-27,23.22
2023-06-28,19.17
2023-06-29,17.28
2023-06-30,18.9
2023-07-01,10.32
2023-07-02,7.68
2023-07-03,15.12
2023-07-04,8.4
2023-07-05,14.64
2023-07-06,19.68
2023-07-07,19.68
2023-07-08,7.439999999999999
2023-07-09,5.52
2023-07-10,17.52
2023-07-11,20.16
2023-07-12,21.12
2023-07-13,18.24
2023-07-14,17.759999999999998
2023-07-15,9.36
2023-07-16,2.88
2023-07-17,12.96
2023-07-18,17.759999999999998
2023-07-19,23.28
2023-07-20,11.52
2023-07-21,16.8
2023-07-22,9.36
2023-07-23,5.04
2023-07-24,20.64
2023-07-25,15.84
2023-07-26,16.8
2023-07-27,20.16
2023-07-28,24.0
2023-07-29,11.28
2023-07-30,2.88
2023-07-31,21.12
2023-08-01,9.45
2023-08-02,15.66
2023-08-03,21.33
2023-08-04,15.39
2023-08-05,1.62
2023-08-06,4.59
2023-08-07,15.39
2023-08-08,17.55
2023-08-09,17.82
2023-08-10,10.53
2023-08-11,18.09
2023-08-12,5.94
2023-08-13,4.59
2023-08-14,19.98
2023-08-15,19.71
2023-08-16,19.17
2023-08-17,27.0
2023-08-18,16.200000000000003
2023-08-19,6.210000000000001
2023-08-20,6.210000000000001
2023-08-21,11.88
2023-08-22,21.33
2023-08-23,16.740000000000002
2023-08-24,12.420000000000002
2023-08-25,11.07
2023-08-26,8.370000000000001
2023-08-27,6.210000000000001
2023-08-28,15.39
2023-08-29,18.630000000000003
2023-08-30,21.6
2023-08-31,21.33
2023-09-01,20.47
2023-09-02,6.67
2023-09-03,6.67
2023-09-04,5.29
2023-09-05,14.49
2023-09-06,19.78
2023-09-07,16.330000000000002
2023-09-08,17.71
2023-09-09,11.27
2023-09-10,3.68
2023-09-11,20.47
2023-09-12,17.94
2023-09-13,21.62
2023-09-14,22.77
2023-09-15,16.330000000000002
2023-09-16,4.37
2023-09-17,5.75
2023-09-18,23.0
2023-09-19,21.85
2023-09-20,15.87
2023-09-21,13.34
2023-09-22,14.95
2023-09-23,7.82
2023-09-24,6.21
2023-09-25,19.78
2023-09-26,21.85
2023-09-27,20.01
2023-09-28,20.24
2023-09-29,13.8
2023-09-30,3.68
2023-10-01,3.22
2023-10-02,18.17
2023-10-03,12.88
2023-10-04,18.630000000000003
2023-10-05,22.08
2023-10-06,21.16
2023-10-07,6.9
2023-10-08,5.5200000000000005
2023-10-09,18.630000000000003
2023-10-10,19.09
2023-10-11,18.86
2023-10-12,19.32
2023-10-13,19.78
2023-10-14,7.82
2023-10-15,1.84
2023-10-16,22.08
2023-10-17,18.630000000000003
2023-10-18,18.86
2023-10-19,17.48
2023-10-20,19.32
2023-10-21,10.12
2023-10-22,3.45
2023-10-23,17.94
2023-10-24,23.0
2023-10-25,17.94
2023-10-26,20.93
2023-10-27,19.55
2023-10-28,6.21
2023-10-29,4.37
2023-10-30,20.01
2023-10-31,20.7
2023-11-01,15.68
2023-11-02,14.840000000000002
2023-11-03,14.840000000000002
2023-11-04,7.840000000000001
2023-11-05,3.08
2023-11-06,15.400000000000002
2023-11-07,16.240000000000002
2023-11-08,16.520000000000003
2023-11-09,18.48
2023-11-10,17.360000000000003
2023-11-11,5.880000000000001
2023-11-12,3.3600000000000003
2023-11-13,14.28
2023-11-14,18.48
2023-11-15,18.48
2023-11-16,28.000000000000004
2023-11-17,19.6
2023-11-18,10.64
2023-11-19,6.16
2023-11-20,15.400000000000002
2023-11-21,17.360000000000003
2023-11-22,14.28
2023-11-23,7.280000000000001
2023-11-24,11.760000000000002
2023-11-25,7.000000000000001
2023-11-26,2.5200000000000005
2023-11-27,17.360000000000003
2023-11-28,17.080000000000002
2023-11-29,15.12
2023-11-30,18.48
2023-12-01,22.08
2023-12-02,1.44
2023-12-03,4.8
2023-12-04,16.08
2023-12-05,20.88
2023-12-06,17.759999999999998
2023-12-07,16.08
2023-12-08,19.92
2023-12-09,7.68
2023-12-10,6.48
2023-12-11,17.52
2023-12-12,24.0
2023-12-13,19.92
2023-12-14,18.72
2023-12-15,14.64
2023-12-16,6.96
2023-12-17,5.52
2023-12-18,18.48
2023-12-19,16.08
2023-12-20,17.28
2023-12-21,21.36
2023-12-22,17.759999999999998
2023-12-23,10.08
2023-12-24,3.6
2023-12-25,3.12
2023-12-26,17.04
2023-12-27,17.04
2023-12-28,10.32
2023-12-29,21.12
2023-12-30,6.96
2023-12-31,8.4
